payment_id,counterparty_id,counterparty_name,entity_name,cpty_country,amount,amount_sgd,currency_code,initiated_ts,pay_date,rule_high_risk,rule_round,rule_structuring,rule_new_bene,rule_duplicate,rule_burst,rule_off_hours,n_rules,rules_triggered
P00034875,C0001,"Nielsen, Villa and May",US Inc,US,119.24,160.07,USD,2025-04-17 10:03:00.000000,2025-04-17,0,0,0,0,0,0,1,1,off-hours
P00073386,C0001,"Nielsen, Villa and May",US Inc,US,4511.76,5967.28,USD,2026-01-15 16:12:00.000000,2026-01-15,0,0,0,0,1,0,0,1,duplicate
P00073388,C0001,"Nielsen, Villa and May",US Inc,US,4511.76,5967.28,USD,2026-01-15 16:20:00.000000,2026-01-15,0,0,0,0,1,0,0,1,duplicate
P00049822,C0001,"Nielsen, Villa and May",US Inc,US,14005.86,18799.39,USD,2025-08-04 20:28:00.000000,2025-08-04,0,0,1,0,0,0,0,1,structuring
P00050365,C0001,"Nielsen, Villa and May",US Inc,US,14242.39,19177.36,USD,2025-08-07 13:41:00.000000,2025-08-07,0,0,1,0,0,0,0,1,structuring
P00032963,C0001,"Nielsen, Villa and May",US West Distribution,US,14591.68,19475.79,USD,2025-04-03 13:38:00.000000,2025-04-03,0,0,1,0,0,0,0,1,structuring
P00016634,C0001,"Nielsen, Villa and May",SG Operations,US,20000.0,20000.0,SGD,2024-12-03 02:38:00.000000,2024-12-03,0,1,0,0,0,0,0,1,round amount
P00070104,C0001,"Nielsen, Villa and May",US Inc,US,20000.0,26231.9,USD,2025-12-23 19:43:00.000000,2025-12-23,0,1,0,0,0,0,0,1,round amount
P00077284,C0001,"Nielsen, Villa and May",US Inc,US,20000.0,26528.64,USD,2026-02-12 13:33:00.000000,2026-02-12,0,1,0,0,0,0,0,1,round amount
P00087147,C0001,"Nielsen, Villa and May",India Services,US,20000.0,320.2,INR,2026-04-23 08:26:00.000000,2026-04-23,0,1,0,0,0,0,0,1,round amount
P00089238,C0001,"Nielsen, Villa and May",Germany Sales Office,US,20000.0,29167.66,EUR,2026-05-07 14:20:00.000000,2026-05-07,0,1,0,0,0,0,0,1,round amount
P00045302,C0001,"Nielsen, Villa and May",Shenzhen Sourcing,US,25000.0,4693.42,CNY,2025-07-03 08:44:00.000000,2025-07-03,0,1,0,0,1,0,0,2,"round amount, duplicate"
P00045415,C0001,"Nielsen, Villa and May",US Inc,US,25000.0,33081.05,USD,2025-07-03 19:06:00.000000,2025-07-03,0,1,0,0,1,0,0,2,"round amount, duplicate"
P00063390,C0001,"Nielsen, Villa and May",US Inc,US,25000.0,33432.82,USD,2025-11-06 22:32:00.000000,2025-11-06,0,1,0,0,0,0,0,1,round amount
P00070769,C0001,"Nielsen, Villa and May",SG Operations,US,25000.0,25000.0,SGD,2025-12-30 02:26:00.000000,2025-12-30,0,1,0,0,0,0,0,1,round amount
P00018013,C0001,"Nielsen, Villa and May",SG Operations,US,50000.0,50000.0,SGD,2024-12-12 09:32:00.000000,2024-12-12,0,1,0,0,0,0,0,1,round amount
P00062021,C0001,"Nielsen, Villa and May",US West Distribution,US,50000.0,68023.65,USD,2025-10-28 14:20:00.000000,2025-10-28,0,1,0,0,0,0,0,1,round amount
P00111272,C0001,"Nielsen, Villa and May",US West Distribution,US,50000.0,68260.15,USD,2026-09-29 14:12:00.000000,2026-09-29,0,1,0,0,0,0,0,1,round amount
P00008963,C0001,"Nielsen, Villa and May",US Inc,US,55130.76,73903.45,USD,2024-10-03 13:11:00.000000,2024-10-03,0,0,0,1,0,0,0,1,new beneficiary
P00027365,C0001,"Nielsen, Villa and May",Shanghai Mfg,US,102161.38,19053.81,CNY,2025-02-21 02:06:00.000000,2025-02-21,0,0,1,0,0,0,0,1,structuring
P00027207,C0001,"Nielsen, Villa and May",Shanghai Mfg,US,103108.91,19230.53,CNY,2025-02-20 06:08:00.000000,2025-02-20,0,0,1,0,0,0,0,1,structuring
P00027472,C0001,"Nielsen, Villa and May",Shanghai Mfg,US,106359.03,19868.08,CNY,2025-02-22 04:57:00.000000,2025-02-22,0,0,1,0,0,0,0,1,structuring
P00073031,C0002,有限会社高橋情報,Shanghai Mfg,JP,496.9,92.66,CNY,2026-01-14 14:30:00.000000,2026-01-14,0,0,0,0,0,0,1,1,off-hours
P00057782,C0002,有限会社高橋情報,Shenzhen Sourcing,JP,1102.7,1491.47,USD,2025-09-30 01:02:00.000000,2025-09-30,0,0,0,0,0,1,0,1,burst
P00009705,C0002,有限会社高橋情報,Shanghai Mfg,JP,1477.03,1959.35,USD,2024-10-10 04:35:00.000000,2024-10-10,0,0,0,0,1,0,0,1,duplicate
P00009706,C0002,有限会社高橋情報,Shanghai Mfg,JP,1477.03,1959.35,USD,2024-10-10 04:38:00.000000,2024-10-10,0,0,0,0,1,0,0,1,duplicate
P00058125,C0002,有限会社高橋情報,US West Distribution,JP,2819.26,3828.86,USD,2025-09-30 19:17:00.000000,2025-09-30,0,0,0,0,0,1,0,1,burst
P00058117,C0002,有限会社高橋情報,US West Distribution,JP,3182.63,4304.72,USD,2025-09-30 18:22:00.000000,2025-09-30,0,0,0,0,0,1,0,1,burst
P00058121,C0002,有限会社高橋情報,US West Distribution,JP,5614.8,7625.5,USD,2025-09-30 19:02:00.000000,2025-09-30,0,0,0,0,0,1,0,1,burst
P00058118,C0002,有限会社高橋情報,US West Distribution,JP,6704.87,9068.78,USD,2025-09-30 18:39:00.000000,2025-09-30,0,0,0,0,0,1,0,1,burst
P00058120,C0002,有限会社高橋情報,US West Distribution,JP,7447.95,10115.11,USD,2025-09-30 18:44:00.000000,2025-09-30,0,0,0,0,0,1,0,1,burst
P00057832,C0002,有限会社高橋情報,Shanghai Mfg,JP,7722.97,10446.21,USD,2025-09-30 01:40:00.000000,2025-09-30,0,0,0,0,0,1,0,1,burst
P00058122,C0002,有限会社高橋情報,US West Distribution,JP,9503.56,12906.85,USD,2025-09-30 19:06:00.000000,2025-09-30,0,0,0,0,0,1,0,1,burst
P00028593,C0002,有限会社高橋情報,Germany GmbH,JP,10859.95,15076.76,USD,2025-03-04 00:30:00.000000,2025-03-04,0,0,0,0,0,0,1,1,off-hours
P00057828,C0002,有限会社高橋情報,Shanghai Mfg,JP,12176.66,16469.74,USD,2025-09-30 01:39:00.000000,2025-09-30,0,0,0,0,0,1,0,1,burst
P00030055,C0002,有限会社高橋情報,US Inc,JP,13806.52,18953.38,USD,2025-03-13 13:12:00.000000,2025-03-13,0,0,1,0,0,0,0,1,structuring
P00070723,C0002,有限会社高橋情報,SG Operations,JP,14356.65,18968.58,USD,2025-12-30 01:44:00.000000,2025-12-30,0,0,1,0,0,0,0,1,structuring
P00061960,C0002,有限会社高橋情報,UK Ltd,JP,14380.03,19561.49,USD,2025-10-28 09:37:00.000000,2025-10-28,0,0,1,0,0,0,0,1,structuring
P00070242,C0002,有限会社高橋情報,Shanghai Mfg,JP,14689.32,19253.97,USD,2025-12-25 01:46:00.000000,2025-12-25,0,0,1,0,0,0,0,1,structuring
P00035652,C0002,有限会社高橋情報,Shanghai Mfg,JP,14726.32,19837.99,USD,2025-04-24 02:56:00.000000,2025-04-24,0,0,1,0,0,0,0,1,structuring
P00057801,C0002,有限会社高橋情報,Shenzhen Sourcing,JP,16140.16,21831.42,USD,2025-09-30 01:16:00.000000,2025-09-30,0,0,0,0,0,1,0,1,burst
P00108191,C0002,有限会社高橋情報,Shenzhen Sourcing,JP,20247.63,27697.1,USD,2026-09-10 06:22:00.000000,2026-09-10,0,0,0,0,1,0,0,1,duplicate
P00108194,C0002,有限会社高橋情報,Shenzhen Sourcing,JP,20247.63,27697.1,USD,2026-09-10 06:43:00.000000,2026-09-10,0,0,0,0,1,0,0,1,duplicate
P00057870,C0002,有限会社高橋情報,Shanghai Mfg,JP,28062.68,37958.0,USD,2025-09-30 02:20:00.000000,2025-09-30,0,0,0,0,0,1,0,1,burst
P00016269,C0002,有限会社高橋情報,Shanghai Mfg,JP,43313.22,58589.1,USD,2024-11-29 01:35:00.000000,2024-11-29,0,0,0,0,1,0,0,1,duplicate
P00016270,C0002,有限会社高橋情報,Shanghai Mfg,JP,43313.22,58589.1,USD,2024-11-29 01:44:00.000000,2024-11-29,0,0,0,0,1,0,0,1,duplicate
P00040468,C0002,有限会社高橋情報,Shenzhen Sourcing,JP,50000.0,9402.85,CNY,2025-05-29 05:31:00.000000,2025-05-29,0,1,0,0,0,0,0,1,round amount
P00046235,C0002,有限会社高橋情報,SG Operations,JP,50000.0,50000.0,SGD,2025-07-10 08:30:00.000000,2025-07-10,0,1,0,0,0,0,0,1,round amount
P00009813,C0002,有限会社高橋情報,Germany GmbH,JP,73173.42,97067.76,USD,2024-10-10 11:20:00.000000,2024-10-10,0,0,0,1,0,0,0,1,new beneficiary
P00012397,C0002,有限会社高橋情報,Shanghai Mfg,JP,304822.14,416636.69,USD,2024-10-30 18:28:00.000000,2024-10-30,0,0,0,0,0,0,1,1,off-hours
P00070114,C0003,Payroll Group Treasury HQ 1,Group Treasury HQ,SG,18126.18,18126.18,SGD,2025-12-24 01:38:00.000000,2025-12-24,0,0,1,0,0,0,0,1,structuring
P00051294,C0005,"Apte, Palla and Edwin",Germany GmbH,IN,28.97,42.16,EUR,2025-08-14 09:52:00.000000,2025-08-14,0,0,0,0,0,1,0,1,burst
P00051382,C0005,"Apte, Palla and Edwin",US West Distribution,IN,119.36,162.37,USD,2025-08-14 22:03:00.000000,2025-08-14,0,0,0,0,0,1,0,1,burst
P00110520,C0005,"Apte, Palla and Edwin",UK Ltd,IN,194.85,344.62,GBP,2026-09-24 11:47:00.000000,2026-09-24,0,0,0,0,0,1,0,1,burst
P00051227,C0005,"Apte, Palla and Edwin",Netherlands BV,IN,208.67,303.67,EUR,2025-08-14 07:40:00.000000,2025-08-14,0,0,0,0,0,1,0,1,burst
P00051381,C0005,"Apte, Palla and Edwin",US Inc,IN,239.14,325.31,USD,2025-08-14 20:23:00.000000,2025-08-14,0,0,0,0,0,1,0,1,burst
P00088531,C0005,"Apte, Palla and Edwin",US Inc,IN,297.01,396.26,USD,2026-05-04 09:26:00.000000,2026-05-04,0,0,0,0,0,0,1,1,off-hours
P00026458,C0005,"Apte, Palla and Edwin",US Inc,IN,329.07,459.18,USD,2025-02-14 04:59:00.000000,2025-02-14,0,0,0,0,0,0,1,1,off-hours
P00110420,C0005,"Apte, Palla and Edwin",Shenzhen Sourcing,IN,480.88,89.7,CNY,2026-09-24 06:48:00.000000,2026-09-24,0,0,0,0,0,1,0,1,burst
P00051372,C0005,"Apte, Palla and Edwin",US Inc,IN,565.33,769.03,USD,2025-08-14 18:38:00.000000,2025-08-14,0,0,0,0,0,1,0,1,burst
P00014940,C0005,"Apte, Palla and Edwin",Shanghai Mfg,IN,625.68,115.29,CNY,2024-11-19 14:40:00.000000,2024-11-19,0,0,0,0,0,0,1,1,off-hours
P00027421,C0005,"Apte, Palla and Edwin",US Inc,IN,972.31,1352.4,USD,2025-02-21 10:15:00.000000,2025-02-21,0,0,0,0,0,0,1,1,off-hours
P00110394,C0005,"Apte, Palla and Edwin",Shanghai Mfg,IN,2991.27,557.97,CNY,2026-09-24 03:11:00.000000,2026-09-24,0,0,0,0,0,1,0,1,burst
P00110339,C0005,"Apte, Palla and Edwin",Shanghai Mfg,IN,4539.81,6179.64,USD,2026-09-24 01:59:00.000000,2026-09-24,0,0,0,0,0,1,0,1,burst
P00110521,C0005,"Apte, Palla and Edwin",India Services,IN,4765.64,77.32,INR,2026-09-24 11:48:00.000000,2026-09-24,0,0,0,0,0,1,0,1,burst
P00051166,C0005,"Apte, Palla and Edwin",India Services,IN,5491.82,88.94,INR,2025-08-14 03:20:00.000000,2025-08-14,0,0,0,0,0,1,0,1,burst
P00008907,C0005,"Apte, Palla and Edwin",US Inc,IN,6337.4,8492.5,USD,2024-10-03 06:45:00.000000,2024-10-03,0,0,0,0,0,0,1,1,off-hours
P00110536,C0005,"Apte, Palla and Edwin",US Inc,IN,6893.21,9395.01,USD,2026-09-24 13:11:00.000000,2026-09-24,0,0,0,0,0,1,0,1,burst
P00095800,C0005,"Apte, Palla and Edwin",Netherlands BV,IN,12838.71,18629.83,EUR,2026-06-22 13:21:00.000000,2026-06-22,0,0,1,0,0,0,0,1,structuring
P00051272,C0005,"Apte, Palla and Edwin",India Services,IN,13118.92,212.46,INR,2025-08-14 08:40:00.000000,2025-08-14,0,0,0,0,0,1,0,1,burst
P00095413,C0005,"Apte, Palla and Edwin",Netherlands BV,IN,13451.94,19745.87,EUR,2026-06-18 12:52:00.000000,2026-06-18,0,0,1,0,0,0,0,1,structuring
P00095541,C0005,"Apte, Palla and Edwin",Netherlands BV,IN,13464.21,19680.38,EUR,2026-06-19 14:18:00.000000,2026-06-19,0,0,1,0,0,0,0,1,structuring
P00060222,C0005,"Apte, Palla and Edwin",Netherlands BV,IN,13792.55,18751.77,USD,2025-10-16 07:14:00.000000,2025-10-16,0,0,1,0,0,0,0,1,structuring
P00014787,C0005,"Apte, Palla and Edwin",Shanghai Mfg,IN,13915.86,18806.8,USD,2024-11-19 02:12:00.000000,2024-11-19,0,0,1,0,0,0,0,1,structuring
P00032937,C0005,"Apte, Palla and Edwin",Germany GmbH,IN,14038.58,18737.56,USD,2025-04-03 11:07:00.000000,2025-04-03,0,0,1,0,0,0,0,1,structuring
P00075046,C0005,"Apte, Palla and Edwin",Shenzhen Sourcing,IN,14194.22,18735.94,USD,2026-01-29 02:55:00.000000,2026-01-29,0,0,1,0,0,0,0,1,structuring
P00087167,C0005,"Apte, Palla and Edwin",Germany GmbH,IN,14478.66,19248.71,USD,2026-04-23 08:50:00.000000,2026-04-23,0,0,1,0,0,0,0,1,structuring
P00087847,C0005,"Apte, Palla and Edwin",US Inc,IN,14942.86,19866.08,USD,2026-04-28 14:09:00.000000,2026-04-28,0,0,1,0,0,0,0,1,structuring
P00080317,C0005,"Apte, Palla and Edwin",SG Operations,IN,18876.63,18876.63,SGD,2026-03-07 00:48:00.000000,2026-03-07,0,0,1,0,0,0,0,1,structuring
P00079979,C0005,"Apte, Palla and Edwin",SG Operations,IN,19268.43,19268.43,SGD,2026-03-05 06:10:00.000000,2026-03-05,0,0,1,0,0,0,0,1,structuring
P00080250,C0005,"Apte, Palla and Edwin",SG Operations,IN,19445.19,19445.19,SGD,2026-03-06 09:54:00.000000,2026-03-06,0,0,1,0,0,0,0,1,structuring
P00060386,C0005,"Apte, Palla and Edwin",US West Distribution,IN,20000.0,27216.72,USD,2025-10-16 18:34:00.000000,2025-10-16,0,1,0,0,0,0,0,1,round amount
P00091306,C0005,"Apte, Palla and Edwin",US Inc,IN,20000.0,26528.92,USD,2026-05-21 18:27:00.000000,2026-05-21,0,1,0,0,0,0,0,1,round amount
P00082121,C0005,"Apte, Palla and Edwin",Germany GmbH,IN,22616.02,29757.21,USD,2026-03-19 09:56:00.000000,2026-03-19,0,0,0,0,1,0,0,1,duplicate
P00082126,C0005,"Apte, Palla and Edwin",Germany GmbH,IN,22616.02,29757.21,USD,2026-03-19 10:07:00.000000,2026-03-19,0,0,0,0,1,0,0,1,duplicate
P00051207,C0005,"Apte, Palla and Edwin",Germany GmbH,IN,32152.95,43623.55,USD,2025-08-14 07:08:00.000000,2025-08-14,0,0,0,0,0,1,0,1,burst
P00110484,C0005,"Apte, Palla and Edwin",India Services,IN,41917.9,680.12,INR,2026-09-24 08:55:00.000000,2026-09-24,0,0,0,0,0,1,0,1,burst
P00095151,C0005,"Apte, Palla and Edwin",SG Operations,IN,50000.0,50000.0,SGD,2026-06-18 00:58:00.000000,2026-06-18,0,1,0,0,0,0,0,1,round amount
P00009511,C0005,"Apte, Palla and Edwin",Germany GmbH,IN,60948.57,80990.53,USD,2024-10-08 15:40:00.000000,2024-10-08,0,0,0,1,0,0,0,1,new beneficiary
P00110473,C0005,"Apte, Palla and Edwin",Germany GmbH,IN,70642.92,96159.99,USD,2026-09-24 08:36:00.000000,2026-09-24,0,0,0,0,0,1,0,1,burst
P00110287,C0005,"Apte, Palla and Edwin",Shanghai Mfg,IN,85019.62,115729.73,USD,2026-09-24 01:02:00.000000,2026-09-24,0,0,0,0,0,1,0,1,burst
P00083217,C0005,"Apte, Palla and Edwin",Shenzhen Sourcing,IN,99098.86,18432.19,CNY,2026-03-27 04:50:00.000000,2026-03-27,0,0,1,0,0,0,0,1,structuring
P00083371,C0005,"Apte, Palla and Edwin",Shenzhen Sourcing,IN,102285.23,18991.61,CNY,2026-03-30 03:50:00.000000,2026-03-30,0,0,1,0,0,0,0,1,structuring
P00082885,C0005,"Apte, Palla and Edwin",Shenzhen Sourcing,IN,103262.49,19206.62,CNY,2026-03-26 01:23:00.000000,2026-03-26,0,0,1,0,0,0,0,1,structuring
P00110584,C0005,"Apte, Palla and Edwin",US West Distribution,IN,155367.62,211488.27,USD,2026-09-24 14:48:00.000000,2026-09-24,0,0,0,0,0,1,0,1,burst
P00051174,C0005,"Apte, Palla and Edwin",India Services,IN,698480.1,11332.14,INR,2025-08-14 04:07:00.000000,2025-08-14,0,0,0,0,0,1,0,1,burst
P00023558,C0005,"Apte, Palla and Edwin",India Services,IN,1111542.79,18121.48,INR,2025-01-23 05:10:00.000000,2025-01-23,0,0,1,0,0,0,0,1,structuring
P00068138,C0005,"Apte, Palla and Edwin",India Services,IN,1172543.42,18752.49,INR,2025-12-11 05:26:00.000000,2025-12-11,0,0,1,0,0,0,0,1,structuring
P00014142,C0005,"Apte, Palla and Edwin",India Services,IN,2712994.51,43158.32,INR,2024-11-13 21:19:00.000000,2024-11-13,0,0,0,0,0,0,1,1,off-hours
P00051173,C0005,"Apte, Palla and Edwin",India Services,IN,2931781.93,47565.23,INR,2025-08-14 03:57:00.000000,2025-08-14,0,0,0,0,0,1,0,1,burst
P00110403,C0005,"Apte, Palla and Edwin",India Services,IN,3354057.03,54459.82,INR,2026-09-24 04:54:00.000000,2026-09-24,0,0,0,0,0,1,0,1,burst
P00060001,C0007,Rörricht GmbH,Germany GmbH,DE,8.74,12.55,EUR,2025-10-15 04:55:00.000000,2025-10-15,0,0,0,0,0,0,1,1,off-hours
P00031051,C0007,Rörricht GmbH,US Inc,DE,4223.4,6133.66,EUR,2025-03-20 17:50:00.000000,2025-03-20,0,0,0,0,1,0,0,1,duplicate
P00031052,C0007,Rörricht GmbH,US Inc,DE,4223.4,6120.66,EUR,2025-03-20 17:59:00.000000,2025-03-20,0,0,0,0,1,0,0,1,duplicate
P00052340,C0007,Rörricht GmbH,Germany GmbH,DE,6470.14,9550.31,EUR,2025-08-21 13:37:00.000000,2025-08-21,0,0,0,0,1,0,0,1,duplicate
P00052347,C0007,Rörricht GmbH,Germany GmbH,DE,6470.14,9550.31,EUR,2025-08-21 14:00:00.000000,2025-08-21,0,0,0,0,1,0,0,1,duplicate
P00020800,C0007,Rörricht GmbH,Germany GmbH,DE,10000.0,13948.87,EUR,2025-01-02 16:10:00.000000,2025-01-02,0,1,0,0,0,0,0,1,round amount
P00080017,C0007,Rörricht GmbH,Germany GmbH,DE,12687.85,18077.89,EUR,2026-03-05 08:38:00.000000,2026-03-05,0,0,1,0,0,0,0,1,structuring
P00047215,C0007,Rörricht GmbH,Germany GmbH,DE,13184.63,19409.74,EUR,2025-07-17 07:38:00.000000,2025-07-17,0,0,1,0,0,0,0,1,structuring
P00096340,C0007,Rörricht GmbH,Germany Sales Office,DE,13585.27,19686.86,EUR,2026-06-25 07:53:00.000000,2026-06-25,0,0,1,0,0,0,0,1,structuring
P00050234,C0007,Rörricht GmbH,SG Operations,DE,25000.0,25000.0,SGD,2025-08-07 06:28:00.000000,2025-08-07,0,1,0,0,0,0,0,1,round amount
P00093756,C0007,Rörricht GmbH,Group Treasury HQ,DE,34800.08,51501.65,EUR,2026-06-09 01:12:00.000000,2026-06-09,0,0,0,0,1,0,0,1,duplicate
P00093765,C0007,Rörricht GmbH,Group Treasury HQ,DE,34800.08,51501.65,EUR,2026-06-09 01:36:00.000000,2026-06-09,0,0,0,0,1,0,0,1,duplicate
P00086789,C0007,Rörricht GmbH,Germany GmbH,DE,50000.0,72222.6,EUR,2026-04-21 09:12:00.000000,2026-04-21,0,1,0,0,0,0,0,1,round amount
P00028902,C0008,方正科技信息有限公司,Group Treasury HQ,CN,27.74,27.74,SGD,2025-03-06 01:39:00.000000,2025-03-06,0,0,0,0,0,1,0,1,burst
P00022455,C0008,方正科技信息有限公司,US Inc,CN,35.0,48.33,USD,2025-01-15 08:05:00.000000,2025-01-15,0,0,0,0,0,0,1,1,off-hours
P00098621,C0008,方正科技信息有限公司,US Inc,CN,41.3,55.14,USD,2026-07-09 16:20:00.000000,2026-07-09,0,0,0,0,0,1,0,1,burst
P00029019,C0008,方正科技信息有限公司,SG Operations,CN,80.4,80.4,SGD,2025-03-06 08:44:00.000000,2025-03-06,0,0,0,0,0,1,0,1,burst
P00044053,C0008,方正科技信息有限公司,US Inc,CN,88.88,117.9,USD,2025-06-25 10:25:00.000000,2025-06-25,0,0,0,0,0,0,1,1,off-hours
P00070658,C0008,方正科技信息有限公司,Shenzhen Sourcing,CN,112.59,21.05,CNY,2025-12-29 21:12:00.000000,2025-12-29,0,0,0,0,0,0,1,1,off-hours
P00078792,C0008,方正科技信息有限公司,SG Operations,CN,126.92,126.92,SGD,2026-02-25 14:06:00.000000,2026-02-25,0,0,0,0,0,0,1,1,off-hours
P00023495,C0008,方正科技信息有限公司,Group Treasury HQ,CN,246.65,246.65,SGD,2025-01-23 02:40:00.000000,2025-01-23,0,0,0,0,0,1,0,1,burst
P00029115,C0008,方正科技信息有限公司,Germany Sales Office,CN,309.47,444.1,EUR,2025-03-06 14:45:00.000000,2025-03-06,0,0,0,0,0,1,0,1,burst
P00098562,C0008,方正科技信息有限公司,US Inc,CN,327.48,437.23,USD,2026-07-09 11:51:00.000000,2026-07-09,0,0,0,0,0,1,0,1,burst
P00077355,C0008,方正科技信息有限公司,Shanghai Mfg,CN,410.76,75.97,CNY,2026-02-12 19:48:00.000000,2026-02-12,0,0,0,0,0,0,1,1,off-hours
P00023579,C0008,方正科技信息有限公司,SG Operations,CN,502.68,502.68,SGD,2025-01-23 07:38:00.000000,2025-01-23,0,0,0,0,0,1,0,1,burst
P00023561,C0008,方正科技信息有限公司,Shanghai Mfg,CN,538.98,99.23,CNY,2025-01-23 05:38:00.000000,2025-01-23,0,0,0,0,0,1,0,1,burst
P00025788,C0008,方正科技信息有限公司,Shanghai Mfg,CN,591.48,109.59,CNY,2025-02-10 21:15:00.000000,2025-02-10,0,0,0,0,0,0,1,1,off-hours
P00098552,C0008,方正科技信息有限公司,Shanghai Mfg,CN,711.83,132.32,CNY,2026-07-09 11:06:00.000000,2026-07-09,0,0,0,0,0,1,0,1,burst
P00103571,C0008,方正科技信息有限公司,Shanghai Mfg,CN,908.17,170.02,CNY,2026-08-11 19:19:00.000000,2026-08-11,0,0,0,0,0,0,1,1,off-hours
P00103108,C0008,方正科技信息有限公司,Shanghai Mfg,CN,1100.11,206.15,CNY,2026-08-09 19:59:00.000000,2026-08-09,0,0,0,0,0,0,1,1,off-hours
P00021955,C0008,方正科技信息有限公司,Shenzhen Sourcing,CN,1105.72,203.22,CNY,2025-01-12 19:48:00.000000,2025-01-12,0,0,0,0,0,0,1,1,off-hours
P00052768,C0008,方正科技信息有限公司,Shanghai Mfg,CN,1269.48,237.79,CNY,2025-08-25 21:48:00.000000,2025-08-25,0,0,0,0,0,0,1,1,off-hours
P00028981,C0008,方正科技信息有限公司,Shanghai Mfg,CN,1352.09,253.34,CNY,2025-03-06 05:23:00.000000,2025-03-06,0,0,0,0,0,1,0,1,burst
P00037872,C0008,方正科技信息有限公司,Shanghai Mfg,CN,1953.25,364.32,CNY,2025-05-09 14:27:00.000000,2025-05-09,0,0,0,0,0,0,1,1,off-hours
P00098540,C0008,方正科技信息有限公司,Shanghai Mfg,CN,3298.61,614.36,CNY,2026-07-09 09:59:00.000000,2026-07-09,0,0,0,0,0,1,0,1,burst
P00023390,C0008,方正科技信息有限公司,SG Operations,CN,6233.41,1146.74,CNY,2025-01-23 01:16:00.000000,2025-01-23,0,0,0,0,0,1,0,1,burst
P00098430,C0008,方正科技信息有限公司,Shenzhen Sourcing,CN,7465.4,1391.04,CNY,2026-07-09 02:57:00.000000,2026-07-09,0,0,0,0,0,1,0,1,burst
P00071030,C0008,方正科技信息有限公司,Germany Sales Office,CN,10000.0,14356.0,EUR,2025-12-30 13:07:00.000000,2025-12-30,0,1,0,0,0,0,0,1,round amount
P00105881,C0008,方正科技信息有限公司,Shanghai Mfg,CN,10000.0,1881.73,CNY,2026-08-27 00:45:00.000000,2026-08-27,0,1,0,0,0,0,0,1,round amount
P00091308,C0008,方正科技信息有限公司,US West Distribution,CN,13798.74,18299.9,USD,2026-05-21 19:11:00.000000,2026-05-21,0,0,1,0,0,0,0,1,structuring
P00098341,C0008,方正科技信息有限公司,Shenzhen Sourcing,CN,14073.97,2622.43,CNY,2026-07-09 01:21:00.000000,2026-07-09,0,0,0,0,0,1,0,1,burst
P00053512,C0008,方正科技信息有限公司,US Inc,CN,14168.28,19248.05,USD,2025-08-30 17:50:00.000000,2025-08-30,0,0,1,0,0,0,0,1,structuring
P00091431,C0008,方正科技信息有限公司,US West Distribution,CN,14290.8,18953.27,USD,2026-05-23 15:31:00.000000,2026-05-23,0,0,1,0,0,0,0,1,structuring
P00053741,C0008,方正科技信息有限公司,US Inc,CN,14438.62,19615.31,USD,2025-09-01 15:17:00.000000,2025-09-01,0,0,1,0,0,0,0,1,structuring
P00091432,C0008,方正科技信息有限公司,US West Distribution,CN,14555.95,19304.93,USD,2026-05-23 18:30:00.000000,2026-05-23,0,0,1,0,0,0,0,1,structuring
P00053340,C0008,方正科技信息有限公司,US Inc,CN,14628.12,19728.57,USD,2025-08-28 14:20:00.000000,2025-08-28,0,0,1,0,0,0,0,1,structuring
P00023474,C0008,方正科技信息有限公司,Shenzhen Sourcing,CN,16546.43,3044.0,CNY,2025-01-23 02:24:00.000000,2025-01-23,0,0,0,0,0,1,0,1,burst
P00028998,C0008,方正科技信息有限公司,Netherlands BV,CN,17995.44,3371.14,CNY,2025-03-06 08:00:00.000000,2025-03-06,0,0,0,0,0,1,0,1,burst
P00045509,C0008,方正科技信息有限公司,SG Operations,CN,18216.57,18216.57,SGD,2025-07-05 03:56:00.000000,2025-07-05,0,0,1,0,0,0,0,1,structuring
P00108163,C0008,方正科技信息有限公司,Shenzhen Sourcing,CN,18598.96,3498.15,CNY,2026-09-10 03:16:00.000000,2026-09-10,0,0,0,0,1,0,0,1,duplicate
P00108164,C0008,方正科技信息有限公司,Shenzhen Sourcing,CN,18598.96,3498.15,CNY,2026-09-10 03:21:00.000000,2026-09-10,0,0,0,0,1,0,0,1,duplicate
P00045230,C0008,方正科技信息有限公司,SG Operations,CN,19678.79,19678.79,SGD,2025-07-03 05:57:00.000000,2025-07-03,0,0,1,0,0,0,0,1,structuring
P00045511,C0008,方正科技信息有限公司,SG Operations,CN,19806.11,19806.11,SGD,2025-07-05 04:51:00.000000,2025-07-05,0,0,1,0,0,0,0,1,structuring
P00028907,C0008,方正科技信息有限公司,SG Operations,CN,19944.02,3729.45,CNY,2025-03-06 01:45:00.000000,2025-03-06,0,0,0,0,0,1,0,1,burst
P00023443,C0008,方正科技信息有限公司,Shenzhen Sourcing,CN,21349.33,3927.57,CNY,2025-01-23 01:54:00.000000,2025-01-23,0,0,0,0,0,1,0,1,burst
P00022506,C0008,方正科技信息有限公司,Shenzhen Sourcing,CN,21848.89,4024.24,CNY,2025-01-15 17:13:00.000000,2025-01-15,0,0,0,0,0,0,1,1,off-hours
P00030647,C0008,方正科技信息有限公司,US West Distribution,CN,25000.0,34489.18,USD,2025-03-18 15:26:00.000000,2025-03-18,0,1,0,0,0,0,0,1,round amount
P00023384,C0008,方正科技信息有限公司,Shenzhen Sourcing,CN,26127.48,4806.59,CNY,2025-01-23 01:10:00.000000,2025-01-23,0,0,0,0,0,1,0,1,burst
P00098495,C0008,方正科技信息有限公司,Netherlands BV,CN,26164.17,4875.22,CNY,2026-07-09 07:47:00.000000,2026-07-09,0,0,0,0,0,1,0,1,burst
P00098329,C0008,方正科技信息有限公司,Shanghai Mfg,CN,30492.91,5681.8,CNY,2026-07-09 01:01:00.000000,2026-07-09,0,0,0,0,0,1,0,1,burst
P00023426,C0008,方正科技信息有限公司,SG Operations,CN,31079.95,5717.69,CNY,2025-01-23 01:42:00.000000,2025-01-23,0,0,0,0,0,1,0,1,burst
P00023418,C0008,方正科技信息有限公司,Shanghai Mfg,CN,36074.21,6636.46,CNY,2025-01-23 01:34:00.000000,2025-01-23,0,0,0,0,0,1,0,1,burst
P00098381,C0008,方正科技信息有限公司,Shanghai Mfg,CN,37143.32,6920.99,CNY,2026-07-09 02:00:00.000000,2026-07-09,0,0,0,0,0,1,0,1,burst
P00023457,C0008,方正科技信息有限公司,Shanghai Mfg,CN,52441.22,9647.45,CNY,2025-01-23 02:01:00.000000,2025-01-23,0,0,0,0,0,1,0,1,burst
P00028935,C0008,方正科技信息有限公司,Shenzhen Sourcing,CN,53460.64,9996.93,CNY,2025-03-06 02:22:00.000000,2025-03-06,0,0,0,0,0,1,0,1,burst
P00098379,C0008,方正科技信息有限公司,Shanghai Mfg,CN,54843.62,10219.12,CNY,2026-07-09 01:58:00.000000,2026-07-09,0,0,0,0,0,1,0,1,burst
P00028956,C0008,方正科技信息有限公司,SG Operations,CN,55706.98,10416.98,CNY,2025-03-06 02:56:00.000000,2025-03-06,0,0,0,0,0,1,0,1,burst
P00050309,C0008,方正科技信息有限公司,US Inc,CN,56120.94,10515.72,CNY,2025-08-07 08:58:00.000000,2025-08-07,0,0,0,0,0,0,1,1,off-hours
P00023382,C0008,方正科技信息有限公司,Shanghai Mfg,CN,56412.65,10378.07,CNY,2025-01-23 01:10:00.000000,2025-01-23,0,0,0,0,0,1,0,1,burst
P00028889,C0008,方正科技信息有限公司,Shenzhen Sourcing,CN,56982.54,10674.71,CNY,2025-03-06 01:28:00.000000,2025-03-06,0,0,0,0,0,1,0,1,burst
P00023415,C0008,方正科技信息有限公司,Shenzhen Sourcing,CN,59708.62,10984.42,CNY,2025-01-23 01:32:00.000000,2025-01-23,0,0,0,0,0,1,0,1,burst
P00029074,C0008,方正科技信息有限公司,UK Ltd,CN,64094.85,12007.08,CNY,2025-03-06 10:19:00.000000,2025-03-06,0,0,0,0,0,1,0,1,burst
P00028900,C0008,方正科技信息有限公司,Shenzhen Sourcing,CN,67353.92,12594.91,CNY,2025-03-06 01:37:00.000000,2025-03-06,0,0,0,0,0,1,0,1,burst
P00098389,C0008,方正科技信息有限公司,Shanghai Mfg,CN,68361.59,12737.95,CNY,2026-07-09 02:10:00.000000,2026-07-09,0,0,0,0,0,1,0,1,burst
P00098414,C0008,方正科技信息有限公司,Shanghai Mfg,CN,72744.64,13554.65,CNY,2026-07-09 02:43:00.000000,2026-07-09,0,0,0,0,0,1,0,1,burst
P00028931,C0008,方正科技信息有限公司,Shenzhen Sourcing,CN,74225.83,13879.93,CNY,2025-03-06 02:18:00.000000,2025-03-06,0,0,0,0,0,1,0,1,burst
P00028888,C0008,方正科技信息有限公司,SG Operations,CN,79917.65,14944.28,CNY,2025-03-06 01:28:00.000000,2025-03-06,0,0,0,0,0,1,0,1,burst
P00023487,C0008,方正科技信息有限公司,Shanghai Mfg,CN,82646.77,15194.94,CNY,2025-01-23 02:36:00.000000,2025-01-23,0,0,0,0,0,1,0,1,burst
P00016046,C0008,方正科技信息有限公司,Netherlands BV,CN,90012.31,16690.71,CNY,2024-11-28 01:04:00.000000,2024-11-28,0,0,0,0,0,0,1,1,off-hours
P00087762,C0008,方正科技信息有限公司,Netherlands BV,CN,96781.34,18076.53,CNY,2026-04-28 08:27:00.000000,2026-04-28,0,0,1,0,0,0,0,1,structuring
P00029112,C0008,方正科技信息有限公司,US West Distribution,CN,96873.24,18147.55,CNY,2025-03-06 14:43:00.000000,2025-03-06,0,0,1,0,0,1,0,2,"structuring, burst"
P00105901,C0008,方正科技信息有限公司,Shanghai Mfg,CN,97412.07,18330.32,CNY,2026-08-27 01:19:00.000000,2026-08-27,0,0,1,0,0,0,0,1,structuring
P00064049,C0008,方正科技信息有限公司,Shanghai Mfg,CN,98572.68,18355.32,CNY,2025-11-13 01:18:00.000000,2025-11-13,0,0,1,0,0,0,0,1,structuring
P00102841,C0008,方正科技信息有限公司,UK Ltd,CN,99481.07,18638.47,CNY,2026-08-06 08:05:00.000000,2026-08-06,0,0,1,0,0,0,0,1,structuring
P00048191,C0008,方正科技信息有限公司,SG Operations,CN,99594.7,18629.69,CNY,2025-07-24 02:02:00.000000,2025-07-24,0,0,1,0,0,0,0,1,structuring
P00057884,C0008,方正科技信息有限公司,Group Treasury HQ,CN,100130.78,18612.61,CNY,2025-09-30 02:35:00.000000,2025-09-30,0,0,1,0,0,0,0,1,structuring
P00033372,C0008,方正科技信息有限公司,SG Operations,CN,100363.86,18645.4,CNY,2025-04-08 02:09:00.000000,2025-04-08,0,0,1,0,0,0,0,1,structuring
P00020559,C0008,方正科技信息有限公司,Group Treasury HQ,CN,100587.72,18431.49,CNY,2025-01-02 02:54:00.000000,2025-01-02,0,0,1,0,0,0,0,1,structuring
P00083662,C0008,方正科技信息有限公司,Shanghai Mfg,CN,100808.33,18673.84,CNY,2026-03-31 01:55:00.000000,2026-03-31,0,0,1,0,0,0,0,1,structuring
P00091087,C0008,方正科技信息有限公司,Shanghai Mfg,CN,100822.28,18795.69,CNY,2026-05-21 02:49:00.000000,2026-05-21,0,0,1,0,0,0,0,1,structuring
P00057851,C0008,方正科技信息有限公司,Shenzhen Sourcing,CN,100878.86,18751.67,CNY,2025-09-30 01:58:00.000000,2025-09-30,0,0,1,0,0,0,0,1,structuring
P00014177,C0008,方正科技信息有限公司,Shanghai Mfg,CN,100887.43,18617.56,CNY,2024-11-14 02:00:00.000000,2024-11-14,0,0,1,0,0,0,0,1,structuring
P00051152,C0008,方正科技信息有限公司,SG Operations,CN,101024.54,18856.74,CNY,2025-08-14 02:43:00.000000,2025-08-14,0,0,1,0,0,0,0,1,structuring
P00037638,C0008,方正科技信息有限公司,Germany Sales Office,CN,101073.25,18857.64,CNY,2025-05-08 07:21:00.000000,2025-05-08,0,0,1,0,0,0,0,1,structuring
P00099830,C0008,方正科技信息有限公司,Shenzhen Sourcing,CN,101099.21,18776.45,CNY,2026-07-18 04:22:00.000000,2026-07-18,0,0,1,0,0,0,0,1,structuring
P00098359,C0008,方正科技信息有限公司,SG Operations,CN,101277.96,18871.32,CNY,2026-07-09 01:40:00.000000,2026-07-09,0,0,1,0,0,1,0,2,"structuring, burst"
P00038416,C0008,方正科技信息有限公司,Shanghai Mfg,CN,102586.14,19193.25,CNY,2025-05-15 01:21:00.000000,2025-05-15,0,0,1,0,0,0,0,1,structuring
P00049863,C0008,方正科技信息有限公司,Shanghai Mfg,CN,102598.75,19191.1,CNY,2025-08-05 02:57:00.000000,2025-08-05,0,0,1,0,0,0,0,1,structuring
P00026303,C0008,方正科技信息有限公司,Germany GmbH,CN,102808.45,19045.47,CNY,2025-02-13 09:38:00.000000,2025-02-13,0,0,1,0,0,0,0,1,structuring
P00019729,C0008,方正科技信息有限公司,SG Operations,CN,104106.24,19108.8,CNY,2024-12-26 02:36:00.000000,2024-12-26,0,0,1,0,0,0,0,1,structuring
P00018764,C0008,方正科技信息有限公司,SG Operations,CN,104311.61,19140.66,CNY,2024-12-19 02:18:00.000000,2024-12-19,0,0,1,0,0,0,0,1,structuring
P00053127,C0008,方正科技信息有限公司,Shenzhen Sourcing,CN,104376.88,19551.25,CNY,2025-08-28 02:16:00.000000,2025-08-28,0,0,1,0,0,0,0,1,structuring
P00053932,C0008,方正科技信息有限公司,US West Distribution,CN,104749.41,19549.28,CNY,2025-09-02 13:42:00.000000,2025-09-02,0,0,1,0,0,0,0,1,structuring
P00086766,C0008,方正科技信息有限公司,Germany Sales Office,CN,105716.02,19789.3,CNY,2026-04-21 08:06:00.000000,2026-04-21,0,0,1,0,0,0,0,1,structuring
P00097516,C0008,方正科技信息有限公司,Germany Sales Office,CN,107197.13,19846.16,CNY,2026-07-02 08:20:00.000000,2026-07-02,0,0,1,0,0,0,0,1,structuring
P00081076,C0008,方正科技信息有限公司,Netherlands BV,CN,107281.12,19993.66,CNY,2026-03-12 08:39:00.000000,2026-03-12,0,0,1,0,0,0,0,1,structuring
P00098365,C0008,方正科技信息有限公司,Shenzhen Sourcing,CN,108889.08,20289.52,CNY,2026-07-09 01:45:00.000000,2026-07-09,0,0,0,0,0,1,0,1,burst
P00023488,C0008,方正科技信息有限公司,Shenzhen Sourcing,CN,114208.51,21010.6,CNY,2025-01-23 02:36:00.000000,2025-01-23,0,0,0,0,0,1,0,1,burst
P00081661,C0008,方正科技信息有限公司,SG Operations,CN,117556.56,21869.75,CNY,2026-03-17 04:21:00.000000,2026-03-17,0,0,0,0,1,0,0,1,duplicate
P00081663,C0008,方正科技信息有限公司,SG Operations,CN,117556.56,21869.75,CNY,2026-03-17 04:46:00.000000,2026-03-17,0,0,0,0,1,0,0,1,duplicate
P00023516,C0008,方正科技信息有限公司,Shanghai Mfg,CN,117877.3,21685.53,CNY,2025-01-23 02:52:00.000000,2025-01-23,0,0,0,0,0,1,0,1,burst
P00098402,C0008,方正科技信息有限公司,SG Operations,CN,120326.1,22420.6,CNY,2026-07-09 02:31:00.000000,2026-07-09,0,0,0,0,0,1,0,1,burst
P00023485,C0008,方正科技信息有限公司,SG Operations,CN,121523.21,22356.26,CNY,2025-01-23 02:35:00.000000,2025-01-23,0,0,0,0,0,1,0,1,burst
P00098336,C0008,方正科技信息有限公司,SG Operations,CN,121778.2,22691.18,CNY,2026-07-09 01:11:00.000000,2026-07-09,0,0,0,0,0,1,0,1,burst
P00097456,C0008,方正科技信息有限公司,Shenzhen Sourcing,CN,147369.5,27248.62,CNY,2026-07-02 04:31:00.000000,2026-07-02,0,0,0,0,1,0,0,1,duplicate
P00097458,C0008,方正科技信息有限公司,Shenzhen Sourcing,CN,147369.5,27248.62,CNY,2026-07-02 04:38:00.000000,2026-07-02,0,0,0,0,1,0,0,1,duplicate
P00028906,C0008,方正科技信息有限公司,SG Operations,CN,148960.73,27855.06,CNY,2025-03-06 01:44:00.000000,2025-03-06,0,0,0,0,0,1,0,1,burst
P00027163,C0008,方正科技信息有限公司,SG Operations,CN,172868.47,32222.16,CNY,2025-02-20 02:23:00.000000,2025-02-20,0,0,0,0,1,0,0,1,duplicate
P00027165,C0008,方正科技信息有限公司,SG Operations,CN,172868.47,32222.16,CNY,2025-02-20 02:35:00.000000,2025-02-20,0,0,0,0,1,0,0,1,duplicate
P00028930,C0008,方正科技信息有限公司,Shenzhen Sourcing,CN,189297.55,35397.88,CNY,2025-03-06 02:17:00.000000,2025-03-06,0,0,0,0,0,1,0,1,burst
P00091390,C0008,方正科技信息有限公司,UK Ltd,CN,189545.16,35297.29,CNY,2026-05-22 10:19:00.000000,2026-05-22,0,0,0,0,1,0,0,1,duplicate
P00091393,C0008,方正科技信息有限公司,UK Ltd,CN,189545.16,35297.29,CNY,2026-05-22 10:42:00.000000,2026-05-22,0,0,0,0,1,0,0,1,duplicate
P00098384,C0008,方正科技信息有限公司,Shanghai Mfg,CN,194147.67,36175.92,CNY,2026-07-09 02:04:00.000000,2026-07-09,0,0,0,0,0,1,0,1,burst
P00023484,C0008,方正科技信息有限公司,Shanghai Mfg,CN,195924.88,36043.71,CNY,2025-01-23 02:34:00.000000,2025-01-23,0,0,0,0,0,1,0,1,burst
P00102393,C0008,方正科技信息有限公司,Shenzhen Sourcing,CN,206865.36,38778.77,CNY,2026-08-04 05:58:00.000000,2026-08-04,0,0,0,0,1,0,0,1,duplicate
P00102401,C0008,方正科技信息有限公司,Shenzhen Sourcing,CN,206865.36,38727.88,CNY,2026-08-04 06:22:00.000000,2026-08-04,0,0,0,0,1,0,0,1,duplicate
P00028904,C0008,方正科技信息有限公司,Shanghai Mfg,CN,208139.83,38921.32,CNY,2025-03-06 01:42:00.000000,2025-03-06,0,0,0,0,0,1,0,1,burst
P00028959,C0008,方正科技信息有限公司,Group Treasury HQ,CN,224969.46,42068.39,CNY,2025-03-06 02:59:00.000000,2025-03-06,0,0,0,0,0,1,0,1,burst
P00098592,C0008,方正科技信息有限公司,US Inc,CN,270638.98,50248.73,CNY,2026-07-09 13:51:00.000000,2026-07-09,0,0,0,0,0,1,0,1,burst
P00029063,C0008,方正科技信息有限公司,Germany Sales Office,CN,351371.2,65823.42,CNY,2025-03-06 09:52:00.000000,2025-03-06,0,0,0,0,0,1,0,1,burst
P00009306,C0008,方正科技信息有限公司,SG Operations,CN,406582.39,75149.44,CNY,2024-10-08 02:11:00.000000,2024-10-08,0,0,0,1,0,0,0,1,new beneficiary
P00008881,C0008,方正科技信息有限公司,SG Operations,CN,406961.19,75219.45,CNY,2024-10-03 02:46:00.000000,2024-10-03,0,0,0,1,0,0,0,1,new beneficiary
P00009260,C0008,方正科技信息有限公司,Shenzhen Sourcing,CN,428399.93,79124.18,CNY,2024-10-07 20:52:00.000000,2024-10-07,0,0,0,1,0,0,1,2,"new beneficiary, off-hours"
P00023564,C0008,方正科技信息有限公司,Shanghai Mfg,CN,603970.02,111110.55,CNY,2025-01-23 05:52:00.000000,2025-01-23,0,0,0,0,0,1,0,1,burst
P00044301,C0008,方正科技信息有限公司,Germany Sales Office,CN,656356.77,122698.68,CNY,2025-06-26 09:14:00.000000,2025-06-26,0,0,0,0,1,0,0,1,duplicate
P00044303,C0008,方正科技信息有限公司,Germany Sales Office,CN,656356.77,122698.68,CNY,2025-06-26 09:20:00.000000,2025-06-26,0,0,0,0,1,0,0,1,duplicate
P00028919,C0008,方正科技信息有限公司,Shenzhen Sourcing,CN,985140.35,184217.3,CNY,2025-03-06 02:03:00.000000,2025-03-06,0,0,0,0,0,1,0,1,burst
P00023127,C0008,方正科技信息有限公司,Shenzhen Sourcing,CN,1280442.66,235751.26,CNY,2025-01-21 06:53:00.000000,2025-01-21,0,0,0,0,1,0,0,1,duplicate
P00023128,C0008,方正科技信息有限公司,Shenzhen Sourcing,CN,1280442.66,235825.53,CNY,2025-01-21 06:56:00.000000,2025-01-21,0,0,0,0,1,0,0,1,duplicate
P00023525,C0008,方正科技信息有限公司,Shenzhen Sourcing,CN,3417110.82,628635.63,CNY,2025-01-23 02:56:00.000000,2025-01-23,0,0,0,0,0,1,0,1,burst
P00023621,C0008,方正科技信息有限公司,Germany GmbH,CN,3692143.12,678815.28,CNY,2025-01-23 09:32:00.000000,2025-01-23,0,0,0,0,0,1,0,1,burst
P00098401,C0008,方正科技信息有限公司,Shenzhen Sourcing,CN,4447544.29,828719.82,CNY,2026-07-09 02:29:00.000000,2026-07-09,0,0,0,0,0,1,0,1,burst
P00046324,C0009,"Wilkerson, Gonzalez and Lyons",UK Ltd,AE,174.67,231.31,USD,2025-07-10 14:32:00.000000,2025-07-10,0,0,0,0,1,0,0,1,duplicate
P00046335,C0009,"Wilkerson, Gonzalez and Lyons",UK Ltd,AE,174.67,231.31,USD,2025-07-10 15:00:00.000000,2025-07-10,0,0,0,0,1,0,0,1,duplicate
P00095769,C0009,"Wilkerson, Gonzalez and Lyons",US West Distribution,AE,324.7,432.64,USD,2026-06-22 10:36:00.000000,2026-06-22,0,0,0,0,0,0,1,1,off-hours
P00018931,C0009,"Wilkerson, Gonzalez and Lyons",UK Ltd,AE,1433.63,1956.56,USD,2024-12-19 12:11:00.000000,2024-12-19,0,0,0,0,1,0,0,1,duplicate
P00018932,C0009,"Wilkerson, Gonzalez and Lyons",UK Ltd,AE,1433.63,1956.48,USD,2024-12-19 12:26:00.000000,2024-12-19,0,0,0,0,1,0,0,1,duplicate
P00044233,C0009,"Wilkerson, Gonzalez and Lyons",US West Distribution,AE,4525.28,6002.81,USD,2025-06-26 07:05:00.000000,2025-06-26,0,0,0,0,0,0,1,1,off-hours
P00009955,C0009,"Wilkerson, Gonzalez and Lyons",Germany GmbH,AE,8155.06,10855.67,USD,2024-10-11 13:07:00.000000,2024-10-11,0,0,0,0,1,0,0,1,duplicate
P00009956,C0009,"Wilkerson, Gonzalez and Lyons",Germany GmbH,AE,8155.06,10855.67,USD,2024-10-11 13:34:00.000000,2024-10-11,0,0,0,0,1,0,0,1,duplicate
P00017587,C0009,"Wilkerson, Gonzalez and Lyons",Shanghai Mfg,AE,10000.0,1833.76,CNY,2024-12-10 05:28:00.000000,2024-12-10,0,1,0,0,0,0,0,1,round amount
P00056058,C0009,"Wilkerson, Gonzalez and Lyons",US Inc,AE,10024.82,13544.56,USD,2025-09-17 07:28:00.000000,2025-09-17,0,0,0,0,0,0,1,1,off-hours
P00062325,C0009,"Wilkerson, Gonzalez and Lyons",Netherlands BV,AE,13244.98,18019.44,USD,2025-10-30 08:12:00.000000,2025-10-30,0,0,1,0,0,0,0,1,structuring
P00070935,C0009,"Wilkerson, Gonzalez and Lyons",Netherlands BV,AE,13672.51,18064.67,USD,2025-12-30 09:01:00.000000,2025-12-30,0,0,1,0,0,0,0,1,structuring
P00100546,C0009,"Wilkerson, Gonzalez and Lyons",India Services,AE,13782.65,18748.06,USD,2026-07-23 03:43:00.000000,2026-07-23,0,0,1,0,0,0,0,1,structuring
P00063875,C0009,"Wilkerson, Gonzalez and Lyons",Netherlands BV,AE,14356.47,19163.38,USD,2025-11-11 09:17:00.000000,2025-11-11,0,0,1,0,0,0,0,1,structuring
P00067806,C0009,"Wilkerson, Gonzalez and Lyons",Netherlands BV,AE,15144.6,19901.93,USD,2025-12-09 08:03:00.000000,2025-12-09,0,0,1,0,0,0,0,1,structuring
P00036466,C0009,"Wilkerson, Gonzalez and Lyons",Netherlands BV,AE,20000.0,28749.84,EUR,2025-04-29 06:35:00.000000,2025-04-29,0,1,0,0,0,0,0,1,round amount
P00027730,C0009,"Wilkerson, Gonzalez and Lyons",Netherlands BV,AE,20447.76,28441.06,USD,2025-02-25 00:56:00.000000,2025-02-25,0,0,0,0,0,0,1,1,off-hours
P00101145,C0009,"Wilkerson, Gonzalez and Lyons",Germany GmbH,AE,24473.97,32792.35,USD,2026-07-27 23:15:00.000000,2026-07-27,0,0,0,0,0,0,1,1,off-hours
P00061927,C0009,"Wilkerson, Gonzalez and Lyons",Shenzhen Sourcing,AE,25000.0,4661.8,CNY,2025-10-28 08:28:00.000000,2025-10-28,0,1,0,0,0,0,0,1,round amount
P00027290,C0009,"Wilkerson, Gonzalez and Lyons",Netherlands BV,AE,50000.0,72139.6,EUR,2025-02-20 11:06:00.000000,2025-02-20,0,1,0,0,0,0,0,1,round amount
P00008865,C0009,"Wilkerson, Gonzalez and Lyons",SG Operations,AE,77248.16,103517.17,USD,2024-10-03 01:45:00.000000,2024-10-03,0,0,0,1,0,0,0,1,new beneficiary
P00076201,C0012,Vogt Kambs AG,Germany GmbH,DE,30.08,43.18,EUR,2026-02-05 13:31:00.000000,2026-02-05,0,0,0,0,0,1,0,1,burst
P00053544,C0012,Vogt Kambs AG,Germany GmbH,DE,61.14,90.19,EUR,2025-09-01 03:17:00.000000,2025-09-01,0,0,0,0,0,0,1,1,off-hours
P00055323,C0012,Vogt Kambs AG,Germany GmbH,DE,67.69,98.03,EUR,2025-09-11 12:51:00.000000,2025-09-11,0,0,0,0,0,1,0,1,burst
P00052017,C0012,Vogt Kambs AG,Netherlands BV,DE,123.04,180.79,EUR,2025-08-20 04:49:00.000000,2025-08-20,0,0,0,0,0,0,1,1,off-hours
P00059544,C0012,Vogt Kambs AG,Germany GmbH,DE,137.32,198.9,EUR,2025-10-13 04:17:00.000000,2025-10-13,0,0,0,0,0,0,1,1,off-hours
P00107212,C0012,Vogt Kambs AG,Germany GmbH,DE,149.43,217.97,EUR,2026-09-03 07:55:00.000000,2026-09-03,0,0,0,0,0,1,0,1,burst
P00096434,C0012,Vogt Kambs AG,Germany GmbH,DE,176.01,255.06,EUR,2026-06-25 12:34:00.000000,2026-06-25,0,0,0,0,0,1,0,1,burst
P00064954,C0012,Vogt Kambs AG,Germany GmbH,DE,273.05,387.94,EUR,2025-11-18 22:45:00.000000,2025-11-18,0,0,0,0,0,0,1,1,off-hours
P00076270,C0012,Vogt Kambs AG,Germany GmbH,DE,289.28,415.31,EUR,2026-02-05 17:33:00.000000,2026-02-05,0,0,0,0,0,1,0,1,burst
P00055379,C0012,Vogt Kambs AG,Germany GmbH,DE,405.36,587.06,EUR,2025-09-11 16:36:00.000000,2025-09-11,0,0,0,0,0,1,0,1,burst
P00096323,C0012,Vogt Kambs AG,Germany GmbH,DE,544.83,789.53,EUR,2026-06-25 07:22:00.000000,2026-06-25,0,0,0,0,0,1,0,1,burst
P00096381,C0012,Vogt Kambs AG,Germany GmbH,DE,585.38,848.29,EUR,2026-06-25 08:41:00.000000,2026-06-25,0,0,0,0,0,1,0,1,burst
P00055269,C0012,Vogt Kambs AG,Germany Sales Office,DE,645.74,936.65,EUR,2025-09-11 08:27:00.000000,2025-09-11,0,0,0,0,0,1,0,1,burst
P00096326,C0012,Vogt Kambs AG,Germany GmbH,DE,1003.09,1453.61,EUR,2026-06-25 07:28:00.000000,2026-06-25,0,0,0,0,0,1,0,1,burst
P00076068,C0012,Vogt Kambs AG,SG Operations,DE,1228.35,1228.35,SGD,2026-02-05 05:02:00.000000,2026-02-05,0,0,0,0,0,1,0,1,burst
P00050447,C0012,Vogt Kambs AG,Germany GmbH,DE,1541.6,2238.66,EUR,2025-08-08 04:23:00.000000,2025-08-08,0,0,0,0,0,0,1,1,off-hours
P00033689,C0012,Vogt Kambs AG,Germany GmbH,DE,2047.69,2953.96,EUR,2025-04-09 23:57:00.000000,2025-04-09,0,0,0,0,0,0,1,1,off-hours
P00055247,C0012,Vogt Kambs AG,Germany GmbH,DE,2293.24,3326.37,EUR,2025-09-11 07:53:00.000000,2025-09-11,0,0,0,0,0,1,0,1,burst
P00055248,C0012,Vogt Kambs AG,Germany GmbH,DE,2359.2,3438.81,EUR,2025-09-11 07:56:00.000000,2025-09-11,0,0,0,0,0,1,0,1,burst
P00053888,C0012,Vogt Kambs AG,Germany GmbH,DE,2856.09,4213.02,EUR,2025-09-02 09:27:00.000000,2025-09-02,0,0,0,0,1,0,0,1,duplicate
P00053896,C0012,Vogt Kambs AG,Germany GmbH,DE,2856.09,4213.02,EUR,2025-09-02 09:55:00.000000,2025-09-02,0,0,0,0,1,0,0,1,duplicate
P00107302,C0012,Vogt Kambs AG,Germany GmbH,DE,2905.83,4238.65,EUR,2026-09-03 13:20:00.000000,2026-09-03,0,0,0,0,0,1,0,1,burst
P00076140,C0012,Vogt Kambs AG,Germany GmbH,DE,4129.56,5956.8,EUR,2026-02-05 09:09:00.000000,2026-02-05,0,0,0,0,0,1,0,1,burst
P00107264,C0012,Vogt Kambs AG,Germany GmbH,DE,4984.97,7284.24,EUR,2026-09-03 08:58:00.000000,2026-09-03,0,0,0,0,0,1,0,1,burst
P00076135,C0012,Vogt Kambs AG,Germany GmbH,DE,5411.94,7806.61,EUR,2026-02-05 09:05:00.000000,2026-02-05,0,0,0,0,0,1,0,1,burst
P00096354,C0012,Vogt Kambs AG,Germany GmbH,DE,6172.39,8944.61,EUR,2026-06-25 08:10:00.000000,2026-06-25,0,0,0,0,0,1,0,1,burst
P00055289,C0012,Vogt Kambs AG,Germany GmbH,DE,6414.11,9303.72,EUR,2025-09-11 08:50:00.000000,2025-09-11,0,0,0,0,0,1,0,1,burst
P00012244,C0012,Vogt Kambs AG,Germany GmbH,DE,6882.25,10128.5,EUR,2024-10-29 14:48:00.000000,2024-10-29,0,0,0,0,1,0,0,1,duplicate
P00012250,C0012,Vogt Kambs AG,Germany GmbH,DE,6882.25,10128.5,EUR,2024-10-29 15:06:00.000000,2024-10-29,0,0,0,0,1,0,0,1,duplicate
P00096325,C0012,Vogt Kambs AG,Germany GmbH,DE,7949.98,11460.15,EUR,2026-06-25 07:25:00.000000,2026-06-25,0,0,0,0,0,1,0,1,burst
P00055251,C0012,Vogt Kambs AG,Germany GmbH,DE,8117.88,11775.06,EUR,2025-09-11 08:00:00.000000,2025-09-11,0,0,0,0,0,1,0,1,burst
P00107174,C0012,Vogt Kambs AG,Germany GmbH,DE,8339.82,12186.49,EUR,2026-09-03 07:09:00.000000,2026-09-03,0,0,0,0,0,1,0,1,burst
P00063904,C0012,Vogt Kambs AG,Germany GmbH,DE,8967.79,12777.6,EUR,2025-11-11 11:40:00.000000,2025-11-11,0,0,0,0,1,0,0,1,duplicate
P00063905,C0012,Vogt Kambs AG,Germany GmbH,DE,8967.79,12788.35,EUR,2025-11-11 11:44:00.000000,2025-11-11,0,0,0,0,1,0,0,1,duplicate
P00052334,C0012,Vogt Kambs AG,Germany GmbH,DE,9978.48,14728.84,EUR,2025-08-21 13:21:00.000000,2025-08-21,0,0,0,0,1,0,0,1,duplicate
P00052341,C0012,Vogt Kambs AG,Germany GmbH,DE,9978.48,14728.84,EUR,2025-08-21 13:39:00.000000,2025-08-21,0,0,0,0,1,0,0,1,duplicate
P00061371,C0012,Vogt Kambs AG,UK Ltd,DE,10000.0,17615.44,GBP,2025-10-23 15:58:00.000000,2025-10-23,0,1,0,0,0,0,0,1,round amount
P00096391,C0012,Vogt Kambs AG,India Services,DE,10689.69,173.04,INR,2026-06-25 08:49:00.000000,2026-06-25,0,0,0,0,0,1,0,1,burst
P00076126,C0012,Vogt Kambs AG,Germany GmbH,DE,10739.23,15491.11,EUR,2026-02-05 08:58:00.000000,2026-02-05,0,0,0,0,0,1,0,1,burst
P00076127,C0012,Vogt Kambs AG,Germany GmbH,DE,12190.0,17583.82,EUR,2026-02-05 08:59:00.000000,2026-02-05,0,0,0,0,0,1,0,1,burst
P00090804,C0012,Vogt Kambs AG,Germany GmbH,DE,12262.7,18207.69,EUR,2026-05-19 08:26:00.000000,2026-05-19,0,0,1,0,0,0,0,1,structuring
P00041871,C0012,Vogt Kambs AG,Germany GmbH,DE,12313.04,18022.63,EUR,2025-06-10 07:06:00.000000,2025-06-10,0,0,1,0,0,0,0,1,structuring
P00099553,C0012,Vogt Kambs AG,Germany GmbH,DE,12663.61,18639.09,EUR,2026-07-16 07:33:00.000000,2026-07-16,0,0,1,0,0,0,0,1,structuring
P00078974,C0012,Vogt Kambs AG,Germany GmbH,DE,12737.69,18170.3,EUR,2026-02-26 08:35:00.000000,2026-02-26,0,0,1,0,0,0,0,1,structuring
P00059275,C0012,Vogt Kambs AG,Germany GmbH,DE,12742.11,18593.03,EUR,2025-10-09 08:51:00.000000,2025-10-09,0,0,1,0,0,0,0,1,structuring
P00061238,C0012,Vogt Kambs AG,Germany GmbH,DE,12854.73,18321.65,EUR,2025-10-23 07:29:00.000000,2025-10-23,0,0,1,0,0,0,0,1,structuring
P00078955,C0012,Vogt Kambs AG,Germany GmbH,DE,12903.71,18407.13,EUR,2026-02-26 08:09:00.000000,2026-02-26,0,0,1,0,0,0,0,1,structuring
P00089155,C0012,Vogt Kambs AG,Germany GmbH,DE,13141.48,19165.31,EUR,2026-05-07 08:24:00.000000,2026-05-07,0,0,1,0,0,0,0,1,structuring
P00103945,C0012,Vogt Kambs AG,US West Distribution,DE,13220.27,19109.41,EUR,2026-08-13 13:24:00.000000,2026-08-13,0,0,1,0,0,0,0,1,structuring
P00078562,C0012,Vogt Kambs AG,Netherlands BV,DE,13252.64,18898.41,EUR,2026-02-24 08:17:00.000000,2026-02-24,0,0,1,0,0,0,0,1,structuring
P00009767,C0012,Vogt Kambs AG,Germany GmbH,DE,13262.81,19857.97,EUR,2024-10-10 08:14:00.000000,2024-10-10,0,0,1,0,0,0,0,1,structuring
P00107242,C0012,Vogt Kambs AG,Germany GmbH,DE,13303.62,19439.79,EUR,2026-09-03 08:35:00.000000,2026-09-03,0,0,1,0,0,1,0,2,"structuring, burst"
P00072807,C0012,Vogt Kambs AG,Germany GmbH,DE,13340.96,19188.36,EUR,2026-01-13 08:12:00.000000,2026-01-13,0,0,1,0,0,0,0,1,structuring
P00055259,C0012,Vogt Kambs AG,Germany GmbH,DE,13366.09,19387.63,EUR,2025-09-11 08:10:00.000000,2025-09-11,0,0,1,0,0,1,0,2,"structuring, burst"
P00029667,C0012,Vogt Kambs AG,Germany GmbH,DE,13508.54,19418.57,EUR,2025-03-11 09:33:00.000000,2025-03-11,0,0,1,0,0,0,0,1,structuring
P00024355,C0012,Vogt Kambs AG,Germany GmbH,DE,13564.68,19621.47,EUR,2025-01-30 09:32:00.000000,2025-01-30,0,0,1,0,0,0,0,1,structuring
P00100229,C0012,Vogt Kambs AG,Germany GmbH,DE,13580.8,19930.67,EUR,2026-07-21 08:16:00.000000,2026-07-21,0,0,1,0,0,0,0,1,structuring
P00069230,C0012,Vogt Kambs AG,Germany GmbH,DE,13590.76,19117.52,EUR,2025-12-18 08:11:00.000000,2025-12-18,0,0,1,0,0,0,0,1,structuring
P00051335,C0012,Vogt Kambs AG,US West Distribution,DE,13622.78,18491.53,USD,2025-08-14 13:52:00.000000,2025-08-14,0,0,1,0,0,0,0,1,structuring
P00067221,C0012,Vogt Kambs AG,Germany GmbH,DE,13663.42,19272.49,EUR,2025-12-04 08:56:00.000000,2025-12-04,0,0,1,0,0,0,0,1,structuring
P00103829,C0012,Vogt Kambs AG,Germany GmbH,DE,13693.35,19793.23,EUR,2026-08-13 07:22:00.000000,2026-08-13,0,0,1,0,0,0,0,1,structuring
P00107263,C0012,Vogt Kambs AG,Germany GmbH,DE,13733.84,20068.45,EUR,2026-09-03 08:56:00.000000,2026-09-03,0,0,0,0,0,1,0,1,burst
P00073270,C0012,Vogt Kambs AG,Germany GmbH,DE,13769.61,19631.75,EUR,2026-01-15 09:16:00.000000,2026-01-15,0,0,1,0,0,0,0,1,structuring
P00051453,C0012,Vogt Kambs AG,US West Distribution,DE,14083.46,19116.86,USD,2025-08-15 12:02:00.000000,2025-08-15,0,0,1,0,0,0,0,1,structuring
P00051732,C0012,Vogt Kambs AG,US West Distribution,DE,14097.48,19216.37,USD,2025-08-18 14:44:00.000000,2025-08-18,0,0,1,0,0,0,0,1,structuring
P00096350,C0012,Vogt Kambs AG,Germany GmbH,DE,15442.76,22378.61,EUR,2026-06-25 08:09:00.000000,2026-06-25,0,0,0,0,0,1,0,1,burst
P00107256,C0012,Vogt Kambs AG,Germany Sales Office,DE,19203.5,28060.94,EUR,2026-09-03 08:50:00.000000,2026-09-03,0,0,0,0,0,1,0,1,burst
P00092260,C0012,Vogt Kambs AG,Netherlands BV,DE,20000.0,29627.62,EUR,2026-05-28 10:31:00.000000,2026-05-28,0,1,0,0,0,0,0,1,round amount
P00107170,C0012,Vogt Kambs AG,Germany GmbH,DE,22543.15,32940.98,EUR,2026-09-03 07:06:00.000000,2026-09-03,0,0,0,0,0,1,0,1,burst
P00049959,C0012,Vogt Kambs AG,Germany GmbH,DE,30133.45,43574.42,EUR,2025-08-05 13:23:00.000000,2025-08-05,0,0,0,0,1,0,0,1,duplicate
P00049967,C0012,Vogt Kambs AG,Germany GmbH,DE,30133.45,43574.42,EUR,2025-08-05 13:49:00.000000,2025-08-05,0,0,0,0,1,0,0,1,duplicate
P00096392,C0012,Vogt Kambs AG,Germany GmbH,DE,33266.75,48207.95,EUR,2026-06-25 08:53:00.000000,2026-06-25,0,0,0,0,0,1,0,1,burst
P00076122,C0012,Vogt Kambs AG,Germany GmbH,DE,34029.87,49087.37,EUR,2026-02-05 08:51:00.000000,2026-02-05,0,0,0,0,0,1,0,1,burst
P00012415,C0012,Vogt Kambs AG,Germany GmbH,DE,34903.77,50938.7,EUR,2024-10-31 00:37:00.000000,2024-10-31,0,0,0,0,0,0,1,1,off-hours
P00107176,C0012,Vogt Kambs AG,Germany GmbH,DE,45473.54,66447.8,EUR,2026-09-03 07:13:00.000000,2026-09-03,0,0,0,0,0,1,0,1,burst
P00076134,C0012,Vogt Kambs AG,Germany GmbH,DE,54308.02,77554.46,EUR,2026-02-05 09:04:00.000000,2026-02-05,0,0,0,0,0,1,0,1,burst
P00067142,C0012,Vogt Kambs AG,Germany GmbH,DE,56786.86,80098.83,EUR,2025-12-04 02:36:00.000000,2025-12-04,0,0,0,0,0,0,1,1,off-hours
P00107015,C0012,Vogt Kambs AG,India Services,DE,60264.01,980.31,INR,2026-09-03 00:20:00.000000,2026-09-03,0,0,0,0,0,1,1,2,"burst, off-hours"
P00055256,C0012,Vogt Kambs AG,Germany GmbH,DE,70116.51,101704.63,EUR,2025-09-11 08:09:00.000000,2025-09-11,0,0,0,0,0,1,0,1,burst
P00076187,C0012,Vogt Kambs AG,Germany GmbH,DE,74543.44,107527.35,EUR,2026-02-05 11:18:00.000000,2026-02-05,0,0,0,0,1,1,0,2,"duplicate, burst"
P00076193,C0012,Vogt Kambs AG,Germany GmbH,DE,74543.44,107527.35,EUR,2026-02-05 11:41:00.000000,2026-02-05,0,0,0,0,1,1,0,2,"duplicate, burst"
P00048302,C0012,Vogt Kambs AG,Germany GmbH,DE,74785.25,108696.77,EUR,2025-07-24 08:07:00.000000,2025-07-24,0,0,0,0,1,0,0,1,duplicate
P00048315,C0012,Vogt Kambs AG,Germany GmbH,DE,74785.25,108696.77,EUR,2025-07-24 08:28:00.000000,2025-07-24,0,0,0,0,1,0,0,1,duplicate
P00080589,C0012,Vogt Kambs AG,Germany GmbH,DE,81420.74,116801.63,EUR,2026-03-10 00:58:00.000000,2026-03-10,0,0,0,0,0,0,1,1,off-hours
P00079909,C0012,Vogt Kambs AG,Germany GmbH,DE,98710.41,140644.47,EUR,2026-03-05 01:50:00.000000,2026-03-05,0,0,0,0,0,0,1,1,off-hours
P00055243,C0012,Vogt Kambs AG,Germany GmbH,DE,107457.71,155868.38,EUR,2025-09-11 07:46:00.000000,2025-09-11,0,0,0,0,0,1,0,1,burst
P00041403,C0012,Vogt Kambs AG,Germany GmbH,DE,134299.15,197531.22,EUR,2025-06-05 11:35:00.000000,2025-06-05,0,0,0,0,1,0,0,1,duplicate
P00041409,C0012,Vogt Kambs AG,Germany GmbH,DE,134299.15,197412.1,EUR,2025-06-05 11:58:00.000000,2025-06-05,0,0,0,0,1,0,0,1,duplicate
P00096309,C0012,Vogt Kambs AG,Germany Sales Office,DE,168215.88,243767.18,EUR,2026-06-25 07:03:00.000000,2026-06-25,0,0,0,0,0,1,0,1,burst
P00035423,C0014,"Vega, Jones and Perry",Shanghai Mfg,US,1715.15,320.02,CNY,2025-04-22 14:56:00.000000,2025-04-22,0,0,0,0,0,0,1,1,off-hours
P00096503,C0014,"Vega, Jones and Perry",US Inc,US,2911.74,3888.71,USD,2026-06-25 15:19:00.000000,2026-06-25,0,0,0,0,1,0,0,1,duplicate
P00096507,C0014,"Vega, Jones and Perry",US Inc,US,2911.74,3888.71,USD,2026-06-25 15:35:00.000000,2026-06-25,0,0,0,0,1,0,0,1,duplicate
P00028985,C0014,"Vega, Jones and Perry",SG Operations,US,10000.0,10000.0,SGD,2025-03-06 05:56:00.000000,2025-03-06,0,1,0,0,0,0,0,1,round amount
P00043973,C0014,"Vega, Jones and Perry",Germany Sales Office,US,10000.0,14564.12,EUR,2025-06-24 14:23:00.000000,2025-06-24,0,1,0,0,0,0,0,1,round amount
P00033907,C0014,"Vega, Jones and Perry",US Inc,US,13551.83,18066.15,USD,2025-04-10 13:13:00.000000,2025-04-10,0,0,1,0,0,0,0,1,structuring
P00049410,C0014,"Vega, Jones and Perry",US Inc,US,13767.35,18393.5,USD,2025-07-31 13:30:00.000000,2025-07-31,0,0,1,0,0,0,0,1,structuring
P00106880,C0014,"Vega, Jones and Perry",US West Distribution,US,13852.76,18921.61,USD,2026-09-01 14:25:00.000000,2026-09-01,0,0,1,0,0,0,0,1,structuring
P00039112,C0014,"Vega, Jones and Perry",Netherlands BV,US,13865.96,18683.45,USD,2025-05-20 07:21:00.000000,2025-05-20,0,0,1,0,0,0,0,1,structuring
P00056351,C0014,"Vega, Jones and Perry",US Inc,US,14292.46,19360.72,USD,2025-09-18 13:38:00.000000,2025-09-18,0,0,1,0,0,0,0,1,structuring
P00040014,C0014,"Vega, Jones and Perry",India Services,US,14842.28,19809.1,USD,2025-05-27 04:48:00.000000,2025-05-27,0,0,1,0,0,0,0,1,structuring
P00077267,C0014,"Vega, Jones and Perry",UK Ltd,US,25000.0,44574.9,GBP,2026-02-12 11:23:00.000000,2026-02-12,0,1,0,0,0,0,0,1,round amount
P00042412,C0014,"Vega, Jones and Perry",US Inc,US,34477.24,45766.85,USD,2025-06-12 18:35:00.000000,2025-06-12,0,0,0,0,1,0,0,1,duplicate
P00042415,C0014,"Vega, Jones and Perry",US Inc,US,34477.24,45766.85,USD,2025-06-12 19:00:00.000000,2025-06-12,0,0,0,0,1,0,0,1,duplicate
P00046433,C0014,"Vega, Jones and Perry",US Inc,US,48474.38,64193.89,USD,2025-07-11 16:11:00.000000,2025-07-11,0,0,0,0,1,0,0,1,duplicate
P00046434,C0014,"Vega, Jones and Perry",US Inc,US,48474.38,64193.89,USD,2025-07-11 16:37:00.000000,2025-07-11,0,0,0,0,1,0,0,1,duplicate
P00064252,C0014,"Vega, Jones and Perry",US Inc,US,50000.0,66352.0,USD,2025-11-13 13:22:00.000000,2025-11-13,0,1,0,0,0,0,0,1,round amount
P00096464,C0014,"Vega, Jones and Perry",US West Distribution,US,56828.81,75896.41,USD,2026-06-25 13:48:00.000000,2026-06-25,0,0,0,0,1,0,0,1,duplicate
P00096478,C0014,"Vega, Jones and Perry",US West Distribution,US,56828.81,75896.41,USD,2026-06-25 14:17:00.000000,2026-06-25,0,0,0,0,1,0,0,1,duplicate
P00030868,C0014,"Vega, Jones and Perry",Shanghai Mfg,US,581794.05,802337.05,USD,2025-03-20 02:56:00.000000,2025-03-20,0,0,0,0,1,0,0,1,duplicate
P00030874,C0014,"Vega, Jones and Perry",Shanghai Mfg,US,581794.05,798715.38,USD,2025-03-20 03:00:00.000000,2025-03-20,0,0,0,0,1,0,0,1,duplicate
P00038488,C0018,Summers-Byrd,Netherlands BV,SG,79.02,114.54,EUR,2025-05-15 04:09:00.000000,2025-05-15,0,0,0,0,0,0,1,1,off-hours
P00032387,C0018,Summers-Byrd,SG Operations,SG,307.63,307.63,SGD,2025-03-31 21:29:00.000000,2025-03-31,0,0,0,0,0,0,1,1,off-hours
P00074092,C0018,Summers-Byrd,Shanghai Mfg,SG,310.46,58.08,CNY,2026-01-21 14:20:00.000000,2026-01-21,0,0,0,0,0,0,1,1,off-hours
P00071919,C0018,Summers-Byrd,SG Operations,SG,497.47,497.47,SGD,2026-01-06 21:42:00.000000,2026-01-06,0,0,0,0,0,0,1,1,off-hours
P00051955,C0018,Summers-Byrd,US Inc,SG,4041.7,4041.7,SGD,2025-08-19 13:03:00.000000,2025-08-19,0,0,0,0,1,0,0,1,duplicate
P00051956,C0018,Summers-Byrd,US Inc,SG,4041.7,4041.7,SGD,2025-08-19 13:05:00.000000,2025-08-19,0,0,0,0,1,0,0,1,duplicate
P00012123,C0018,Summers-Byrd,Group Treasury HQ,SG,11488.13,11488.13,SGD,2024-10-29 07:31:00.000000,2024-10-29,0,0,0,0,1,0,0,1,duplicate
P00012125,C0018,Summers-Byrd,Group Treasury HQ,SG,11488.13,11488.13,SGD,2024-10-29 07:41:00.000000,2024-10-29,0,0,0,0,1,0,0,1,duplicate
P00042519,C0018,Summers-Byrd,US West Distribution,SG,14454.14,19174.02,USD,2025-06-13 19:14:00.000000,2025-06-13,0,0,1,0,0,0,0,1,structuring
P00042398,C0018,Summers-Byrd,US West Distribution,SG,14525.56,19265.51,USD,2025-06-12 15:28:00.000000,2025-06-12,0,0,1,0,0,0,0,1,structuring
P00042767,C0018,Summers-Byrd,US West Distribution,SG,14655.68,19441.38,USD,2025-06-16 15:08:00.000000,2025-06-16,0,0,1,0,0,0,0,1,structuring
P00104958,C0018,Summers-Byrd,Germany GmbH,SG,18076.73,18076.73,SGD,2026-08-20 08:30:00.000000,2026-08-20,0,0,1,0,0,0,0,1,structuring
P00078848,C0018,Summers-Byrd,Group Treasury HQ,SG,19361.12,19361.12,SGD,2026-02-26 01:36:00.000000,2026-02-26,0,0,1,0,0,0,0,1,structuring
P00082913,C0018,Summers-Byrd,SG Operations,SG,19408.23,19408.23,SGD,2026-03-26 01:54:00.000000,2026-03-26,0,0,1,0,0,0,0,1,structuring
P00075994,C0018,Summers-Byrd,Group Treasury HQ,SG,19410.25,19410.25,SGD,2026-02-05 01:41:00.000000,2026-02-05,0,0,1,0,0,0,0,1,structuring
P00031815,C0018,Summers-Byrd,SG Operations,SG,50000.0,50000.0,SGD,2025-03-27 04:49:00.000000,2025-03-27,0,1,0,0,0,0,0,1,round amount
P00055826,C0018,Summers-Byrd,SG Operations,SG,103363.6,103363.6,SGD,2025-09-16 02:35:00.000000,2025-09-16,0,0,0,0,1,0,0,1,duplicate
P00055829,C0018,Summers-Byrd,SG Operations,SG,103363.6,103363.6,SGD,2025-09-16 02:49:00.000000,2025-09-16,0,0,0,0,1,0,0,1,duplicate
P00064446,C0023,Tax Authority SG (E02),SG Operations,SG,18212.72,18212.72,SGD,2025-11-17 01:13:00.000000,2025-11-17,0,0,1,0,0,0,0,1,structuring
P00030240,C0023,Tax Authority SG (E02),SG Operations,SG,18857.54,18857.54,SGD,2025-03-17 01:25:00.000000,2025-03-17,0,0,1,0,0,0,0,1,structuring
P00104138,C0023,Tax Authority SG (E02),SG Operations,SG,19061.37,19061.37,SGD,2026-08-17 01:27:00.000000,2026-08-17,0,0,1,0,0,0,0,1,structuring
P00038515,C0023,Tax Authority SG (E02),SG Operations,SG,19981.63,19981.63,SGD,2025-05-15 06:58:00.000000,2025-05-15,0,0,1,0,0,0,0,1,structuring
P00020756,C0026,Gilbert-Lambert,Netherlands BV,AE,2607.6,3623.72,EUR,2025-01-02 14:10:00.000000,2025-01-02,0,0,0,0,0,1,0,1,burst
P00020747,C0026,Gilbert-Lambert,Netherlands BV,AE,3899.13,5418.54,EUR,2025-01-02 13:45:00.000000,2025-01-02,0,0,0,0,0,1,0,1,burst
P00020757,C0026,Gilbert-Lambert,Netherlands BV,AE,3929.42,5460.63,EUR,2025-01-02 14:11:00.000000,2025-01-02,0,0,0,0,0,1,0,1,burst
P00020741,C0026,Gilbert-Lambert,Netherlands BV,AE,4709.22,6544.3,EUR,2025-01-02 13:29:00.000000,2025-01-02,0,0,0,0,0,1,0,1,burst
P00020740,C0026,Gilbert-Lambert,Netherlands BV,AE,5155.73,7164.8,EUR,2025-01-02 13:28:00.000000,2025-01-02,0,0,0,0,0,1,0,1,burst
P00020742,C0026,Gilbert-Lambert,Netherlands BV,AE,5482.48,7618.88,EUR,2025-01-02 13:33:00.000000,2025-01-02,0,0,0,0,0,1,0,1,burst
P00020739,C0026,Gilbert-Lambert,Netherlands BV,AE,7379.47,10255.09,EUR,2025-01-02 13:27:00.000000,2025-01-02,0,0,0,0,0,1,0,1,burst
P00020745,C0026,Gilbert-Lambert,Netherlands BV,AE,8997.31,12503.36,EUR,2025-01-02 13:40:00.000000,2025-01-02,0,0,0,0,0,1,0,1,burst
P00020748,C0026,Gilbert-Lambert,Netherlands BV,AE,9486.62,13183.35,EUR,2025-01-02 13:46:00.000000,2025-01-02,0,0,0,0,0,1,0,1,burst
P00020737,C0026,Gilbert-Lambert,Netherlands BV,AE,12732.37,17693.89,EUR,2025-01-02 13:24:00.000000,2025-01-02,0,0,0,0,0,1,0,1,burst
P00015190,C0026,Gilbert-Lambert,India Services,AE,13771.88,18621.48,USD,2024-11-21 03:59:00.000000,2024-11-21,0,0,1,0,0,0,0,1,structuring
P00103431,C0026,Gilbert-Lambert,India Services,AE,14289.96,19117.02,USD,2026-08-11 04:01:00.000000,2026-08-11,0,0,1,0,0,0,0,1,structuring
P00036650,C0026,Gilbert-Lambert,US West Distribution,AE,50000.0,67394.75,USD,2025-04-29 18:58:00.000000,2025-04-29,0,1,0,0,0,0,0,1,round amount
P00042440,C0031,Mills and Sons,UK Ltd,GB,71.81,124.66,GBP,2025-06-13 04:48:00.000000,2025-06-13,0,0,0,0,0,0,1,1,off-hours
P00038319,C0031,Mills and Sons,Netherlands BV,GB,195.53,283.73,EUR,2025-05-14 03:54:00.000000,2025-05-14,0,0,0,0,0,0,1,1,off-hours
P00055675,C0031,Mills and Sons,US Inc,GB,206.62,279.16,USD,2025-09-15 09:57:00.000000,2025-09-15,0,0,0,0,0,0,1,1,off-hours
P00048435,C0031,Mills and Sons,US West Distribution,GB,10000.0,13286.98,USD,2025-07-24 19:07:00.000000,2025-07-24,0,1,0,0,0,0,0,1,round amount
P00101146,C0031,Mills and Sons,UK Ltd,GB,10506.01,17740.34,GBP,2026-07-28 00:14:00.000000,2026-07-28,0,0,0,0,0,0,1,1,off-hours
P00063175,C0031,Mills and Sons,Shenzhen Sourcing,GB,10524.54,18378.32,GBP,2025-11-06 02:37:00.000000,2025-11-06,0,0,1,0,0,0,0,1,structuring
P00012707,C0031,Mills and Sons,Netherlands BV,GB,10782.38,18450.45,GBP,2024-11-01 13:53:00.000000,2024-11-01,0,0,1,0,0,0,0,1,structuring
P00089673,C0031,Mills and Sons,Shenzhen Sourcing,GB,11013.79,19711.03,GBP,2026-05-12 01:15:00.000000,2026-05-12,0,0,1,0,0,0,0,1,structuring
P00054388,C0031,Mills and Sons,US West Distribution,GB,11446.56,19215.11,GBP,2025-09-04 14:56:00.000000,2025-09-04,0,0,1,0,0,0,0,1,structuring
P00011242,C0031,Mills and Sons,UK Ltd,GB,11936.97,20348.03,GBP,2024-10-22 14:50:00.000000,2024-10-22,0,0,0,0,1,0,0,1,duplicate
P00011246,C0031,Mills and Sons,UK Ltd,GB,11936.97,20422.19,GBP,2024-10-22 15:10:00.000000,2024-10-22,0,0,0,0,1,0,0,1,duplicate
P00102019,C0031,Mills and Sons,US Inc,GB,13831.78,18462.78,USD,2026-08-01 18:50:00.000000,2026-08-01,0,0,1,0,0,0,0,1,structuring
P00101869,C0031,Mills and Sons,US Inc,GB,14012.51,18716.94,USD,2026-07-30 21:00:00.000000,2026-07-30,0,0,1,0,0,0,0,1,structuring
P00102012,C0031,Mills and Sons,US Inc,GB,14354.93,19174.33,USD,2026-07-31 19:42:00.000000,2026-07-31,0,0,1,0,0,0,0,1,structuring
P00087077,C0031,Mills and Sons,US West Distribution,GB,17440.34,30807.49,GBP,2026-04-23 05:27:00.000000,2026-04-23,0,0,0,0,0,0,1,1,off-hours
P00019829,C0031,Mills and Sons,US Inc,GB,20000.0,27325.44,USD,2024-12-26 15:38:00.000000,2024-12-26,0,1,0,0,0,0,0,1,round amount
P00053194,C0031,Mills and Sons,Germany GmbH,GB,20000.0,29592.28,EUR,2025-08-28 06:05:00.000000,2025-08-28,0,1,0,0,0,0,0,1,round amount
P00083192,C0031,Mills and Sons,UK Ltd,GB,25000.0,45273.35,GBP,2026-03-26 17:13:00.000000,2026-03-26,0,1,0,0,0,0,0,1,round amount
P00073185,C0031,Mills and Sons,Germany GmbH,GB,34580.34,59626.67,GBP,2026-01-15 03:04:00.000000,2026-01-15,0,0,0,0,0,0,1,1,off-hours
P00070884,C0031,Mills and Sons,Germany Sales Office,GB,35366.39,60270.02,GBP,2025-12-30 08:09:00.000000,2025-12-30,0,0,0,0,1,0,0,1,duplicate
P00070906,C0031,Mills and Sons,Germany Sales Office,GB,35366.39,60270.02,GBP,2025-12-30 08:33:00.000000,2025-12-30,0,0,0,0,1,0,0,1,duplicate
P00097200,C0031,Mills and Sons,US West Distribution,GB,38649.78,66238.53,GBP,2026-06-30 15:01:00.000000,2026-06-30,0,0,0,0,1,0,0,1,duplicate
P00097201,C0031,Mills and Sons,US West Distribution,GB,38649.78,66238.53,GBP,2026-06-30 15:19:00.000000,2026-06-30,0,0,0,0,1,0,0,1,duplicate
P00035241,C0031,Mills and Sons,Shenzhen Sourcing,GB,50000.0,9327.3,CNY,2025-04-22 03:21:00.000000,2025-04-22,0,1,0,0,0,0,0,1,round amount
P00008643,C0031,Mills and Sons,Germany GmbH,GB,115497.73,194746.38,GBP,2024-10-01 07:35:00.000000,2024-10-01,0,0,0,1,0,0,0,1,new beneficiary
P00051430,C0032,Tax Authority CN (E03),Shanghai Mfg,CN,99346.6,18614.27,CNY,2025-08-15 07:49:00.000000,2025-08-15,0,0,1,0,0,0,0,1,structuring
P00010286,C0032,Tax Authority CN (E03),Shanghai Mfg,CN,445471.22,82071.84,CNY,2024-10-15 09:31:00.000000,2024-10-15,0,0,0,1,0,0,0,1,new beneficiary
P00011554,C0033,Johann Girschner Stiftung & Co. KGaA,US Inc,DE,15.22,20.67,USD,2024-10-24 10:37:00.000000,2024-10-24,0,0,0,0,0,0,1,1,off-hours
P00029174,C0033,Johann Girschner Stiftung & Co. KGaA,Germany GmbH,DE,30.59,43.97,EUR,2025-03-07 04:25:00.000000,2025-03-07,0,0,0,0,0,0,1,1,off-hours
P00044539,C0033,Johann Girschner Stiftung & Co. KGaA,Germany Sales Office,DE,168.1,244.86,EUR,2025-06-30 03:52:00.000000,2025-06-30,0,0,0,0,0,0,1,1,off-hours
P00102882,C0033,Johann Girschner Stiftung & Co. KGaA,Germany Sales Office,DE,700.71,1010.56,EUR,2026-08-06 09:07:00.000000,2026-08-06,0,0,0,0,1,0,0,1,duplicate
P00102884,C0033,Johann Girschner Stiftung & Co. KGaA,Germany Sales Office,DE,700.71,1010.56,EUR,2026-08-06 09:24:00.000000,2026-08-06,0,0,0,0,1,0,0,1,duplicate
P00010739,C0033,Johann Girschner Stiftung & Co. KGaA,US West Distribution,DE,5277.22,7095.47,USD,2024-10-17 16:00:00.000000,2024-10-17,0,0,0,0,0,1,0,1,burst
P00010737,C0033,Johann Girschner Stiftung & Co. KGaA,US West Distribution,DE,5408.08,7271.42,USD,2024-10-17 15:56:00.000000,2024-10-17,0,0,0,0,0,1,0,1,burst
P00010744,C0033,Johann Girschner Stiftung & Co. KGaA,US West Distribution,DE,5442.04,7317.08,USD,2024-10-17 16:27:00.000000,2024-10-17,0,0,0,0,0,1,0,1,burst
P00010741,C0033,Johann Girschner Stiftung & Co. KGaA,US West Distribution,DE,5763.57,7749.39,USD,2024-10-17 16:18:00.000000,2024-10-17,0,0,0,0,0,1,0,1,burst
P00010745,C0033,Johann Girschner Stiftung & Co. KGaA,US West Distribution,DE,6323.93,8502.82,USD,2024-10-17 16:30:00.000000,2024-10-17,0,0,0,0,0,1,0,1,burst
P00010738,C0033,Johann Girschner Stiftung & Co. KGaA,US West Distribution,DE,6573.66,8838.59,USD,2024-10-17 15:58:00.000000,2024-10-17,0,0,0,0,0,1,0,1,burst
P00086238,C0033,Johann Girschner Stiftung & Co. KGaA,Germany Sales Office,DE,7074.15,10251.68,EUR,2026-04-16 13:56:00.000000,2026-04-16,0,0,0,0,1,0,0,1,duplicate
P00086240,C0033,Johann Girschner Stiftung & Co. KGaA,Germany Sales Office,DE,7074.15,10251.68,EUR,2026-04-16 14:02:00.000000,2026-04-16,0,0,0,0,1,0,0,1,duplicate
P00010743,C0033,Johann Girschner Stiftung & Co. KGaA,US West Distribution,DE,7735.46,10400.69,USD,2024-10-17 16:26:00.000000,2024-10-17,0,0,0,0,0,1,0,1,burst
P00010736,C0033,Johann Girschner Stiftung & Co. KGaA,US West Distribution,DE,8316.59,11182.05,USD,2024-10-17 15:49:00.000000,2024-10-17,0,0,0,0,0,1,0,1,burst
P00010742,C0033,Johann Girschner Stiftung & Co. KGaA,US West Distribution,DE,8489.94,11415.12,USD,2024-10-17 16:21:00.000000,2024-10-17,0,0,0,0,0,1,0,1,burst
P00010747,C0033,Johann Girschner Stiftung & Co. KGaA,US West Distribution,DE,9033.27,12145.66,USD,2024-10-17 16:44:00.000000,2024-10-17,0,0,0,0,0,1,0,1,burst
P00010740,C0033,Johann Girschner Stiftung & Co. KGaA,US West Distribution,DE,9862.52,13297.83,USD,2024-10-17 16:09:00.000000,2024-10-17,0,0,0,0,0,1,0,1,burst
P00032825,C0033,Johann Girschner Stiftung & Co. KGaA,India Services,DE,10000.0,162.38,INR,2025-04-03 04:32:00.000000,2025-04-03,0,1,0,0,0,0,0,1,round amount
P00106663,C0033,Johann Girschner Stiftung & Co. KGaA,SG Operations,DE,10000.0,10000.0,SGD,2026-09-01 00:22:00.000000,2026-09-01,0,1,0,0,0,0,0,1,round amount
P00010746,C0033,Johann Girschner Stiftung & Co. KGaA,US West Distribution,DE,11305.86,15201.26,USD,2024-10-17 16:34:00.000000,2024-10-17,0,0,0,0,0,1,0,1,burst
P00029990,C0033,Johann Girschner Stiftung & Co. KGaA,Germany Sales Office,DE,12776.97,18568.83,EUR,2025-03-13 08:45:00.000000,2025-03-13,0,0,1,0,0,0,0,1,structuring
P00069908,C0033,Johann Girschner Stiftung & Co. KGaA,Germany Sales Office,DE,13022.65,18416.8,EUR,2025-12-23 08:40:00.000000,2025-12-23,0,0,1,0,0,0,0,1,structuring
P00083754,C0033,Johann Girschner Stiftung & Co. KGaA,Germany GmbH,DE,13185.18,18999.12,EUR,2026-03-31 07:41:00.000000,2026-03-31,0,0,1,0,0,0,0,1,structuring
P00072845,C0033,Johann Girschner Stiftung & Co. KGaA,Germany Sales Office,DE,13273.03,18912.94,EUR,2026-01-13 09:45:00.000000,2026-01-13,0,0,1,0,0,0,0,1,structuring
P00072795,C0033,Johann Girschner Stiftung & Co. KGaA,Shenzhen Sourcing,DE,25000.0,4673.62,CNY,2026-01-13 07:22:00.000000,2026-01-13,0,1,0,0,0,0,0,1,round amount
P00008659,C0033,Johann Girschner Stiftung & Co. KGaA,Germany Sales Office,DE,35289.05,52361.79,EUR,2024-10-01 07:50:00.000000,2024-10-01,0,0,0,1,0,0,0,1,new beneficiary
P00094346,C0033,Johann Girschner Stiftung & Co. KGaA,Germany GmbH,DE,37157.83,55314.82,EUR,2026-06-11 12:26:00.000000,2026-06-11,0,0,0,0,1,0,0,1,duplicate
P00094348,C0033,Johann Girschner Stiftung & Co. KGaA,Germany GmbH,DE,37157.83,55314.82,EUR,2026-06-11 12:52:00.000000,2026-06-11,0,0,0,0,1,0,0,1,duplicate
P00008625,C0033,Johann Girschner Stiftung & Co. KGaA,Germany GmbH,DE,76822.33,113988.74,EUR,2024-10-01 07:04:00.000000,2024-10-01,0,0,0,1,0,0,0,1,new beneficiary
P00109322,C0033,Johann Girschner Stiftung & Co. KGaA,Germany Sales Office,DE,216592.61,311380.25,EUR,2026-09-17 07:17:00.000000,2026-09-17,0,0,0,0,1,0,0,1,duplicate
P00109337,C0033,Johann Girschner Stiftung & Co. KGaA,Germany Sales Office,DE,216592.61,312807.16,EUR,2026-09-17 07:28:00.000000,2026-09-17,0,0,0,0,1,0,0,1,duplicate
P00066208,C0035,Hubbard-Hansen,Germany Sales Office,AE,20000.0,27968.66,EUR,2025-11-27 07:14:00.000000,2025-11-27,0,1,0,0,0,0,0,1,round amount
P00019792,C0035,Hubbard-Hansen,India Services,AE,25000.0,402.8,INR,2024-12-26 07:39:00.000000,2024-12-26,0,1,0,0,0,0,0,1,round amount
P00039220,C0035,Hubbard-Hansen,US Inc,AE,25000.0,33698.72,USD,2025-05-20 20:30:00.000000,2025-05-20,0,1,0,0,0,0,0,1,round amount
P00087819,C0035,Hubbard-Hansen,US Inc,AE,25000.0,33236.75,USD,2026-04-28 12:56:00.000000,2026-04-28,0,1,0,0,0,0,0,1,round amount
P00063378,C0035,Hubbard-Hansen,Netherlands BV,AE,50000.0,71277.3,EUR,2025-11-06 16:55:00.000000,2025-11-06,0,1,0,0,0,0,0,1,round amount
P00076247,C0035,Hubbard-Hansen,Germany GmbH,AE,50000.0,72123.95,EUR,2026-02-05 15:29:00.000000,2026-02-05,0,1,0,0,0,0,0,1,round amount
P00090184,C0036,Royal de Werd,US West Distribution,NL,10000.0,13248.62,USD,2026-05-14 12:21:00.000000,2026-05-14,0,1,0,0,0,0,0,1,round amount
P00081330,C0036,Royal de Werd,Germany GmbH,NL,12701.37,18359.75,EUR,2026-03-14 14:13:00.000000,2026-03-14,0,0,1,0,0,0,0,1,structuring
P00105220,C0036,Royal de Werd,Germany Sales Office,NL,12841.55,18455.72,EUR,2026-08-22 12:14:00.000000,2026-08-22,0,0,1,0,0,0,0,1,structuring
P00081203,C0036,Royal de Werd,Germany GmbH,NL,13009.76,18629.23,EUR,2026-03-12 14:54:00.000000,2026-03-12,0,0,1,0,0,0,0,1,structuring
P00105222,C0036,Royal de Werd,Germany Sales Office,NL,13167.66,18924.4,EUR,2026-08-22 15:08:00.000000,2026-08-22,0,0,1,0,0,0,0,1,structuring
P00081504,C0036,Royal de Werd,Germany GmbH,NL,13248.65,19150.84,EUR,2026-03-16 10:29:00.000000,2026-03-16,0,0,1,0,0,0,0,1,structuring
P00104947,C0036,Royal de Werd,Germany Sales Office,NL,13608.99,19558.5,EUR,2026-08-20 08:14:00.000000,2026-08-20,0,0,1,0,0,0,0,1,structuring
P00032143,C0036,Royal de Werd,US West Distribution,NL,14171.38,18984.62,USD,2025-03-29 14:06:00.000000,2025-03-29,0,0,1,0,0,0,0,1,structuring
P00032320,C0036,Royal de Werd,US West Distribution,NL,14244.61,19106.15,USD,2025-03-31 13:41:00.000000,2025-03-31,0,0,1,0,0,0,0,1,structuring
P00032017,C0036,Royal de Werd,US West Distribution,NL,14514.39,19444.13,USD,2025-03-27 18:52:00.000000,2025-03-27,0,0,1,0,0,0,0,1,structuring
P00100859,C0036,Royal de Werd,SG Operations,NL,18094.77,18094.77,SGD,2026-07-25 08:49:00.000000,2026-07-25,0,0,1,0,0,0,0,1,structuring
P00100652,C0036,Royal de Werd,SG Operations,NL,18869.02,18869.02,SGD,2026-07-23 09:04:00.000000,2026-07-23,0,0,1,0,0,0,0,1,structuring
P00100857,C0036,Royal de Werd,SG Operations,NL,19712.79,19712.79,SGD,2026-07-25 07:51:00.000000,2026-07-25,0,0,1,0,0,0,0,1,structuring
P00046821,C0036,Royal de Werd,Shenzhen Sourcing,NL,20000.0,3742.84,CNY,2025-07-15 08:27:00.000000,2025-07-15,0,1,0,0,0,0,0,1,round amount
P00033546,C0036,Royal de Werd,Germany GmbH,NL,25000.0,36123.6,EUR,2025-04-08 14:33:00.000000,2025-04-08,0,1,0,0,0,0,0,1,round amount
P00038584,C0036,Royal de Werd,Germany GmbH,NL,50000.0,72295.4,EUR,2025-05-15 09:24:00.000000,2025-05-15,0,1,0,0,0,0,0,1,round amount
P00111468,C0037,Eigenwillig GbR,Germany GmbH,DE,222.89,316.53,EUR,2026-09-30 21:39:00.000000,2026-09-30,0,0,0,0,0,0,1,1,off-hours
P00020823,C0037,Eigenwillig GbR,US West Distribution,DE,1692.49,2317.85,USD,2025-01-02 20:21:00.000000,2025-01-02,0,0,0,0,0,1,0,1,burst
P00047323,C0037,Eigenwillig GbR,Netherlands BV,DE,1708.26,2498.33,EUR,2025-07-17 12:00:00.000000,2025-07-17,0,0,0,0,0,1,0,1,burst
P00047318,C0037,Eigenwillig GbR,Netherlands BV,DE,2294.98,3356.4,EUR,2025-07-17 11:43:00.000000,2025-07-17,0,0,0,0,0,1,0,1,burst
P00047328,C0037,Eigenwillig GbR,Netherlands BV,DE,3233.02,4728.29,EUR,2025-07-17 12:24:00.000000,2025-07-17,0,0,0,0,0,1,0,1,burst
P00020827,C0037,Eigenwillig GbR,US West Distribution,DE,3508.5,4804.87,USD,2025-01-02 20:35:00.000000,2025-01-02,0,0,0,0,0,1,0,1,burst
P00020822,C0037,Eigenwillig GbR,US West Distribution,DE,3670.17,5026.28,USD,2025-01-02 20:17:00.000000,2025-01-02,0,0,0,0,0,1,0,1,burst
P00047317,C0037,Eigenwillig GbR,Netherlands BV,DE,4001.61,5852.35,EUR,2025-07-17 11:32:00.000000,2025-07-17,0,0,0,0,0,1,0,1,burst
P00020824,C0037,Eigenwillig GbR,US West Distribution,DE,4036.21,5525.39,USD,2025-01-02 20:22:00.000000,2025-01-02,0,0,0,0,0,1,0,1,burst
P00047322,C0037,Eigenwillig GbR,Netherlands BV,DE,4157.33,6080.09,EUR,2025-07-17 11:54:00.000000,2025-07-17,0,0,0,0,0,1,0,1,burst
P00047320,C0037,Eigenwillig GbR,Netherlands BV,DE,4403.8,6440.55,EUR,2025-07-17 11:48:00.000000,2025-07-17,0,0,0,0,0,1,0,1,burst
P00020825,C0037,Eigenwillig GbR,US West Distribution,DE,5018.36,6872.61,USD,2025-01-02 20:30:00.000000,2025-01-02,0,0,0,0,0,1,0,1,burst
P00047319,C0037,Eigenwillig GbR,Netherlands BV,DE,5354.13,7882.08,EUR,2025-07-17 11:45:00.000000,2025-07-17,0,0,0,0,0,1,0,1,burst
P00020818,C0037,Eigenwillig GbR,US West Distribution,DE,6257.5,8566.24,USD,2025-01-02 20:04:00.000000,2025-01-02,0,0,0,0,0,1,0,1,burst
P00020828,C0037,Eigenwillig GbR,US West Distribution,DE,7348.04,10059.14,USD,2025-01-02 20:43:00.000000,2025-01-02,0,0,0,0,0,1,0,1,burst
P00020820,C0037,Eigenwillig GbR,US West Distribution,DE,8398.59,11497.29,USD,2025-01-02 20:11:00.000000,2025-01-02,0,0,0,0,0,1,0,1,burst
P00047325,C0037,Eigenwillig GbR,Netherlands BV,DE,8432.6,12332.66,EUR,2025-07-17 12:08:00.000000,2025-07-17,0,0,0,0,0,1,0,1,burst
P00020826,C0037,Eigenwillig GbR,US West Distribution,DE,8465.41,11588.77,USD,2025-01-02 20:30:00.000000,2025-01-02,0,0,0,0,0,1,0,1,burst
P00020821,C0037,Eigenwillig GbR,US West Distribution,DE,9082.22,12433.15,USD,2025-01-02 20:14:00.000000,2025-01-02,0,0,0,0,0,1,0,1,burst
P00010725,C0037,Eigenwillig GbR,Germany GmbH,DE,10000.0,15066.91,EUR,2024-10-17 14:44:00.000000,2024-10-17,0,1,0,0,1,0,0,2,"round amount, duplicate"
P00010753,C0037,Eigenwillig GbR,US West Distribution,DE,10000.0,13483.2,USD,2024-10-17 20:46:00.000000,2024-10-17,0,1,0,0,1,0,0,2,"round amount, duplicate"
P00058840,C0037,Eigenwillig GbR,Shanghai Mfg,DE,10000.0,1862.0,CNY,2025-10-07 09:31:00.000000,2025-10-07,0,1,0,0,0,0,0,1,round amount
P00047326,C0037,Eigenwillig GbR,Netherlands BV,DE,10111.0,14787.32,EUR,2025-07-17 12:10:00.000000,2025-07-17,0,0,0,0,0,1,0,1,burst
P00047321,C0037,Eigenwillig GbR,Netherlands BV,DE,11620.86,16995.48,EUR,2025-07-17 11:49:00.000000,2025-07-17,0,0,0,0,0,1,0,1,burst
P00061241,C0037,Eigenwillig GbR,Germany GmbH,DE,13352.13,19030.59,EUR,2025-10-23 07:31:00.000000,2025-10-23,0,0,1,0,0,0,0,1,structuring
P00020816,C0037,Eigenwillig GbR,US West Distribution,DE,13934.59,18989.03,USD,2025-01-02 19:51:00.000000,2025-01-02,0,0,1,0,0,1,0,2,"structuring, burst"
P00041466,C0037,Eigenwillig GbR,US Inc,DE,14110.03,18486.92,USD,2025-06-05 16:15:00.000000,2025-06-05,0,0,1,0,0,0,0,1,structuring
P00041111,C0037,Eigenwillig GbR,US Inc,DE,14430.8,18834.98,USD,2025-06-03 21:50:00.000000,2025-06-03,0,0,1,0,0,0,0,1,structuring
P00041177,C0037,Eigenwillig GbR,US Inc,DE,14482.13,18936.12,USD,2025-06-04 14:00:00.000000,2025-06-04,0,0,1,0,0,0,0,1,structuring
P00047327,C0037,Eigenwillig GbR,Netherlands BV,DE,15552.81,22745.95,EUR,2025-07-17 12:12:00.000000,2025-07-17,0,0,0,0,0,1,0,1,burst
P00047324,C0037,Eigenwillig GbR,Netherlands BV,DE,16862.14,24660.85,EUR,2025-07-17 12:05:00.000000,2025-07-17,0,0,0,0,0,1,0,1,burst
P00012084,C0037,Eigenwillig GbR,SG Operations,DE,20000.0,20000.0,SGD,2024-10-29 04:30:00.000000,2024-10-29,0,1,0,0,0,0,0,1,round amount
P00028984,C0037,Eigenwillig GbR,India Services,DE,20000.0,322.66,INR,2025-03-06 05:38:00.000000,2025-03-06,0,1,0,0,0,0,0,1,round amount
P00081696,C0037,Eigenwillig GbR,Shenzhen Sourcing,DE,25000.0,4649.22,CNY,2026-03-17 08:01:00.000000,2026-03-17,0,1,0,0,0,0,0,1,round amount
P00082559,C0037,Eigenwillig GbR,Shanghai Mfg,DE,25000.0,4650.88,CNY,2026-03-24 01:43:00.000000,2026-03-24,0,1,0,0,0,0,0,1,round amount
P00021681,C0037,Eigenwillig GbR,Germany Sales Office,DE,50000.0,70585.1,EUR,2025-01-09 09:01:00.000000,2025-01-09,0,1,0,0,0,0,0,1,round amount
P00037530,C0037,Eigenwillig GbR,Shenzhen Sourcing,DE,50000.0,9306.05,CNY,2025-05-08 00:26:00.000000,2025-05-08,0,1,0,0,0,0,0,1,round amount
P00065441,C0037,Eigenwillig GbR,Shenzhen Sourcing,DE,97809.03,18171.65,CNY,2025-11-22 08:45:00.000000,2025-11-22,0,0,1,0,0,0,0,1,structuring
P00065112,C0037,Eigenwillig GbR,Shenzhen Sourcing,DE,98262.89,18299.3,CNY,2025-11-20 02:12:00.000000,2025-11-20,0,0,1,0,0,0,0,1,structuring
P00020621,C0037,Eigenwillig GbR,Germany GmbH,DE,105066.76,146008.96,EUR,2025-01-02 08:24:00.000000,2025-01-02,0,0,0,0,0,1,0,1,burst
P00065437,C0037,Eigenwillig GbR,Shenzhen Sourcing,DE,106807.37,19843.42,CNY,2025-11-22 00:46:00.000000,2025-11-22,0,0,1,0,0,0,0,1,structuring
P00024576,C0038,创亿传媒有限公司,UK Ltd,CN,10835.84,18729.84,GBP,2025-02-01 14:43:00.000000,2025-02-01,0,0,1,0,0,0,0,1,structuring
P00024386,C0038,创亿传媒有限公司,UK Ltd,CN,11413.78,19728.81,GBP,2025-01-30 12:52:00.000000,2025-01-30,0,0,1,0,0,0,0,1,structuring
P00024577,C0038,创亿传媒有限公司,UK Ltd,CN,11430.11,19757.04,GBP,2025-02-01 15:07:00.000000,2025-02-01,0,0,1,0,0,0,0,1,structuring
P00062367,C0038,创亿传媒有限公司,Netherlands BV,CN,12934.04,18373.83,EUR,2025-10-30 09:37:00.000000,2025-10-30,0,0,1,0,0,0,0,1,structuring
P00062022,C0038,创亿传媒有限公司,Netherlands BV,CN,13756.65,19573.17,EUR,2025-10-28 14:23:00.000000,2025-10-28,0,0,1,0,0,0,0,1,structuring
P00062113,C0038,创亿传媒有限公司,Netherlands BV,CN,13843.81,19684.91,EUR,2025-10-29 07:30:00.000000,2025-10-29,0,0,1,0,0,0,0,1,structuring
P00017261,C0038,创亿传媒有限公司,US Inc,CN,13891.84,19051.38,USD,2024-12-07 14:31:00.000000,2024-12-07,0,0,1,0,0,0,0,1,structuring
P00017140,C0038,创亿传媒有限公司,US Inc,CN,14142.82,19409.17,USD,2024-12-05 16:19:00.000000,2024-12-05,0,0,1,0,0,0,0,1,structuring
P00084364,C0038,创亿传媒有限公司,US West Distribution,CN,14354.92,18773.34,USD,2026-04-03 21:42:00.000000,2026-04-03,0,0,1,0,0,0,0,1,structuring
P00017262,C0038,创亿传媒有限公司,US Inc,CN,14425.06,19782.64,USD,2024-12-07 14:38:00.000000,2024-12-07,0,0,1,0,0,0,0,1,structuring
P00084369,C0038,创亿传媒有限公司,US West Distribution,CN,14594.17,19086.23,USD,2026-04-04 18:11:00.000000,2026-04-04,0,0,1,0,0,0,0,1,structuring
P00084301,C0038,创亿传媒有限公司,US West Distribution,CN,14797.0,19402.08,USD,2026-04-02 15:54:00.000000,2026-04-02,0,0,1,0,0,0,0,1,structuring
P00051498,C0038,创亿传媒有限公司,SG Operations,CN,18622.36,18622.36,SGD,2025-08-16 03:48:00.000000,2025-08-16,0,0,1,0,0,0,0,1,structuring
P00051165,C0038,创亿传媒有限公司,SG Operations,CN,19368.5,19368.5,SGD,2025-08-14 03:14:00.000000,2025-08-14,0,0,1,0,0,0,0,1,structuring
P00051387,C0038,创亿传媒有限公司,SG Operations,CN,19885.66,19885.66,SGD,2025-08-15 01:02:00.000000,2025-08-15,0,0,1,0,0,0,0,1,structuring
P00012454,C0038,创亿传媒有限公司,Shanghai Mfg,CN,20000.0,3666.2,CNY,2024-10-31 05:29:00.000000,2024-10-31,0,1,0,0,0,0,0,1,round amount
P00086966,C0038,创亿传媒有限公司,Shenzhen Sourcing,CN,23968.75,4476.21,CNY,2026-04-22 18:46:00.000000,2026-04-22,0,0,0,0,0,0,1,1,off-hours
P00063388,C0038,创亿传媒有限公司,US West Distribution,CN,25000.0,33432.82,USD,2025-11-06 21:40:00.000000,2025-11-06,0,1,0,0,0,0,0,1,round amount
P00073137,C0038,创亿传媒有限公司,Shenzhen Sourcing,CN,35763.78,6671.3,CNY,2026-01-15 02:03:00.000000,2026-01-15,0,0,0,0,1,0,0,1,duplicate
P00073151,C0038,创亿传媒有限公司,Shenzhen Sourcing,CN,35763.78,6671.3,CNY,2026-01-15 02:13:00.000000,2026-01-15,0,0,0,0,1,0,0,1,duplicate
P00092129,C0038,创亿传媒有限公司,Shenzhen Sourcing,CN,55468.48,10365.45,CNY,2026-05-28 04:35:00.000000,2026-05-28,0,0,0,0,1,0,0,1,duplicate
P00092132,C0038,创亿传媒有限公司,Shenzhen Sourcing,CN,55468.48,10376.32,CNY,2026-05-28 04:45:00.000000,2026-05-28,0,0,0,0,1,0,0,1,duplicate
P00029597,C0038,创亿传媒有限公司,Shenzhen Sourcing,CN,96825.2,18096.05,CNY,2025-03-11 02:55:00.000000,2025-03-11,0,0,1,0,0,0,0,1,structuring
P00061580,C0038,创亿传媒有限公司,Shanghai Mfg,CN,97225.48,18154.43,CNY,2025-10-27 05:18:00.000000,2025-10-27,0,0,1,0,0,0,0,1,structuring
P00061407,C0038,创亿传媒有限公司,Shanghai Mfg,CN,97319.41,18193.47,CNY,2025-10-24 03:02:00.000000,2025-10-24,0,0,1,0,0,0,0,1,structuring
P00084030,C0038,创亿传媒有限公司,Shenzhen Sourcing,CN,99291.1,18390.4,CNY,2026-04-02 01:22:00.000000,2026-04-02,0,0,1,0,0,0,0,1,structuring
P00027757,C0038,创亿传媒有限公司,Shenzhen Sourcing,CN,99718.71,18627.65,CNY,2025-02-25 02:31:00.000000,2025-02-25,0,0,1,0,0,0,0,1,structuring
P00071837,C0038,创亿传媒有限公司,Germany GmbH,CN,99956.2,18658.52,CNY,2026-01-06 09:42:00.000000,2026-01-06,0,0,1,0,0,0,0,1,structuring
P00016950,C0038,创亿传媒有限公司,Shanghai Mfg,CN,100054.14,18540.23,CNY,2024-12-05 02:47:00.000000,2024-12-05,0,0,1,0,0,0,0,1,structuring
P00036927,C0038,创亿传媒有限公司,Netherlands BV,CN,100496.84,18716.33,CNY,2025-05-02 11:25:00.000000,2025-05-02,0,0,1,0,0,0,0,1,structuring
P00079017,C0038,创亿传媒有限公司,Germany GmbH,CN,100952.8,18722.61,CNY,2026-02-26 09:33:00.000000,2026-02-26,0,0,1,0,0,0,0,1,structuring
P00027152,C0038,创亿传媒有限公司,Shenzhen Sourcing,CN,103611.72,19312.91,CNY,2025-02-20 01:56:00.000000,2025-02-20,0,0,1,0,0,0,0,1,structuring
P00053122,C0038,创亿传媒有限公司,Shenzhen Sourcing,CN,104905.54,19650.28,CNY,2025-08-28 02:08:00.000000,2025-08-28,0,0,1,0,0,0,0,1,structuring
P00105538,C0038,创亿传媒有限公司,Group Treasury HQ,CN,105142.27,19725.95,CNY,2026-08-25 01:51:00.000000,2026-08-25,0,0,1,0,0,0,0,1,structuring
P00061229,C0038,创亿传媒有限公司,Shanghai Mfg,CN,105255.0,19683.0,CNY,2025-10-23 07:09:00.000000,2025-10-23,0,0,1,0,0,0,0,1,structuring
P00061514,C0038,创亿传媒有限公司,SG Operations,CN,106044.05,19824.51,CNY,2025-10-25 01:13:00.000000,2025-10-25,0,0,1,0,0,0,0,1,structuring
P00020532,C0038,创亿传媒有限公司,SG Operations,CN,108443.91,19871.05,CNY,2025-01-02 02:16:00.000000,2025-01-02,0,0,1,0,0,0,0,1,structuring
P00092029,C0038,创亿传媒有限公司,Shenzhen Sourcing,CN,109437.85,20450.76,CNY,2026-05-28 01:34:00.000000,2026-05-28,0,0,0,0,1,0,0,1,duplicate
P00092051,C0038,创亿传媒有限公司,Shenzhen Sourcing,CN,109437.85,20450.76,CNY,2026-05-28 01:47:00.000000,2026-05-28,0,0,0,0,1,0,0,1,duplicate
P00103375,C0038,创亿传媒有限公司,Shenzhen Sourcing,CN,128729.43,24107.29,CNY,2026-08-11 01:01:00.000000,2026-08-11,0,0,0,0,1,0,0,1,duplicate
P00103385,C0038,创亿传媒有限公司,Shenzhen Sourcing,CN,128729.43,24107.29,CNY,2026-08-11 01:30:00.000000,2026-08-11,0,0,0,0,1,0,0,1,duplicate
P00059740,C0038,创亿传媒有限公司,Group Treasury HQ,CN,138927.68,25865.83,CNY,2025-10-14 01:54:00.000000,2025-10-14,0,0,0,0,1,0,0,1,duplicate
P00059741,C0038,创亿传媒有限公司,Group Treasury HQ,CN,138927.68,25865.83,CNY,2025-10-14 02:03:00.000000,2025-10-14,0,0,0,0,1,0,0,1,duplicate
P00051194,C0038,创亿传媒有限公司,Shenzhen Sourcing,CN,155646.48,29092.19,CNY,2025-08-14 06:09:00.000000,2025-08-14,0,0,0,0,1,0,0,1,duplicate
P00051195,C0038,创亿传媒有限公司,Shenzhen Sourcing,CN,155646.48,29092.19,CNY,2025-08-14 06:28:00.000000,2025-08-14,0,0,0,0,1,0,0,1,duplicate
P00020469,C0038,创亿传媒有限公司,Shenzhen Sourcing,CN,328954.68,60277.0,CNY,2025-01-01 17:36:00.000000,2025-01-01,0,0,0,0,0,0,1,1,off-hours
P00008882,C0038,创亿传媒有限公司,SG Operations,CN,559786.23,103466.41,CNY,2024-10-03 02:50:00.000000,2024-10-03,0,0,0,1,0,0,0,1,new beneficiary
P00011658,C0041,Payroll SG Operations 1,SG Operations,SG,56383.52,56383.52,SGD,2024-10-25 02:29:00.000000,2024-10-25,0,0,0,1,0,0,0,1,new beneficiary
P00062873,C0042,West LLC,SG Operations,MY,10000.0,10000.0,SGD,2025-11-04 02:34:00.000000,2025-11-04,0,1,0,0,0,0,0,1,round amount
P00060248,C0042,West LLC,Germany GmbH,MY,13427.38,18238.44,USD,2025-10-16 07:53:00.000000,2025-10-16,0,0,1,0,0,0,0,1,structuring
P00081995,C0042,West LLC,India Services,MY,13911.34,18303.96,USD,2026-03-19 04:07:00.000000,2026-03-19,0,0,1,0,0,0,0,1,structuring
P00105213,C0042,West LLC,SG Operations,MY,18413.77,18413.77,SGD,2026-08-22 00:57:00.000000,2026-08-22,0,0,1,0,0,0,0,1,structuring
P00105216,C0042,West LLC,SG Operations,MY,18795.74,18795.74,SGD,2026-08-22 05:42:00.000000,2026-08-22,0,0,1,0,0,0,0,1,structuring
P00104872,C0042,West LLC,SG Operations,MY,19637.24,19637.24,SGD,2026-08-20 03:48:00.000000,2026-08-20,0,0,1,0,0,0,0,1,structuring
P00043297,C0042,West LLC,Shanghai Mfg,MY,20000.0,3727.32,CNY,2025-06-19 06:26:00.000000,2025-06-19,0,1,0,0,0,0,0,1,round amount
P00033893,C0042,West LLC,Netherlands BV,MY,25000.0,36064.55,EUR,2025-04-10 11:22:00.000000,2025-04-10,0,1,0,0,0,0,0,1,round amount
P00017641,C0042,West LLC,Netherlands BV,MY,30800.96,41979.83,USD,2024-12-10 09:16:00.000000,2024-12-10,0,0,0,0,1,0,0,1,duplicate
P00017649,C0042,West LLC,Netherlands BV,MY,30800.96,41979.83,USD,2024-12-10 09:36:00.000000,2024-12-10,0,0,0,0,1,0,0,1,duplicate
P00010888,C0042,West LLC,India Services,MY,1143679.11,18238.25,INR,2024-10-21 04:43:00.000000,2024-10-21,0,0,1,0,0,0,0,1,structuring
P00010588,C0042,West LLC,India Services,MY,1144086.14,18259.61,INR,2024-10-17 06:59:00.000000,2024-10-17,0,0,1,0,0,0,0,1,structuring
P00054424,C0042,West LLC,India Services,MY,1148200.65,18414.84,INR,2025-09-05 03:24:00.000000,2025-09-05,0,0,1,0,0,0,0,1,structuring
P00054340,C0042,West LLC,India Services,MY,1150042.98,18444.39,INR,2025-09-04 12:18:00.000000,2025-09-04,0,0,1,0,0,0,0,1,structuring
P00054514,C0042,West LLC,India Services,MY,1171482.07,18788.23,INR,2025-09-06 09:04:00.000000,2025-09-06,0,0,1,0,0,0,0,1,structuring
P00010818,C0042,West LLC,India Services,MY,1200700.24,19147.57,INR,2024-10-18 11:42:00.000000,2024-10-18,0,0,1,0,0,0,0,1,structuring
P00009671,C0045,Payroll Shanghai Mfg 1,Shanghai Mfg,CN,311261.09,57572.1,CNY,2024-10-10 02:26:00.000000,2024-10-10,0,0,0,1,0,0,0,1,new beneficiary
P00045239,C0046,Jennings-Stout,Shenzhen Sourcing,ID,10000.0,1876.26,CNY,2025-07-03 06:50:00.000000,2025-07-03,0,1,0,0,0,0,0,1,round amount
P00069860,C0046,Jennings-Stout,SG Operations,ID,10000.0,10000.0,SGD,2025-12-23 05:50:00.000000,2025-12-23,0,1,0,0,0,0,0,1,round amount
P00110413,C0046,Jennings-Stout,SG Operations,ID,12436.47,16928.67,USD,2026-09-24 05:43:00.000000,2026-09-24,0,0,0,0,1,0,0,1,duplicate
P00110414,C0046,Jennings-Stout,SG Operations,ID,12436.47,16928.67,USD,2026-09-24 06:02:00.000000,2026-09-24,0,0,0,0,1,0,0,1,duplicate
P00077167,C0046,Jennings-Stout,Netherlands BV,ID,13230.62,19157.85,EUR,2026-02-12 07:05:00.000000,2026-02-12,0,0,1,0,0,0,0,1,structuring
P00077634,C0046,Jennings-Stout,Netherlands BV,ID,13577.05,19547.31,EUR,2026-02-16 15:33:00.000000,2026-02-16,0,0,1,0,0,0,0,1,structuring
P00077479,C0046,Jennings-Stout,Netherlands BV,ID,13600.39,19580.92,EUR,2026-02-14 08:55:00.000000,2026-02-14,0,0,1,0,0,0,0,1,structuring
P00093753,C0046,Jennings-Stout,SG Operations,ID,14185.62,18985.44,USD,2026-06-09 01:04:00.000000,2026-06-09,0,0,1,0,0,0,0,1,structuring
P00035765,C0046,Jennings-Stout,UK Ltd,ID,20000.0,34937.48,GBP,2025-04-24 09:18:00.000000,2025-04-24,0,1,0,0,0,0,0,1,round amount
P00045410,C0046,Jennings-Stout,US Inc,ID,20000.0,26333.44,USD,2025-07-03 16:41:00.000000,2025-07-03,0,1,0,0,0,0,0,1,round amount
P00093236,C0046,Jennings-Stout,India Services,ID,25000.0,406.2,INR,2026-06-04 07:58:00.000000,2026-06-04,0,1,0,0,0,0,0,1,round amount
P00109323,C0046,Jennings-Stout,Shenzhen Sourcing,ID,25000.0,4672.18,CNY,2026-09-17 07:19:00.000000,2026-09-17,0,1,0,0,0,0,0,1,round amount
P00076968,C0046,Jennings-Stout,Shanghai Mfg,ID,50000.0,9248.45,CNY,2026-02-12 01:01:00.000000,2026-02-12,0,1,0,0,0,0,0,1,round amount
P00029291,C0047,Payroll Shenzhen Sourcing 1,Shenzhen Sourcing,CN,99772.07,18694.09,CNY,2025-03-10 02:12:00.000000,2025-03-10,0,0,1,0,0,0,0,1,structuring
P00009661,C0047,Payroll Shenzhen Sourcing 1,Shenzhen Sourcing,CN,101081.46,18696.43,CNY,2024-10-10 02:10:00.000000,2024-10-10,0,0,1,0,0,0,0,1,structuring
P00017539,C0047,Payroll Shenzhen Sourcing 1,Shenzhen Sourcing,CN,101696.15,18648.63,CNY,2024-12-10 01:53:00.000000,2024-12-10,0,0,1,0,0,0,0,1,structuring
P00025567,C0047,Payroll Shenzhen Sourcing 1,Shenzhen Sourcing,CN,102045.6,18858.95,CNY,2025-02-10 01:57:00.000000,2025-02-10,0,0,1,0,0,0,0,1,structuring
P00033766,C0047,Payroll Shenzhen Sourcing 1,Shenzhen Sourcing,CN,102656.35,19057.64,CNY,2025-04-10 02:52:00.000000,2025-04-10,0,0,1,0,0,0,0,1,structuring
P00041821,C0047,Payroll Shenzhen Sourcing 1,Shenzhen Sourcing,CN,103325.96,19333.94,CNY,2025-06-10 02:25:00.000000,2025-06-10,0,0,1,0,0,0,0,1,structuring
P00013555,C0047,Payroll Shenzhen Sourcing 1,Shenzhen Sourcing,CN,103611.54,19088.98,CNY,2024-11-08 02:17:00.000000,2024-11-08,0,0,1,0,0,0,0,1,structuring
P00046071,C0047,Payroll Shenzhen Sourcing 1,Shenzhen Sourcing,CN,105030.82,19669.02,CNY,2025-07-10 01:01:00.000000,2025-07-10,0,0,1,0,0,0,0,1,structuring
P00037785,C0047,Payroll Shenzhen Sourcing 1,Shenzhen Sourcing,CN,105181.22,19624.08,CNY,2025-05-09 02:27:00.000000,2025-05-09,0,0,1,0,0,0,0,1,structuring
P00050427,C0047,Payroll Shenzhen Sourcing 1,Shenzhen Sourcing,CN,105622.51,19791.12,CNY,2025-08-08 01:35:00.000000,2025-08-08,0,0,1,0,0,0,0,1,structuring
P00059405,C0047,Payroll Shenzhen Sourcing 1,Shenzhen Sourcing,CN,105876.08,19727.47,CNY,2025-10-10 02:40:00.000000,2025-10-10,0,0,1,0,0,0,0,1,structuring
P00054995,C0047,Payroll Shenzhen Sourcing 1,Shenzhen Sourcing,CN,106501.2,19872.06,CNY,2025-09-10 01:55:00.000000,2025-09-10,0,0,1,0,0,0,0,1,structuring
P00063515,C0047,Payroll Shenzhen Sourcing 1,Shenzhen Sourcing,CN,107215.11,19908.77,CNY,2025-11-10 01:53:00.000000,2025-11-10,0,0,1,0,0,0,0,1,structuring
P00086849,C0050,Taylor-Morgan,SG Operations,GB,64.04,64.04,SGD,2026-04-21 14:07:00.000000,2026-04-21,0,0,0,0,0,0,1,1,off-hours
P00046179,C0050,Taylor-Morgan,UK Ltd,GB,385.53,645.57,GBP,2025-07-10 05:59:00.000000,2025-07-10,0,0,0,0,0,0,1,1,off-hours
P00047845,C0050,Taylor-Morgan,UK Ltd,GB,475.59,794.41,GBP,2025-07-22 04:44:00.000000,2025-07-22,0,0,0,0,0,0,1,1,off-hours
P00054923,C0050,Taylor-Morgan,US Inc,GB,600.17,815.8,USD,2025-09-09 09:56:00.000000,2025-09-09,0,0,0,0,0,0,1,1,off-hours
P00020406,C0050,Taylor-Morgan,Shenzhen Sourcing,GB,1002.4,183.15,CNY,2024-12-31 14:26:00.000000,2024-12-31,0,0,0,0,0,0,1,1,off-hours
P00019560,C0050,Taylor-Morgan,UK Ltd,GB,5533.71,9395.59,GBP,2024-12-24 12:16:00.000000,2024-12-24,0,0,0,0,1,0,0,1,duplicate
P00019561,C0050,Taylor-Morgan,UK Ltd,GB,5533.71,9395.59,GBP,2024-12-24 12:29:00.000000,2024-12-24,0,0,0,0,1,0,0,1,duplicate
P00016255,C0050,Taylor-Morgan,UK Ltd,GB,9470.48,16230.29,GBP,2024-11-28 14:01:00.000000,2024-11-28,0,0,0,0,1,0,0,1,duplicate
P00016256,C0050,Taylor-Morgan,UK Ltd,GB,9470.48,16230.29,GBP,2024-11-28 14:20:00.000000,2024-11-28,0,0,0,0,1,0,0,1,duplicate
P00084196,C0050,Taylor-Morgan,Netherlands BV,GB,10000.0,14452.18,EUR,2026-04-02 08:34:00.000000,2026-04-02,0,1,0,0,0,0,0,1,round amount
P00091059,C0050,Taylor-Morgan,Shenzhen Sourcing,GB,10240.06,18303.32,GBP,2026-05-21 02:16:00.000000,2026-05-21,0,0,1,0,0,0,0,1,structuring
P00061096,C0050,Taylor-Morgan,Shenzhen Sourcing,GB,10560.96,18502.17,GBP,2025-10-23 01:03:00.000000,2025-10-23,0,0,1,0,0,0,0,1,structuring
P00080974,C0050,Taylor-Morgan,Shanghai Mfg,GB,10685.6,19488.5,GBP,2026-03-12 02:15:00.000000,2026-03-12,0,0,1,0,0,0,0,1,structuring
P00011546,C0050,Taylor-Morgan,UK Ltd,GB,10830.38,18361.95,GBP,2024-10-24 09:35:00.000000,2024-10-24,0,0,1,0,0,0,0,1,structuring
P00044905,C0050,Taylor-Morgan,UK Ltd,GB,11016.02,18357.21,GBP,2025-07-01 08:03:00.000000,2025-07-01,0,0,1,0,0,0,0,1,structuring
P00048889,C0050,Taylor-Morgan,Shenzhen Sourcing,GB,11086.9,18451.21,GBP,2025-07-29 06:45:00.000000,2025-07-29,0,0,1,0,0,0,0,1,structuring
P00108081,C0050,Taylor-Morgan,Shenzhen Sourcing,GB,11458.62,19728.04,GBP,2026-09-10 01:36:00.000000,2026-09-10,0,0,1,0,0,0,0,1,structuring
P00103901,C0050,Taylor-Morgan,UK Ltd,GB,11557.3,19457.05,GBP,2026-08-13 08:58:00.000000,2026-08-13,0,0,1,0,0,0,0,1,structuring
P00008674,C0050,Taylor-Morgan,UK Ltd,GB,11678.2,19645.55,GBP,2024-10-01 08:05:00.000000,2024-10-01,0,0,1,0,0,0,0,1,structuring
P00105553,C0050,Taylor-Morgan,UK Ltd,GB,16637.2,28111.19,GBP,2026-08-25 02:28:00.000000,2026-08-25,0,0,0,0,0,0,1,1,off-hours
P00026472,C0050,Taylor-Morgan,SG Operations,GB,19102.59,19102.59,SGD,2025-02-14 06:51:00.000000,2025-02-14,0,0,1,0,0,0,0,1,structuring
P00026550,C0050,Taylor-Morgan,SG Operations,GB,19546.93,19546.93,SGD,2025-02-15 00:41:00.000000,2025-02-15,0,0,1,0,0,0,0,1,structuring
P00026165,C0050,Taylor-Morgan,SG Operations,GB,19659.44,19659.44,SGD,2025-02-13 02:29:00.000000,2025-02-13,0,0,1,0,0,0,0,1,structuring
P00010680,C0050,Taylor-Morgan,UK Ltd,GB,21102.85,36174.21,GBP,2024-10-17 12:19:00.000000,2024-10-17,0,0,0,0,1,0,0,1,duplicate
P00010682,C0050,Taylor-Morgan,UK Ltd,GB,21102.85,36174.21,GBP,2024-10-17 12:43:00.000000,2024-10-17,0,0,0,0,1,0,0,1,duplicate
P00070820,C0050,Taylor-Morgan,UK Ltd,GB,23272.02,39320.57,GBP,2025-12-30 04:24:00.000000,2025-12-30,0,0,0,0,0,0,1,1,off-hours
P00030657,C0050,Taylor-Morgan,US West Distribution,GB,25000.0,34489.18,USD,2025-03-18 17:22:00.000000,2025-03-18,0,1,0,0,0,0,0,1,round amount
P00098076,C0050,Taylor-Morgan,Germany Sales Office,GB,50000.0,73441.25,EUR,2026-07-07 06:34:00.000000,2026-07-07,0,1,0,0,0,0,0,1,round amount
P00072448,C0050,Taylor-Morgan,India Services,GB,1131475.42,18213.36,INR,2026-01-10 11:08:00.000000,2026-01-10,0,0,1,0,0,0,0,1,structuring
P00071991,C0050,Taylor-Morgan,India Services,GB,1172913.61,18875.7,INR,2026-01-07 12:13:00.000000,2026-01-07,0,0,1,0,0,0,0,1,structuring
P00071760,C0050,Taylor-Morgan,India Services,GB,1194085.58,19185.37,INR,2026-01-06 06:08:00.000000,2026-01-06,0,0,1,0,0,0,0,1,structuring
P00040544,C0051,Kelley-Hood,US Inc,AE,2403.08,3164.86,USD,2025-05-29 13:22:00.000000,2025-05-29,0,0,0,0,0,1,0,1,burst
P00066349,C0051,Kelley-Hood,US Inc,AE,10000.0,13347.11,USD,2025-11-27 15:42:00.000000,2025-11-27,0,1,0,0,0,0,0,1,round amount
P00036784,C0051,Kelley-Hood,Netherlands BV,AE,12630.41,18228.74,EUR,2025-05-01 06:31:00.000000,2025-05-01,0,0,1,0,0,0,0,1,structuring
P00037069,C0051,Kelley-Hood,Netherlands BV,AE,12774.94,18401.01,EUR,2025-05-05 09:41:00.000000,2025-05-05,0,0,1,0,0,0,0,1,structuring
P00053140,C0051,Kelley-Hood,Shanghai Mfg,AE,13488.27,18268.8,USD,2025-08-28 02:27:00.000000,2025-08-28,0,0,1,0,0,0,0,1,structuring
P00036976,C0051,Kelley-Hood,Netherlands BV,AE,13610.59,19604.68,EUR,2025-05-03 14:16:00.000000,2025-05-03,0,0,1,0,0,0,0,1,structuring
P00049082,C0051,Kelley-Hood,Netherlands BV,AE,13789.16,18382.08,USD,2025-07-30 06:51:00.000000,2025-07-30,0,0,1,0,0,0,0,1,structuring
P00016235,C0051,Kelley-Hood,Netherlands BV,AE,20000.0,28099.54,EUR,2024-11-28 10:41:00.000000,2024-11-28,0,1,0,0,0,0,0,1,round amount
P00039402,C0051,Kelley-Hood,Shenzhen Sourcing,AE,20000.0,3734.88,CNY,2025-05-22 03:01:00.000000,2025-05-22,0,1,0,0,0,0,0,1,round amount
P00047386,C0051,Kelley-Hood,US West Distribution,AE,20000.0,26634.22,USD,2025-07-17 17:06:00.000000,2025-07-17,0,1,0,0,0,0,0,1,round amount
P00082005,C0051,Kelley-Hood,SG Operations,AE,25000.0,25000.0,SGD,2026-03-19 05:11:00.000000,2026-03-19,0,1,0,0,0,0,0,1,round amount
P00009672,C0051,Kelley-Hood,Shanghai Mfg,AE,42200.3,56129.27,USD,2024-10-10 02:27:00.000000,2024-10-10,0,0,0,1,0,0,0,1,new beneficiary
P00093344,C0051,Kelley-Hood,UK Ltd,AE,50000.0,88421.6,GBP,2026-06-04 15:12:00.000000,2026-06-04,0,1,0,0,0,0,0,1,round amount
P00095396,C0051,Kelley-Hood,India Services,AE,50000.0,811.6,INR,2026-06-18 10:56:00.000000,2026-06-18,0,1,0,0,0,0,0,1,round amount
P00040488,C0051,Kelley-Hood,India Services,AE,184934.38,2976.15,INR,2025-05-29 07:31:00.000000,2025-05-29,0,0,0,0,0,1,0,1,burst
P00040485,C0051,Kelley-Hood,India Services,AE,202181.49,3253.71,INR,2025-05-29 07:23:00.000000,2025-05-29,0,0,0,0,0,1,0,1,burst
P00040496,C0051,Kelley-Hood,India Services,AE,225021.83,3621.28,INR,2025-05-29 07:52:00.000000,2025-05-29,0,0,0,0,0,1,0,1,burst
P00040483,C0051,Kelley-Hood,India Services,AE,327649.36,5272.86,INR,2025-05-29 07:20:00.000000,2025-05-29,0,0,0,0,0,1,0,1,burst
P00040502,C0051,Kelley-Hood,India Services,AE,346706.53,5579.55,INR,2025-05-29 08:09:00.000000,2025-05-29,0,0,0,0,0,1,0,1,burst
P00040430,C0051,Kelley-Hood,Group Treasury HQ,AE,359929.55,478109.54,USD,2025-05-29 02:44:00.000000,2025-05-29,0,0,0,0,0,1,0,1,burst
P00040489,C0051,Kelley-Hood,India Services,AE,363223.81,5845.36,INR,2025-05-29 07:38:00.000000,2025-05-29,0,0,0,0,0,1,0,1,burst
P00040482,C0051,Kelley-Hood,India Services,AE,382845.07,6161.13,INR,2025-05-29 07:18:00.000000,2025-05-29,0,0,0,0,0,1,0,1,burst
P00040501,C0051,Kelley-Hood,India Services,AE,444806.2,7158.27,INR,2025-05-29 08:07:00.000000,2025-05-29,0,0,0,0,0,1,0,1,burst
P00040499,C0051,Kelley-Hood,India Services,AE,446211.44,7180.88,INR,2025-05-29 08:03:00.000000,2025-05-29,0,0,0,0,0,1,0,1,burst
P00040498,C0051,Kelley-Hood,India Services,AE,653241.07,10512.61,INR,2025-05-29 07:55:00.000000,2025-05-29,0,0,0,0,0,1,0,1,burst
P00040490,C0051,Kelley-Hood,India Services,AE,806419.46,12977.71,INR,2025-05-29 07:40:00.000000,2025-05-29,0,0,0,0,0,1,0,1,burst
P00040486,C0051,Kelley-Hood,India Services,AE,1028538.95,16552.28,INR,2025-05-29 07:25:00.000000,2025-05-29,0,0,0,0,0,1,0,1,burst
P00059514,C0052,Acevedo Group,Netherlands BV,AU,25.37,36.75,EUR,2025-10-13 02:23:00.000000,2025-10-13,0,0,0,0,0,0,1,1,off-hours
P00088376,C0052,Acevedo Group,Netherlands BV,AU,26.18,38.4,EUR,2026-04-30 15:23:00.000000,2026-04-30,0,0,0,0,0,1,0,1,burst
P00010221,C0052,Acevedo Group,UK Ltd,AU,30.85,53.02,GBP,2024-10-15 05:05:00.000000,2024-10-15,0,0,0,0,0,0,1,1,off-hours
P00049251,C0052,Acevedo Group,US Inc,AU,33.9,45.5,USD,2025-07-31 03:59:00.000000,2025-07-31,0,0,0,0,0,0,1,1,off-hours
P00054328,C0052,Acevedo Group,US West Distribution,AU,61.64,84.1,USD,2025-09-04 10:15:00.000000,2025-09-04,0,0,0,0,0,0,1,1,off-hours
P00088386,C0052,Acevedo Group,US West Distribution,AU,69.31,92.26,USD,2026-04-30 17:34:00.000000,2026-04-30,0,0,0,0,0,1,0,1,burst
P00034482,C0052,Acevedo Group,US West Distribution,AU,82.16,109.79,USD,2025-04-15 10:57:00.000000,2025-04-15,0,0,0,0,0,0,1,1,off-hours
P00079126,C0052,Acevedo Group,US West Distribution,AU,87.26,115.18,USD,2026-02-26 18:26:00.000000,2026-02-26,0,0,0,0,0,1,0,1,burst
P00073848,C0052,Acevedo Group,SG Operations,AU,88.63,88.63,SGD,2026-01-20 06:41:00.000000,2026-01-20,0,0,0,0,0,1,0,1,burst
P00060975,C0052,Acevedo Group,Germany Sales Office,AU,105.69,150.64,EUR,2025-10-21 21:40:00.000000,2025-10-21,0,0,0,0,0,0,1,1,off-hours
P00079108,C0052,Acevedo Group,Netherlands BV,AU,112.31,161.49,EUR,2026-02-26 15:56:00.000000,2026-02-26,0,0,0,0,0,1,0,1,burst
P00094668,C0052,Acevedo Group,US West Distribution,AU,121.1,161.84,USD,2026-06-15 08:54:00.000000,2026-06-15,0,0,0,0,0,0,1,1,off-hours
P00073979,C0052,Acevedo Group,US Inc,AU,178.76,236.97,USD,2026-01-20 18:08:00.000000,2026-01-20,0,0,0,0,0,1,0,1,burst
P00045340,C0052,Acevedo Group,UK Ltd,AU,179.49,301.3,GBP,2025-07-03 12:19:00.000000,2025-07-03,0,0,0,0,0,1,0,1,burst
P00069502,C0052,Acevedo Group,US West Distribution,AU,207.47,271.4,USD,2025-12-20 03:02:00.000000,2025-12-20,0,0,0,0,0,0,1,1,off-hours
P00079113,C0052,Acevedo Group,UK Ltd,AU,218.06,394.67,GBP,2026-02-26 16:44:00.000000,2026-02-26,0,0,0,0,0,1,0,1,burst
P00089408,C0052,Acevedo Group,Germany GmbH,AU,344.71,504.85,EUR,2026-05-11 03:27:00.000000,2026-05-11,0,0,0,0,0,0,1,1,off-hours
P00045232,C0052,Acevedo Group,SG Operations,AU,403.71,403.71,SGD,2025-07-03 06:19:00.000000,2025-07-03,0,0,0,0,0,1,0,1,burst
P00078962,C0052,Acevedo Group,Germany Sales Office,AU,419.41,603.05,EUR,2026-02-26 08:19:00.000000,2026-02-26,0,0,0,0,0,1,0,1,burst
P00079109,C0052,Acevedo Group,US West Distribution,AU,419.5,553.7,USD,2026-02-26 15:59:00.000000,2026-02-26,0,0,0,0,0,1,0,1,burst
P00078735,C0052,Acevedo Group,US West Distribution,AU,588.0,773.63,USD,2026-02-25 03:09:00.000000,2026-02-25,0,0,0,0,0,0,1,1,off-hours
P00088293,C0052,Acevedo Group,Shanghai Mfg,AU,718.81,134.61,CNY,2026-04-30 10:22:00.000000,2026-04-30,0,0,0,0,0,1,0,1,burst
P00045164,C0052,Acevedo Group,SG Operations,AU,861.62,1139.18,USD,2025-07-03 02:02:00.000000,2025-07-03,0,0,0,0,0,1,0,1,burst
P00079107,C0052,Acevedo Group,US Inc,AU,1029.66,1354.72,USD,2026-02-26 15:54:00.000000,2026-02-26,0,0,0,0,0,1,0,1,burst
P00033672,C0052,Acevedo Group,Shanghai Mfg,AU,1059.01,196.65,CNY,2025-04-09 15:54:00.000000,2025-04-09,0,0,0,0,0,0,1,1,off-hours
P00088359,C0052,Acevedo Group,US West Distribution,AU,1303.07,1733.06,USD,2026-04-30 14:36:00.000000,2026-04-30,0,0,0,0,0,1,0,1,burst
P00078938,C0052,Acevedo Group,Shanghai Mfg,AU,1349.67,250.38,CNY,2026-02-26 06:57:00.000000,2026-02-26,0,0,0,0,0,1,0,1,burst
P00088223,C0052,Acevedo Group,Shanghai Mfg,AU,1407.1,263.51,CNY,2026-04-30 07:27:00.000000,2026-04-30,0,0,0,0,0,1,0,1,burst
P00079102,C0052,Acevedo Group,US West Distribution,AU,1561.01,2053.82,USD,2026-02-26 15:37:00.000000,2026-02-26,0,0,0,0,0,1,0,1,burst
P00046912,C0052,Acevedo Group,US Inc,AU,1669.03,2224.58,USD,2025-07-15 16:11:00.000000,2025-07-15,0,0,0,0,1,0,0,1,duplicate
P00046916,C0052,Acevedo Group,US Inc,AU,1669.03,2224.58,USD,2025-07-15 16:34:00.000000,2025-07-15,0,0,0,0,1,0,0,1,duplicate
P00088362,C0052,Acevedo Group,US West Distribution,AU,2184.32,2905.1,USD,2026-04-30 14:39:00.000000,2026-04-30,0,0,0,0,0,1,0,1,burst
P00088214,C0052,Acevedo Group,Germany GmbH,AU,2187.97,2909.96,USD,2026-04-30 07:14:00.000000,2026-04-30,0,0,0,0,0,1,0,1,burst
P00097929,C0052,Acevedo Group,Shanghai Mfg,AU,2965.54,552.57,CNY,2026-07-06 14:56:00.000000,2026-07-06,0,0,0,0,0,0,1,1,off-hours
P00073920,C0052,Acevedo Group,Netherlands BV,AU,3050.39,4342.13,EUR,2026-01-20 12:48:00.000000,2026-01-20,0,0,0,0,0,1,0,1,burst
P00088272,C0052,Acevedo Group,UK Ltd,AU,3133.22,4167.12,USD,2026-04-30 09:00:00.000000,2026-04-30,0,0,0,0,0,1,0,1,burst
P00073919,C0052,Acevedo Group,Netherlands BV,AU,3808.28,5420.96,EUR,2026-01-20 12:40:00.000000,2026-01-20,0,0,0,0,0,1,0,1,burst
P00045121,C0052,Acevedo Group,SG Operations,AU,3954.21,5228.02,USD,2025-07-03 01:00:00.000000,2025-07-03,0,0,0,0,0,1,0,1,burst
P00073916,C0052,Acevedo Group,Netherlands BV,AU,4557.11,6486.89,EUR,2026-01-20 12:37:00.000000,2026-01-20,0,0,0,0,0,1,0,1,burst
P00073926,C0052,Acevedo Group,Netherlands BV,AU,4786.61,6813.58,EUR,2026-01-20 13:10:00.000000,2026-01-20,0,0,0,0,0,1,0,1,burst
P00045411,C0052,Acevedo Group,US West Distribution,AU,5244.16,6904.84,USD,2025-07-03 17:08:00.000000,2025-07-03,0,0,0,0,0,1,0,1,burst
P00045361,C0052,Acevedo Group,US West Distribution,AU,5588.94,7358.8,USD,2025-07-03 13:29:00.000000,2025-07-03,0,0,0,0,0,1,0,1,burst
P00073925,C0052,Acevedo Group,Netherlands BV,AU,5691.89,8102.21,EUR,2026-01-20 13:05:00.000000,2026-01-20,0,0,0,0,0,1,0,1,burst
P00073918,C0052,Acevedo Group,Netherlands BV,AU,6592.68,9384.46,EUR,2026-01-20 12:39:00.000000,2026-01-20,0,0,0,0,0,1,0,1,burst
P00079095,C0052,Acevedo Group,US Inc,AU,7013.87,9228.13,USD,2026-02-26 15:09:00.000000,2026-02-26,0,0,0,0,0,1,0,1,burst
P00073915,C0052,Acevedo Group,Netherlands BV,AU,7243.66,10311.1,EUR,2026-01-20 12:35:00.000000,2026-01-20,0,0,0,0,0,1,0,1,burst
P00073922,C0052,Acevedo Group,Netherlands BV,AU,7642.16,10878.35,EUR,2026-01-20 12:54:00.000000,2026-01-20,0,0,0,0,0,1,0,1,burst
P00045357,C0052,Acevedo Group,US West Distribution,AU,8560.2,11270.98,USD,2025-07-03 13:26:00.000000,2025-07-03,0,0,0,0,0,1,0,1,burst
P00108372,C0052,Acevedo Group,US West Distribution,AU,10000.0,13679.18,USD,2026-09-10 15:36:00.000000,2026-09-10,0,1,0,0,0,0,0,1,round amount
P00088061,C0052,Acevedo Group,Germany GmbH,AU,10291.98,13729.74,USD,2026-04-30 01:03:00.000000,2026-04-30,0,0,0,0,0,1,1,2,"burst, off-hours"
P00080157,C0052,Acevedo Group,US Inc,AU,12235.23,16038.76,USD,2026-03-05 18:11:00.000000,2026-03-05,0,0,0,0,1,0,0,1,duplicate
P00080159,C0052,Acevedo Group,US Inc,AU,12235.23,16038.76,USD,2026-03-05 18:23:00.000000,2026-03-05,0,0,0,0,1,0,0,1,duplicate
P00073927,C0052,Acevedo Group,Netherlands BV,AU,12575.76,17901.17,EUR,2026-01-20 13:12:00.000000,2026-01-20,0,0,0,0,0,1,0,1,burst
P00078888,C0052,Acevedo Group,SG Operations,AU,12689.79,16791.68,USD,2026-02-26 02:36:00.000000,2026-02-26,0,0,0,0,0,1,0,1,burst
P00021390,C0052,Acevedo Group,US Inc,AU,13439.13,18486.84,USD,2025-01-07 15:46:00.000000,2025-01-07,0,0,1,0,0,0,0,1,structuring
P00050295,C0052,Acevedo Group,Germany GmbH,AU,13441.04,18098.35,USD,2025-08-07 08:40:00.000000,2025-08-07,0,0,1,0,0,0,0,1,structuring
P00102352,C0052,Acevedo Group,Shenzhen Sourcing,AU,13513.9,18045.53,USD,2026-08-04 02:30:00.000000,2026-08-04,0,0,1,0,0,0,0,1,structuring
P00061468,C0052,Acevedo Group,Germany GmbH,AU,13588.95,18483.15,USD,2025-10-24 10:21:00.000000,2025-10-24,0,0,1,0,0,0,0,1,structuring
P00102720,C0052,Acevedo Group,Shenzhen Sourcing,AU,13624.93,18219.37,USD,2026-08-06 02:45:00.000000,2026-08-06,0,0,1,0,0,0,0,1,structuring
P00047221,C0052,Acevedo Group,UK Ltd,AU,13643.88,18169.71,USD,2025-07-17 07:43:00.000000,2025-07-17,0,0,1,0,0,0,0,1,structuring
P00094374,C0052,Acevedo Group,US West Distribution,AU,13647.43,18286.91,USD,2026-06-11 14:11:00.000000,2026-06-11,0,0,1,0,0,0,0,1,structuring
P00082177,C0052,Acevedo Group,US West Distribution,AU,13751.03,18069.94,USD,2026-03-19 14:04:00.000000,2026-03-19,0,0,1,0,0,0,0,1,structuring
P00027880,C0052,Acevedo Group,US West Distribution,AU,13917.12,19373.83,USD,2025-02-25 15:25:00.000000,2025-02-25,0,0,1,0,0,0,0,1,structuring
P00015943,C0052,Acevedo Group,US West Distribution,AU,13945.41,18861.75,USD,2024-11-26 20:29:00.000000,2024-11-26,0,0,1,0,1,0,0,2,"structuring, duplicate"
P00015945,C0052,Acevedo Group,US West Distribution,AU,13945.41,18861.75,USD,2024-11-26 20:33:00.000000,2024-11-26,0,0,1,0,1,0,0,2,"structuring, duplicate"
P00063291,C0052,Acevedo Group,UK Ltd,AU,14015.4,18892.2,USD,2025-11-06 10:09:00.000000,2025-11-06,0,0,1,0,0,0,0,1,structuring
P00081582,C0052,Acevedo Group,US West Distribution,AU,14347.1,18755.22,USD,2026-03-16 16:11:00.000000,2026-03-16,0,0,1,0,0,0,0,1,structuring
P00042189,C0052,Acevedo Group,Shenzhen Sourcing,AU,14386.17,19080.64,USD,2025-06-12 02:39:00.000000,2025-06-12,0,0,1,0,0,0,0,1,structuring
P00106274,C0052,Acevedo Group,Germany GmbH,AU,14458.75,19668.02,USD,2026-08-28 09:16:00.000000,2026-08-28,0,0,1,0,0,0,0,1,structuring
P00093361,C0052,Acevedo Group,US Inc,AU,14541.45,19524.37,USD,2026-06-04 19:38:00.000000,2026-06-04,0,0,1,0,0,0,0,1,structuring
P00093730,C0052,Acevedo Group,US Inc,AU,14549.21,19472.05,USD,2026-06-08 18:11:00.000000,2026-06-08,0,0,1,0,0,0,0,1,structuring
P00083149,C0052,Acevedo Group,US Inc,AU,14614.69,19338.44,USD,2026-03-26 14:09:00.000000,2026-03-26,0,0,1,0,0,0,0,1,structuring
P00093434,C0052,Acevedo Group,US Inc,AU,14615.66,19614.38,USD,2026-06-05 15:47:00.000000,2026-06-05,0,0,1,0,0,0,0,1,structuring
P00060376,C0052,Acevedo Group,US West Distribution,AU,14624.42,19864.38,USD,2025-10-16 14:52:00.000000,2025-10-16,0,0,1,0,0,0,0,1,structuring
P00080144,C0052,Acevedo Group,US West Distribution,AU,15052.39,19731.68,USD,2026-03-05 15:42:00.000000,2026-03-05,0,0,1,0,0,0,0,1,structuring
P00043283,C0052,Acevedo Group,India Services,AU,15055.76,19867.13,USD,2025-06-19 04:55:00.000000,2025-06-19,0,0,1,0,0,0,0,1,structuring
P00045384,C0052,Acevedo Group,US West Distribution,AU,15094.3,19874.24,USD,2025-07-03 14:17:00.000000,2025-07-03,0,0,1,0,0,1,0,2,"structuring, burst"
P00071773,C0052,Acevedo Group,SG Operations,AU,16302.02,21470.0,USD,2026-01-06 06:49:00.000000,2026-01-06,0,0,0,0,1,0,0,1,duplicate
P00071778,C0052,Acevedo Group,SG Operations,AU,16302.02,21470.0,USD,2026-01-06 07:08:00.000000,2026-01-06,0,0,0,0,1,0,0,1,duplicate
P00109945,C0052,Acevedo Group,Shenzhen Sourcing,AU,16464.25,22495.98,USD,2026-09-22 01:15:00.000000,2026-09-22,0,0,0,0,1,0,0,1,duplicate
P00109951,C0052,Acevedo Group,Shenzhen Sourcing,AU,16464.25,22480.7,USD,2026-09-22 01:32:00.000000,2026-09-22,0,0,0,0,1,0,0,1,duplicate
P00072324,C0052,Acevedo Group,Shanghai Mfg,AU,20697.36,27360.34,USD,2026-01-08 19:56:00.000000,2026-01-08,0,0,0,0,0,0,1,1,off-hours
P00045276,C0052,Acevedo Group,Germany GmbH,AU,22607.65,29766.86,USD,2025-07-03 08:12:00.000000,2025-07-03,0,0,0,0,0,1,0,1,burst
P00079077,C0052,Acevedo Group,US Inc,AU,23853.35,31383.78,USD,2026-02-26 14:22:00.000000,2026-02-26,0,0,0,0,0,1,0,1,burst
P00078994,C0052,Acevedo Group,Netherlands BV,AU,24239.98,31892.47,USD,2026-02-26 09:02:00.000000,2026-02-26,0,0,0,0,0,1,0,1,burst
P00070049,C0052,Acevedo Group,Germany Sales Office,AU,25000.0,35377.25,EUR,2025-12-23 14:38:00.000000,2025-12-23,0,1,0,0,0,0,0,1,round amount
P00073957,C0052,Acevedo Group,US West Distribution,AU,25626.37,34068.98,USD,2026-01-20 15:34:00.000000,2026-01-20,0,0,0,0,0,1,0,1,burst
P00064729,C0052,Acevedo Group,US Inc,AU,28965.43,38328.48,USD,2025-11-17 20:19:00.000000,2025-11-17,0,0,0,0,1,0,0,1,duplicate
P00064732,C0052,Acevedo Group,US Inc,AU,28965.43,38143.07,USD,2025-11-17 20:46:00.000000,2025-11-17,0,0,0,0,1,0,0,1,duplicate
P00079067,C0052,Acevedo Group,US West Distribution,AU,29725.36,39109.57,USD,2026-02-26 14:03:00.000000,2026-02-26,0,0,0,0,0,1,0,1,burst
P00009506,C0052,Acevedo Group,US West Distribution,AU,45709.6,60740.47,USD,2024-10-08 14:50:00.000000,2024-10-08,0,0,0,1,0,0,0,1,new beneficiary
P00008917,C0052,Acevedo Group,Netherlands BV,AU,46925.8,62624.59,USD,2024-10-03 08:00:00.000000,2024-10-03,0,0,0,1,0,0,0,1,new beneficiary
P00008658,C0052,Acevedo Group,Germany GmbH,AU,53943.52,72498.2,USD,2024-10-01 07:49:00.000000,2024-10-01,0,0,0,1,0,0,0,1,new beneficiary
P00045206,C0052,Acevedo Group,India Services,AU,58633.68,77201.32,USD,2025-07-03 03:52:00.000000,2025-07-03,0,0,0,0,0,1,0,1,burst
P00009500,C0052,Acevedo Group,US West Distribution,AU,63874.33,84878.38,USD,2024-10-08 14:36:00.000000,2024-10-08,0,0,0,1,0,0,0,1,new beneficiary
P00061009,C0052,Acevedo Group,US Inc,AU,124225.24,169182.48,USD,2025-10-22 06:44:00.000000,2025-10-22,0,0,0,0,0,0,1,1,off-hours
P00088066,C0052,Acevedo Group,Shanghai Mfg,AU,148834.43,198548.55,USD,2026-04-30 01:08:00.000000,2026-04-30,0,0,0,0,0,1,0,1,burst
P00088210,C0052,Acevedo Group,Germany GmbH,AU,177789.36,236456.47,USD,2026-04-30 07:04:00.000000,2026-04-30,0,0,0,0,0,1,0,1,burst
P00066741,C0052,Acevedo Group,SG Operations,AU,342146.99,454970.64,USD,2025-12-01 18:25:00.000000,2025-12-01,0,0,0,0,0,0,1,1,off-hours
P00099688,C0054,佐藤ガス株式会社,US Inc,JP,10000.0,13518.22,USD,2026-07-16 15:36:00.000000,2026-07-16,0,1,0,0,0,0,0,1,round amount
P00032522,C0054,佐藤ガス株式会社,Germany GmbH,JP,13745.55,18448.18,USD,2025-04-01 08:57:00.000000,2025-04-01,0,0,1,0,0,0,0,1,structuring
P00027323,C0054,佐藤ガス株式会社,US Inc,JP,14209.89,19719.02,USD,2025-02-20 14:57:00.000000,2025-02-20,0,0,1,0,0,0,0,1,structuring
P00045392,C0054,佐藤ガス株式会社,Germany GmbH,JP,20000.0,29025.88,EUR,2025-07-03 14:38:00.000000,2025-07-03,0,1,0,0,0,0,0,1,round amount
P00029963,C0054,佐藤ガス株式会社,Netherlands BV,JP,50000.0,72665.25,EUR,2025-03-13 07:38:00.000000,2025-03-13,0,1,0,0,0,0,0,1,round amount
P00049254,C0054,佐藤ガス株式会社,Shanghai Mfg,JP,50000.0,9345.8,CNY,2025-07-31 04:09:00.000000,2025-07-31,0,1,0,0,0,0,0,1,round amount
P00052861,C0054,佐藤ガス株式会社,Shanghai Mfg,JP,50000.0,9378.75,CNY,2025-08-26 07:47:00.000000,2025-08-26,0,1,0,0,0,0,0,1,round amount
P00072134,C0054,佐藤ガス株式会社,Shenzhen Sourcing,JP,97186.9,18177.74,CNY,2026-01-08 05:59:00.000000,2026-01-08,0,0,1,0,0,0,0,1,structuring
P00064434,C0054,佐藤ガス株式会社,Shenzhen Sourcing,JP,97480.43,18158.36,CNY,2025-11-15 07:43:00.000000,2025-11-15,0,0,1,0,0,0,0,1,structuring
P00073561,C0054,佐藤ガス株式会社,Shenzhen Sourcing,JP,98217.09,18346.95,CNY,2026-01-19 03:00:00.000000,2026-01-19,0,0,1,0,0,0,0,1,structuring
P00072141,C0054,佐藤ガス株式会社,Shenzhen Sourcing,JP,101253.06,18938.27,CNY,2026-01-08 07:36:00.000000,2026-01-08,0,0,1,0,0,0,0,1,structuring
P00063946,C0054,佐藤ガス株式会社,Shenzhen Sourcing,JP,101606.25,18880.47,CNY,2025-11-12 02:05:00.000000,2025-11-12,0,0,1,0,0,0,0,1,structuring
P00071834,C0054,佐藤ガス株式会社,Shenzhen Sourcing,JP,102354.55,19106.22,CNY,2026-01-06 09:35:00.000000,2026-01-06,0,0,1,0,0,0,0,1,structuring
P00073527,C0054,佐藤ガス株式会社,Shenzhen Sourcing,JP,102627.47,19138.48,CNY,2026-01-17 06:25:00.000000,2026-01-17,0,0,1,0,0,0,0,1,structuring
P00073210,C0054,佐藤ガス株式会社,Shenzhen Sourcing,JP,104644.68,19547.1,CNY,2026-01-15 06:09:00.000000,2026-01-15,0,0,1,0,0,0,0,1,structuring
P00063838,C0054,佐藤ガス株式会社,Shenzhen Sourcing,JP,105779.48,19655.94,CNY,2025-11-11 06:53:00.000000,2025-11-11,0,0,1,0,0,0,0,1,structuring
P00023598,C0056,天开传媒有限公司,Shanghai Mfg,CN,361.49,66.55,CNY,2025-01-23 08:29:00.000000,2025-01-23,0,0,0,0,0,1,0,1,burst
P00089987,C0056,天开传媒有限公司,Shenzhen Sourcing,CN,785.49,146.38,CNY,2026-05-13 14:04:00.000000,2026-05-13,0,0,0,0,0,0,1,1,off-hours
P00095809,C0056,天开传媒有限公司,SG Operations,CN,790.23,790.23,SGD,2026-06-22 14:25:00.000000,2026-06-22,0,0,0,0,0,0,1,1,off-hours
P00009851,C0056,天开传媒有限公司,Shenzhen Sourcing,CN,796.57,146.89,CNY,2024-10-10 14:06:00.000000,2024-10-10,0,0,0,0,0,0,1,1,off-hours
P00023568,C0056,天开传媒有限公司,Shenzhen Sourcing,CN,817.21,150.45,CNY,2025-01-23 06:29:00.000000,2025-01-23,0,0,0,0,0,1,0,1,burst
P00052001,C0056,天开传媒有限公司,Shanghai Mfg,CN,912.27,170.86,CNY,2025-08-19 21:37:00.000000,2025-08-19,0,0,0,0,0,0,1,1,off-hours
P00018428,C0056,天开传媒有限公司,Shanghai Mfg,CN,1259.7,231.15,CNY,2024-12-16 19:56:00.000000,2024-12-16,0,0,0,0,0,0,1,1,off-hours
P00023539,C0056,天开传媒有限公司,SG Operations,CN,2662.22,2662.22,SGD,2025-01-23 04:14:00.000000,2025-01-23,0,0,0,0,0,1,0,1,burst
P00056397,C0056,天开传媒有限公司,Shenzhen Sourcing,CN,3336.05,622.02,CNY,2025-09-18 21:22:00.000000,2025-09-18,0,0,0,0,0,0,1,1,off-hours
P00023535,C0056,天开传媒有限公司,Shenzhen Sourcing,CN,3488.22,642.19,CNY,2025-01-23 04:00:00.000000,2025-01-23,0,0,0,0,0,1,0,1,burst
P00093998,C0056,天开传媒有限公司,Shenzhen Sourcing,CN,3659.3,686.08,CNY,2026-06-09 21:43:00.000000,2026-06-09,0,0,0,0,0,0,1,1,off-hours
P00023554,C0056,天开传媒有限公司,SG Operations,CN,3855.19,3855.19,SGD,2025-01-23 04:46:00.000000,2025-01-23,0,0,0,0,0,1,0,1,burst
P00023550,C0056,天开传媒有限公司,SG Operations,CN,4459.05,4459.05,SGD,2025-01-23 04:42:00.000000,2025-01-23,0,0,0,0,0,1,0,1,burst
P00023543,C0056,天开传媒有限公司,SG Operations,CN,5610.99,5610.99,SGD,2025-01-23 04:21:00.000000,2025-01-23,0,0,0,0,0,1,0,1,burst
P00023555,C0056,天开传媒有限公司,SG Operations,CN,6330.74,6330.74,SGD,2025-01-23 04:54:00.000000,2025-01-23,0,0,0,0,0,1,0,1,burst
P00023548,C0056,天开传媒有限公司,SG Operations,CN,7486.98,7486.98,SGD,2025-01-23 04:37:00.000000,2025-01-23,0,0,0,0,0,1,0,1,burst
P00023551,C0056,天开传媒有限公司,SG Operations,CN,8424.61,8424.61,SGD,2025-01-23 04:44:00.000000,2025-01-23,0,0,0,0,0,1,0,1,burst
P00023546,C0056,天开传媒有限公司,SG Operations,CN,10404.12,10404.12,SGD,2025-01-23 04:25:00.000000,2025-01-23,0,0,0,0,0,1,0,1,burst
P00068030,C0056,天开传媒有限公司,Group Treasury HQ,CN,10698.6,1992.55,CNY,2025-12-10 19:08:00.000000,2025-12-10,0,0,0,0,0,0,1,1,off-hours
P00023556,C0056,天开传媒有限公司,SG Operations,CN,12607.41,12607.41,SGD,2025-01-23 04:55:00.000000,2025-01-23,0,0,0,0,0,1,0,1,burst
P00023538,C0056,天开传媒有限公司,SG Operations,CN,13033.9,13033.9,SGD,2025-01-23 04:13:00.000000,2025-01-23,0,0,0,0,0,1,0,1,burst
P00023553,C0056,天开传媒有限公司,SG Operations,CN,15877.73,15877.73,SGD,2025-01-23 04:46:00.000000,2025-01-23,0,0,0,0,0,1,0,1,burst
P00048351,C0056,天开传媒有限公司,Germany GmbH,CN,20000.0,29069.04,EUR,2025-07-24 09:45:00.000000,2025-07-24,0,1,0,0,0,0,0,1,round amount
P00092155,C0056,天开传媒有限公司,Shenzhen Sourcing,CN,21110.03,3948.99,CNY,2026-05-28 07:14:00.000000,2026-05-28,0,0,0,0,1,0,0,1,duplicate
P00092159,C0056,天开传媒有限公司,Shenzhen Sourcing,CN,21110.03,3948.99,CNY,2026-05-28 07:19:00.000000,2026-05-28,0,0,0,0,1,0,0,1,duplicate
P00047271,C0056,天开传媒有限公司,US Inc,CN,28585.48,5351.26,CNY,2025-07-17 08:58:00.000000,2025-07-17,0,0,0,0,0,0,1,1,off-hours
P00023383,C0056,天开传媒有限公司,Shenzhen Sourcing,CN,32782.5,6030.9,CNY,2025-01-23 01:10:00.000000,2025-01-23,0,0,0,0,0,1,0,1,burst
P00023370,C0056,天开传媒有限公司,Shenzhen Sourcing,CN,36737.26,6758.44,CNY,2025-01-23 01:00:00.000000,2025-01-23,0,0,0,0,0,1,0,1,burst
P00042221,C0056,天开传媒有限公司,Shenzhen Sourcing,CN,36837.12,6914.0,CNY,2025-06-12 04:25:00.000000,2025-06-12,0,0,0,0,1,0,0,1,duplicate
P00042225,C0056,天开传媒有限公司,Shenzhen Sourcing,CN,36837.12,6914.0,CNY,2025-06-12 04:54:00.000000,2025-06-12,0,0,0,0,1,0,0,1,duplicate
P00072124,C0056,天开传媒有限公司,Shenzhen Sourcing,CN,38815.01,7259.92,CNY,2026-01-08 05:08:00.000000,2026-01-08,0,0,0,0,1,0,0,1,duplicate
P00072127,C0056,天开传媒有限公司,Shenzhen Sourcing,CN,38815.01,7259.92,CNY,2026-01-08 05:13:00.000000,2026-01-08,0,0,0,0,1,0,0,1,duplicate
P00008633,C0056,天开传媒有限公司,SG Operations,CN,40142.4,7414.18,CNY,2024-10-01 07:18:00.000000,2024-10-01,0,0,0,0,1,0,0,1,duplicate
P00008639,C0056,天开传媒有限公司,SG Operations,CN,40142.4,7419.6,CNY,2024-10-01 07:23:00.000000,2024-10-01,0,0,0,0,1,0,0,1,duplicate
P00108210,C0056,天开传媒有限公司,Netherlands BV,CN,50000.0,73407.3,EUR,2026-09-10 07:20:00.000000,2026-09-10,0,1,0,0,0,0,0,1,round amount
P00023431,C0056,天开传媒有限公司,Shanghai Mfg,CN,54378.65,10003.88,CNY,2025-01-23 01:44:00.000000,2025-01-23,0,0,0,0,0,1,0,1,burst
P00023615,C0056,天开传媒有限公司,Germany GmbH,CN,54525.24,10024.68,CNY,2025-01-23 09:11:00.000000,2025-01-23,0,0,0,0,0,1,0,1,burst
P00020808,C0056,天开传媒有限公司,US West Distribution,CN,57775.99,10584.27,CNY,2025-01-02 18:22:00.000000,2025-01-02,0,0,0,0,1,0,0,1,duplicate
P00020811,C0056,天开传媒有限公司,US West Distribution,CN,57775.99,10556.42,CNY,2025-01-02 18:51:00.000000,2025-01-02,0,0,0,0,1,0,0,1,duplicate
P00040889,C0056,天开传媒有限公司,Shenzhen Sourcing,CN,58477.85,10971.85,CNY,2025-06-02 19:25:00.000000,2025-06-02,0,0,0,0,0,0,1,1,off-hours
P00105976,C0056,天开传媒有限公司,Shanghai Mfg,CN,96175.93,18097.71,CNY,2026-08-27 02:50:00.000000,2026-08-27,0,0,1,0,0,0,0,1,structuring
P00066156,C0056,天开传媒有限公司,Shenzhen Sourcing,CN,97754.53,18220.17,CNY,2025-11-27 02:41:00.000000,2025-11-27,0,0,1,0,0,0,0,1,structuring
P00027869,C0056,天开传媒有限公司,US Inc,CN,98259.83,18291.46,CNY,2025-02-25 14:33:00.000000,2025-02-25,0,0,1,0,0,0,0,1,structuring
P00045809,C0056,天开传媒有限公司,Shenzhen Sourcing,CN,99209.44,18596.91,CNY,2025-07-08 02:59:00.000000,2025-07-08,0,0,1,0,0,0,0,1,structuring
P00027273,C0056,天开传媒有限公司,UK Ltd,CN,99607.58,18577.51,CNY,2025-02-20 09:43:00.000000,2025-02-20,0,0,1,0,0,0,0,1,structuring
P00094815,C0056,天开传媒有限公司,Shenzhen Sourcing,CN,99775.72,18684.8,CNY,2026-06-16 01:00:00.000000,2026-06-16,0,0,1,0,0,0,0,1,structuring
P00088175,C0056,天开传媒有限公司,Shanghai Mfg,CN,100757.86,18828.72,CNY,2026-04-30 03:48:00.000000,2026-04-30,0,0,1,0,1,0,0,2,"structuring, duplicate"
P00088177,C0056,天开传媒有限公司,Shanghai Mfg,CN,100757.86,18828.72,CNY,2026-04-30 03:57:00.000000,2026-04-30,0,0,1,0,1,0,0,2,"structuring, duplicate"
P00023439,C0056,天开传媒有限公司,Shenzhen Sourcing,CN,101533.65,18678.84,CNY,2025-01-23 01:50:00.000000,2025-01-23,0,0,1,0,0,1,0,2,"structuring, burst"
P00024354,C0056,天开传媒有限公司,Germany GmbH,CN,102211.96,18882.64,CNY,2025-01-30 09:32:00.000000,2025-01-30,0,0,1,0,0,0,0,1,structuring
P00068107,C0056,天开传媒有限公司,Shenzhen Sourcing,CN,102535.62,19096.64,CNY,2025-12-11 02:49:00.000000,2025-12-11,0,0,1,0,0,0,0,1,structuring
P00104186,C0056,天开传媒有限公司,India Services,CN,103084.98,19317.71,CNY,2026-08-17 05:15:00.000000,2026-08-17,0,0,1,0,0,0,0,1,structuring
P00036331,C0056,天开传媒有限公司,Shanghai Mfg,CN,106567.45,19879.52,CNY,2025-04-29 01:12:00.000000,2025-04-29,0,0,1,0,0,0,0,1,structuring
P00076078,C0056,天开传媒有限公司,Shenzhen Sourcing,CN,130742.26,24328.0,CNY,2026-02-05 05:52:00.000000,2026-02-05,0,0,0,0,1,0,0,1,duplicate
P00076080,C0056,天开传媒有限公司,Shenzhen Sourcing,CN,130742.26,24311.26,CNY,2026-02-05 06:12:00.000000,2026-02-05,0,0,0,0,1,0,0,1,duplicate
P00023395,C0056,天开传媒有限公司,Shenzhen Sourcing,CN,165813.87,30504.28,CNY,2025-01-23 01:17:00.000000,2025-01-23,0,0,0,0,0,1,0,1,burst
P00023433,C0056,天开传媒有限公司,Shenzhen Sourcing,CN,178294.62,32800.33,CNY,2025-01-23 01:48:00.000000,2025-01-23,0,0,0,0,0,1,0,1,burst
P00010573,C0056,天开传媒有限公司,Shenzhen Sourcing,CN,179781.7,32985.09,CNY,2024-10-17 03:31:00.000000,2024-10-17,0,0,0,0,1,0,0,1,duplicate
P00010574,C0056,天开传媒有限公司,Shenzhen Sourcing,CN,179781.7,33050.71,CNY,2024-10-17 03:45:00.000000,2024-10-17,0,0,0,0,1,0,0,1,duplicate
P00031943,C0056,天开传媒有限公司,Germany GmbH,CN,190038.0,35411.3,CNY,2025-03-27 13:06:00.000000,2025-03-27,0,0,0,0,1,0,0,1,duplicate
P00031950,C0056,天开传媒有限公司,Germany GmbH,CN,190038.0,35313.05,CNY,2025-03-27 13:15:00.000000,2025-03-27,0,0,0,0,1,0,0,1,duplicate
P00023448,C0056,天开传媒有限公司,Shenzhen Sourcing,CN,192541.38,35421.26,CNY,2025-01-23 01:55:00.000000,2025-01-23,0,0,0,0,0,1,0,1,burst
P00023379,C0056,天开传媒有限公司,Shenzhen Sourcing,CN,300196.35,55192.3,CNY,2025-01-23 01:07:00.000000,2025-01-23,0,0,0,0,0,1,0,1,burst
P00070657,C0056,天开传媒有限公司,Shenzhen Sourcing,CN,318578.16,59774.18,CNY,2025-12-29 20:53:00.000000,2025-12-29,0,0,0,0,0,0,1,1,off-hours
P00023440,C0056,天开传媒有限公司,Shenzhen Sourcing,CN,384488.56,70689.76,CNY,2025-01-23 01:52:00.000000,2025-01-23,0,0,0,0,0,1,0,1,burst
P00057103,C0056,天开传媒有限公司,Shanghai Mfg,CN,445408.53,82959.12,CNY,2025-09-25 02:02:00.000000,2025-09-25,0,0,0,0,1,0,0,1,duplicate
P00057115,C0056,天开传媒有限公司,Shanghai Mfg,CN,445408.53,82959.12,CNY,2025-09-25 02:11:00.000000,2025-09-25,0,0,0,0,1,0,0,1,duplicate
P00065696,C0056,天开传媒有限公司,SG Operations,CN,472624.62,88036.26,CNY,2025-11-24 20:06:00.000000,2025-11-24,0,0,0,0,0,0,1,1,off-hours
P00023510,C0056,天开传媒有限公司,Shenzhen Sourcing,CN,627323.94,115406.9,CNY,2025-01-23 02:49:00.000000,2025-01-23,0,0,0,0,0,1,0,1,burst
P00087606,C0056,天开传媒有限公司,Shenzhen Sourcing,CN,700867.74,130835.19,CNY,2026-04-27 20:52:00.000000,2026-04-27,0,0,0,0,0,0,1,1,off-hours
P00023452,C0056,天开传媒有限公司,Shenzhen Sourcing,CN,8693962.03,1599402.11,CNY,2025-01-23 01:58:00.000000,2025-01-23,0,0,0,0,0,1,0,1,burst
P00068487,C0061,Tax Authority CN (E04),Shenzhen Sourcing,CN,97116.0,18040.75,CNY,2025-12-15 04:17:00.000000,2025-12-15,0,0,1,0,0,0,0,1,structuring
P00078610,C0061,Tax Authority CN (E04),Shenzhen Sourcing,CN,101380.46,18750.52,CNY,2026-02-24 09:29:00.000000,2026-02-24,0,0,1,0,0,0,0,1,structuring
P00104311,C0062,Jones Group,US Inc,ID,49.02,65.88,USD,2026-08-17 10:13:00.000000,2026-08-17,0,0,0,0,0,0,1,1,off-hours
P00040009,C0062,Jones Group,Netherlands BV,ID,62.35,91.27,EUR,2025-05-27 04:13:00.000000,2025-05-27,0,0,0,0,0,0,1,1,off-hours
P00064784,C0062,Jones Group,US Inc,ID,168.67,222.11,USD,2025-11-18 03:39:00.000000,2025-11-18,0,0,0,0,0,0,1,1,off-hours
P00063435,C0062,Jones Group,US Inc,ID,189.47,252.06,USD,2025-11-07 08:44:00.000000,2025-11-07,0,0,0,0,0,0,1,1,off-hours
P00080190,C0062,Jones Group,US Inc,ID,291.49,380.61,USD,2026-03-06 03:06:00.000000,2026-03-06,0,0,0,0,0,0,1,1,off-hours
P00087905,C0062,Jones Group,US Inc,ID,331.59,442.35,USD,2026-04-28 23:38:00.000000,2026-04-28,0,0,0,0,0,1,0,1,burst
P00076113,C0062,Jones Group,US Inc,ID,2839.6,3764.72,USD,2026-02-05 08:31:00.000000,2026-02-05,0,0,0,0,0,0,1,1,off-hours
P00087885,C0062,Jones Group,US West Distribution,ID,3184.91,4248.74,USD,2026-04-28 18:13:00.000000,2026-04-28,0,0,0,0,0,1,0,1,burst
P00087876,C0062,Jones Group,US West Distribution,ID,3720.55,4946.36,USD,2026-04-28 17:39:00.000000,2026-04-28,0,0,0,0,0,1,0,1,burst
P00087880,C0062,Jones Group,US West Distribution,ID,3842.9,5109.02,USD,2026-04-28 17:43:00.000000,2026-04-28,0,0,0,0,0,1,0,1,burst
P00014344,C0062,Jones Group,US West Distribution,ID,4473.22,6053.52,USD,2024-11-14 14:11:00.000000,2024-11-14,0,0,0,0,1,0,0,1,duplicate
P00014351,C0062,Jones Group,US West Distribution,ID,4473.22,6053.52,USD,2024-11-14 14:35:00.000000,2024-11-14,0,0,0,0,1,0,0,1,duplicate
P00087889,C0062,Jones Group,US West Distribution,ID,4644.94,6175.31,USD,2026-04-28 18:25:00.000000,2026-04-28,0,0,0,0,0,1,0,1,burst
P00087887,C0062,Jones Group,US West Distribution,ID,4704.83,6276.35,USD,2026-04-28 18:20:00.000000,2026-04-28,0,0,0,0,0,1,0,1,burst
P00108303,C0062,Jones Group,Germany GmbH,ID,4757.54,6507.92,USD,2026-09-10 10:18:00.000000,2026-09-10,0,0,0,0,1,0,0,1,duplicate
P00108306,C0062,Jones Group,Germany GmbH,ID,4757.54,6507.92,USD,2026-09-10 10:47:00.000000,2026-09-10,0,0,0,0,1,0,0,1,duplicate
P00087890,C0062,Jones Group,US West Distribution,ID,5492.5,7302.11,USD,2026-04-28 18:26:00.000000,2026-04-28,0,0,0,0,0,1,0,1,burst
P00087775,C0062,Jones Group,UK Ltd,ID,5515.06,7332.11,USD,2026-04-28 08:49:00.000000,2026-04-28,0,0,0,0,0,1,0,1,burst
P00102412,C0062,Jones Group,US Inc,ID,5998.97,8007.48,USD,2026-08-04 07:09:00.000000,2026-08-04,0,0,0,0,0,0,1,1,off-hours
P00053335,C0062,Jones Group,US Inc,ID,6039.29,8145.03,USD,2025-08-28 14:14:00.000000,2025-08-28,0,0,0,0,1,0,0,1,duplicate
P00053342,C0062,Jones Group,US Inc,ID,6039.29,8145.03,USD,2025-08-28 14:26:00.000000,2025-08-28,0,0,0,0,1,0,0,1,duplicate
P00087881,C0062,Jones Group,US West Distribution,ID,7744.42,10295.97,USD,2026-04-28 17:44:00.000000,2026-04-28,0,0,0,0,0,1,0,1,burst
P00087884,C0062,Jones Group,US West Distribution,ID,8190.21,10888.64,USD,2026-04-28 18:09:00.000000,2026-04-28,0,0,0,0,0,1,0,1,burst
P00087878,C0062,Jones Group,US West Distribution,ID,8506.76,11309.48,USD,2026-04-28 17:41:00.000000,2026-04-28,0,0,0,0,0,1,0,1,burst
P00087891,C0062,Jones Group,US West Distribution,ID,8825.02,11772.78,USD,2026-04-28 18:33:00.000000,2026-04-28,0,0,0,0,0,1,0,1,burst
P00087877,C0062,Jones Group,US West Distribution,ID,9667.01,12852.0,USD,2026-04-28 17:40:00.000000,2026-04-28,0,0,0,0,0,1,0,1,burst
P00062044,C0062,Jones Group,US West Distribution,ID,10162.87,13824.79,USD,2025-10-28 17:16:00.000000,2025-10-28,0,0,0,0,1,0,0,1,duplicate
P00062045,C0062,Jones Group,US West Distribution,ID,10162.87,13824.79,USD,2025-10-28 17:26:00.000000,2025-10-28,0,0,0,0,1,0,0,1,duplicate
P00019342,C0062,Jones Group,US Inc,ID,13316.54,18098.42,USD,2024-12-23 22:51:00.000000,2024-12-23,0,0,1,0,0,0,0,1,structuring
P00034840,C0062,Jones Group,Germany GmbH,ID,13418.69,18013.12,USD,2025-04-17 08:38:00.000000,2025-04-17,0,0,1,0,0,0,0,1,structuring
P00103897,C0062,Jones Group,Germany GmbH,ID,14027.97,18855.42,USD,2026-08-13 08:53:00.000000,2026-08-13,0,0,1,0,0,0,0,1,structuring
P00021313,C0062,Jones Group,Germany GmbH,ID,14091.18,19383.8,USD,2025-01-07 08:47:00.000000,2025-01-07,0,0,1,0,0,0,0,1,structuring
P00036602,C0062,Jones Group,US Inc,ID,14118.22,19083.54,USD,2025-04-29 13:02:00.000000,2025-04-29,0,0,1,0,0,0,0,1,structuring
P00052648,C0062,Jones Group,Shanghai Mfg,ID,14138.14,19274.41,USD,2025-08-25 09:07:00.000000,2025-08-25,0,0,1,0,0,0,0,1,structuring
P00018839,C0062,Jones Group,Germany Sales Office,ID,14140.46,19298.32,USD,2024-12-19 08:09:00.000000,2024-12-19,0,0,1,0,0,0,0,1,structuring
P00031837,C0062,Jones Group,Germany GmbH,ID,14176.7,19111.64,USD,2025-03-27 08:01:00.000000,2025-03-27,0,0,1,0,0,0,0,1,structuring
P00018600,C0062,Jones Group,US Inc,ID,14176.97,19322.43,USD,2024-12-17 15:01:00.000000,2024-12-17,0,0,1,0,0,0,0,1,structuring
P00034457,C0062,Jones Group,Netherlands BV,ID,14298.55,19094.94,USD,2025-04-15 08:51:00.000000,2025-04-15,0,0,1,0,0,0,0,1,structuring
P00054906,C0062,Jones Group,UK Ltd,ID,14299.17,19559.55,USD,2025-09-09 08:11:00.000000,2025-09-09,0,0,1,0,0,0,0,1,structuring
P00071116,C0062,Jones Group,US Inc,ID,14424.16,19008.35,USD,2025-12-30 15:59:00.000000,2025-12-30,0,0,1,0,1,0,0,2,"structuring, duplicate"
P00071117,C0062,Jones Group,US Inc,ID,14424.16,19008.35,USD,2025-12-30 16:16:00.000000,2025-12-30,0,0,1,0,1,0,0,2,"structuring, duplicate"
P00110543,C0062,Jones Group,US West Distribution,ID,14582.72,19875.33,USD,2026-09-24 13:21:00.000000,2026-09-24,0,0,1,0,0,0,0,1,structuring
P00084289,C0062,Jones Group,US Inc,ID,15004.16,19698.66,USD,2026-04-02 14:34:00.000000,2026-04-02,0,0,1,0,0,0,0,1,structuring
P00109032,C0062,Jones Group,US Inc,ID,15640.82,21353.33,USD,2026-09-15 19:30:00.000000,2026-09-15,0,0,0,0,1,0,0,1,duplicate
P00109037,C0062,Jones Group,US Inc,ID,15640.82,21353.33,USD,2026-09-15 20:00:00.000000,2026-09-15,0,0,0,0,1,0,0,1,duplicate
P00087882,C0062,Jones Group,US West Distribution,ID,22295.23,29640.84,USD,2026-04-28 17:45:00.000000,2026-04-28,0,0,0,0,0,1,0,1,burst
P00045012,C0062,Jones Group,US Inc,ID,25501.49,33789.47,USD,2025-07-01 17:22:00.000000,2025-07-01,0,0,0,0,1,0,0,1,duplicate
P00045014,C0062,Jones Group,US Inc,ID,25501.49,33789.47,USD,2025-07-01 17:42:00.000000,2025-07-01,0,0,0,0,1,0,0,1,duplicate
P00087721,C0062,Jones Group,Netherlands BV,ID,36987.64,49174.03,USD,2026-04-28 07:00:00.000000,2026-04-28,0,0,0,0,0,1,0,1,burst
P00035871,C0062,Jones Group,US West Distribution,ID,50000.0,67554.8,USD,2025-04-24 19:21:00.000000,2025-04-24,0,1,0,0,0,0,0,1,round amount
P00054244,C0062,Jones Group,Germany GmbH,ID,50000.0,73631.15,EUR,2025-09-04 07:03:00.000000,2025-09-04,0,1,0,0,0,0,0,1,round amount
P00008988,C0062,Jones Group,US Inc,ID,55896.75,74930.26,USD,2024-10-03 14:55:00.000000,2024-10-03,0,0,0,1,0,0,0,1,new beneficiary
P00008666,C0062,Jones Group,Germany GmbH,ID,58297.97,78350.43,USD,2024-10-01 07:56:00.000000,2024-10-01,0,0,0,1,0,0,0,1,new beneficiary
P00009433,C0062,Jones Group,Germany GmbH,ID,79801.65,106043.15,USD,2024-10-08 08:48:00.000000,2024-10-08,0,0,0,1,0,0,0,1,new beneficiary
P00038782,C0062,Jones Group,Shanghai Mfg,ID,96865.68,18113.3,CNY,2025-05-17 00:02:00.000000,2025-05-17,0,0,1,0,0,0,0,1,structuring
P00038675,C0062,Jones Group,Shanghai Mfg,ID,103827.06,19415.04,CNY,2025-05-16 02:15:00.000000,2025-05-16,0,0,1,0,0,0,0,1,structuring
P00038486,C0062,Jones Group,Shanghai Mfg,ID,105738.03,19782.95,CNY,2025-05-15 03:55:00.000000,2025-05-15,0,0,1,0,0,0,0,1,structuring
P00030108,C0062,Jones Group,US Inc,ID,147930.65,203076.98,USD,2025-03-13 15:45:00.000000,2025-03-13,0,0,0,0,1,0,0,1,duplicate
P00030110,C0062,Jones Group,US Inc,ID,147930.65,203076.98,USD,2025-03-13 16:02:00.000000,2025-03-13,0,0,0,0,1,0,0,1,duplicate
P00111152,C0063,Säuberlich GmbH & Co. KGaA,UK Ltd,DE,85.94,151.12,GBP,2026-09-29 05:49:00.000000,2026-09-29,0,0,0,0,0,0,1,1,off-hours
P00105268,C0063,Säuberlich GmbH & Co. KGaA,Germany GmbH,DE,94.9,138.18,EUR,2026-08-24 04:19:00.000000,2026-08-24,0,0,0,0,0,0,1,1,off-hours
P00104491,C0063,Säuberlich GmbH & Co. KGaA,UK Ltd,DE,232.61,394.6,GBP,2026-08-18 04:40:00.000000,2026-08-18,0,0,0,0,0,0,1,1,off-hours
P00084036,C0063,Säuberlich GmbH & Co. KGaA,Germany GmbH,DE,6904.17,10005.87,EUR,2026-04-02 01:29:00.000000,2026-04-02,0,0,0,0,0,0,1,1,off-hours
P00096180,C0063,Säuberlich GmbH & Co. KGaA,India Services,DE,7137.56,115.54,INR,2026-06-25 00:02:00.000000,2026-06-25,0,0,0,0,0,0,1,1,off-hours
P00056339,C0063,Säuberlich GmbH & Co. KGaA,Germany GmbH,DE,10000.0,14487.23,EUR,2025-09-18 12:31:00.000000,2025-09-18,0,1,0,0,0,0,0,1,round amount
P00085112,C0063,Säuberlich GmbH & Co. KGaA,Germany GmbH,DE,10597.43,15300.05,EUR,2026-04-09 08:29:00.000000,2026-04-09,0,0,0,0,1,0,0,1,duplicate
P00085130,C0063,Säuberlich GmbH & Co. KGaA,Germany GmbH,DE,10597.43,15300.05,EUR,2026-04-09 08:53:00.000000,2026-04-09,0,0,0,0,1,0,0,1,duplicate
P00022113,C0063,Säuberlich GmbH & Co. KGaA,UK Ltd,DE,10726.18,18676.79,GBP,2025-01-13 11:59:00.000000,2025-01-13,0,0,1,0,0,0,0,1,structuring
P00021813,C0063,Säuberlich GmbH & Co. KGaA,UK Ltd,DE,11222.04,19429.58,GBP,2025-01-09 16:25:00.000000,2025-01-09,0,0,1,0,0,0,0,1,structuring
P00021953,C0063,Säuberlich GmbH & Co. KGaA,UK Ltd,DE,11367.21,19792.97,GBP,2025-01-11 10:57:00.000000,2025-01-11,0,0,1,0,0,0,0,1,structuring
P00090066,C0063,Säuberlich GmbH & Co. KGaA,Shenzhen Sourcing,DE,12262.13,18124.94,EUR,2026-05-14 02:15:00.000000,2026-05-14,0,0,1,0,0,0,0,1,structuring
P00098448,C0063,Säuberlich GmbH & Co. KGaA,India Services,DE,12341.62,18118.61,EUR,2026-07-09 05:11:00.000000,2026-07-09,0,0,1,0,0,0,0,1,structuring
P00040504,C0063,Säuberlich GmbH & Co. KGaA,UK Ltd,DE,12348.98,18076.91,EUR,2025-05-29 08:15:00.000000,2025-05-29,0,0,1,0,0,0,0,1,structuring
P00095318,C0063,Säuberlich GmbH & Co. KGaA,Germany GmbH,DE,12427.36,18241.91,EUR,2026-06-18 07:42:00.000000,2026-06-18,0,0,1,0,0,0,0,1,structuring
P00094856,C0063,Säuberlich GmbH & Co. KGaA,India Services,DE,12744.95,19047.2,EUR,2026-06-16 03:46:00.000000,2026-06-16,0,0,1,0,0,0,0,1,structuring
P00013056,C0063,Säuberlich GmbH & Co. KGaA,Germany GmbH,DE,12804.16,18651.9,EUR,2024-11-05 09:03:00.000000,2024-11-05,0,0,1,0,0,0,0,1,structuring
P00022678,C0063,Säuberlich GmbH & Co. KGaA,Germany GmbH,DE,12814.88,18040.56,EUR,2025-01-16 09:30:00.000000,2025-01-16,0,0,1,0,0,0,0,1,structuring
P00066875,C0063,Säuberlich GmbH & Co. KGaA,Germany GmbH,DE,12851.83,18111.16,EUR,2025-12-02 09:08:00.000000,2025-12-02,0,0,1,0,0,0,0,1,structuring
P00084547,C0063,Säuberlich GmbH & Co. KGaA,SG Operations,DE,12913.21,18714.47,EUR,2026-04-07 02:16:00.000000,2026-04-07,0,0,1,0,0,0,0,1,structuring
P00011460,C0063,Säuberlich GmbH & Co. KGaA,India Services,DE,13043.03,19669.67,EUR,2024-10-24 05:06:00.000000,2024-10-24,0,0,1,0,0,0,0,1,structuring
P00017973,C0063,Säuberlich GmbH & Co. KGaA,Germany GmbH,DE,13135.2,18503.19,EUR,2024-12-12 08:33:00.000000,2024-12-12,0,0,1,0,0,0,0,1,structuring
P00046980,C0063,Säuberlich GmbH & Co. KGaA,Germany GmbH,DE,13584.35,19938.28,EUR,2025-07-16 07:07:00.000000,2025-07-16,0,0,1,0,0,0,0,1,structuring
P00019477,C0063,Säuberlich GmbH & Co. KGaA,Germany Sales Office,DE,13611.0,18882.21,EUR,2024-12-24 09:06:00.000000,2024-12-24,0,0,1,0,0,0,0,1,structuring
P00041302,C0063,Säuberlich GmbH & Co. KGaA,India Services,DE,13642.96,19945.82,EUR,2025-06-05 04:58:00.000000,2025-06-05,0,0,1,0,0,0,0,1,structuring
P00027278,C0063,Säuberlich GmbH & Co. KGaA,Germany GmbH,DE,13667.99,19720.07,EUR,2025-02-20 09:48:00.000000,2025-02-20,0,0,1,0,0,0,0,1,structuring
P00101285,C0063,Säuberlich GmbH & Co. KGaA,Germany GmbH,DE,13686.89,19871.52,EUR,2026-07-28 08:27:00.000000,2026-07-28,0,0,1,0,0,0,0,1,structuring
P00049299,C0063,Säuberlich GmbH & Co. KGaA,Netherlands BV,DE,13832.15,19885.21,EUR,2025-07-31 07:33:00.000000,2025-07-31,0,0,1,0,0,0,0,1,structuring
P00066171,C0063,Säuberlich GmbH & Co. KGaA,India Services,DE,13973.86,19541.51,EUR,2025-11-27 03:45:00.000000,2025-11-27,0,0,1,0,0,0,0,1,structuring
P00052515,C0063,Säuberlich GmbH & Co. KGaA,SG Operations,DE,18462.6,18462.6,SGD,2025-08-23 07:13:00.000000,2025-08-23,0,0,1,0,0,0,0,1,structuring
P00052190,C0063,Säuberlich GmbH & Co. KGaA,SG Operations,DE,18700.44,18700.44,SGD,2025-08-21 04:28:00.000000,2025-08-21,0,0,1,0,0,0,0,1,structuring
P00052516,C0063,Säuberlich GmbH & Co. KGaA,SG Operations,DE,19191.74,19191.74,SGD,2025-08-23 08:00:00.000000,2025-08-23,0,0,1,0,0,0,0,1,structuring
P00057052,C0063,Säuberlich GmbH & Co. KGaA,India Services,DE,25842.39,419.89,INR,2025-09-24 23:35:00.000000,2025-09-24,0,0,0,0,0,0,1,1,off-hours
P00055521,C0063,Säuberlich GmbH & Co. KGaA,India Services,DE,40907.07,657.34,INR,2025-09-14 22:01:00.000000,2025-09-14,0,0,0,0,0,0,1,1,off-hours
P00101851,C0063,Säuberlich GmbH & Co. KGaA,Germany GmbH,DE,50000.0,72142.75,EUR,2026-07-30 15:26:00.000000,2026-07-30,0,1,0,0,0,0,0,1,round amount
P00101344,C0063,Säuberlich GmbH & Co. KGaA,Germany GmbH,DE,79613.0,115932.77,EUR,2026-07-28 13:16:00.000000,2026-07-28,0,0,0,0,1,0,0,1,duplicate
P00101352,C0063,Säuberlich GmbH & Co. KGaA,Germany GmbH,DE,79613.0,115932.77,EUR,2026-07-28 13:33:00.000000,2026-07-28,0,0,0,0,1,0,0,1,duplicate
P00018130,C0066,"Johnson, Carter and Schneider",Germany GmbH,VN,48.74,68.46,EUR,2024-12-13 03:51:00.000000,2024-12-13,0,0,0,0,0,0,1,1,off-hours
P00098345,C0066,"Johnson, Carter and Schneider",SG Operations,VN,13891.84,18547.51,USD,2026-07-09 01:27:00.000000,2026-07-09,0,0,1,0,0,0,0,1,structuring
P00084137,C0066,"Johnson, Carter and Schneider",Germany GmbH,VN,14359.16,18827.97,USD,2026-04-02 07:15:00.000000,2026-04-02,0,0,1,0,0,0,0,1,structuring
P00047864,C0066,"Johnson, Carter and Schneider",Shanghai Mfg,VN,42259.77,56213.95,USD,2025-07-22 06:22:00.000000,2025-07-22,0,0,0,0,1,0,0,1,duplicate
P00047866,C0066,"Johnson, Carter and Schneider",Shanghai Mfg,VN,42259.77,56213.95,USD,2025-07-22 06:34:00.000000,2025-07-22,0,0,0,0,1,0,0,1,duplicate
P00011448,C0066,"Johnson, Carter and Schneider",Shanghai Mfg,VN,50000.0,9197.45,CNY,2024-10-24 04:13:00.000000,2024-10-24,0,1,0,0,0,0,0,1,round amount
P00066186,C0066,"Johnson, Carter and Schneider",Shenzhen Sourcing,VN,50000.0,9319.35,CNY,2025-11-27 04:54:00.000000,2025-11-27,0,1,0,0,0,0,0,1,round amount
P00012410,C0069,Wohlgemut Hendriks AG & Co. KG,Germany GmbH,DE,87.29,127.12,EUR,2024-10-30 21:35:00.000000,2024-10-30,0,0,0,0,0,0,1,1,off-hours
P00106048,C0069,Wohlgemut Hendriks AG & Co. KG,UK Ltd,DE,10000.0,16896.59,GBP,2026-08-27 07:56:00.000000,2026-08-27,0,1,0,0,0,0,0,1,round amount
P00047129,C0069,Wohlgemut Hendriks AG & Co. KG,Germany GmbH,DE,10262.21,15107.5,EUR,2025-07-17 02:18:00.000000,2025-07-17,0,0,0,0,0,0,1,1,off-hours
P00028151,C0069,Wohlgemut Hendriks AG & Co. KG,Netherlands BV,DE,12600.53,18267.11,EUR,2025-02-27 09:17:00.000000,2025-02-27,0,0,1,0,0,0,0,1,structuring
P00028516,C0069,Wohlgemut Hendriks AG & Co. KG,Netherlands BV,DE,12969.85,18760.71,EUR,2025-03-03 12:45:00.000000,2025-03-03,0,0,1,0,0,0,0,1,structuring
P00028348,C0069,Wohlgemut Hendriks AG & Co. KG,Netherlands BV,DE,13088.14,18931.81,EUR,2025-02-28 15:16:00.000000,2025-02-28,0,0,1,0,0,0,0,1,structuring
P00107210,C0069,Wohlgemut Hendriks AG & Co. KG,Germany GmbH,DE,13357.03,19517.84,EUR,2026-09-03 07:55:00.000000,2026-09-03,0,0,1,0,0,0,0,1,structuring
P00084154,C0069,Wohlgemut Hendriks AG & Co. KG,Germany GmbH,DE,13500.68,19565.86,EUR,2026-04-02 07:39:00.000000,2026-04-02,0,0,1,0,0,0,0,1,structuring
P00082012,C0069,Wohlgemut Hendriks AG & Co. KG,SG Operations,DE,19221.94,19221.94,SGD,2026-03-19 05:41:00.000000,2026-03-19,0,0,1,0,0,0,0,1,structuring
P00082328,C0069,Wohlgemut Hendriks AG & Co. KG,SG Operations,DE,19430.88,19430.88,SGD,2026-03-23 01:23:00.000000,2026-03-23,0,0,1,0,0,0,0,1,structuring
P00082316,C0069,Wohlgemut Hendriks AG & Co. KG,SG Operations,DE,19826.72,19826.72,SGD,2026-03-21 00:09:00.000000,2026-03-21,0,0,1,0,0,0,0,1,structuring
P00020724,C0069,Wohlgemut Hendriks AG & Co. KG,Germany GmbH,DE,33174.02,46101.21,EUR,2025-01-02 11:05:00.000000,2025-01-02,0,0,0,0,1,0,0,1,duplicate
P00020725,C0069,Wohlgemut Hendriks AG & Co. KG,Germany GmbH,DE,33174.02,46274.01,EUR,2025-01-02 11:18:00.000000,2025-01-02,0,0,0,0,1,0,0,1,duplicate
P00048937,C0069,Wohlgemut Hendriks AG & Co. KG,Shanghai Mfg,DE,50000.0,9363.8,CNY,2025-07-29 09:10:00.000000,2025-07-29,0,1,0,0,0,0,0,1,round amount
P00097566,C0069,Wohlgemut Hendriks AG & Co. KG,UK Ltd,DE,50000.0,84951.35,GBP,2026-07-02 12:05:00.000000,2026-07-02,0,1,0,0,0,0,0,1,round amount
P00082183,C0069,Wohlgemut Hendriks AG & Co. KG,Germany GmbH,DE,53244.84,75974.74,EUR,2026-03-19 14:22:00.000000,2026-03-19,0,0,0,0,1,0,0,1,duplicate
P00082194,C0069,Wohlgemut Hendriks AG & Co. KG,Germany GmbH,DE,53244.84,75974.74,EUR,2026-03-19 14:45:00.000000,2026-03-19,0,0,0,0,1,0,0,1,duplicate
P00037795,C0072,Brumleve & van Zwaben,Netherlands BV,NL,37.08,53.12,EUR,2025-05-09 04:22:00.000000,2025-05-09,0,0,0,0,0,0,1,1,off-hours
P00100553,C0072,Brumleve & van Zwaben,UK Ltd,NL,43.94,74.05,GBP,2026-07-23 04:59:00.000000,2026-07-23,0,0,0,0,0,0,1,1,off-hours
P00073945,C0072,Brumleve & van Zwaben,Netherlands BV,NL,4880.05,6964.93,EUR,2026-01-20 14:49:00.000000,2026-01-20,0,0,0,0,1,0,0,1,duplicate
P00073949,C0072,Brumleve & van Zwaben,Netherlands BV,NL,4880.05,6964.93,EUR,2026-01-20 15:03:00.000000,2026-01-20,0,0,0,0,1,0,0,1,duplicate
P00084049,C0072,Brumleve & van Zwaben,SG Operations,NL,4887.33,7063.26,EUR,2026-04-02 01:48:00.000000,2026-04-02,0,0,0,0,1,0,0,1,duplicate
P00084058,C0072,Brumleve & van Zwaben,SG Operations,NL,4887.33,7063.26,EUR,2026-04-02 02:08:00.000000,2026-04-02,0,0,0,0,1,0,0,1,duplicate
P00041360,C0072,Brumleve & van Zwaben,Netherlands BV,NL,12371.36,18196.17,EUR,2025-06-05 08:34:00.000000,2025-06-05,0,0,1,0,0,0,0,1,structuring
P00050261,C0072,Brumleve & van Zwaben,Netherlands BV,NL,12706.84,18319.06,EUR,2025-08-07 07:37:00.000000,2025-08-07,0,0,1,0,0,0,0,1,structuring
P00109858,C0072,Brumleve & van Zwaben,Germany GmbH,NL,12744.37,18405.66,EUR,2026-09-21 12:40:00.000000,2026-09-21,0,0,1,0,0,0,0,1,structuring
P00109645,C0072,Brumleve & van Zwaben,Germany GmbH,NL,12787.03,18467.27,EUR,2026-09-19 09:36:00.000000,2026-09-19,0,0,1,0,0,0,0,1,structuring
P00109424,C0072,Brumleve & van Zwaben,Germany GmbH,NL,13050.45,18761.73,EUR,2026-09-17 09:22:00.000000,2026-09-17,0,0,1,0,0,0,0,1,structuring
P00108931,C0072,Brumleve & van Zwaben,Netherlands BV,NL,13082.63,18933.67,EUR,2026-09-15 08:05:00.000000,2026-09-15,0,0,1,0,0,0,0,1,structuring
P00085360,C0072,Brumleve & van Zwaben,US West Distribution,NL,14304.86,18997.08,USD,2026-04-10 21:52:00.000000,2026-04-10,0,0,1,0,0,0,0,1,structuring
P00085233,C0072,Brumleve & van Zwaben,US West Distribution,NL,14626.01,19423.58,USD,2026-04-09 20:05:00.000000,2026-04-09,0,0,1,0,0,0,0,1,structuring
P00085630,C0072,Brumleve & van Zwaben,US West Distribution,NL,14801.52,19613.2,USD,2026-04-13 17:29:00.000000,2026-04-13,0,0,1,0,0,0,0,1,structuring
P00024286,C0072,Brumleve & van Zwaben,Shanghai Mfg,NL,15280.31,2815.84,CNY,2025-01-30 01:41:00.000000,2025-01-30,0,0,0,0,0,1,0,1,burst
P00082649,C0072,Brumleve & van Zwaben,SG Operations,NL,18525.99,18525.99,SGD,2026-03-24 08:04:00.000000,2026-03-24,0,0,1,0,0,0,0,1,structuring
P00024292,C0072,Brumleve & van Zwaben,Shanghai Mfg,NL,18671.01,3440.68,CNY,2025-01-30 02:04:00.000000,2025-01-30,0,0,0,0,0,1,0,1,burst
P00082777,C0072,Brumleve & van Zwaben,SG Operations,NL,18726.34,18726.34,SGD,2026-03-25 03:12:00.000000,2026-03-25,0,0,1,0,0,0,0,1,structuring
P00083009,C0072,Brumleve & van Zwaben,SG Operations,NL,19279.98,19279.98,SGD,2026-03-26 07:56:00.000000,2026-03-26,0,0,1,0,0,0,0,1,structuring
P00024293,C0072,Brumleve & van Zwaben,Shanghai Mfg,NL,19293.94,3555.47,CNY,2025-01-30 02:19:00.000000,2025-01-30,0,0,0,0,0,1,0,1,burst
P00048387,C0072,Brumleve & van Zwaben,Germany GmbH,NL,20000.0,29069.04,EUR,2025-07-24 13:23:00.000000,2025-07-24,0,1,0,0,0,0,0,1,round amount
P00024288,C0072,Brumleve & van Zwaben,Shanghai Mfg,NL,30843.21,5683.76,CNY,2025-01-30 01:44:00.000000,2025-01-30,0,0,0,0,0,1,0,1,burst
P00024290,C0072,Brumleve & van Zwaben,Shanghai Mfg,NL,36065.11,6646.04,CNY,2025-01-30 01:52:00.000000,2025-01-30,0,0,0,0,0,1,0,1,burst
P00024287,C0072,Brumleve & van Zwaben,Shanghai Mfg,NL,46468.01,8563.08,CNY,2025-01-30 01:43:00.000000,2025-01-30,0,0,0,0,0,1,0,1,burst
P00024285,C0072,Brumleve & van Zwaben,Shanghai Mfg,NL,46546.66,8577.57,CNY,2025-01-30 01:35:00.000000,2025-01-30,0,0,0,0,0,1,0,1,burst
P00094187,C0072,Brumleve & van Zwaben,India Services,NL,50000.0,810.4,INR,2026-06-11 02:30:00.000000,2026-06-11,0,1,0,0,0,0,0,1,round amount
P00024289,C0072,Brumleve & van Zwaben,Shanghai Mfg,NL,50416.89,9290.77,CNY,2025-01-30 01:49:00.000000,2025-01-30,0,0,0,0,0,1,0,1,burst
P00024291,C0072,Brumleve & van Zwaben,Shanghai Mfg,NL,57577.21,10610.27,CNY,2025-01-30 01:54:00.000000,2025-01-30,0,0,0,0,0,1,0,1,burst
P00024284,C0072,Brumleve & van Zwaben,Shanghai Mfg,NL,61202.37,11278.31,CNY,2025-01-30 01:33:00.000000,2025-01-30,0,0,0,0,0,1,0,1,burst
P00040719,C0072,Brumleve & van Zwaben,Shenzhen Sourcing,NL,102913.14,19308.97,CNY,2025-05-31 02:28:00.000000,2025-05-31,0,0,1,0,0,0,0,1,structuring
P00039941,C0072,Brumleve & van Zwaben,Shenzhen Sourcing,NL,104301.84,19540.95,CNY,2025-05-27 00:19:00.000000,2025-05-27,0,0,1,0,0,0,0,1,structuring
P00040295,C0072,Brumleve & van Zwaben,Shenzhen Sourcing,NL,105664.93,19806.79,CNY,2025-05-28 06:41:00.000000,2025-05-28,0,0,1,0,0,0,0,1,structuring
P00080808,C0073,Barry Ltd,Germany Sales Office,US,492.66,705.46,EUR,2026-03-10 22:41:00.000000,2026-03-10,0,0,0,0,0,0,1,1,off-hours
P00070926,C0073,Barry Ltd,US Inc,US,3554.9,4684.69,USD,2025-12-30 08:45:00.000000,2025-12-30,0,0,0,0,0,0,1,1,off-hours
P00011521,C0073,Barry Ltd,Germany Sales Office,US,10000.0,15080.6,EUR,2024-10-24 08:29:00.000000,2024-10-24,0,1,0,0,0,0,0,1,round amount
P00086732,C0073,Barry Ltd,Shenzhen Sourcing,US,10000.0,1867.1,CNY,2026-04-21 04:28:00.000000,2026-04-21,0,1,0,0,0,0,0,1,round amount
P00040588,C0073,Barry Ltd,US Inc,US,10643.36,14017.34,USD,2025-05-29 15:42:00.000000,2025-05-29,0,0,0,0,1,0,0,1,duplicate
P00040589,C0073,Barry Ltd,US Inc,US,10643.36,14017.34,USD,2025-05-29 15:53:00.000000,2025-05-29,0,0,0,0,1,0,0,1,duplicate
P00055266,C0073,Barry Ltd,US Inc,US,11865.72,16031.85,USD,2025-09-11 08:20:00.000000,2025-09-11,0,0,0,0,0,0,1,1,off-hours
P00053229,C0073,Barry Ltd,Netherlands BV,US,12345.98,18267.28,EUR,2025-08-28 07:41:00.000000,2025-08-28,0,0,1,0,0,0,0,1,structuring
P00052943,C0073,Barry Ltd,Netherlands BV,US,13068.35,19344.66,EUR,2025-08-26 13:40:00.000000,2025-08-26,0,0,1,0,0,0,0,1,structuring
P00053195,C0073,Barry Ltd,Netherlands BV,US,13234.47,19581.91,EUR,2025-08-28 06:13:00.000000,2025-08-28,0,0,1,0,0,0,0,1,structuring
P00025217,C0073,Barry Ltd,Group Treasury HQ,US,13485.85,18667.36,USD,2025-02-06 02:45:00.000000,2025-02-06,0,0,1,0,0,0,0,1,structuring
P00032977,C0073,Barry Ltd,US West Distribution,US,13652.58,18222.36,USD,2025-04-03 14:08:00.000000,2025-04-03,0,0,1,0,0,0,0,1,structuring
P00009668,C0073,Barry Ltd,Shenzhen Sourcing,US,13748.07,18285.87,USD,2024-10-10 02:23:00.000000,2024-10-10,0,0,1,0,0,0,0,1,structuring
P00044997,C0073,Barry Ltd,US Inc,US,13751.86,18221.21,USD,2025-07-01 14:35:00.000000,2025-07-01,0,0,1,0,0,0,0,1,structuring
P00104477,C0073,Barry Ltd,Shanghai Mfg,US,14841.14,19946.03,USD,2026-08-18 02:54:00.000000,2026-08-18,0,0,1,0,0,0,0,1,structuring
P00040581,C0073,Barry Ltd,US West Distribution,US,14918.49,19647.7,USD,2025-05-29 14:45:00.000000,2025-05-29,0,0,1,0,0,0,0,1,structuring
P00021732,C0073,Barry Ltd,Germany Sales Office,US,35001.25,48198.61,USD,2025-01-09 10:35:00.000000,2025-01-09,0,0,0,0,1,0,0,1,duplicate
P00021734,C0073,Barry Ltd,Germany Sales Office,US,35001.25,48198.61,USD,2025-01-09 10:40:00.000000,2025-01-09,0,0,0,0,1,0,0,1,duplicate
P00010722,C0073,Barry Ltd,Netherlands BV,US,50000.0,75288.55,EUR,2024-10-17 14:30:00.000000,2024-10-17,0,1,0,0,0,0,0,1,round amount
P00050104,C0073,Barry Ltd,SG Operations,US,58371.5,77948.83,USD,2025-08-06 19:01:00.000000,2025-08-06,0,0,0,0,0,0,1,1,off-hours
P00053869,C0074,联软传媒有限公司,Netherlands BV,CN,10000.0,14751.0,EUR,2025-09-02 08:43:00.000000,2025-09-02,0,1,0,0,0,0,0,1,round amount
P00019840,C0074,联软传媒有限公司,US West Distribution,CN,13404.62,18301.72,USD,2024-12-26 17:42:00.000000,2024-12-26,0,0,1,0,0,0,0,1,structuring
P00048372,C0074,联软传媒有限公司,US West Distribution,CN,13780.92,18319.51,USD,2025-07-24 12:04:00.000000,2025-07-24,0,0,1,0,0,0,0,1,structuring
P00019567,C0074,联软传媒有限公司,US West Distribution,CN,14158.99,19304.99,USD,2024-12-24 13:42:00.000000,2024-12-24,0,0,1,0,0,0,0,1,structuring
P00019850,C0074,联软传媒有限公司,US West Distribution,CN,14557.74,19889.83,USD,2024-12-26 21:51:00.000000,2024-12-26,0,0,1,0,0,0,0,1,structuring
P00048552,C0074,联软传媒有限公司,US West Distribution,CN,14574.38,19460.82,USD,2025-07-26 18:37:00.000000,2025-07-26,0,0,1,0,0,0,0,1,structuring
P00048520,C0074,联软传媒有限公司,US West Distribution,CN,14807.29,19752.66,USD,2025-07-25 13:24:00.000000,2025-07-25,0,0,1,0,0,0,0,1,structuring
P00071917,C0074,联软传媒有限公司,US Inc,CN,50000.0,65913.05,USD,2026-01-06 21:00:00.000000,2026-01-06,0,1,0,0,0,0,0,1,round amount
P00030862,C0074,联软传媒有限公司,Shanghai Mfg,CN,98295.71,18322.03,CNY,2025-03-20 02:49:00.000000,2025-03-20,0,0,1,0,0,0,0,1,structuring
P00026337,C0074,联软传媒有限公司,UK Ltd,CN,101969.1,18889.98,CNY,2025-02-13 10:40:00.000000,2025-02-13,0,0,1,0,0,0,0,1,structuring
P00087187,C0074,联软传媒有限公司,UK Ltd,CN,102456.15,19124.57,CNY,2026-04-23 09:30:00.000000,2026-04-23,0,0,1,0,0,0,0,1,structuring
P00093770,C0074,联软传媒有限公司,Shanghai Mfg,CN,104996.11,19646.87,CNY,2026-06-09 01:48:00.000000,2026-06-09,0,0,1,0,0,0,0,1,structuring
P00018479,C0074,联软传媒有限公司,Shanghai Mfg,CN,115793.07,21269.91,CNY,2024-12-17 03:11:00.000000,2024-12-17,0,0,0,0,1,0,0,1,duplicate
P00018480,C0074,联软传媒有限公司,Shanghai Mfg,CN,115793.07,21235.29,CNY,2024-12-17 03:24:00.000000,2024-12-17,0,0,0,0,1,0,0,1,duplicate
P00078657,C0075,Harrison-Grimes,UK Ltd,XB,5.44,9.78,GBP,2026-02-24 13:43:00.000000,2026-02-24,1,0,0,0,0,0,0,1,high-risk country
P00011043,C0075,Harrison-Grimes,Netherlands BV,XB,6.39,9.65,EUR,2024-10-21 16:44:00.000000,2024-10-21,1,0,0,0,0,0,0,1,high-risk country
P00092942,C0075,Harrison-Grimes,US Inc,XB,6.81,9.14,USD,2026-06-02 21:53:00.000000,2026-06-02,1,0,0,0,0,0,0,1,high-risk country
P00024246,C0075,Harrison-Grimes,Netherlands BV,XB,7.55,10.92,EUR,2025-01-29 13:33:00.000000,2025-01-29,1,0,0,0,0,0,0,1,high-risk country
P00041176,C0075,Harrison-Grimes,US West Distribution,XB,9.65,12.64,USD,2025-06-04 13:59:00.000000,2025-06-04,1,0,0,0,0,0,0,1,high-risk country
P00060617,C0075,Harrison-Grimes,Germany GmbH,XB,9.93,14.02,EUR,2025-10-20 08:30:00.000000,2025-10-20,1,0,0,0,0,0,0,1,high-risk country
P00109641,C0075,Harrison-Grimes,US West Distribution,XB,10.5,14.35,USD,2026-09-18 23:25:00.000000,2026-09-18,1,0,0,0,0,0,0,1,high-risk country
P00103905,C0075,Harrison-Grimes,Group Treasury HQ,XB,12.0,12.0,SGD,2026-08-13 09:14:00.000000,2026-08-13,1,0,0,0,0,0,0,1,high-risk country
P00090890,C0075,Harrison-Grimes,US West Distribution,XB,12.1,16.07,USD,2026-05-19 18:05:00.000000,2026-05-19,1,0,0,0,0,0,0,1,high-risk country
P00051056,C0075,Harrison-Grimes,US West Distribution,XB,12.52,16.99,USD,2025-08-13 12:40:00.000000,2025-08-13,1,0,0,0,0,0,0,1,high-risk country
P00072764,C0075,Harrison-Grimes,SG Operations,XB,13.94,13.94,SGD,2026-01-13 02:41:00.000000,2026-01-13,1,0,0,0,0,0,0,1,high-risk country
P00017259,C0075,Harrison-Grimes,US West Distribution,XB,15.01,20.58,USD,2024-12-07 01:46:00.000000,2024-12-07,1,0,0,0,0,0,0,1,high-risk country
P00011013,C0075,Harrison-Grimes,Netherlands BV,XB,15.77,23.82,EUR,2024-10-21 13:18:00.000000,2024-10-21,1,0,0,0,0,0,0,1,high-risk country
P00015345,C0075,Harrison-Grimes,US West Distribution,XB,15.88,21.43,USD,2024-11-21 17:54:00.000000,2024-11-21,1,0,0,0,0,0,0,1,high-risk country
P00080889,C0075,Harrison-Grimes,US West Distribution,XB,17.96,23.37,USD,2026-03-11 14:14:00.000000,2026-03-11,1,0,0,0,0,0,0,1,high-risk country
P00078348,C0075,Harrison-Grimes,US West Distribution,XB,19.99,26.6,USD,2026-02-23 17:48:00.000000,2026-02-23,1,0,0,0,0,0,0,1,high-risk country
P00109902,C0075,Harrison-Grimes,US West Distribution,XB,20.84,28.46,USD,2026-09-21 16:14:00.000000,2026-09-21,1,0,0,0,0,0,0,1,high-risk country
P00082447,C0075,Harrison-Grimes,Netherlands BV,XB,21.06,30.08,EUR,2026-03-23 11:47:00.000000,2026-03-23,1,0,0,0,0,0,0,1,high-risk country
P00089357,C0075,Harrison-Grimes,US Inc,XB,21.6,28.56,USD,2026-05-08 16:06:00.000000,2026-05-08,1,0,0,0,0,0,0,1,high-risk country
P00009259,C0075,Harrison-Grimes,US West Distribution,XB,22.27,29.59,USD,2024-10-07 20:43:00.000000,2024-10-07,1,0,0,0,0,0,0,1,high-risk country
P00040262,C0075,Harrison-Grimes,US West Distribution,XB,22.29,29.61,USD,2025-05-27 21:49:00.000000,2025-05-27,1,0,0,0,0,0,0,1,high-risk country
P00084500,C0075,Harrison-Grimes,US West Distribution,XB,23.02,30.11,USD,2026-04-06 22:25:00.000000,2026-04-06,1,0,0,0,0,0,0,1,high-risk country
P00038756,C0075,Harrison-Grimes,US Inc,XB,23.56,31.75,USD,2025-05-16 14:48:00.000000,2025-05-16,1,0,0,0,0,0,0,1,high-risk country
P00074934,C0075,Harrison-Grimes,Netherlands BV,XB,23.84,33.94,EUR,2026-01-28 10:59:00.000000,2026-01-28,1,0,0,0,0,0,0,1,high-risk country
P00091999,C0075,Harrison-Grimes,US West Distribution,XB,24.58,32.94,USD,2026-05-27 20:20:00.000000,2026-05-27,1,0,0,0,0,0,0,1,high-risk country
P00035493,C0075,Harrison-Grimes,SG Operations,XB,25.69,25.69,SGD,2025-04-23 08:16:00.000000,2025-04-23,1,0,0,0,0,0,0,1,high-risk country
P00103334,C0075,Harrison-Grimes,UK Ltd,XB,26.05,44.02,GBP,2026-08-10 15:55:00.000000,2026-08-10,1,0,0,0,0,0,0,1,high-risk country
P00052398,C0075,Harrison-Grimes,US Inc,XB,26.09,35.66,USD,2025-08-21 19:34:00.000000,2025-08-21,1,0,0,0,0,0,0,1,high-risk country
P00090877,C0075,Harrison-Grimes,UK Ltd,XB,26.1,46.61,GBP,2026-05-19 15:53:00.000000,2026-05-19,1,0,0,0,0,0,0,1,high-risk country
P00066088,C0075,Harrison-Grimes,US Inc,XB,26.88,35.88,USD,2025-11-26 22:12:00.000000,2025-11-26,1,0,0,0,0,0,0,1,high-risk country
P00065020,C0075,Harrison-Grimes,US West Distribution,XB,28.02,37.06,USD,2025-11-19 13:04:00.000000,2025-11-19,1,0,0,0,0,0,0,1,high-risk country
P00037762,C0075,Harrison-Grimes,US West Distribution,XB,28.03,38.07,USD,2025-05-08 17:43:00.000000,2025-05-08,1,0,0,0,0,0,0,1,high-risk country
P00064646,C0075,Harrison-Grimes,SG Operations,XB,28.12,28.12,SGD,2025-11-17 11:22:00.000000,2025-11-17,1,0,0,0,0,0,0,1,high-risk country
P00103274,C0075,Harrison-Grimes,UK Ltd,XB,28.24,47.72,GBP,2026-08-10 11:09:00.000000,2026-08-10,1,0,0,0,0,0,0,1,high-risk country
P00022862,C0075,Harrison-Grimes,US West Distribution,XB,28.47,39.19,USD,2025-01-17 17:52:00.000000,2025-01-17,1,0,0,0,0,0,0,1,high-risk country
P00046349,C0075,Harrison-Grimes,US West Distribution,XB,28.62,37.95,USD,2025-07-10 18:40:00.000000,2025-07-10,1,0,0,0,0,0,0,1,high-risk country
P00104658,C0075,Harrison-Grimes,US West Distribution,XB,28.8,38.79,USD,2026-08-18 21:52:00.000000,2026-08-18,1,0,0,0,0,0,0,1,high-risk country
P00035986,C0075,Harrison-Grimes,US West Distribution,XB,28.91,39.17,USD,2025-04-25 18:33:00.000000,2025-04-25,1,0,0,0,0,0,0,1,high-risk country
P00076373,C0075,Harrison-Grimes,Germany GmbH,XB,28.95,41.86,EUR,2026-02-06 13:59:00.000000,2026-02-06,1,0,0,0,0,0,0,1,high-risk country
P00073400,C0075,Harrison-Grimes,UK Ltd,XB,30.63,52.8,GBP,2026-01-15 17:58:00.000000,2026-01-15,1,0,0,0,0,0,0,1,high-risk country
P00045751,C0075,Harrison-Grimes,US West Distribution,XB,30.73,40.64,USD,2025-07-07 16:40:00.000000,2025-07-07,1,0,0,0,0,0,0,1,high-risk country
P00017219,C0075,Harrison-Grimes,UK Ltd,XB,31.5,53.3,GBP,2024-12-06 13:00:00.000000,2024-12-06,1,0,0,0,0,0,0,1,high-risk country
P00056115,C0075,Harrison-Grimes,Germany GmbH,XB,31.73,46.13,EUR,2025-09-17 14:22:00.000000,2025-09-17,1,0,0,0,0,0,0,1,high-risk country
P00052065,C0075,Harrison-Grimes,Germany Sales Office,XB,31.76,46.67,EUR,2025-08-20 12:37:00.000000,2025-08-20,1,0,0,0,0,0,0,1,high-risk country
P00015934,C0075,Harrison-Grimes,US West Distribution,XB,31.91,43.16,USD,2024-11-26 17:57:00.000000,2024-11-26,1,0,0,0,0,0,0,1,high-risk country
P00094763,C0075,Harrison-Grimes,US West Distribution,XB,32.21,43.23,USD,2026-06-15 15:13:00.000000,2026-06-15,1,0,0,0,0,0,0,1,high-risk country
P00013078,C0075,Harrison-Grimes,Netherlands BV,XB,32.34,46.62,EUR,2024-11-05 10:59:00.000000,2024-11-05,1,0,0,0,0,0,0,1,high-risk country
P00027891,C0075,Harrison-Grimes,US Inc,XB,32.45,45.18,USD,2025-02-25 16:15:00.000000,2025-02-25,1,0,0,0,0,0,0,1,high-risk country
P00038358,C0075,Harrison-Grimes,Netherlands BV,XB,33.01,47.9,EUR,2025-05-14 09:02:00.000000,2025-05-14,1,0,0,0,0,0,0,1,high-risk country
P00022512,C0075,Harrison-Grimes,US West Distribution,XB,33.52,46.29,USD,2025-01-15 17:58:00.000000,2025-01-15,1,0,0,0,0,0,0,1,high-risk country
P00045778,C0075,Harrison-Grimes,US West Distribution,XB,33.71,44.58,USD,2025-07-07 21:51:00.000000,2025-07-07,1,0,0,0,0,0,0,1,high-risk country
P00061077,C0075,Harrison-Grimes,US West Distribution,XB,33.95,46.18,USD,2025-10-22 19:10:00.000000,2025-10-22,1,0,0,0,0,0,0,1,high-risk country
P00016588,C0075,Harrison-Grimes,UK Ltd,XB,35.54,61.01,GBP,2024-12-02 17:40:00.000000,2024-12-02,1,0,0,0,0,0,0,1,high-risk country
P00052089,C0075,Harrison-Grimes,US West Distribution,XB,36.55,49.65,USD,2025-08-20 18:08:00.000000,2025-08-20,1,0,0,0,0,0,0,1,high-risk country
P00016439,C0075,Harrison-Grimes,Group Treasury HQ,XB,36.82,36.82,SGD,2024-12-02 05:53:00.000000,2024-12-02,1,0,0,0,0,0,0,1,high-risk country
P00048791,C0075,Harrison-Grimes,US Inc,XB,36.98,49.3,USD,2025-07-28 17:52:00.000000,2025-07-28,1,0,0,0,0,0,0,1,high-risk country
P00021369,C0075,Harrison-Grimes,US West Distribution,XB,38.7,53.29,USD,2025-01-07 14:30:00.000000,2025-01-07,1,0,0,0,0,0,0,1,high-risk country
P00089174,C0075,Harrison-Grimes,Germany GmbH,XB,39.13,57.36,EUR,2026-05-07 09:14:00.000000,2026-05-07,1,0,0,0,0,0,0,1,high-risk country
P00091992,C0075,Harrison-Grimes,US Inc,XB,39.19,52.51,USD,2026-05-27 16:43:00.000000,2026-05-27,1,0,0,0,0,0,0,1,high-risk country
P00035197,C0075,Harrison-Grimes,US West Distribution,XB,39.2,52.49,USD,2025-04-21 22:13:00.000000,2025-04-21,1,0,0,0,0,0,0,1,high-risk country
P00042338,C0075,Harrison-Grimes,Germany Sales Office,XB,39.25,56.86,EUR,2025-06-12 13:00:00.000000,2025-06-12,1,0,0,0,0,0,0,1,high-risk country
P00058130,C0075,Harrison-Grimes,US West Distribution,XB,39.58,53.75,USD,2025-09-30 21:45:00.000000,2025-09-30,1,0,0,0,0,0,0,1,high-risk country
P00021927,C0075,Harrison-Grimes,UK Ltd,XB,40.63,71.06,GBP,2025-01-10 14:06:00.000000,2025-01-10,1,0,0,0,0,0,0,1,high-risk country
P00083597,C0075,Harrison-Grimes,US West Distribution,XB,41.04,53.93,USD,2026-03-30 16:05:00.000000,2026-03-30,1,0,0,0,0,0,0,1,high-risk country
P00013139,C0075,Harrison-Grimes,US West Distribution,XB,41.38,56.38,USD,2024-11-05 18:10:00.000000,2024-11-05,1,0,0,0,0,0,0,1,high-risk country
P00032386,C0075,Harrison-Grimes,US West Distribution,XB,41.52,55.72,USD,2025-03-31 21:00:00.000000,2025-03-31,1,0,0,0,0,0,0,1,high-risk country
P00023774,C0075,Harrison-Grimes,US Inc,XB,42.34,58.33,USD,2025-01-24 13:32:00.000000,2025-01-24,1,0,0,0,0,0,0,1,high-risk country
P00031387,C0075,Harrison-Grimes,US Inc,XB,42.41,57.32,USD,2025-03-24 20:45:00.000000,2025-03-24,1,0,0,0,0,0,0,1,high-risk country
P00086683,C0075,Harrison-Grimes,US West Distribution,XB,42.65,56.71,USD,2026-04-20 22:50:00.000000,2026-04-20,1,0,0,0,0,0,0,1,high-risk country
P00063491,C0075,Harrison-Grimes,US West Distribution,XB,42.75,56.87,USD,2025-11-07 20:44:00.000000,2025-11-07,1,0,0,0,0,0,0,1,high-risk country
P00045106,C0075,Harrison-Grimes,US West Distribution,XB,43.0,56.92,USD,2025-07-02 15:37:00.000000,2025-07-02,1,0,0,0,0,0,0,1,high-risk country
P00102009,C0075,Harrison-Grimes,US West Distribution,XB,43.08,57.5,USD,2026-07-31 19:24:00.000000,2026-07-31,1,0,0,0,0,0,0,1,high-risk country
P00081542,C0075,Harrison-Grimes,Germany GmbH,XB,43.57,62.01,EUR,2026-03-16 13:36:00.000000,2026-03-16,1,0,0,0,0,0,0,1,high-risk country
P00089256,C0075,Harrison-Grimes,US West Distribution,XB,43.82,57.71,USD,2026-05-07 17:33:00.000000,2026-05-07,1,0,0,0,0,0,0,1,high-risk country
P00041890,C0075,Harrison-Grimes,UK Ltd,XB,43.95,75.97,GBP,2025-06-10 08:05:00.000000,2025-06-10,1,0,0,0,0,0,0,1,high-risk country
P00037146,C0075,Harrison-Grimes,US West Distribution,XB,44.26,59.57,USD,2025-05-05 19:33:00.000000,2025-05-05,1,0,0,0,0,0,0,1,high-risk country
P00051995,C0075,Harrison-Grimes,US West Distribution,XB,44.29,60.11,USD,2025-08-19 17:42:00.000000,2025-08-19,1,0,0,0,0,0,0,1,high-risk country
P00100071,C0075,Harrison-Grimes,US West Distribution,XB,44.44,60.46,USD,2026-07-20 16:35:00.000000,2026-07-20,1,0,0,0,0,0,0,1,high-risk country
P00045942,C0075,Harrison-Grimes,US Inc,XB,44.92,59.39,USD,2025-07-08 15:01:00.000000,2025-07-08,1,0,0,0,0,0,0,1,high-risk country
P00086090,C0075,Harrison-Grimes,Shanghai Mfg,XB,45.49,8.48,CNY,2026-04-16 05:53:00.000000,2026-04-16,1,0,0,0,0,0,0,1,high-risk country
P00017823,C0075,Harrison-Grimes,US West Distribution,XB,45.51,61.98,USD,2024-12-11 16:24:00.000000,2024-12-11,1,0,0,0,0,0,0,1,high-risk country
P00063459,C0075,Harrison-Grimes,US West Distribution,XB,45.64,60.72,USD,2025-11-07 13:35:00.000000,2025-11-07,1,0,0,0,0,0,0,1,high-risk country
P00096059,C0075,Harrison-Grimes,US West Distribution,XB,45.76,60.96,USD,2026-06-23 20:09:00.000000,2026-06-23,1,0,0,0,0,0,0,1,high-risk country
P00092926,C0075,Harrison-Grimes,US Inc,XB,45.79,61.44,USD,2026-06-02 17:39:00.000000,2026-06-02,1,0,0,0,0,0,0,1,high-risk country
P00091292,C0075,Harrison-Grimes,US West Distribution,XB,46.05,61.05,USD,2026-05-21 16:51:00.000000,2026-05-21,1,0,0,0,0,0,0,1,high-risk country
P00009236,C0075,Harrison-Grimes,Netherlands BV,XB,46.45,69.37,EUR,2024-10-07 16:24:00.000000,2024-10-07,1,0,0,0,0,0,0,1,high-risk country
P00036139,C0075,Harrison-Grimes,UK Ltd,XB,46.55,80.75,GBP,2025-04-28 08:13:00.000000,2025-04-28,1,0,0,0,0,0,0,1,high-risk country
P00048350,C0075,Harrison-Grimes,Germany GmbH,XB,46.59,67.37,EUR,2025-07-24 09:41:00.000000,2025-07-24,1,0,0,0,0,0,0,1,high-risk country
P00038766,C0075,Harrison-Grimes,US Inc,XB,46.6,62.79,USD,2025-05-16 17:18:00.000000,2025-05-16,1,0,0,0,0,0,0,1,high-risk country
P00039318,C0075,Harrison-Grimes,US West Distribution,XB,46.62,62.77,USD,2025-05-21 20:15:00.000000,2025-05-21,1,0,0,0,0,0,0,1,high-risk country
P00043408,C0075,Harrison-Grimes,UK Ltd,XB,46.84,79.68,GBP,2025-06-19 14:07:00.000000,2025-06-19,1,0,0,0,0,0,0,1,high-risk country
P00041472,C0075,Harrison-Grimes,US West Distribution,XB,47.03,61.95,USD,2025-06-05 17:02:00.000000,2025-06-05,1,0,0,0,0,0,0,1,high-risk country
P00081186,C0075,Harrison-Grimes,UK Ltd,XB,47.21,86.01,GBP,2026-03-12 14:13:00.000000,2026-03-12,1,0,0,0,0,0,0,1,high-risk country
P00087835,C0075,Harrison-Grimes,UK Ltd,XB,47.76,83.83,GBP,2026-04-28 13:49:00.000000,2026-04-28,1,0,0,0,0,0,0,1,high-risk country
P00072402,C0075,Harrison-Grimes,UK Ltd,XB,47.9,82.87,GBP,2026-01-09 11:02:00.000000,2026-01-09,1,0,0,0,0,0,0,1,high-risk country
P00096614,C0075,Harrison-Grimes,US Inc,XB,47.99,63.89,USD,2026-06-26 20:47:00.000000,2026-06-26,1,0,0,0,0,0,0,1,high-risk country
P00023205,C0075,Harrison-Grimes,US West Distribution,XB,48.3,66.78,USD,2025-01-21 14:57:00.000000,2025-01-21,1,0,0,0,0,0,0,1,high-risk country
P00053054,C0075,Harrison-Grimes,US West Distribution,XB,48.56,65.49,USD,2025-08-27 16:54:00.000000,2025-08-27,1,0,0,0,0,0,0,1,high-risk country
P00067297,C0075,Harrison-Grimes,UK Ltd,XB,48.64,85.21,GBP,2025-12-04 13:07:00.000000,2025-12-04,1,0,0,0,0,0,0,1,high-risk country
P00107142,C0075,Harrison-Grimes,Group Treasury HQ,XB,48.64,48.64,SGD,2026-09-03 04:31:00.000000,2026-09-03,1,0,0,0,0,0,0,1,high-risk country
P00012576,C0075,Harrison-Grimes,US West Distribution,XB,49.06,67.2,USD,2024-10-31 15:06:00.000000,2024-10-31,1,0,0,0,0,0,0,1,high-risk country
P00056097,C0075,Harrison-Grimes,UK Ltd,XB,49.31,83.79,GBP,2025-09-17 11:46:00.000000,2025-09-17,1,0,0,0,0,0,0,1,high-risk country
P00045743,C0075,Harrison-Grimes,US West Distribution,XB,49.39,65.32,USD,2025-07-07 15:14:00.000000,2025-07-07,1,0,0,0,0,0,0,1,high-risk country
P00013479,C0075,Harrison-Grimes,Germany Sales Office,XB,49.84,71.22,EUR,2024-11-07 13:15:00.000000,2024-11-07,1,0,0,0,0,0,0,1,high-risk country
P00088309,C0075,Harrison-Grimes,SG Operations,XB,50.31,50.31,SGD,2026-04-30 12:35:00.000000,2026-04-30,1,0,0,0,0,0,0,1,high-risk country
P00091687,C0075,Harrison-Grimes,Netherlands BV,XB,51.44,76.2,EUR,2026-05-26 06:15:00.000000,2026-05-26,1,0,0,0,0,0,0,1,high-risk country
P00011909,C0075,Harrison-Grimes,Germany GmbH,XB,51.74,76.73,EUR,2024-10-28 11:10:00.000000,2024-10-28,1,0,0,0,0,0,0,1,high-risk country
P00101998,C0075,Harrison-Grimes,US Inc,XB,52.11,69.56,USD,2026-07-31 16:37:00.000000,2026-07-31,1,0,0,0,0,0,0,1,high-risk country
P00015606,C0075,Harrison-Grimes,Group Treasury HQ,XB,52.36,52.36,SGD,2024-11-25 09:46:00.000000,2024-11-25,1,0,0,0,0,0,0,1,high-risk country
P00046032,C0075,Harrison-Grimes,Germany Sales Office,XB,52.55,77.09,EUR,2025-07-09 11:12:00.000000,2025-07-09,1,0,0,0,0,0,0,1,high-risk country
P00062593,C0075,Harrison-Grimes,US Inc,XB,52.83,71.63,USD,2025-10-31 20:56:00.000000,2025-10-31,1,0,0,0,0,0,0,1,high-risk country
P00093360,C0075,Harrison-Grimes,US West Distribution,XB,53.17,71.35,USD,2026-06-04 19:11:00.000000,2026-06-04,1,0,0,0,0,0,0,1,high-risk country
P00087595,C0075,Harrison-Grimes,US West Distribution,XB,53.27,70.82,USD,2026-04-27 19:11:00.000000,2026-04-27,1,0,0,0,0,0,0,1,high-risk country
P00100752,C0075,Harrison-Grimes,US West Distribution,XB,53.73,72.43,USD,2026-07-23 18:01:00.000000,2026-07-23,1,0,0,0,0,0,0,1,high-risk country
P00087368,C0075,Harrison-Grimes,US Inc,XB,54.29,72.18,USD,2026-04-24 20:42:00.000000,2026-04-24,1,0,0,0,0,0,0,1,high-risk country
P00031365,C0075,Harrison-Grimes,US West Distribution,XB,54.86,74.15,USD,2025-03-24 16:22:00.000000,2025-03-24,1,0,0,0,0,0,0,1,high-risk country
P00013632,C0075,Harrison-Grimes,Germany GmbH,XB,55.01,78.48,EUR,2024-11-08 16:11:00.000000,2024-11-08,1,0,0,0,0,0,0,1,high-risk country
P00048129,C0075,Harrison-Grimes,US Inc,XB,55.25,73.41,USD,2025-07-23 19:39:00.000000,2025-07-23,1,0,0,0,0,0,0,1,high-risk country
P00049257,C0075,Harrison-Grimes,Group Treasury HQ,XB,56.24,56.24,SGD,2025-07-31 04:40:00.000000,2025-07-31,1,0,0,0,0,0,0,1,high-risk country
P00018200,C0075,Harrison-Grimes,US West Distribution,XB,56.3,76.66,USD,2024-12-13 20:56:00.000000,2024-12-13,1,0,0,0,0,0,0,1,high-risk country
P00033328,C0075,Harrison-Grimes,US West Distribution,XB,56.5,75.5,USD,2025-04-07 20:24:00.000000,2025-04-07,1,0,0,0,0,0,0,1,high-risk country
P00011336,C0075,Harrison-Grimes,US West Distribution,XB,56.69,76.81,USD,2024-10-23 15:05:00.000000,2024-10-23,1,0,0,0,0,0,0,1,high-risk country
P00015833,C0075,Harrison-Grimes,UK Ltd,XB,56.71,96.55,GBP,2024-11-26 11:39:00.000000,2024-11-26,1,0,0,0,0,0,0,1,high-risk country
P00096874,C0075,Harrison-Grimes,US Inc,XB,56.76,75.56,USD,2026-06-29 13:09:00.000000,2026-06-29,1,0,0,0,0,0,0,1,high-risk country
P00063072,C0075,Harrison-Grimes,Netherlands BV,XB,56.8,80.97,EUR,2025-11-05 10:56:00.000000,2025-11-05,1,0,0,0,0,0,0,1,high-risk country
P00024198,C0075,Harrison-Grimes,US West Distribution,XB,57.81,79.32,USD,2025-01-28 19:40:00.000000,2025-01-28,1,0,0,0,0,0,0,1,high-risk country
P00077339,C0075,Harrison-Grimes,US West Distribution,XB,58.0,76.92,USD,2026-02-12 17:27:00.000000,2026-02-12,1,0,0,0,0,0,0,1,high-risk country
P00021752,C0075,Harrison-Grimes,UK Ltd,XB,58.58,102.0,GBP,2025-01-09 12:59:00.000000,2025-01-09,1,0,0,0,0,0,0,1,high-risk country
P00071064,C0075,Harrison-Grimes,Netherlands BV,XB,58.99,83.65,EUR,2025-12-30 14:37:00.000000,2025-12-30,1,0,0,0,0,1,0,2,"high-risk country, burst"
P00073066,C0075,Harrison-Grimes,US West Distribution,XB,59.27,78.39,USD,2026-01-14 20:32:00.000000,2026-01-14,1,0,0,0,0,0,0,1,high-risk country
P00068740,C0075,Harrison-Grimes,US Inc,XB,59.99,78.15,USD,2025-12-15 22:57:00.000000,2025-12-15,1,0,0,0,0,0,0,1,high-risk country
P00055723,C0075,Harrison-Grimes,US West Distribution,XB,60.17,81.3,USD,2025-09-15 13:17:00.000000,2025-09-15,1,0,0,0,0,0,0,1,high-risk country
P00024773,C0075,Harrison-Grimes,US West Distribution,XB,60.71,84.09,USD,2025-02-03 22:55:00.000000,2025-02-03,1,0,0,0,0,0,0,1,high-risk country
P00104665,C0075,Harrison-Grimes,US Inc,XB,60.93,82.06,USD,2026-08-19 00:28:00.000000,2026-08-19,1,0,0,0,0,0,0,1,high-risk country
P00043171,C0075,Harrison-Grimes,US West Distribution,XB,61.45,81.21,USD,2025-06-18 19:47:00.000000,2025-06-18,1,0,0,0,0,0,0,1,high-risk country
P00111243,C0075,Harrison-Grimes,Netherlands BV,XB,61.7,87.75,EUR,2026-09-29 11:38:00.000000,2026-09-29,1,0,0,0,0,0,0,1,high-risk country
P00016776,C0075,Harrison-Grimes,US West Distribution,XB,61.79,84.54,USD,2024-12-03 20:29:00.000000,2024-12-03,1,0,0,0,0,0,0,1,high-risk country
P00089266,C0075,Harrison-Grimes,US West Distribution,XB,62.14,81.84,USD,2026-05-07 23:08:00.000000,2026-05-07,1,0,0,0,0,0,0,1,high-risk country
P00095547,C0075,Harrison-Grimes,Netherlands BV,XB,62.2,90.26,EUR,2026-06-19 17:13:00.000000,2026-06-19,1,0,0,0,0,0,0,1,high-risk country
P00012959,C0075,Harrison-Grimes,US West Distribution,XB,62.7,85.63,USD,2024-11-04 21:06:00.000000,2024-11-04,1,0,0,0,0,0,0,1,high-risk country
P00099810,C0075,Harrison-Grimes,US West Distribution,XB,62.89,85.25,USD,2026-07-17 16:25:00.000000,2026-07-17,1,0,0,0,0,0,0,1,high-risk country
P00088041,C0075,Harrison-Grimes,US West Distribution,XB,63.27,84.15,USD,2026-04-29 17:01:00.000000,2026-04-29,1,0,0,0,0,0,0,1,high-risk country
P00086817,C0075,Harrison-Grimes,Netherlands BV,XB,63.78,92.21,EUR,2026-04-21 11:43:00.000000,2026-04-21,1,0,0,0,0,0,0,1,high-risk country
P00022380,C0075,Harrison-Grimes,Netherlands BV,XB,64.16,90.26,EUR,2025-01-14 16:05:00.000000,2025-01-14,1,0,0,0,0,0,0,1,high-risk country
P00038173,C0075,Harrison-Grimes,Group Treasury HQ,XB,64.46,64.46,SGD,2025-05-13 06:37:00.000000,2025-05-13,1,0,0,0,0,0,0,1,high-risk country
P00021169,C0075,Harrison-Grimes,Netherlands BV,XB,64.75,90.5,EUR,2025-01-06 16:10:00.000000,2025-01-06,1,0,0,0,0,0,0,1,high-risk country
P00018438,C0075,Harrison-Grimes,US Inc,XB,64.96,88.54,USD,2024-12-16 21:32:00.000000,2024-12-16,1,0,0,0,0,0,0,1,high-risk country
P00054977,C0075,Harrison-Grimes,US West Distribution,XB,65.25,88.69,USD,2025-09-09 18:01:00.000000,2025-09-09,1,0,0,0,0,0,0,1,high-risk country
P00049101,C0075,Harrison-Grimes,Germany GmbH,XB,65.32,94.01,EUR,2025-07-30 08:45:00.000000,2025-07-30,1,0,0,0,0,0,0,1,high-risk country
P00065698,C0075,Harrison-Grimes,US West Distribution,XB,65.48,87.22,USD,2025-11-24 20:19:00.000000,2025-11-24,1,0,0,0,0,0,0,1,high-risk country
P00061498,C0075,Harrison-Grimes,Germany GmbH,XB,65.71,93.19,EUR,2025-10-24 16:21:00.000000,2025-10-24,1,0,0,0,0,0,0,1,high-risk country
P00060970,C0075,Harrison-Grimes,US West Distribution,XB,65.88,89.72,USD,2025-10-21 19:25:00.000000,2025-10-21,1,0,0,0,0,0,0,1,high-risk country
P00108496,C0075,Harrison-Grimes,US West Distribution,XB,66.24,90.61,USD,2026-09-11 16:46:00.000000,2026-09-11,1,0,0,0,0,0,0,1,high-risk country
P00086662,C0075,Harrison-Grimes,US West Distribution,XB,66.26,88.1,USD,2026-04-20 15:43:00.000000,2026-04-20,1,0,0,0,0,0,0,1,high-risk country
P00012601,C0075,Harrison-Grimes,US Inc,XB,66.96,91.73,USD,2024-10-31 17:49:00.000000,2024-10-31,1,0,0,0,0,0,0,1,high-risk country
P00040598,C0075,Harrison-Grimes,US West Distribution,XB,67.1,87.83,USD,2025-05-29 18:09:00.000000,2025-05-29,1,0,0,0,0,0,0,1,high-risk country
P00019569,C0075,Harrison-Grimes,Netherlands BV,XB,67.16,92.99,EUR,2024-12-24 13:55:00.000000,2024-12-24,1,0,0,0,0,0,0,1,high-risk country
P00024265,C0075,Harrison-Grimes,US West Distribution,XB,67.62,92.69,USD,2025-01-29 17:08:00.000000,2025-01-29,1,0,0,0,0,0,0,1,high-risk country
P00030213,C0075,Harrison-Grimes,US Inc,XB,67.68,93.14,USD,2025-03-14 18:51:00.000000,2025-03-14,1,0,0,0,0,0,0,1,high-risk country
P00055090,C0075,Harrison-Grimes,US West Distribution,XB,67.76,91.55,USD,2025-09-10 17:07:00.000000,2025-09-10,1,0,0,0,0,0,0,1,high-risk country
P00080899,C0075,Harrison-Grimes,US West Distribution,XB,67.76,88.16,USD,2026-03-11 16:02:00.000000,2026-03-11,1,0,0,0,0,0,0,1,high-risk country
P00074858,C0075,Harrison-Grimes,Netherlands BV,XB,67.86,96.96,EUR,2026-01-27 18:40:00.000000,2026-01-27,1,0,0,0,0,0,0,1,high-risk country
P00016599,C0075,Harrison-Grimes,US Inc,XB,68.97,94.06,USD,2024-12-02 19:22:00.000000,2024-12-02,1,0,0,0,0,0,0,1,high-risk country
P00056568,C0075,Harrison-Grimes,Germany GmbH,XB,69.33,100.81,EUR,2025-09-22 05:09:00.000000,2025-09-22,1,0,0,0,0,0,0,1,high-risk country
P00089261,C0075,Harrison-Grimes,US West Distribution,XB,70.37,92.68,USD,2026-05-07 19:30:00.000000,2026-05-07,1,0,0,0,0,0,0,1,high-risk country
P00009811,C0075,Harrison-Grimes,Germany GmbH,XB,70.62,106.0,EUR,2024-10-10 11:02:00.000000,2024-10-10,1,0,0,0,0,0,0,1,high-risk country
P00092267,C0075,Harrison-Grimes,Netherlands BV,XB,71.93,106.74,EUR,2026-05-28 12:49:00.000000,2026-05-28,1,0,0,0,0,0,0,1,high-risk country
P00108505,C0075,Harrison-Grimes,US Inc,XB,71.99,98.48,USD,2026-09-11 19:43:00.000000,2026-09-11,1,0,0,0,0,0,0,1,high-risk country
P00093669,C0075,Harrison-Grimes,Netherlands BV,XB,72.06,107.44,EUR,2026-06-08 12:47:00.000000,2026-06-08,1,0,0,0,0,0,0,1,high-risk country
P00028370,C0075,Harrison-Grimes,US West Distribution,XB,72.07,100.05,USD,2025-02-28 23:45:00.000000,2025-02-28,1,0,0,0,0,0,0,1,high-risk country
P00105056,C0075,Harrison-Grimes,UK Ltd,XB,72.97,123.7,GBP,2026-08-20 14:35:00.000000,2026-08-20,1,0,0,0,0,0,0,1,high-risk country
P00053500,C0075,Harrison-Grimes,US Inc,XB,73.15,99.38,USD,2025-08-29 19:20:00.000000,2025-08-29,1,0,0,0,0,0,0,1,high-risk country
P00021513,C0075,Harrison-Grimes,US Inc,XB,73.38,101.03,USD,2025-01-08 17:06:00.000000,2025-01-08,1,0,0,0,0,0,0,1,high-risk country
P00069069,C0075,Harrison-Grimes,US West Distribution,XB,73.54,96.59,USD,2025-12-17 17:46:00.000000,2025-12-17,1,0,0,0,0,0,0,1,high-risk country
P00053497,C0075,Harrison-Grimes,US Inc,XB,73.6,99.99,USD,2025-08-29 18:34:00.000000,2025-08-29,1,0,0,0,0,0,0,1,high-risk country
P00034560,C0075,Harrison-Grimes,SG Operations,XB,73.64,73.64,SGD,2025-04-16 02:44:00.000000,2025-04-16,1,0,0,0,0,0,0,1,high-risk country
P00082533,C0075,Harrison-Grimes,US West Distribution,XB,73.82,97.4,USD,2026-03-23 19:57:00.000000,2026-03-23,1,0,0,0,0,0,0,1,high-risk country
P00022766,C0075,Harrison-Grimes,US West Distribution,XB,74.01,102.02,USD,2025-01-16 16:57:00.000000,2025-01-16,1,0,0,0,0,0,0,1,high-risk country
P00060055,C0075,Harrison-Grimes,Germany GmbH,XB,74.01,106.27,EUR,2025-10-15 11:54:00.000000,2025-10-15,1,0,0,0,0,0,0,1,high-risk country
P00037494,C0075,Harrison-Grimes,UK Ltd,XB,74.35,129.13,GBP,2025-05-07 11:48:00.000000,2025-05-07,1,0,0,0,0,0,0,1,high-risk country
P00024565,C0075,Harrison-Grimes,US West Distribution,XB,74.45,102.84,USD,2025-01-31 18:43:00.000000,2025-01-31,1,0,0,0,0,0,0,1,high-risk country
P00052987,C0075,Harrison-Grimes,SG Operations,XB,74.95,74.95,SGD,2025-08-27 03:36:00.000000,2025-08-27,1,0,0,0,0,0,0,1,high-risk country
P00046606,C0075,Harrison-Grimes,Germany GmbH,XB,75.17,110.33,EUR,2025-07-14 10:24:00.000000,2025-07-14,1,0,0,0,0,0,0,1,high-risk country
P00045032,C0075,Harrison-Grimes,US West Distribution,XB,75.28,99.53,USD,2025-07-01 23:47:00.000000,2025-07-01,1,0,0,0,0,0,0,1,high-risk country
P00085871,C0075,Harrison-Grimes,US Inc,XB,75.55,100.12,USD,2026-04-14 17:16:00.000000,2026-04-14,1,0,0,0,0,0,0,1,high-risk country
P00057771,C0075,Harrison-Grimes,US Inc,XB,76.8,103.88,USD,2025-09-29 21:46:00.000000,2025-09-29,1,0,0,0,0,0,0,1,high-risk country
P00051830,C0075,Harrison-Grimes,SG Operations,XB,76.86,76.86,SGD,2025-08-19 03:10:00.000000,2025-08-19,1,0,0,0,0,0,0,1,high-risk country
P00043057,C0075,Harrison-Grimes,US West Distribution,XB,77.04,101.66,USD,2025-06-17 17:22:00.000000,2025-06-17,1,0,0,0,0,1,0,2,"high-risk country, burst"
P00099233,C0075,Harrison-Grimes,Germany GmbH,XB,77.69,114.17,EUR,2026-07-14 11:39:00.000000,2026-07-14,1,0,0,0,0,0,0,1,high-risk country
P00042799,C0075,Harrison-Grimes,US West Distribution,XB,78.25,103.57,USD,2025-06-16 19:56:00.000000,2025-06-16,1,0,0,0,0,0,0,1,high-risk country
P00076651,C0075,Harrison-Grimes,US West Distribution,XB,78.9,104.63,USD,2026-02-09 20:36:00.000000,2026-02-09,1,0,0,0,0,0,0,1,high-risk country
P00060939,C0075,Harrison-Grimes,US West Distribution,XB,79.64,108.46,USD,2025-10-21 13:58:00.000000,2025-10-21,1,0,0,0,0,0,0,1,high-risk country
P00102653,C0075,Harrison-Grimes,US West Distribution,XB,80.17,107.11,USD,2026-08-05 19:02:00.000000,2026-08-05,1,0,0,0,0,0,0,1,high-risk country
P00086565,C0075,Harrison-Grimes,Germany GmbH,XB,80.55,116.35,EUR,2026-04-20 08:56:00.000000,2026-04-20,1,0,0,0,0,0,0,1,high-risk country
P00013074,C0075,Harrison-Grimes,Germany GmbH,XB,80.61,116.21,EUR,2024-11-05 10:35:00.000000,2024-11-05,1,0,0,0,0,0,0,1,high-risk country
P00014978,C0075,Harrison-Grimes,US West Distribution,XB,82.39,111.4,USD,2024-11-19 19:47:00.000000,2024-11-19,1,0,0,0,0,0,0,1,high-risk country
P00083631,C0075,Harrison-Grimes,US West Distribution,XB,82.64,108.6,USD,2026-03-30 20:34:00.000000,2026-03-30,1,0,0,0,0,0,0,1,high-risk country
P00075846,C0075,Harrison-Grimes,US West Distribution,XB,83.19,110.4,USD,2026-02-03 19:26:00.000000,2026-02-03,1,0,0,0,0,0,0,1,high-risk country
P00064432,C0075,Harrison-Grimes,US West Distribution,XB,83.53,110.53,USD,2025-11-14 23:50:00.000000,2025-11-14,1,0,0,0,0,0,0,1,high-risk country
P00026986,C0075,Harrison-Grimes,US Inc,XB,83.9,116.76,USD,2025-02-18 17:46:00.000000,2025-02-18,1,0,0,0,0,0,0,1,high-risk country
P00045310,C0075,Harrison-Grimes,Germany GmbH,XB,83.92,121.79,EUR,2025-07-03 08:53:00.000000,2025-07-03,1,0,0,0,0,0,0,1,high-risk country
P00063816,C0075,Harrison-Grimes,SG Operations,XB,84.07,84.07,SGD,2025-11-11 04:36:00.000000,2025-11-11,1,0,0,0,0,0,0,1,high-risk country
P00018635,C0075,Harrison-Grimes,US West Distribution,XB,84.24,114.97,USD,2024-12-17 21:05:00.000000,2024-12-17,1,0,0,0,0,0,0,1,high-risk country
P00043418,C0075,Harrison-Grimes,UK Ltd,XB,85.25,145.01,GBP,2025-06-19 17:25:00.000000,2025-06-19,1,0,0,0,0,0,0,1,high-risk country
P00010469,C0075,Harrison-Grimes,UK Ltd,XB,85.29,146.5,GBP,2024-10-16 16:06:00.000000,2024-10-16,1,0,0,0,0,0,0,1,high-risk country
P00022402,C0075,Harrison-Grimes,US West Distribution,XB,85.96,118.45,USD,2025-01-14 20:30:00.000000,2025-01-14,1,0,0,0,0,0,0,1,high-risk country
P00032375,C0075,Harrison-Grimes,US Inc,XB,86.58,116.2,USD,2025-03-31 19:08:00.000000,2025-03-31,1,0,0,0,0,0,0,1,high-risk country
P00093930,C0075,Harrison-Grimes,Germany GmbH,XB,87.54,130.56,EUR,2026-06-09 11:02:00.000000,2026-06-09,1,0,0,0,0,0,0,1,high-risk country
P00012546,C0075,Harrison-Grimes,UK Ltd,XB,87.97,151.33,GBP,2024-10-31 14:03:00.000000,2024-10-31,1,0,0,0,0,0,0,1,high-risk country
P00091395,C0075,Harrison-Grimes,Netherlands BV,XB,88.01,131.15,EUR,2026-05-22 11:17:00.000000,2026-05-22,1,0,0,0,0,0,0,1,high-risk country
P00052763,C0075,Harrison-Grimes,US Inc,XB,88.22,119.69,USD,2025-08-25 20:16:00.000000,2025-08-25,1,0,0,0,0,0,0,1,high-risk country
P00093083,C0075,Harrison-Grimes,US West Distribution,XB,90.29,121.23,USD,2026-06-03 17:04:00.000000,2026-06-03,1,0,0,0,0,0,0,1,high-risk country
P00020311,C0075,Harrison-Grimes,SG Operations,XB,90.72,90.72,SGD,2024-12-31 07:17:00.000000,2024-12-31,1,0,0,0,0,0,0,1,high-risk country
P00074860,C0075,Harrison-Grimes,US Inc,XB,90.72,119.75,USD,2026-01-27 18:49:00.000000,2026-01-27,1,0,0,0,0,0,0,1,high-risk country
P00102657,C0075,Harrison-Grimes,US West Distribution,XB,91.07,121.67,USD,2026-08-05 20:46:00.000000,2026-08-05,1,0,0,0,0,0,0,1,high-risk country
P00052689,C0075,Harrison-Grimes,Germany Sales Office,XB,91.61,135.31,EUR,2025-08-25 11:07:00.000000,2025-08-25,1,0,0,0,0,0,0,1,high-risk country
P00066441,C0075,Harrison-Grimes,UK Ltd,XB,91.8,159.2,GBP,2025-11-28 13:58:00.000000,2025-11-28,1,0,0,0,0,0,0,1,high-risk country
P00057039,C0075,Harrison-Grimes,US West Distribution,XB,92.08,124.76,USD,2025-09-24 17:34:00.000000,2025-09-24,1,0,0,0,0,0,0,1,high-risk country
P00065902,C0075,Harrison-Grimes,Netherlands BV,XB,92.1,128.8,EUR,2025-11-25 14:17:00.000000,2025-11-25,1,0,0,0,0,0,0,1,high-risk country
P00031242,C0075,Harrison-Grimes,SG Operations,XB,92.17,92.17,SGD,2025-03-24 07:29:00.000000,2025-03-24,1,0,0,0,0,0,0,1,high-risk country
P00103342,C0075,Harrison-Grimes,US West Distribution,XB,92.34,123.52,USD,2026-08-10 16:52:00.000000,2026-08-10,1,0,0,0,0,0,0,1,high-risk country
P00049804,C0075,Harrison-Grimes,US Inc,XB,92.88,124.03,USD,2025-08-04 16:33:00.000000,2025-08-04,1,0,0,0,0,0,0,1,high-risk country
P00091286,C0075,Harrison-Grimes,US West Distribution,XB,93.02,123.32,USD,2026-05-21 15:39:00.000000,2026-05-21,1,0,0,0,0,0,0,1,high-risk country
P00103902,C0075,Harrison-Grimes,Netherlands BV,XB,94.17,135.11,EUR,2026-08-13 08:59:00.000000,2026-08-13,1,0,0,0,0,0,0,1,high-risk country
P00058891,C0075,Harrison-Grimes,Netherlands BV,XB,94.24,137.82,EUR,2025-10-07 15:51:00.000000,2025-10-07,1,0,0,0,0,0,0,1,high-risk country
P00097608,C0075,Harrison-Grimes,Germany GmbH,XB,94.32,138.21,EUR,2026-07-02 15:17:00.000000,2026-07-02,1,0,0,0,0,0,0,1,high-risk country
P00037152,C0075,Harrison-Grimes,US Inc,XB,94.48,127.17,USD,2025-05-05 21:36:00.000000,2025-05-05,1,0,0,0,0,0,0,1,high-risk country
P00056125,C0075,Harrison-Grimes,US West Distribution,XB,95.03,128.73,USD,2025-09-17 16:23:00.000000,2025-09-17,1,0,0,0,0,0,0,1,high-risk country
P00048012,C0075,Harrison-Grimes,US West Distribution,XB,95.07,126.38,USD,2025-07-22 19:04:00.000000,2025-07-22,1,0,0,0,0,0,0,1,high-risk country
P00101532,C0075,Harrison-Grimes,US West Distribution,XB,95.92,128.34,USD,2026-07-29 18:00:00.000000,2026-07-29,1,0,0,0,0,0,0,1,high-risk country
P00036656,C0075,Harrison-Grimes,US West Distribution,XB,96.47,130.03,USD,2025-04-29 20:41:00.000000,2025-04-29,1,0,0,0,0,0,0,1,high-risk country
P00025368,C0075,Harrison-Grimes,UK Ltd,XB,96.69,166.85,GBP,2025-02-06 14:06:00.000000,2025-02-06,1,0,0,0,0,0,0,1,high-risk country
P00023686,C0075,Harrison-Grimes,US Inc,XB,96.87,133.06,USD,2025-01-23 18:37:00.000000,2025-01-23,1,0,0,0,0,0,0,1,high-risk country
P00104112,C0075,Harrison-Grimes,US West Distribution,XB,96.99,130.93,USD,2026-08-14 19:13:00.000000,2026-08-14,1,0,0,0,0,0,0,1,high-risk country
P00072691,C0075,Harrison-Grimes,UK Ltd,XB,97.33,168.6,GBP,2026-01-12 17:04:00.000000,2026-01-12,1,0,0,0,0,0,0,1,high-risk country
P00020177,C0075,Harrison-Grimes,US Inc,XB,97.48,132.84,USD,2024-12-30 15:42:00.000000,2024-12-30,1,0,0,0,0,0,0,1,high-risk country
P00040897,C0075,Harrison-Grimes,US West Distribution,XB,97.61,127.08,USD,2025-06-02 21:10:00.000000,2025-06-02,1,0,0,0,0,0,0,1,high-risk country
P00094511,C0075,Harrison-Grimes,US West Distribution,XB,97.8,131.16,USD,2026-06-12 17:22:00.000000,2026-06-12,1,0,0,0,0,0,0,1,high-risk country
P00058567,C0075,Harrison-Grimes,SG Operations,XB,98.79,98.79,SGD,2025-10-06 05:42:00.000000,2025-10-06,1,0,0,0,0,0,0,1,high-risk country
P00080304,C0075,Harrison-Grimes,US West Distribution,XB,99.02,128.83,USD,2026-03-06 17:42:00.000000,2026-03-06,1,0,0,0,0,0,0,1,high-risk country
P00067364,C0075,Harrison-Grimes,US Inc,XB,99.43,131.04,USD,2025-12-04 22:29:00.000000,2025-12-04,1,0,0,0,0,0,0,1,high-risk country
P00046057,C0075,Harrison-Grimes,US West Distribution,XB,100.5,133.09,USD,2025-07-09 17:22:00.000000,2025-07-09,1,0,0,0,0,0,0,1,high-risk country
P00010047,C0075,Harrison-Grimes,SG Operations,XB,102.23,102.23,SGD,2024-10-14 06:14:00.000000,2024-10-14,1,0,0,0,0,0,0,1,high-risk country
P00087907,C0075,Harrison-Grimes,US West Distribution,XB,102.43,136.64,USD,2026-04-28 23:44:00.000000,2026-04-28,1,0,0,0,0,0,0,1,high-risk country
P00080093,C0075,Harrison-Grimes,Germany GmbH,XB,102.54,145.86,EUR,2026-03-05 13:30:00.000000,2026-03-05,1,0,0,0,0,0,0,1,high-risk country
P00013128,C0075,Harrison-Grimes,UK Ltd,XB,102.71,175.78,GBP,2024-11-05 16:07:00.000000,2024-11-05,1,0,0,0,0,0,0,1,high-risk country
P00029257,C0075,Harrison-Grimes,US West Distribution,XB,103.03,141.67,USD,2025-03-07 22:34:00.000000,2025-03-07,1,0,0,0,0,0,0,1,high-risk country
P00020173,C0075,Harrison-Grimes,Netherlands BV,XB,103.79,144.36,EUR,2024-12-30 15:09:00.000000,2024-12-30,1,0,0,0,0,0,0,1,high-risk country
P00082542,C0075,Harrison-Grimes,US West Distribution,XB,103.8,136.96,USD,2026-03-23 23:54:00.000000,2026-03-23,1,0,0,0,0,0,0,1,high-risk country
P00065666,C0075,Harrison-Grimes,US Inc,XB,103.92,138.42,USD,2025-11-24 15:31:00.000000,2025-11-24,1,0,0,0,0,0,0,1,high-risk country
P00067079,C0075,Harrison-Grimes,US West Distribution,XB,104.58,137.65,USD,2025-12-03 19:42:00.000000,2025-12-03,1,0,0,0,0,0,0,1,high-risk country
P00044785,C0075,Harrison-Grimes,US Inc,XB,104.67,138.69,USD,2025-06-30 20:32:00.000000,2025-06-30,1,0,0,0,0,0,0,1,high-risk country
P00055999,C0075,Harrison-Grimes,US West Distribution,XB,104.97,142.2,USD,2025-09-16 21:10:00.000000,2025-09-16,1,0,0,0,0,0,0,1,high-risk country
P00109167,C0075,Harrison-Grimes,US Inc,XB,105.62,143.84,USD,2026-09-16 17:04:00.000000,2026-09-16,1,0,0,0,0,0,0,1,high-risk country
P00038634,C0075,Harrison-Grimes,UK Ltd,XB,105.81,184.99,GBP,2025-05-15 14:22:00.000000,2025-05-15,1,0,0,0,0,0,0,1,high-risk country
P00085526,C0075,Harrison-Grimes,Netherlands BV,XB,106.62,154.12,EUR,2026-04-13 09:17:00.000000,2026-04-13,1,0,0,0,0,0,0,1,high-risk country
P00075242,C0075,Harrison-Grimes,US West Distribution,XB,107.03,142.45,USD,2026-01-29 18:36:00.000000,2026-01-29,1,0,0,0,0,0,0,1,high-risk country
P00070076,C0075,Harrison-Grimes,US Inc,XB,107.69,141.25,USD,2025-12-23 15:23:00.000000,2025-12-23,1,0,0,0,0,0,0,1,high-risk country
P00045007,C0075,Harrison-Grimes,US West Distribution,XB,108.2,143.06,USD,2025-07-01 15:58:00.000000,2025-07-01,1,0,0,0,0,0,0,1,high-risk country
P00090884,C0075,Harrison-Grimes,US Inc,XB,108.56,144.22,USD,2026-05-19 16:48:00.000000,2026-05-19,1,0,0,0,0,0,0,1,high-risk country
P00064006,C0075,Harrison-Grimes,UK Ltd,XB,108.82,187.83,GBP,2025-11-12 13:07:00.000000,2025-11-12,1,0,0,0,0,0,0,1,high-risk country
P00040378,C0075,Harrison-Grimes,US West Distribution,XB,109.14,143.74,USD,2025-05-28 21:22:00.000000,2025-05-28,1,0,0,0,0,0,0,1,high-risk country
P00088407,C0075,Harrison-Grimes,UK Ltd,XB,110.52,195.53,GBP,2026-05-01 15:40:00.000000,2026-05-01,1,0,0,0,0,0,0,1,high-risk country
P00095470,C0075,Harrison-Grimes,US West Distribution,XB,110.64,147.23,USD,2026-06-18 16:53:00.000000,2026-06-18,1,0,0,0,0,1,0,2,"high-risk country, burst"
P00061466,C0075,Harrison-Grimes,Germany Sales Office,XB,111.03,157.46,EUR,2025-10-24 09:57:00.000000,2025-10-24,1,0,0,0,0,0,0,1,high-risk country
P00100255,C0075,Harrison-Grimes,Netherlands BV,XB,111.78,163.21,EUR,2026-07-21 09:46:00.000000,2026-07-21,1,0,0,0,0,0,0,1,high-risk country
P00030205,C0075,Harrison-Grimes,Germany GmbH,XB,111.85,161.92,EUR,2025-03-14 16:57:00.000000,2025-03-14,1,0,0,0,0,0,0,1,high-risk country
P00028033,C0075,Harrison-Grimes,US Inc,XB,112.12,156.05,USD,2025-02-26 22:46:00.000000,2025-02-26,1,0,0,0,0,0,0,1,high-risk country
P00058518,C0075,Harrison-Grimes,US West Distribution,XB,112.23,152.04,USD,2025-10-03 17:05:00.000000,2025-10-03,1,0,0,0,0,0,0,1,high-risk country
P00097320,C0075,Harrison-Grimes,Shenzhen Sourcing,XB,112.29,20.79,CNY,2026-07-01 10:43:00.000000,2026-07-01,1,0,0,0,0,0,0,1,high-risk country
P00033091,C0075,Harrison-Grimes,US West Distribution,XB,113.53,152.09,USD,2025-04-04 17:59:00.000000,2025-04-04,1,0,0,0,0,0,0,1,high-risk country
P00066961,C0075,Harrison-Grimes,US West Distribution,XB,113.84,149.59,USD,2025-12-02 18:33:00.000000,2025-12-02,1,0,0,0,0,0,0,1,high-risk country
P00091311,C0075,Harrison-Grimes,US West Distribution,XB,113.87,150.96,USD,2026-05-21 21:29:00.000000,2026-05-21,1,0,0,0,0,0,0,1,high-risk country
P00031609,C0075,Harrison-Grimes,US Inc,XB,113.88,153.52,USD,2025-03-25 18:34:00.000000,2025-03-25,1,0,0,0,0,0,0,1,high-risk country
P00102782,C0075,Harrison-Grimes,SG Operations,XB,114.22,114.22,SGD,2026-08-06 04:44:00.000000,2026-08-06,1,0,0,0,0,0,0,1,high-risk country
P00090762,C0075,Harrison-Grimes,Netherlands BV,XB,114.39,169.49,EUR,2026-05-19 06:54:00.000000,2026-05-19,1,0,0,0,0,0,0,1,high-risk country
P00013651,C0075,Harrison-Grimes,US West Distribution,XB,114.77,155.84,USD,2024-11-09 00:14:00.000000,2024-11-09,1,0,0,0,0,0,0,1,high-risk country
P00079381,C0075,Harrison-Grimes,Group Treasury HQ,XB,115.28,115.28,SGD,2026-03-02 07:53:00.000000,2026-03-02,1,0,0,0,0,0,0,1,high-risk country
P00025135,C0075,Harrison-Grimes,US Inc,XB,115.38,160.33,USD,2025-02-05 19:06:00.000000,2025-02-05,1,0,0,0,0,0,0,1,high-risk country
P00015094,C0075,Harrison-Grimes,US West Distribution,XB,116.3,157.58,USD,2024-11-21 00:45:00.000000,2024-11-21,1,0,0,0,0,0,0,1,high-risk country
P00056269,C0075,Harrison-Grimes,Netherlands BV,XB,116.37,168.59,EUR,2025-09-18 07:38:00.000000,2025-09-18,1,0,0,0,0,0,0,1,high-risk country
P00015424,C0075,Harrison-Grimes,US West Distribution,XB,117.45,158.59,USD,2024-11-22 13:53:00.000000,2024-11-22,1,0,0,0,0,0,0,1,high-risk country
P00017737,C0075,Harrison-Grimes,US West Distribution,XB,117.46,159.98,USD,2024-12-11 02:27:00.000000,2024-12-11,1,0,0,0,0,0,0,1,high-risk country
P00100092,C0075,Harrison-Grimes,US Inc,XB,117.81,160.28,USD,2026-07-20 19:46:00.000000,2026-07-20,1,0,0,0,0,0,0,1,high-risk country
P00017834,C0075,Harrison-Grimes,US West Distribution,XB,118.13,160.89,USD,2024-12-11 20:20:00.000000,2024-12-11,1,0,0,0,0,0,0,1,high-risk country
P00051697,C0075,Harrison-Grimes,Netherlands BV,XB,118.46,172.76,EUR,2025-08-18 12:05:00.000000,2025-08-18,1,0,0,0,0,0,0,1,high-risk country
P00021399,C0075,Harrison-Grimes,UK Ltd,XB,119.25,206.6,GBP,2025-01-07 16:59:00.000000,2025-01-07,1,0,0,0,0,0,0,1,high-risk country
P00063458,C0075,Harrison-Grimes,UK Ltd,XB,119.28,207.57,GBP,2025-11-07 13:29:00.000000,2025-11-07,1,0,0,0,0,0,0,1,high-risk country
P00058750,C0075,Harrison-Grimes,US West Distribution,XB,119.34,161.94,USD,2025-10-06 22:49:00.000000,2025-10-06,1,0,0,0,0,0,0,1,high-risk country
P00049130,C0075,Harrison-Grimes,US Inc,XB,119.39,159.51,USD,2025-07-30 12:34:00.000000,2025-07-30,1,0,0,0,0,0,0,1,high-risk country
P00050753,C0075,Harrison-Grimes,UK Ltd,XB,119.51,202.2,GBP,2025-08-11 14:52:00.000000,2025-08-11,1,0,0,0,0,0,0,1,high-risk country
P00082848,C0075,Harrison-Grimes,US Inc,XB,120.45,159.57,USD,2026-03-25 15:06:00.000000,2026-03-25,1,0,0,0,0,0,0,1,high-risk country
P00028525,C0075,Harrison-Grimes,UK Ltd,XB,120.93,209.0,GBP,2025-03-03 13:47:00.000000,2025-03-03,1,0,0,0,0,0,0,1,high-risk country
P00041104,C0075,Harrison-Grimes,US West Distribution,XB,120.96,158.16,USD,2025-06-03 17:27:00.000000,2025-06-03,1,0,0,0,0,0,0,1,high-risk country
P00105088,C0075,Harrison-Grimes,UK Ltd,XB,121.13,205.35,GBP,2026-08-20 19:26:00.000000,2026-08-20,1,0,0,0,0,0,0,1,high-risk country
P00058717,C0075,Harrison-Grimes,Netherlands BV,XB,121.5,179.39,EUR,2025-10-06 15:17:00.000000,2025-10-06,1,0,0,0,0,0,0,1,high-risk country
P00061368,C0075,Harrison-Grimes,US West Distribution,XB,121.95,165.87,USD,2025-10-23 15:08:00.000000,2025-10-23,1,0,0,0,0,0,0,1,high-risk country
P00044744,C0075,Harrison-Grimes,US West Distribution,XB,122.43,162.22,USD,2025-06-30 14:53:00.000000,2025-06-30,1,0,0,0,0,0,0,1,high-risk country
P00098272,C0075,Harrison-Grimes,Germany Sales Office,XB,122.96,179.63,EUR,2026-07-08 09:10:00.000000,2026-07-08,1,0,0,0,0,0,0,1,high-risk country
P00054646,C0075,Harrison-Grimes,SG Operations,XB,123.0,123.0,SGD,2025-09-08 08:37:00.000000,2025-09-08,1,0,0,0,0,0,0,1,high-risk country
P00060351,C0075,Harrison-Grimes,US West Distribution,XB,123.3,167.4,USD,2025-10-16 14:08:00.000000,2025-10-16,1,0,0,0,0,1,0,2,"high-risk country, burst"
P00087374,C0075,Harrison-Grimes,US West Distribution,XB,123.55,164.26,USD,2026-04-24 23:58:00.000000,2026-04-24,1,0,0,0,0,0,0,1,high-risk country
P00020734,C0075,Harrison-Grimes,UK Ltd,XB,124.19,214.04,GBP,2025-01-02 13:03:00.000000,2025-01-02,1,0,0,0,0,0,0,1,high-risk country
P00041317,C0075,Harrison-Grimes,Germany GmbH,XB,124.36,182.8,EUR,2025-06-05 07:03:00.000000,2025-06-05,1,0,0,0,0,0,0,1,high-risk country
P00104028,C0075,Harrison-Grimes,Group Treasury HQ,XB,124.36,124.36,SGD,2026-08-14 03:33:00.000000,2026-08-14,1,0,0,0,0,0,0,1,high-risk country
P00009022,C0075,Harrison-Grimes,UK Ltd,XB,125.15,211.01,GBP,2024-10-04 08:54:00.000000,2024-10-04,1,0,0,0,0,0,0,1,high-risk country
P00065919,C0075,Harrison-Grimes,US West Distribution,XB,125.2,166.95,USD,2025-11-25 14:47:00.000000,2025-11-25,1,0,0,0,0,0,0,1,high-risk country
P00013220,C0075,Harrison-Grimes,UK Ltd,XB,125.29,213.17,GBP,2024-11-06 11:33:00.000000,2024-11-06,1,0,0,0,0,0,0,1,high-risk country
P00049565,C0075,Harrison-Grimes,US West Distribution,XB,126.17,168.94,USD,2025-08-01 17:10:00.000000,2025-08-01,1,0,0,0,0,0,0,1,high-risk country
P00080886,C0075,Harrison-Grimes,Netherlands BV,XB,126.5,181.14,EUR,2026-03-11 13:56:00.000000,2026-03-11,1,0,0,0,0,0,0,1,high-risk country
P00061363,C0075,Harrison-Grimes,US West Distribution,XB,126.67,172.29,USD,2025-10-23 14:47:00.000000,2025-10-23,1,0,0,0,0,0,0,1,high-risk country
P00064886,C0075,Harrison-Grimes,Netherlands BV,XB,127.55,180.95,EUR,2025-11-18 11:59:00.000000,2025-11-18,1,0,0,0,0,0,0,1,high-risk country
P00034888,C0075,Harrison-Grimes,Germany GmbH,XB,127.7,184.22,EUR,2025-04-17 12:34:00.000000,2025-04-17,1,0,0,0,0,0,0,1,high-risk country
P00051488,C0075,Harrison-Grimes,US Inc,XB,128.41,175.04,USD,2025-08-15 18:17:00.000000,2025-08-15,1,0,0,0,0,0,0,1,high-risk country
P00083312,C0075,Harrison-Grimes,US Inc,XB,129.38,170.67,USD,2026-03-27 20:47:00.000000,2026-03-27,1,0,0,0,0,0,0,1,high-risk country
P00081580,C0075,Harrison-Grimes,US Inc,XB,129.42,169.18,USD,2026-03-16 15:54:00.000000,2026-03-16,1,0,0,0,0,0,0,1,high-risk country
P00103356,C0075,Harrison-Grimes,US Inc,XB,129.45,173.17,USD,2026-08-10 18:43:00.000000,2026-08-10,1,0,0,0,0,0,0,1,high-risk country
P00089902,C0075,Harrison-Grimes,US Inc,XB,130.65,173.03,USD,2026-05-12 18:12:00.000000,2026-05-12,1,0,0,0,0,0,0,1,high-risk country
P00054786,C0075,Harrison-Grimes,US West Distribution,XB,132.88,181.76,USD,2025-09-08 18:53:00.000000,2025-09-08,1,0,0,0,0,0,0,1,high-risk country
P00093986,C0075,Harrison-Grimes,Netherlands BV,XB,132.89,198.2,EUR,2026-06-09 16:28:00.000000,2026-06-09,1,0,0,0,0,0,0,1,high-risk country
P00021514,C0075,Harrison-Grimes,UK Ltd,XB,132.99,230.26,GBP,2025-01-08 17:21:00.000000,2025-01-08,1,0,0,0,0,0,0,1,high-risk country
P00099650,C0075,Harrison-Grimes,US Inc,XB,133.24,180.61,USD,2026-07-16 13:15:00.000000,2026-07-16,1,0,0,0,0,0,0,1,high-risk country
P00072933,C0075,Harrison-Grimes,US Inc,XB,133.82,177.57,USD,2026-01-13 21:28:00.000000,2026-01-13,1,0,0,0,0,0,0,1,high-risk country
P00044085,C0075,Harrison-Grimes,US West Distribution,XB,134.02,177.78,USD,2025-06-25 16:15:00.000000,2025-06-25,1,0,0,0,0,0,0,1,high-risk country
P00110942,C0075,Harrison-Grimes,Netherlands BV,XB,134.82,191.46,EUR,2026-09-28 15:48:00.000000,2026-09-28,1,0,0,0,0,0,0,1,high-risk country
P00095145,C0075,Harrison-Grimes,US West Distribution,XB,135.35,180.47,USD,2026-06-17 19:31:00.000000,2026-06-17,1,0,0,0,0,0,0,1,high-risk country
P00100432,C0075,Harrison-Grimes,US West Distribution,XB,136.25,184.38,USD,2026-07-22 15:44:00.000000,2026-07-22,1,0,0,0,0,0,0,1,high-risk country
P00037125,C0075,Harrison-Grimes,US Inc,XB,136.33,183.5,USD,2025-05-05 15:19:00.000000,2025-05-05,1,0,0,0,0,0,0,1,high-risk country
P00071257,C0075,Harrison-Grimes,UK Ltd,XB,137.18,231.73,GBP,2025-12-31 15:58:00.000000,2025-12-31,1,0,0,0,0,0,0,1,high-risk country
P00029755,C0075,Harrison-Grimes,US West Distribution,XB,137.19,188.1,USD,2025-03-11 20:53:00.000000,2025-03-11,1,0,0,0,0,0,0,1,high-risk country
P00065970,C0075,Harrison-Grimes,UK Ltd,XB,137.63,240.53,GBP,2025-11-25 18:36:00.000000,2025-11-25,1,0,0,0,0,0,0,1,high-risk country
P00074110,C0075,Harrison-Grimes,US West Distribution,XB,137.72,182.56,USD,2026-01-21 20:17:00.000000,2026-01-21,1,0,0,0,0,0,0,1,high-risk country
P00086674,C0075,Harrison-Grimes,UK Ltd,XB,138.64,246.32,GBP,2026-04-20 18:15:00.000000,2026-04-20,1,0,0,0,0,0,0,1,high-risk country
P00027352,C0075,Harrison-Grimes,US Inc,XB,138.65,192.06,USD,2025-02-20 20:57:00.000000,2025-02-20,1,0,0,0,0,0,0,1,high-risk country
P00079206,C0075,Harrison-Grimes,Germany Sales Office,XB,139.3,199.85,EUR,2026-02-27 12:13:00.000000,2026-02-27,1,0,0,0,0,0,0,1,high-risk country
P00064294,C0075,Harrison-Grimes,UK Ltd,XB,139.35,241.71,GBP,2025-11-13 15:50:00.000000,2025-11-13,1,0,0,0,0,0,0,1,high-risk country
P00075947,C0075,Harrison-Grimes,US West Distribution,XB,139.37,184.78,USD,2026-02-04 20:19:00.000000,2026-02-04,1,0,0,0,0,0,0,1,high-risk country
P00030664,C0075,Harrison-Grimes,US West Distribution,XB,140.97,194.41,USD,2025-03-18 20:12:00.000000,2025-03-18,1,0,0,0,0,0,0,1,high-risk country
P00021822,C0075,Harrison-Grimes,US Inc,XB,143.02,196.27,USD,2025-01-09 18:00:00.000000,2025-01-09,1,0,0,0,0,0,0,1,high-risk country
P00066724,C0075,Harrison-Grimes,US Inc,XB,143.77,190.5,USD,2025-12-01 16:21:00.000000,2025-12-01,1,0,0,0,0,0,0,1,high-risk country
P00092338,C0075,Harrison-Grimes,US West Distribution,XB,145.35,194.97,USD,2026-05-28 17:43:00.000000,2026-05-28,1,0,0,0,0,0,0,1,high-risk country
P00032836,C0075,Harrison-Grimes,SG Operations,XB,145.39,145.39,SGD,2025-04-03 05:27:00.000000,2025-04-03,1,0,0,0,0,0,0,1,high-risk country
P00101339,C0075,Harrison-Grimes,UK Ltd,XB,145.54,245.76,GBP,2026-07-28 13:01:00.000000,2026-07-28,1,0,0,0,0,0,0,1,high-risk country
P00078782,C0075,Harrison-Grimes,Netherlands BV,XB,146.88,209.52,EUR,2026-02-25 11:17:00.000000,2026-02-25,1,0,0,0,0,0,0,1,high-risk country
P00109856,C0075,Harrison-Grimes,UK Ltd,XB,147.6,259.57,GBP,2026-09-21 12:33:00.000000,2026-09-21,1,0,0,0,0,0,0,1,high-risk country
P00084314,C0075,Harrison-Grimes,US West Distribution,XB,148.79,195.34,USD,2026-04-02 22:04:00.000000,2026-04-02,1,0,0,0,0,0,0,1,high-risk country
P00026419,C0075,Harrison-Grimes,US Inc,XB,149.08,207.36,USD,2025-02-13 17:00:00.000000,2025-02-13,1,0,0,0,0,1,0,2,"high-risk country, burst"
P00050413,C0075,Harrison-Grimes,US Inc,XB,149.18,200.72,USD,2025-08-07 19:24:00.000000,2025-08-07,1,0,0,0,0,0,0,1,high-risk country
P00103339,C0075,Harrison-Grimes,US Inc,XB,149.4,199.86,USD,2026-08-10 16:32:00.000000,2026-08-10,1,0,0,0,0,0,0,1,high-risk country
P00071123,C0075,Harrison-Grimes,US Inc,XB,149.78,197.77,USD,2025-12-30 17:29:00.000000,2025-12-30,1,0,0,0,0,1,0,2,"high-risk country, burst"
P00048364,C0075,Harrison-Grimes,Germany GmbH,XB,150.63,217.82,EUR,2025-07-24 11:32:00.000000,2025-07-24,1,0,0,0,0,0,0,1,high-risk country
P00034060,C0075,Harrison-Grimes,Germany GmbH,XB,150.89,215.63,EUR,2025-04-11 14:06:00.000000,2025-04-11,1,0,0,0,0,0,0,1,high-risk country
P00086399,C0075,Harrison-Grimes,US Inc,XB,151.03,200.78,USD,2026-04-17 20:54:00.000000,2026-04-17,1,0,0,0,0,0,0,1,high-risk country
P00099286,C0075,Harrison-Grimes,US West Distribution,XB,151.1,203.61,USD,2026-07-14 16:33:00.000000,2026-07-14,1,0,0,0,0,0,0,1,high-risk country
P00055530,C0075,Harrison-Grimes,SG Operations,XB,151.13,151.13,SGD,2025-09-15 01:33:00.000000,2025-09-15,1,0,0,0,0,0,0,1,high-risk country
P00054478,C0075,Harrison-Grimes,Netherlands BV,XB,151.37,221.06,EUR,2025-09-05 12:07:00.000000,2025-09-05,1,0,0,0,0,0,0,1,high-risk country
P00041723,C0075,Harrison-Grimes,UK Ltd,XB,151.61,262.98,GBP,2025-06-09 10:36:00.000000,2025-06-09,1,0,0,0,0,0,0,1,high-risk country
P00017832,C0075,Harrison-Grimes,US Inc,XB,151.67,206.57,USD,2024-12-11 19:31:00.000000,2024-12-11,1,0,0,0,0,0,0,1,high-risk country
P00015079,C0075,Harrison-Grimes,US West Distribution,XB,152.62,206.8,USD,2024-11-20 17:28:00.000000,2024-11-20,1,0,0,0,0,0,0,1,high-risk country
P00077476,C0075,Harrison-Grimes,US West Distribution,XB,153.05,203.96,USD,2026-02-13 22:49:00.000000,2026-02-13,1,0,0,0,0,0,0,1,high-risk country
P00042914,C0075,Harrison-Grimes,Netherlands BV,XB,153.32,222.5,EUR,2025-06-17 08:07:00.000000,2025-06-17,1,0,0,0,0,1,0,2,"high-risk country, burst"
P00040675,C0075,Harrison-Grimes,Netherlands BV,XB,153.89,225.45,EUR,2025-05-30 09:28:00.000000,2025-05-30,1,0,0,0,0,0,0,1,high-risk country
P00054651,C0075,Harrison-Grimes,UK Ltd,XB,153.93,259.92,GBP,2025-09-08 08:55:00.000000,2025-09-08,1,0,0,0,0,0,0,1,high-risk country
P00023260,C0075,Harrison-Grimes,US Inc,XB,154.17,213.14,USD,2025-01-21 23:29:00.000000,2025-01-21,1,0,0,0,0,0,0,1,high-risk country
P00089625,C0075,Harrison-Grimes,US Inc,XB,154.47,204.52,USD,2026-05-11 14:43:00.000000,2026-05-11,1,0,0,0,0,0,0,1,high-risk country
P00062451,C0075,Harrison-Grimes,UK Ltd,XB,155.14,272.05,GBP,2025-10-30 15:59:00.000000,2025-10-30,1,0,0,0,0,0,0,1,high-risk country
P00038014,C0075,Harrison-Grimes,Germany GmbH,XB,155.59,224.36,EUR,2025-05-12 11:13:00.000000,2025-05-12,1,0,0,0,0,0,0,1,high-risk country
P00024203,C0075,Harrison-Grimes,US West Distribution,XB,155.63,213.53,USD,2025-01-28 23:55:00.000000,2025-01-28,1,0,0,0,0,0,0,1,high-risk country
P00023819,C0075,Harrison-Grimes,US West Distribution,XB,156.12,215.06,USD,2025-01-24 21:58:00.000000,2025-01-24,1,0,0,0,0,0,0,1,high-risk country
P00064994,C0075,Harrison-Grimes,SG Operations,XB,156.29,156.29,SGD,2025-11-19 07:29:00.000000,2025-11-19,1,0,0,0,0,0,0,1,high-risk country
P00110147,C0075,Harrison-Grimes,US West Distribution,XB,156.29,212.74,USD,2026-09-22 16:36:00.000000,2026-09-22,1,0,0,0,0,0,0,1,high-risk country
P00109918,C0075,Harrison-Grimes,US West Distribution,XB,156.54,213.74,USD,2026-09-21 18:46:00.000000,2026-09-21,1,0,0,0,0,0,0,1,high-risk country
P00089465,C0075,Harrison-Grimes,Shenzhen Sourcing,XB,157.02,29.31,CNY,2026-05-11 06:35:00.000000,2026-05-11,1,0,0,0,0,0,0,1,high-risk country
P00110694,C0075,Harrison-Grimes,Shanghai Mfg,XB,157.62,29.38,CNY,2026-09-28 00:21:00.000000,2026-09-28,1,0,0,0,0,0,0,1,high-risk country
P00093299,C0075,Harrison-Grimes,US West Distribution,XB,158.25,212.37,USD,2026-06-04 13:27:00.000000,2026-06-04,1,0,0,0,0,0,0,1,high-risk country
P00103309,C0075,Harrison-Grimes,US West Distribution,XB,161.1,215.51,USD,2026-08-10 13:49:00.000000,2026-08-10,1,0,0,0,0,0,0,1,high-risk country
P00042113,C0075,Harrison-Grimes,US West Distribution,XB,161.69,214.45,USD,2025-06-11 20:03:00.000000,2025-06-11,1,0,0,0,0,0,0,1,high-risk country
P00038388,C0075,Harrison-Grimes,US West Distribution,XB,161.73,219.57,USD,2025-05-14 16:38:00.000000,2025-05-14,1,0,0,0,0,0,0,1,high-risk country
P00094767,C0075,Harrison-Grimes,US West Distribution,XB,161.8,217.16,USD,2026-06-15 15:44:00.000000,2026-06-15,1,0,0,0,0,0,0,1,high-risk country
P00054107,C0075,Harrison-Grimes,Germany GmbH,XB,161.98,236.76,EUR,2025-09-03 13:56:00.000000,2025-09-03,1,0,0,0,0,0,0,1,high-risk country
P00062189,C0075,Harrison-Grimes,US Inc,XB,162.74,220.65,USD,2025-10-29 17:03:00.000000,2025-10-29,1,0,0,0,0,0,0,1,high-risk country
P00020809,C0075,Harrison-Grimes,US West Distribution,XB,163.14,223.33,USD,2025-01-02 18:29:00.000000,2025-01-02,1,0,0,0,0,0,0,1,high-risk country
P00069393,C0075,Harrison-Grimes,UK Ltd,XB,163.43,282.61,GBP,2025-12-18 18:50:00.000000,2025-12-18,1,0,0,0,0,0,0,1,high-risk country
P00065048,C0075,Harrison-Grimes,US West Distribution,XB,163.6,216.39,USD,2025-11-19 21:42:00.000000,2025-11-19,1,0,0,0,0,0,0,1,high-risk country
P00076833,C0075,Harrison-Grimes,US West Distribution,XB,164.21,218.28,USD,2026-02-10 16:44:00.000000,2026-02-10,1,0,0,0,0,0,0,1,high-risk country
P00024116,C0075,Harrison-Grimes,Group Treasury HQ,XB,164.6,164.6,SGD,2025-01-28 09:26:00.000000,2025-01-28,1,0,0,0,0,0,0,1,high-risk country
P00075664,C0075,Harrison-Grimes,US West Distribution,XB,165.67,219.47,USD,2026-02-02 23:39:00.000000,2026-02-02,1,0,0,0,0,0,0,1,high-risk country
P00058849,C0075,Harrison-Grimes,Netherlands BV,XB,166.46,243.44,EUR,2025-10-07 11:36:00.000000,2025-10-07,1,0,0,0,0,0,0,1,high-risk country
P00041546,C0075,Harrison-Grimes,UK Ltd,XB,166.51,289.7,GBP,2025-06-06 11:29:00.000000,2025-06-06,1,0,0,0,0,0,0,1,high-risk country
P00061311,C0075,Harrison-Grimes,UK Ltd,XB,166.8,295.06,GBP,2025-10-23 10:27:00.000000,2025-10-23,1,0,0,0,0,0,0,1,high-risk country
P00022391,C0075,Harrison-Grimes,US West Distribution,XB,166.92,230.01,USD,2025-01-14 18:22:00.000000,2025-01-14,1,0,0,0,0,0,0,1,high-risk country
P00068334,C0075,Harrison-Grimes,SG Operations,XB,167.36,167.36,SGD,2025-12-12 03:57:00.000000,2025-12-12,1,0,0,0,0,0,0,1,high-risk country
P00025777,C0075,Harrison-Grimes,US West Distribution,XB,169.14,235.54,USD,2025-02-10 17:43:00.000000,2025-02-10,1,0,0,0,0,0,0,1,high-risk country
P00077340,C0075,Harrison-Grimes,US West Distribution,XB,169.42,224.69,USD,2026-02-12 17:38:00.000000,2026-02-12,1,0,0,0,0,0,0,1,high-risk country
P00092594,C0075,Harrison-Grimes,UK Ltd,XB,169.65,297.76,GBP,2026-06-01 08:39:00.000000,2026-06-01,1,0,0,0,0,0,0,1,high-risk country
P00089995,C0075,Harrison-Grimes,UK Ltd,XB,169.67,305.98,GBP,2026-05-13 14:50:00.000000,2026-05-13,1,0,0,0,0,0,0,1,high-risk country
P00080783,C0075,Harrison-Grimes,US Inc,XB,170.61,221.96,USD,2026-03-10 15:03:00.000000,2026-03-10,1,0,0,0,0,0,0,1,high-risk country
P00044359,C0075,Harrison-Grimes,Germany GmbH,XB,170.67,249.41,EUR,2025-06-26 13:55:00.000000,2025-06-26,1,0,0,0,0,0,0,1,high-risk country
P00023065,C0075,Harrison-Grimes,Germany GmbH,XB,170.86,239.19,EUR,2025-01-20 15:59:00.000000,2025-01-20,1,0,0,0,0,0,0,1,high-risk country
P00071144,C0075,Harrison-Grimes,US West Distribution,XB,171.57,226.54,USD,2025-12-30 21:22:00.000000,2025-12-30,1,0,0,0,0,1,0,2,"high-risk country, burst"
P00068983,C0075,Harrison-Grimes,SG Operations,XB,172.04,172.04,SGD,2025-12-17 03:45:00.000000,2025-12-17,1,0,0,0,0,0,0,1,high-risk country
P00106303,C0075,Harrison-Grimes,US West Distribution,XB,172.91,235.39,USD,2026-08-28 13:37:00.000000,2026-08-28,1,0,0,0,0,0,0,1,high-risk country
P00065982,C0075,Harrison-Grimes,US West Distribution,XB,173.02,230.71,USD,2025-11-25 23:23:00.000000,2025-11-25,1,0,0,0,0,0,0,1,high-risk country
P00070586,C0075,Harrison-Grimes,Germany GmbH,XB,174.07,246.93,EUR,2025-12-29 12:59:00.000000,2025-12-29,1,0,0,0,0,0,0,1,high-risk country
P00021940,C0075,Harrison-Grimes,US West Distribution,XB,175.07,240.67,USD,2025-01-10 17:38:00.000000,2025-01-10,1,0,0,0,0,0,0,1,high-risk country
P00075941,C0075,Harrison-Grimes,US West Distribution,XB,176.13,233.51,USD,2026-02-04 18:40:00.000000,2026-02-04,1,0,0,0,0,0,0,1,high-risk country
P00048788,C0075,Harrison-Grimes,UK Ltd,XB,176.23,293.29,GBP,2025-07-28 17:10:00.000000,2025-07-28,1,0,0,0,0,0,0,1,high-risk country
P00075256,C0075,Harrison-Grimes,US Inc,XB,176.75,235.24,USD,2026-01-29 21:20:00.000000,2026-01-29,1,0,0,0,0,0,0,1,high-risk country
P00108996,C0075,Harrison-Grimes,UK Ltd,XB,177.48,309.68,GBP,2026-09-15 14:04:00.000000,2026-09-15,1,0,0,0,0,0,0,1,high-risk country
P00012392,C0075,Harrison-Grimes,US West Distribution,XB,178.17,243.23,USD,2024-10-30 17:02:00.000000,2024-10-30,1,0,0,0,0,0,0,1,high-risk country
P00026420,C0075,Harrison-Grimes,US West Distribution,XB,178.67,248.51,USD,2025-02-13 17:20:00.000000,2025-02-13,1,0,0,0,0,1,0,2,"high-risk country, burst"
P00056461,C0075,Harrison-Grimes,Shanghai Mfg,XB,178.76,33.33,CNY,2025-09-19 08:55:00.000000,2025-09-19,1,0,0,0,0,0,0,1,high-risk country
P00010471,C0075,Harrison-Grimes,US West Distribution,XB,178.88,240.51,USD,2024-10-16 16:07:00.000000,2024-10-16,1,0,0,0,0,0,0,1,high-risk country
P00094498,C0075,Harrison-Grimes,US West Distribution,XB,179.48,240.69,USD,2026-06-12 14:01:00.000000,2026-06-12,1,0,0,0,0,0,0,1,high-risk country
P00082287,C0075,Harrison-Grimes,UK Ltd,XB,181.46,325.4,GBP,2026-03-20 14:42:00.000000,2026-03-20,1,0,0,0,0,0,0,1,high-risk country
P00072333,C0075,Harrison-Grimes,US Inc,XB,185.07,244.64,USD,2026-01-08 22:09:00.000000,2026-01-08,1,0,0,0,0,0,0,1,high-risk country
P00095110,C0075,Harrison-Grimes,Netherlands BV,XB,185.84,272.79,EUR,2026-06-17 12:53:00.000000,2026-06-17,1,0,0,0,0,0,0,1,high-risk country
P00074857,C0075,Harrison-Grimes,US West Distribution,XB,186.73,246.48,USD,2026-01-27 18:22:00.000000,2026-01-27,1,0,0,0,0,0,0,1,high-risk country
P00061284,C0075,Harrison-Grimes,Netherlands BV,XB,187.04,265.6,EUR,2025-10-23 08:38:00.000000,2025-10-23,1,0,0,0,0,0,0,1,high-risk country
P00063717,C0075,Harrison-Grimes,US West Distribution,XB,187.48,249.11,USD,2025-11-10 15:52:00.000000,2025-11-10,1,0,0,0,0,0,0,1,high-risk country
P00038339,C0075,Harrison-Grimes,Netherlands BV,XB,187.49,272.06,EUR,2025-05-14 06:49:00.000000,2025-05-14,1,0,0,0,0,0,0,1,high-risk country
P00109620,C0075,Harrison-Grimes,US West Distribution,XB,187.58,256.3,USD,2026-09-18 15:09:00.000000,2026-09-18,1,0,0,0,0,0,0,1,high-risk country
P00110146,C0075,Harrison-Grimes,US West Distribution,XB,187.65,255.43,USD,2026-09-22 16:01:00.000000,2026-09-22,1,0,0,0,0,0,0,1,high-risk country
P00047772,C0075,Harrison-Grimes,US West Distribution,XB,189.6,252.21,USD,2025-07-21 17:46:00.000000,2025-07-21,1,0,0,0,0,0,0,1,high-risk country
P00031568,C0075,Harrison-Grimes,UK Ltd,XB,190.34,330.03,GBP,2025-03-25 13:34:00.000000,2025-03-25,1,0,0,0,0,0,0,1,high-risk country
P00018105,C0075,Harrison-Grimes,US West Distribution,XB,190.88,262.05,USD,2024-12-12 19:03:00.000000,2024-12-12,1,0,0,0,0,0,0,1,high-risk country
P00025537,C0075,Harrison-Grimes,US Inc,XB,191.91,267.53,USD,2025-02-07 21:22:00.000000,2025-02-07,1,0,0,0,0,0,0,1,high-risk country
P00104653,C0075,Harrison-Grimes,US Inc,XB,192.25,258.91,USD,2026-08-18 19:24:00.000000,2026-08-18,1,0,0,0,0,0,0,1,high-risk country
P00082306,C0075,Harrison-Grimes,US Inc,XB,192.28,253.23,USD,2026-03-20 18:32:00.000000,2026-03-20,1,0,0,0,0,0,0,1,high-risk country
P00040887,C0075,Harrison-Grimes,US West Distribution,XB,192.42,250.52,USD,2025-06-02 19:17:00.000000,2025-06-02,1,0,0,0,0,0,0,1,high-risk country
P00034537,C0075,Harrison-Grimes,US West Distribution,XB,192.96,257.03,USD,2025-04-15 18:43:00.000000,2025-04-15,1,0,0,0,0,0,0,1,high-risk country
P00091285,C0075,Harrison-Grimes,US Inc,XB,193.13,256.03,USD,2026-05-21 15:29:00.000000,2026-05-21,1,0,0,0,0,0,0,1,high-risk country
P00033977,C0075,Harrison-Grimes,US West Distribution,XB,193.73,258.17,USD,2025-04-10 21:35:00.000000,2025-04-10,1,0,0,0,0,0,0,1,high-risk country
P00092603,C0075,Harrison-Grimes,UK Ltd,XB,194.16,340.78,GBP,2026-06-01 08:50:00.000000,2026-06-01,1,0,0,0,0,0,0,1,high-risk country
P00029957,C0075,Harrison-Grimes,Germany GmbH,XB,194.36,282.44,EUR,2025-03-13 07:01:00.000000,2025-03-13,1,0,0,0,0,0,0,1,high-risk country
P00100093,C0075,Harrison-Grimes,US West Distribution,XB,195.92,266.55,USD,2026-07-20 20:14:00.000000,2026-07-20,1,0,0,0,0,0,0,1,high-risk country
P00059994,C0075,Harrison-Grimes,SG Operations,XB,196.05,196.05,SGD,2025-10-15 04:15:00.000000,2025-10-15,1,0,0,0,0,0,0,1,high-risk country
P00102131,C0075,Harrison-Grimes,Shanghai Mfg,XB,197.33,36.94,CNY,2026-08-03 07:36:00.000000,2026-08-03,1,0,0,0,0,0,0,1,high-risk country
P00043796,C0075,Harrison-Grimes,US West Distribution,XB,197.84,261.96,USD,2025-06-23 21:28:00.000000,2025-06-23,1,0,0,0,0,0,0,1,high-risk country
P00031272,C0075,Harrison-Grimes,SG Operations,XB,199.21,199.21,SGD,2025-03-24 09:01:00.000000,2025-03-24,1,0,0,0,0,0,0,1,high-risk country
P00086273,C0075,Harrison-Grimes,US West Distribution,XB,200.75,265.98,USD,2026-04-16 18:01:00.000000,2026-04-16,1,0,0,0,0,0,0,1,high-risk country
P00035865,C0075,Harrison-Grimes,US West Distribution,XB,201.43,272.15,USD,2025-04-24 18:14:00.000000,2025-04-24,1,0,0,0,0,0,0,1,high-risk country
P00079128,C0075,Harrison-Grimes,UK Ltd,XB,201.85,365.34,GBP,2026-02-26 18:46:00.000000,2026-02-26,1,0,0,0,0,0,0,1,high-risk country
P00033960,C0075,Harrison-Grimes,US West Distribution,XB,201.9,269.06,USD,2025-04-10 17:51:00.000000,2025-04-10,1,0,0,0,0,0,0,1,high-risk country
P00034935,C0075,Harrison-Grimes,US Inc,XB,202.29,271.55,USD,2025-04-17 18:29:00.000000,2025-04-17,1,0,0,0,0,0,0,1,high-risk country
P00014022,C0075,Harrison-Grimes,US West Distribution,XB,203.73,276.47,USD,2024-11-12 17:53:00.000000,2024-11-12,1,0,0,0,0,0,0,1,high-risk country
P00105418,C0075,Harrison-Grimes,US West Distribution,XB,204.14,274.51,USD,2026-08-24 11:54:00.000000,2026-08-24,1,0,0,0,0,0,0,1,high-risk country
P00049550,C0075,Harrison-Grimes,US West Distribution,XB,205.43,275.06,USD,2025-08-01 14:11:00.000000,2025-08-01,1,0,0,0,0,0,0,1,high-risk country
P00072702,C0075,Harrison-Grimes,US Inc,XB,205.69,271.06,USD,2026-01-12 18:03:00.000000,2026-01-12,1,0,0,0,0,0,0,1,high-risk country
P00014987,C0075,Harrison-Grimes,US West Distribution,XB,207.35,280.37,USD,2024-11-20 00:26:00.000000,2024-11-20,1,0,0,0,0,0,0,1,high-risk country
P00085938,C0075,Harrison-Grimes,Shanghai Mfg,XB,207.86,38.82,CNY,2026-04-15 07:01:00.000000,2026-04-15,1,0,0,0,0,0,0,1,high-risk country
P00060501,C0075,Harrison-Grimes,US West Distribution,XB,208.95,284.35,USD,2025-10-17 16:53:00.000000,2025-10-17,1,0,0,0,0,0,0,1,high-risk country
P00101991,C0075,Harrison-Grimes,US West Distribution,XB,209.36,279.46,USD,2026-07-31 15:17:00.000000,2026-07-31,1,0,0,0,0,0,0,1,high-risk country
P00075649,C0075,Harrison-Grimes,US West Distribution,XB,209.9,278.07,USD,2026-02-02 21:16:00.000000,2026-02-02,1,0,0,0,0,0,0,1,high-risk country
P00038055,C0075,Harrison-Grimes,US West Distribution,XB,210.67,286.61,USD,2025-05-12 15:36:00.000000,2025-05-12,1,0,0,0,0,0,0,1,high-risk country
P00100101,C0075,Harrison-Grimes,US West Distribution,XB,210.75,286.73,USD,2026-07-20 23:49:00.000000,2026-07-20,1,0,0,0,0,0,0,1,high-risk country
P00099113,C0075,Harrison-Grimes,Shenzhen Sourcing,XB,211.64,39.25,CNY,2026-07-14 04:20:00.000000,2026-07-14,1,0,0,0,0,0,0,1,high-risk country
P00072418,C0075,Harrison-Grimes,Germany GmbH,XB,213.72,308.84,EUR,2026-01-09 13:49:00.000000,2026-01-09,1,0,0,0,0,0,0,1,high-risk country
P00068932,C0075,Harrison-Grimes,Netherlands BV,XB,215.73,303.37,EUR,2025-12-16 15:45:00.000000,2025-12-16,1,0,0,0,0,0,0,1,high-risk country
P00047395,C0075,Harrison-Grimes,US West Distribution,XB,216.82,289.14,USD,2025-07-17 22:10:00.000000,2025-07-17,1,0,0,0,0,0,0,1,high-risk country
P00019928,C0075,Harrison-Grimes,UK Ltd,XB,218.13,372.72,GBP,2024-12-27 14:22:00.000000,2024-12-27,1,0,0,0,0,0,0,1,high-risk country
P00101387,C0075,Harrison-Grimes,US West Distribution,XB,218.27,291.91,USD,2026-07-28 18:05:00.000000,2026-07-28,1,0,0,0,0,0,0,1,high-risk country
P00055764,C0075,Harrison-Grimes,US West Distribution,XB,221.38,299.11,USD,2025-09-15 16:40:00.000000,2025-09-15,1,0,0,0,0,0,0,1,high-risk country
P00059310,C0075,Harrison-Grimes,UK Ltd,XB,221.99,382.43,GBP,2025-10-09 11:23:00.000000,2025-10-09,1,0,0,0,0,0,0,1,high-risk country
P00022524,C0075,Harrison-Grimes,US West Distribution,XB,222.71,307.54,USD,2025-01-15 23:41:00.000000,2025-01-15,1,0,0,0,0,0,0,1,high-risk country
P00031377,C0075,Harrison-Grimes,US West Distribution,XB,222.99,301.41,USD,2025-03-24 18:42:00.000000,2025-03-24,1,0,0,0,0,0,0,1,high-risk country
P00074975,C0075,Harrison-Grimes,US West Distribution,XB,223.35,296.57,USD,2026-01-28 21:54:00.000000,2026-01-28,1,0,0,0,0,0,0,1,high-risk country
P00051771,C0075,Harrison-Grimes,US West Distribution,XB,224.35,306.19,USD,2025-08-18 20:56:00.000000,2025-08-18,1,0,0,0,0,0,0,1,high-risk country
P00050747,C0075,Harrison-Grimes,US West Distribution,XB,225.59,304.49,USD,2025-08-11 14:19:00.000000,2025-08-11,1,0,0,0,0,0,0,1,high-risk country
P00070375,C0075,Harrison-Grimes,US West Distribution,XB,226.36,298.3,USD,2025-12-27 02:31:00.000000,2025-12-27,1,0,0,0,0,0,0,1,high-risk country
P00056761,C0075,Harrison-Grimes,US West Distribution,XB,226.52,305.9,USD,2025-09-22 22:50:00.000000,2025-09-22,1,0,0,0,0,0,0,1,high-risk country
P00088709,C0075,Harrison-Grimes,UK Ltd,XB,229.61,409.22,GBP,2026-05-05 09:28:00.000000,2026-05-05,1,0,0,0,0,0,0,1,high-risk country
P00012591,C0075,Harrison-Grimes,US West Distribution,XB,229.94,314.98,USD,2024-10-31 16:38:00.000000,2024-10-31,1,0,0,0,0,0,0,1,high-risk country
P00040173,C0075,Harrison-Grimes,UK Ltd,XB,230.56,404.91,GBP,2025-05-27 11:08:00.000000,2025-05-27,1,0,0,0,0,0,0,1,high-risk country
P00102486,C0075,Harrison-Grimes,Germany GmbH,XB,231.29,334.9,EUR,2026-08-04 11:39:00.000000,2026-08-04,1,0,0,0,0,0,0,1,high-risk country
P00012273,C0075,Harrison-Grimes,US West Distribution,XB,232.96,318.41,USD,2024-10-29 18:01:00.000000,2024-10-29,1,0,0,0,0,0,0,1,high-risk country
P00014135,C0075,Harrison-Grimes,US West Distribution,XB,233.4,315.86,USD,2024-11-13 18:39:00.000000,2024-11-13,1,0,0,0,0,0,0,1,high-risk country
P00043735,C0075,Harrison-Grimes,Netherlands BV,XB,234.96,342.2,EUR,2025-06-23 14:03:00.000000,2025-06-23,1,0,0,0,0,0,0,1,high-risk country
P00044644,C0075,Harrison-Grimes,Netherlands BV,XB,235.93,343.66,EUR,2025-06-30 08:34:00.000000,2025-06-30,1,0,0,0,0,0,0,1,high-risk country
P00049041,C0075,Harrison-Grimes,US West Distribution,XB,236.08,315.23,USD,2025-07-29 22:42:00.000000,2025-07-29,1,0,0,0,0,0,0,1,high-risk country
P00083304,C0075,Harrison-Grimes,US Inc,XB,236.16,311.53,USD,2026-03-27 18:15:00.000000,2026-03-27,1,0,0,0,0,0,0,1,high-risk country
P00012404,C0075,Harrison-Grimes,US West Distribution,XB,236.4,322.73,USD,2024-10-30 20:06:00.000000,2024-10-30,1,0,0,0,0,0,0,1,high-risk country
P00028736,C0075,Harrison-Grimes,Netherlands BV,XB,237.18,342.88,EUR,2025-03-04 16:16:00.000000,2025-03-04,1,0,0,0,0,0,0,1,high-risk country
P00010711,C0075,Harrison-Grimes,US Inc,XB,237.76,320.58,USD,2024-10-17 14:13:00.000000,2024-10-17,1,0,0,0,0,0,0,1,high-risk country
P00104006,C0075,Harrison-Grimes,US West Distribution,XB,238.59,320.6,USD,2026-08-13 19:35:00.000000,2026-08-13,1,0,0,0,0,0,0,1,high-risk country
P00086015,C0075,Harrison-Grimes,US West Distribution,XB,239.94,317.56,USD,2026-04-15 19:08:00.000000,2026-04-15,1,0,0,0,0,0,0,1,high-risk country
P00106122,C0075,Harrison-Grimes,Netherlands BV,XB,240.94,349.13,EUR,2026-08-27 09:40:00.000000,2026-08-27,1,0,0,0,0,0,0,1,high-risk country
P00096602,C0075,Harrison-Grimes,US West Distribution,XB,241.06,320.94,USD,2026-06-26 16:28:00.000000,2026-06-26,1,0,0,0,0,0,0,1,high-risk country
P00047487,C0075,Harrison-Grimes,US West Distribution,XB,241.11,321.47,USD,2025-07-18 16:05:00.000000,2025-07-18,1,0,0,0,0,0,0,1,high-risk country
P00026101,C0075,Harrison-Grimes,US West Distribution,XB,241.22,335.34,USD,2025-02-12 19:50:00.000000,2025-02-12,1,0,0,0,0,0,0,1,high-risk country
P00029835,C0075,Harrison-Grimes,UK Ltd,XB,242.03,417.67,GBP,2025-03-12 15:55:00.000000,2025-03-12,1,0,0,0,0,0,0,1,high-risk country
P00079742,C0075,Harrison-Grimes,US West Distribution,XB,244.6,322.49,USD,2026-03-03 17:52:00.000000,2026-03-03,1,0,0,0,0,0,0,1,high-risk country
P00056447,C0075,Harrison-Grimes,UK Ltd,XB,245.43,415.23,GBP,2025-09-19 07:49:00.000000,2025-09-19,1,0,0,0,0,0,0,1,high-risk country
P00035263,C0075,Harrison-Grimes,Shenzhen Sourcing,XB,248.14,46.3,CNY,2025-04-22 05:39:00.000000,2025-04-22,1,0,0,0,0,0,0,1,high-risk country
P00015370,C0075,Harrison-Grimes,Shenzhen Sourcing,XB,249.01,46.07,CNY,2024-11-22 05:26:00.000000,2024-11-22,1,0,0,0,0,0,0,1,high-risk country
P00012725,C0075,Harrison-Grimes,US West Distribution,XB,250.94,342.69,USD,2024-11-01 19:57:00.000000,2024-11-01,1,0,0,0,0,0,0,1,high-risk country
P00017500,C0075,Harrison-Grimes,US Inc,XB,252.46,344.09,USD,2024-12-09 16:58:00.000000,2024-12-09,1,0,0,0,0,0,0,1,high-risk country
P00072445,C0075,Harrison-Grimes,US West Distribution,XB,253.14,333.65,USD,2026-01-09 21:12:00.000000,2026-01-09,1,0,0,0,0,0,0,1,high-risk country
P00076585,C0075,Harrison-Grimes,UK Ltd,XB,254.93,454.54,GBP,2026-02-09 12:13:00.000000,2026-02-09,1,0,0,0,0,0,0,1,high-risk country
P00049560,C0075,Harrison-Grimes,US Inc,XB,256.82,343.87,USD,2025-08-01 16:31:00.000000,2025-08-01,1,0,0,0,0,0,0,1,high-risk country
P00108386,C0075,Harrison-Grimes,US West Distribution,XB,258.83,354.46,USD,2026-09-10 18:30:00.000000,2026-09-10,1,0,0,0,0,0,0,1,high-risk country
P00095466,C0075,Harrison-Grimes,US West Distribution,XB,258.85,344.46,USD,2026-06-18 15:49:00.000000,2026-06-18,1,0,0,0,0,1,0,2,"high-risk country, burst"
P00083622,C0075,Harrison-Grimes,US Inc,XB,258.89,340.21,USD,2026-03-30 18:53:00.000000,2026-03-30,1,0,0,0,0,0,0,1,high-risk country
P00088790,C0075,Harrison-Grimes,Shanghai Mfg,XB,262.32,49.16,CNY,2026-05-06 00:43:00.000000,2026-05-06,1,0,0,0,0,0,0,1,high-risk country
P00021262,C0075,Harrison-Grimes,SG Operations,XB,264.41,264.41,SGD,2025-01-07 04:35:00.000000,2025-01-07,1,0,0,0,0,0,0,1,high-risk country
P00036140,C0075,Harrison-Grimes,UK Ltd,XB,264.42,458.69,GBP,2025-04-28 08:14:00.000000,2025-04-28,1,0,0,0,0,0,0,1,high-risk country
P00059389,C0075,Harrison-Grimes,US West Distribution,XB,265.08,359.17,USD,2025-10-09 18:56:00.000000,2025-10-09,1,0,0,0,0,0,0,1,high-risk country
P00017100,C0075,Harrison-Grimes,Germany GmbH,XB,266.24,372.87,EUR,2024-12-05 13:38:00.000000,2024-12-05,1,0,0,0,0,0,0,1,high-risk country
P00109109,C0075,Harrison-Grimes,Germany GmbH,XB,266.88,383.67,EUR,2026-09-16 09:34:00.000000,2026-09-16,1,0,0,0,0,0,0,1,high-risk country
P00038057,C0075,Harrison-Grimes,US Inc,XB,268.04,364.67,USD,2025-05-12 15:41:00.000000,2025-05-12,1,0,0,0,0,0,0,1,high-risk country
P00026491,C0075,Harrison-Grimes,Germany GmbH,XB,269.38,387.55,EUR,2025-02-14 09:34:00.000000,2025-02-14,1,0,0,0,0,0,0,1,high-risk country
P00079219,C0075,Harrison-Grimes,Netherlands BV,XB,269.71,386.95,EUR,2026-02-27 13:42:00.000000,2026-02-27,1,0,0,0,0,0,0,1,high-risk country
P00086282,C0075,Harrison-Grimes,US West Distribution,XB,271.7,359.99,USD,2026-04-16 21:59:00.000000,2026-04-16,1,0,0,0,0,0,0,1,high-risk country
P00091137,C0075,Harrison-Grimes,Germany GmbH,XB,272.55,362.07,USD,2026-05-21 07:11:00.000000,2026-05-21,1,0,0,0,0,0,0,1,high-risk country
P00078055,C0075,Harrison-Grimes,US Inc,XB,272.88,364.72,USD,2026-02-19 17:43:00.000000,2026-02-19,1,0,0,0,0,0,0,1,high-risk country
P00090366,C0075,Harrison-Grimes,US West Distribution,XB,275.02,365.66,USD,2026-05-15 20:52:00.000000,2026-05-15,1,0,0,0,0,0,0,1,high-risk country
P00038925,C0075,Harrison-Grimes,Germany GmbH,XB,278.64,404.94,EUR,2025-05-19 09:39:00.000000,2025-05-19,1,0,0,0,0,0,0,1,high-risk country
P00009975,C0075,Harrison-Grimes,US West Distribution,XB,280.01,373.12,USD,2024-10-12 00:13:00.000000,2024-10-12,1,0,0,0,0,0,0,1,high-risk country
P00083609,C0075,Harrison-Grimes,US West Distribution,XB,280.78,368.97,USD,2026-03-30 17:09:00.000000,2026-03-30,1,0,0,0,0,0,0,1,high-risk country
P00080924,C0075,Harrison-Grimes,Shanghai Mfg,XB,281.82,52.52,CNY,2026-03-12 00:31:00.000000,2026-03-12,1,0,0,0,0,0,0,1,high-risk country
P00042420,C0075,Harrison-Grimes,US Inc,XB,282.46,374.95,USD,2025-06-12 22:02:00.000000,2025-06-12,1,0,0,0,0,0,0,1,high-risk country
P00027720,C0075,Harrison-Grimes,US West Distribution,XB,282.57,393.36,USD,2025-02-24 20:34:00.000000,2025-02-24,1,0,0,0,0,0,0,1,high-risk country
P00084308,C0075,Harrison-Grimes,US West Distribution,XB,284.77,373.87,USD,2026-04-02 20:08:00.000000,2026-04-02,1,0,0,0,0,0,0,1,high-risk country
P00051359,C0075,Harrison-Grimes,US West Distribution,XB,285.08,387.8,USD,2025-08-14 15:02:00.000000,2025-08-14,1,0,0,0,0,0,0,1,high-risk country
P00104055,C0075,Harrison-Grimes,Netherlands BV,XB,285.12,409.11,EUR,2026-08-14 08:09:00.000000,2026-08-14,1,0,0,0,0,0,0,1,high-risk country
P00064303,C0075,Harrison-Grimes,US West Distribution,XB,285.66,377.88,USD,2025-11-13 17:21:00.000000,2025-11-13,1,0,0,0,0,0,0,1,high-risk country
P00054099,C0075,Harrison-Grimes,Germany GmbH,XB,287.01,419.51,EUR,2025-09-03 12:10:00.000000,2025-09-03,1,0,0,0,0,0,0,1,high-risk country
P00071033,C0075,Harrison-Grimes,US West Distribution,XB,287.4,379.48,USD,2025-12-30 13:29:00.000000,2025-12-30,1,0,0,0,0,1,0,2,"high-risk country, burst"
P00081886,C0075,Harrison-Grimes,Germany GmbH,XB,290.74,415.3,EUR,2026-03-18 10:49:00.000000,2026-03-18,1,0,0,0,0,0,0,1,high-risk country
P00056393,C0075,Harrison-Grimes,US West Distribution,XB,290.76,393.02,USD,2025-09-18 20:00:00.000000,2025-09-18,1,0,0,0,0,0,0,1,high-risk country
P00078359,C0075,Harrison-Grimes,US West Distribution,XB,290.8,386.9,USD,2026-02-23 19:52:00.000000,2026-02-23,1,0,0,0,0,0,0,1,high-risk country
P00024450,C0075,Harrison-Grimes,US Inc,XB,291.66,401.87,USD,2025-01-30 18:36:00.000000,2025-01-30,1,0,0,0,0,0,0,1,high-risk country
P00073973,C0075,Harrison-Grimes,US West Distribution,XB,291.68,387.68,USD,2026-01-20 16:48:00.000000,2026-01-20,1,0,0,0,0,0,0,1,high-risk country
P00031050,C0075,Harrison-Grimes,US West Distribution,XB,291.7,399.12,USD,2025-03-20 17:39:00.000000,2025-03-20,1,0,0,0,0,0,0,1,high-risk country
P00032705,C0075,Harrison-Grimes,Netherlands BV,XB,291.95,422.17,EUR,2025-04-02 10:30:00.000000,2025-04-02,1,0,0,0,0,0,0,1,high-risk country
P00041469,C0075,Harrison-Grimes,US West Distribution,XB,292.45,385.23,USD,2025-06-05 16:39:00.000000,2025-06-05,1,0,0,0,0,0,0,1,high-risk country
P00053299,C0075,Harrison-Grimes,US Inc,XB,293.79,397.27,USD,2025-08-28 11:03:00.000000,2025-08-28,1,0,0,0,0,0,0,1,high-risk country
P00097616,C0075,Harrison-Grimes,US West Distribution,XB,293.89,393.33,USD,2026-07-02 17:45:00.000000,2026-07-02,1,0,0,0,0,0,0,1,high-risk country
P00059480,C0075,Harrison-Grimes,US West Distribution,XB,296.03,401.7,USD,2025-10-10 14:48:00.000000,2025-10-10,1,0,0,0,0,0,0,1,high-risk country
P00062453,C0075,Harrison-Grimes,US Inc,XB,296.17,400.83,USD,2025-10-30 16:10:00.000000,2025-10-30,1,0,0,0,0,0,0,1,high-risk country
P00032964,C0075,Harrison-Grimes,US West Distribution,XB,296.41,396.51,USD,2025-04-03 13:39:00.000000,2025-04-03,1,0,0,0,0,0,0,1,high-risk country
P00101743,C0075,Harrison-Grimes,Shenzhen Sourcing,XB,296.6,55.59,CNY,2026-07-30 08:31:00.000000,2026-07-30,1,0,0,0,0,0,0,1,high-risk country
P00111295,C0075,Harrison-Grimes,US West Distribution,XB,298.29,408.12,USD,2026-09-29 16:16:00.000000,2026-09-29,1,0,0,0,0,0,0,1,high-risk country
P00041766,C0075,Harrison-Grimes,US Inc,XB,301.98,400.01,USD,2025-06-09 18:29:00.000000,2025-06-09,1,0,0,0,0,0,0,1,high-risk country
P00094499,C0075,Harrison-Grimes,UK Ltd,XB,304.22,528.69,GBP,2026-06-12 14:04:00.000000,2026-06-12,1,0,0,0,0,0,0,1,high-risk country
P00083182,C0075,Harrison-Grimes,US Inc,XB,304.71,403.2,USD,2026-03-26 15:25:00.000000,2026-03-26,1,0,0,0,0,0,0,1,high-risk country
P00083275,C0075,Harrison-Grimes,US West Distribution,XB,305.74,403.31,USD,2026-03-27 14:24:00.000000,2026-03-27,1,0,0,0,0,0,0,1,high-risk country
P00028006,C0075,Harrison-Grimes,US West Distribution,XB,306.21,426.2,USD,2025-02-26 15:21:00.000000,2025-02-26,1,0,0,0,0,0,0,1,high-risk country
P00053936,C0075,Harrison-Grimes,Netherlands BV,XB,306.52,451.39,EUR,2025-09-02 13:55:00.000000,2025-09-02,1,0,0,0,0,0,0,1,high-risk country
P00078693,C0075,Harrison-Grimes,UK Ltd,XB,307.01,551.9,GBP,2026-02-24 15:39:00.000000,2026-02-24,1,0,0,0,0,0,0,1,high-risk country
P00046448,C0075,Harrison-Grimes,US West Distribution,XB,307.63,408.66,USD,2025-07-11 21:26:00.000000,2025-07-11,1,0,0,0,0,0,0,1,high-risk country
P00110133,C0075,Harrison-Grimes,US West Distribution,XB,308.41,419.81,USD,2026-09-22 14:25:00.000000,2026-09-22,1,0,0,0,0,0,0,1,high-risk country
P00088419,C0075,Harrison-Grimes,US West Distribution,XB,311.48,414.6,USD,2026-05-01 20:38:00.000000,2026-05-01,1,0,0,0,0,0,0,1,high-risk country
P00050331,C0075,Harrison-Grimes,UK Ltd,XB,313.13,531.91,GBP,2025-08-07 10:30:00.000000,2025-08-07,1,0,0,0,0,0,0,1,high-risk country
P00016040,C0075,Harrison-Grimes,US Inc,XB,313.7,426.09,USD,2024-11-27 23:33:00.000000,2024-11-27,1,0,0,0,0,0,0,1,high-risk country
P00094095,C0075,Harrison-Grimes,US West Distribution,XB,314.18,420.99,USD,2026-06-10 14:26:00.000000,2026-06-10,1,0,0,0,0,0,0,1,high-risk country
P00096459,C0075,Harrison-Grimes,UK Ltd,XB,314.64,536.45,GBP,2026-06-25 13:39:00.000000,2026-06-25,1,0,0,0,0,1,0,2,"high-risk country, burst"
P00067706,C0075,Harrison-Grimes,US Inc,XB,317.22,415.18,USD,2025-12-08 20:42:00.000000,2025-12-08,1,0,0,0,0,0,0,1,high-risk country
P00023802,C0075,Harrison-Grimes,US West Distribution,XB,318.07,438.16,USD,2025-01-24 17:19:00.000000,2025-01-24,1,0,0,0,0,0,0,1,high-risk country
P00065704,C0075,Harrison-Grimes,US West Distribution,XB,318.18,423.82,USD,2025-11-24 21:49:00.000000,2025-11-24,1,0,0,0,0,0,0,1,high-risk country
P00033575,C0075,Harrison-Grimes,US Inc,XB,320.14,430.18,USD,2025-04-08 21:35:00.000000,2025-04-08,1,0,0,0,0,0,0,1,high-risk country
P00041195,C0075,Harrison-Grimes,US West Distribution,XB,320.92,420.47,USD,2025-06-04 18:54:00.000000,2025-06-04,1,0,0,0,0,0,0,1,high-risk country
P00051033,C0075,Harrison-Grimes,Shanghai Mfg,XB,321.3,60.05,CNY,2025-08-13 08:52:00.000000,2025-08-13,1,0,0,0,0,0,0,1,high-risk country
P00079134,C0075,Harrison-Grimes,US West Distribution,XB,321.34,423.81,USD,2026-02-26 20:32:00.000000,2026-02-26,1,0,0,0,0,0,0,1,high-risk country
P00021192,C0075,Harrison-Grimes,US West Distribution,XB,323.3,444.73,USD,2025-01-06 21:11:00.000000,2025-01-06,1,0,0,0,0,0,0,1,high-risk country
P00099303,C0075,Harrison-Grimes,US West Distribution,XB,325.15,438.15,USD,2026-07-14 19:24:00.000000,2026-07-14,1,0,0,0,0,0,0,1,high-risk country
P00082292,C0075,Harrison-Grimes,UK Ltd,XB,329.97,591.7,GBP,2026-03-20 15:30:00.000000,2026-03-20,1,0,0,0,0,0,0,1,high-risk country
P00031651,C0075,Harrison-Grimes,Shenzhen Sourcing,XB,332.57,61.97,CNY,2025-03-26 07:18:00.000000,2025-03-26,1,0,0,0,0,0,0,1,high-risk country
P00106657,C0075,Harrison-Grimes,US West Distribution,XB,335.74,458.59,USD,2026-08-31 22:36:00.000000,2026-08-31,1,0,0,0,0,0,0,1,high-risk country
P00079202,C0075,Harrison-Grimes,UK Ltd,XB,337.52,611.96,GBP,2026-02-27 11:44:00.000000,2026-02-27,1,0,0,0,0,0,0,1,high-risk country
P00047066,C0075,Harrison-Grimes,US Inc,XB,338.18,450.36,USD,2025-07-16 22:56:00.000000,2025-07-16,1,0,0,0,0,0,0,1,high-risk country
P00093885,C0075,Harrison-Grimes,SG Operations,XB,339.55,339.55,SGD,2026-06-09 08:13:00.000000,2026-06-09,1,0,0,0,0,0,0,1,high-risk country
P00103569,C0075,Harrison-Grimes,US Inc,XB,343.4,461.38,USD,2026-08-11 17:37:00.000000,2026-08-11,1,0,0,0,0,0,0,1,high-risk country
P00024273,C0075,Harrison-Grimes,US West Distribution,XB,345.44,473.49,USD,2025-01-29 19:11:00.000000,2025-01-29,1,0,0,0,0,0,0,1,high-risk country
P00061499,C0075,Harrison-Grimes,US West Distribution,XB,345.97,468.88,USD,2025-10-24 16:22:00.000000,2025-10-24,1,0,0,0,0,0,0,1,high-risk country
P00065334,C0075,Harrison-Grimes,US Inc,XB,346.12,459.59,USD,2025-11-20 19:36:00.000000,2025-11-20,1,0,0,0,0,0,0,1,high-risk country
P00101536,C0075,Harrison-Grimes,US West Distribution,XB,346.43,463.51,USD,2026-07-29 18:58:00.000000,2026-07-29,1,0,0,0,0,0,0,1,high-risk country
P00098317,C0075,Harrison-Grimes,US West Distribution,XB,349.72,466.03,USD,2026-07-08 17:03:00.000000,2026-07-08,1,0,0,0,0,0,0,1,high-risk country
P00063932,C0075,Harrison-Grimes,Netherlands BV,XB,350.98,500.09,EUR,2025-11-11 16:05:00.000000,2025-11-11,1,0,0,0,0,0,0,1,high-risk country
P00046305,C0075,Harrison-Grimes,UK Ltd,XB,354.1,592.94,GBP,2025-07-10 13:46:00.000000,2025-07-10,1,0,0,0,0,0,0,1,high-risk country
P00104593,C0075,Harrison-Grimes,UK Ltd,XB,354.79,601.86,GBP,2026-08-18 11:39:00.000000,2026-08-18,1,0,0,0,0,0,0,1,high-risk country
P00074239,C0075,Harrison-Grimes,Germany GmbH,XB,355.7,506.59,EUR,2026-01-22 09:07:00.000000,2026-01-22,1,0,0,0,0,0,0,1,high-risk country
P00048382,C0075,Harrison-Grimes,US West Distribution,XB,356.49,473.67,USD,2025-07-24 13:11:00.000000,2025-07-24,1,0,0,0,0,0,0,1,high-risk country
P00037755,C0075,Harrison-Grimes,US West Distribution,XB,359.14,487.84,USD,2025-05-08 15:40:00.000000,2025-05-08,1,0,0,0,0,0,0,1,high-risk country
P00034319,C0075,Harrison-Grimes,US West Distribution,XB,359.47,478.17,USD,2025-04-14 17:37:00.000000,2025-04-14,1,0,0,0,0,0,0,1,high-risk country
P00083614,C0075,Harrison-Grimes,US West Distribution,XB,361.22,474.68,USD,2026-03-30 18:10:00.000000,2026-03-30,1,0,0,0,0,0,0,1,high-risk country
P00064024,C0075,Harrison-Grimes,Netherlands BV,XB,370.4,528.76,EUR,2025-11-12 17:14:00.000000,2025-11-12,1,0,0,0,0,0,0,1,high-risk country
P00066751,C0075,Harrison-Grimes,US West Distribution,XB,373.31,494.65,USD,2025-12-01 20:02:00.000000,2025-12-01,1,0,0,0,0,0,0,1,high-risk country
P00061387,C0075,Harrison-Grimes,US West Distribution,XB,373.63,508.2,USD,2025-10-23 20:29:00.000000,2025-10-23,1,0,0,0,0,0,0,1,high-risk country
P00101867,C0075,Harrison-Grimes,US West Distribution,XB,375.23,501.21,USD,2026-07-30 19:53:00.000000,2026-07-30,1,0,0,0,0,0,0,1,high-risk country
P00028201,C0075,Harrison-Grimes,Netherlands BV,XB,375.56,543.24,EUR,2025-02-27 13:30:00.000000,2025-02-27,1,0,0,0,0,0,0,1,high-risk country
P00092991,C0075,Harrison-Grimes,UK Ltd,XB,376.33,665.51,GBP,2026-06-03 07:06:00.000000,2026-06-03,1,0,0,0,0,0,0,1,high-risk country
P00079871,C0075,Harrison-Grimes,US West Distribution,XB,377.13,494.37,USD,2026-03-05 00:41:00.000000,2026-03-05,1,0,0,0,0,0,0,1,high-risk country
P00056726,C0075,Harrison-Grimes,Netherlands BV,XB,379.0,551.11,EUR,2025-09-22 16:30:00.000000,2025-09-22,1,0,0,0,0,0,0,1,high-risk country
P00034546,C0075,Harrison-Grimes,US West Distribution,XB,379.6,505.64,USD,2025-04-15 21:53:00.000000,2025-04-15,1,0,0,0,0,0,0,1,high-risk country
P00105082,C0075,Harrison-Grimes,US West Distribution,XB,381.32,512.63,USD,2026-08-20 16:44:00.000000,2026-08-20,1,0,0,0,0,0,0,1,high-risk country
P00052485,C0075,Harrison-Grimes,US West Distribution,XB,381.35,519.89,USD,2025-08-22 13:07:00.000000,2025-08-22,1,0,0,0,0,0,0,1,high-risk country
P00096595,C0075,Harrison-Grimes,US West Distribution,XB,384.14,511.43,USD,2026-06-26 15:16:00.000000,2026-06-26,1,0,0,0,0,0,0,1,high-risk country
P00083555,C0075,Harrison-Grimes,Germany GmbH,XB,385.02,554.79,EUR,2026-03-30 12:14:00.000000,2026-03-30,1,0,0,0,0,0,0,1,high-risk country
P00047582,C0075,Harrison-Grimes,SG Operations,XB,390.02,390.02,SGD,2025-07-21 05:51:00.000000,2025-07-21,1,0,0,0,0,0,0,1,high-risk country
P00069208,C0075,Harrison-Grimes,Shanghai Mfg,XB,391.05,73.15,CNY,2025-12-18 06:59:00.000000,2025-12-18,1,0,0,0,0,0,0,1,high-risk country
P00011015,C0075,Harrison-Grimes,US Inc,XB,391.47,528.23,USD,2024-10-21 13:46:00.000000,2024-10-21,1,0,0,0,0,0,0,1,high-risk country
P00070597,C0075,Harrison-Grimes,US West Distribution,XB,391.55,515.99,USD,2025-12-29 13:27:00.000000,2025-12-29,1,0,0,0,0,0,0,1,high-risk country
P00049016,C0075,Harrison-Grimes,US West Distribution,XB,392.43,522.15,USD,2025-07-29 16:14:00.000000,2025-07-29,1,0,0,0,0,0,0,1,high-risk country
P00066443,C0075,Harrison-Grimes,US West Distribution,XB,392.82,522.35,USD,2025-11-28 14:03:00.000000,2025-11-28,1,0,0,0,0,0,0,1,high-risk country
P00064002,C0075,Harrison-Grimes,US West Distribution,XB,393.77,522.55,USD,2025-11-12 12:22:00.000000,2025-11-12,1,0,0,0,0,0,0,1,high-risk country
P00025524,C0075,Harrison-Grimes,US West Distribution,XB,395.23,550.97,USD,2025-02-07 16:37:00.000000,2025-02-07,1,0,0,0,0,0,0,1,high-risk country
P00048437,C0075,Harrison-Grimes,US West Distribution,XB,399.83,533.37,USD,2025-07-24 19:47:00.000000,2025-07-24,1,0,0,0,0,0,0,1,high-risk country
P00042483,C0075,Harrison-Grimes,Netherlands BV,XB,401.82,585.45,EUR,2025-06-13 11:25:00.000000,2025-06-13,1,0,0,0,0,0,0,1,high-risk country
P00040478,C0075,Harrison-Grimes,SG Operations,XB,408.46,408.46,SGD,2025-05-29 06:39:00.000000,2025-05-29,1,0,0,0,0,0,0,1,high-risk country
P00106458,C0075,Harrison-Grimes,Group Treasury HQ,XB,415.98,415.98,SGD,2026-08-31 07:54:00.000000,2026-08-31,1,0,0,0,0,0,0,1,high-risk country
P00101847,C0075,Harrison-Grimes,UK Ltd,XB,416.36,706.59,GBP,2026-07-30 15:05:00.000000,2026-07-30,1,0,0,0,0,0,0,1,high-risk country
P00030688,C0075,Harrison-Grimes,SG Operations,XB,418.8,418.8,SGD,2025-03-19 04:33:00.000000,2025-03-19,1,0,0,0,0,0,0,1,high-risk country
P00102285,C0075,Harrison-Grimes,US West Distribution,XB,421.23,562.48,USD,2026-08-03 17:08:00.000000,2026-08-03,1,0,0,0,0,0,0,1,high-risk country
P00110277,C0075,Harrison-Grimes,US West Distribution,XB,423.58,577.31,USD,2026-09-23 21:30:00.000000,2026-09-23,1,0,0,0,0,0,0,1,high-risk country
P00054705,C0075,Harrison-Grimes,Netherlands BV,XB,425.39,619.26,EUR,2025-09-08 11:32:00.000000,2025-09-08,1,0,0,0,0,0,0,1,high-risk country
P00103992,C0075,Harrison-Grimes,US West Distribution,XB,428.66,576.0,USD,2026-08-13 15:28:00.000000,2026-08-13,1,0,0,0,0,0,0,1,high-risk country
P00037136,C0075,Harrison-Grimes,US Inc,XB,429.42,579.3,USD,2025-05-05 16:57:00.000000,2025-05-05,1,0,0,0,0,0,0,1,high-risk country
P00107286,C0075,Harrison-Grimes,Shanghai Mfg,XB,431.44,81.33,CNY,2026-09-03 11:11:00.000000,2026-09-03,1,0,0,0,0,0,0,1,high-risk country
P00051414,C0075,Harrison-Grimes,Shanghai Mfg,XB,431.92,80.97,CNY,2025-08-15 06:19:00.000000,2025-08-15,1,0,0,0,0,0,0,1,high-risk country
P00101997,C0075,Harrison-Grimes,US West Distribution,XB,443.39,591.84,USD,2026-07-31 16:26:00.000000,2026-07-31,1,0,0,0,0,0,0,1,high-risk country
P00070360,C0075,Harrison-Grimes,Shenzhen Sourcing,XB,445.49,83.59,CNY,2025-12-26 12:46:00.000000,2025-12-26,1,0,0,0,0,0,0,1,high-risk country
P00104770,C0075,Harrison-Grimes,US Inc,XB,446.33,600.72,USD,2026-08-19 16:56:00.000000,2026-08-19,1,0,0,0,0,0,0,1,high-risk country
P00013450,C0075,Harrison-Grimes,US West Distribution,XB,447.54,605.53,USD,2024-11-07 10:00:00.000000,2024-11-07,1,0,0,0,0,0,1,2,"high-risk country, off-hours"
P00046290,C0075,Harrison-Grimes,Netherlands BV,XB,454.13,665.3,EUR,2025-07-10 13:01:00.000000,2025-07-10,1,0,0,0,0,0,0,1,high-risk country
P00027345,C0075,Harrison-Grimes,US West Distribution,XB,454.62,629.74,USD,2025-02-20 18:43:00.000000,2025-02-20,1,0,0,0,0,0,0,1,high-risk country
P00058997,C0075,Harrison-Grimes,US West Distribution,XB,455.3,620.17,USD,2025-10-08 20:06:00.000000,2025-10-08,1,0,0,0,0,0,0,1,high-risk country
P00074969,C0075,Harrison-Grimes,US West Distribution,XB,457.71,607.77,USD,2026-01-28 18:50:00.000000,2026-01-28,1,0,0,0,0,0,0,1,high-risk country
P00084727,C0075,Harrison-Grimes,Germany GmbH,XB,458.82,664.12,EUR,2026-04-07 13:50:00.000000,2026-04-07,1,0,0,0,0,0,0,1,high-risk country
P00058522,C0075,Harrison-Grimes,US West Distribution,XB,463.7,628.17,USD,2025-10-03 18:52:00.000000,2025-10-03,1,0,0,0,0,0,0,1,high-risk country
P00054781,C0075,Harrison-Grimes,US West Distribution,XB,466.75,638.46,USD,2025-09-08 18:34:00.000000,2025-09-08,1,0,0,0,0,0,0,1,high-risk country
P00028371,C0075,Harrison-Grimes,US West Distribution,XB,466.87,648.15,USD,2025-02-28 23:55:00.000000,2025-02-28,1,0,0,0,0,0,0,1,high-risk country
P00029544,C0075,Harrison-Grimes,US West Distribution,XB,467.2,640.47,USD,2025-03-10 18:23:00.000000,2025-03-10,1,0,0,0,0,0,0,1,high-risk country
P00053606,C0075,Harrison-Grimes,Shenzhen Sourcing,XB,467.69,87.28,CNY,2025-09-01 06:28:00.000000,2025-09-01,1,0,0,0,0,0,0,1,high-risk country
P00110534,C0075,Harrison-Grimes,US West Distribution,XB,468.81,638.15,USD,2026-09-24 13:09:00.000000,2026-09-24,1,0,0,0,0,0,0,1,high-risk country
P00073418,C0075,Harrison-Grimes,SG Operations,XB,475.12,475.12,SGD,2026-01-16 02:23:00.000000,2026-01-16,1,0,0,0,0,0,0,1,high-risk country
P00093870,C0075,Harrison-Grimes,SG Operations,XB,482.23,482.23,SGD,2026-06-09 07:27:00.000000,2026-06-09,1,0,0,0,0,0,0,1,high-risk country
P00105151,C0075,Harrison-Grimes,UK Ltd,XB,487.22,822.92,GBP,2026-08-21 09:37:00.000000,2026-08-21,1,0,0,0,0,0,0,1,high-risk country
P00043037,C0075,Harrison-Grimes,US West Distribution,XB,489.09,645.39,USD,2025-06-17 14:42:00.000000,2025-06-17,1,0,0,0,0,1,0,2,"high-risk country, burst"
P00040999,C0075,Harrison-Grimes,Shenzhen Sourcing,XB,493.62,92.4,CNY,2025-06-03 07:24:00.000000,2025-06-03,1,0,0,0,0,0,0,1,high-risk country
P00052397,C0075,Harrison-Grimes,US West Distribution,XB,497.61,680.07,USD,2025-08-21 19:17:00.000000,2025-08-21,1,0,0,0,0,0,0,1,high-risk country
P00075615,C0075,Harrison-Grimes,Germany GmbH,XB,499.7,717.97,EUR,2026-02-02 15:42:00.000000,2026-02-02,1,0,0,0,0,0,0,1,high-risk country
P00036914,C0075,Harrison-Grimes,Germany GmbH,XB,502.59,723.93,EUR,2025-05-02 08:42:00.000000,2025-05-02,1,0,0,0,0,0,0,1,high-risk country
P00021662,C0075,Harrison-Grimes,Germany GmbH,XB,506.06,714.67,EUR,2025-01-09 08:38:00.000000,2025-01-09,1,0,0,0,0,0,0,1,high-risk country
P00029700,C0075,Harrison-Grimes,US West Distribution,XB,507.81,696.24,USD,2025-03-11 13:14:00.000000,2025-03-11,1,0,0,0,0,0,0,1,high-risk country
P00073491,C0075,Harrison-Grimes,Netherlands BV,XB,507.9,722.13,EUR,2026-01-16 12:55:00.000000,2026-01-16,1,0,0,0,0,0,0,1,high-risk country
P00086280,C0075,Harrison-Grimes,US West Distribution,XB,508.73,674.04,USD,2026-04-16 20:18:00.000000,2026-04-16,1,0,0,0,0,0,0,1,high-risk country
P00088951,C0075,Harrison-Grimes,US West Distribution,XB,511.83,678.94,USD,2026-05-06 14:33:00.000000,2026-05-06,1,0,0,0,0,0,0,1,high-risk country
P00048050,C0075,Harrison-Grimes,Shenzhen Sourcing,XB,512.46,95.97,CNY,2025-07-23 06:41:00.000000,2025-07-23,1,0,0,0,0,0,0,1,high-risk country
P00046436,C0075,Harrison-Grimes,US West Distribution,XB,520.23,691.09,USD,2025-07-11 17:06:00.000000,2025-07-11,1,0,0,0,0,0,0,1,high-risk country
P00073523,C0075,Harrison-Grimes,US Inc,XB,521.32,693.07,USD,2026-01-16 22:27:00.000000,2026-01-16,1,0,0,0,0,0,0,1,high-risk country
P00079863,C0075,Harrison-Grimes,US West Distribution,XB,521.59,683.74,USD,2026-03-04 21:03:00.000000,2026-03-04,1,0,0,0,0,0,0,1,high-risk country
P00014057,C0075,Harrison-Grimes,Shenzhen Sourcing,XB,524.87,96.5,CNY,2024-11-13 03:35:00.000000,2024-11-13,1,0,0,0,0,0,0,1,high-risk country
P00046698,C0075,Harrison-Grimes,US Inc,XB,527.19,702.67,USD,2025-07-14 20:18:00.000000,2025-07-14,1,0,0,0,0,0,0,1,high-risk country
P00060046,C0075,Harrison-Grimes,Netherlands BV,XB,527.28,757.13,EUR,2025-10-15 10:51:00.000000,2025-10-15,1,0,0,0,0,0,0,1,high-risk country
P00062181,C0075,Harrison-Grimes,Germany GmbH,XB,538.2,764.56,EUR,2025-10-29 16:15:00.000000,2025-10-29,1,0,0,0,0,0,0,1,high-risk country
P00057042,C0075,Harrison-Grimes,US West Distribution,XB,540.53,732.35,USD,2025-09-24 17:55:00.000000,2025-09-24,1,0,0,0,0,0,0,1,high-risk country
P00095400,C0075,Harrison-Grimes,UK Ltd,XB,541.57,918.36,GBP,2026-06-18 11:13:00.000000,2026-06-18,1,0,0,0,0,1,0,2,"high-risk country, burst"
P00018824,C0075,Harrison-Grimes,Shanghai Mfg,XB,542.09,99.5,CNY,2024-12-19 05:37:00.000000,2024-12-19,1,0,0,0,0,0,0,1,high-risk country
P00035786,C0075,Harrison-Grimes,Netherlands BV,XB,545.3,778.54,EUR,2025-04-24 12:22:00.000000,2025-04-24,1,0,0,0,0,0,0,1,high-risk country
P00071150,C0075,Harrison-Grimes,US West Distribution,XB,548.93,724.81,USD,2025-12-30 23:39:00.000000,2025-12-30,1,0,0,0,0,1,0,2,"high-risk country, burst"
P00094247,C0075,Harrison-Grimes,Shenzhen Sourcing,XB,553.19,103.67,CNY,2026-06-11 05:55:00.000000,2026-06-11,1,0,0,0,0,0,0,1,high-risk country
P00080155,C0075,Harrison-Grimes,US West Distribution,XB,554.83,724.46,USD,2026-03-05 17:36:00.000000,2026-03-05,1,0,0,0,0,0,0,1,high-risk country
P00093414,C0075,Harrison-Grimes,Germany GmbH,XB,556.77,823.98,EUR,2026-06-05 11:40:00.000000,2026-06-05,1,0,0,0,0,0,0,1,high-risk country
P00086846,C0075,Harrison-Grimes,US West Distribution,XB,563.82,749.55,USD,2026-04-21 13:56:00.000000,2026-04-21,1,0,0,0,0,0,0,1,high-risk country
P00032883,C0075,Harrison-Grimes,Netherlands BV,XB,569.09,762.48,USD,2025-04-03 07:55:00.000000,2025-04-03,1,0,0,0,0,0,0,1,high-risk country
P00050969,C0075,Harrison-Grimes,US West Distribution,XB,570.93,774.61,USD,2025-08-12 15:22:00.000000,2025-08-12,1,0,0,0,0,0,0,1,high-risk country
P00049578,C0075,Harrison-Grimes,US West Distribution,XB,573.06,767.3,USD,2025-08-01 21:01:00.000000,2025-08-01,1,0,0,0,0,0,0,1,high-risk country
P00079981,C0075,Harrison-Grimes,India Services,XB,573.97,9.22,INR,2026-03-05 06:25:00.000000,2026-03-05,1,0,0,0,0,0,0,1,high-risk country
P00081450,C0075,Harrison-Grimes,Shanghai Mfg,XB,574.46,106.83,CNY,2026-03-16 08:23:00.000000,2026-03-16,1,0,0,0,0,0,0,1,high-risk country
P00020813,C0075,Harrison-Grimes,US West Distribution,XB,584.63,800.33,USD,2025-01-02 19:25:00.000000,2025-01-02,1,0,0,0,0,0,0,1,high-risk country
P00028682,C0075,Harrison-Grimes,Germany GmbH,XB,584.72,811.76,USD,2025-03-04 09:40:00.000000,2025-03-04,1,0,0,0,0,0,0,1,high-risk country
P00108494,C0075,Harrison-Grimes,US West Distribution,XB,592.56,810.59,USD,2026-09-11 16:33:00.000000,2026-09-11,1,0,0,0,0,0,0,1,high-risk country
P00024380,C0075,Harrison-Grimes,Netherlands BV,XB,598.35,868.35,EUR,2025-01-30 12:02:00.000000,2025-01-30,1,0,0,0,0,0,0,1,high-risk country
P00078717,C0075,Harrison-Grimes,US West Distribution,XB,601.81,796.34,USD,2026-02-24 22:31:00.000000,2026-02-24,1,0,0,0,0,0,0,1,high-risk country
P00031154,C0075,Harrison-Grimes,US West Distribution,XB,606.54,827.67,USD,2025-03-21 21:12:00.000000,2025-03-21,1,0,0,0,0,0,0,1,high-risk country
P00095838,C0075,Harrison-Grimes,US West Distribution,XB,607.73,809.76,USD,2026-06-22 16:28:00.000000,2026-06-22,1,0,0,0,0,0,0,1,high-risk country
P00057528,C0075,Harrison-Grimes,Shenzhen Sourcing,XB,614.5,114.42,CNY,2025-09-29 05:17:00.000000,2025-09-29,1,0,0,0,0,0,0,1,high-risk country
P00020631,C0075,Harrison-Grimes,Germany GmbH,XB,621.6,847.07,USD,2025-01-02 08:33:00.000000,2025-01-02,1,0,0,0,0,0,0,1,high-risk country
P00100168,C0075,Harrison-Grimes,Shanghai Mfg,XB,624.01,116.79,CNY,2026-07-21 05:15:00.000000,2026-07-21,1,0,0,0,0,0,0,1,high-risk country
P00055523,C0075,Harrison-Grimes,Shanghai Mfg,XB,634.53,118.38,CNY,2025-09-14 23:50:00.000000,2025-09-14,1,0,0,0,0,0,0,1,high-risk country
P00084767,C0075,Harrison-Grimes,US West Distribution,XB,634.89,833.98,USD,2026-04-07 16:31:00.000000,2026-04-07,1,0,0,0,0,0,0,1,high-risk country
P00058382,C0075,Harrison-Grimes,US West Distribution,XB,639.37,866.23,USD,2025-10-02 12:56:00.000000,2025-10-02,1,0,0,0,0,0,0,1,high-risk country
P00029402,C0075,Harrison-Grimes,Shenzhen Sourcing,XB,643.11,120.33,CNY,2025-03-10 08:16:00.000000,2025-03-10,1,0,0,0,0,0,0,1,high-risk country
P00067468,C0075,Harrison-Grimes,US West Distribution,XB,643.26,845.33,USD,2025-12-05 18:31:00.000000,2025-12-05,1,0,0,0,0,0,0,1,high-risk country
P00108756,C0075,Harrison-Grimes,Netherlands BV,XB,645.22,933.79,EUR,2026-09-14 15:04:00.000000,2026-09-14,1,0,0,0,0,0,0,1,high-risk country
P00084007,C0075,Harrison-Grimes,US West Distribution,XB,650.11,852.44,USD,2026-04-01 21:12:00.000000,2026-04-01,1,0,0,0,0,0,0,1,high-risk country
P00039102,C0075,Harrison-Grimes,Shanghai Mfg,XB,650.48,121.47,CNY,2025-05-20 06:12:00.000000,2025-05-20,1,0,0,0,0,0,0,1,high-risk country
P00030309,C0075,Harrison-Grimes,Germany GmbH,XB,659.22,952.89,EUR,2025-03-17 06:43:00.000000,2025-03-17,1,0,0,0,0,0,0,1,high-risk country
P00092700,C0075,Harrison-Grimes,Netherlands BV,XB,659.46,974.39,EUR,2026-06-01 14:44:00.000000,2026-06-01,1,0,0,0,0,0,0,1,high-risk country
P00051852,C0075,Harrison-Grimes,SG Operations,XB,663.3,663.3,SGD,2025-08-19 06:14:00.000000,2025-08-19,1,0,0,0,0,0,0,1,high-risk country
P00075073,C0075,Harrison-Grimes,Shanghai Mfg,XB,671.07,125.45,CNY,2026-01-29 05:06:00.000000,2026-01-29,1,0,0,0,0,0,0,1,high-risk country
P00097228,C0075,Harrison-Grimes,US West Distribution,XB,672.46,894.63,USD,2026-06-30 19:15:00.000000,2026-06-30,1,0,0,0,0,0,0,1,high-risk country
P00109471,C0075,Harrison-Grimes,SG Operations,XB,678.9,678.9,SGD,2026-09-17 13:36:00.000000,2026-09-17,1,0,0,0,0,0,0,1,high-risk country
P00043114,C0075,Harrison-Grimes,SG Operations,XB,684.16,684.16,SGD,2025-06-18 07:55:00.000000,2025-06-18,1,0,0,0,0,0,0,1,high-risk country
P00073392,C0075,Harrison-Grimes,US West Distribution,XB,689.99,918.96,USD,2026-01-15 17:05:00.000000,2026-01-15,1,0,0,0,0,0,0,1,high-risk country
P00047396,C0075,Harrison-Grimes,Shanghai Mfg,XB,691.42,129.17,CNY,2025-07-18 00:17:00.000000,2025-07-18,1,0,0,0,0,0,0,1,high-risk country
P00014991,C0075,Harrison-Grimes,US West Distribution,XB,693.4,937.57,USD,2024-11-20 00:44:00.000000,2024-11-20,1,0,0,0,0,0,0,1,high-risk country
P00059391,C0075,Harrison-Grimes,US West Distribution,XB,698.71,946.71,USD,2025-10-09 19:36:00.000000,2025-10-09,1,0,0,0,0,0,0,1,high-risk country
P00073064,C0075,Harrison-Grimes,US West Distribution,XB,699.28,924.87,USD,2026-01-14 20:19:00.000000,2026-01-14,1,0,0,0,0,0,0,1,high-risk country
P00037821,C0075,Harrison-Grimes,Shenzhen Sourcing,XB,702.35,131.16,CNY,2025-05-09 07:19:00.000000,2025-05-09,1,0,0,0,0,0,0,1,high-risk country
P00031448,C0075,Harrison-Grimes,SG Operations,XB,705.42,705.42,SGD,2025-03-25 03:04:00.000000,2025-03-25,1,0,0,0,0,0,0,1,high-risk country
P00026750,C0075,Harrison-Grimes,Shenzhen Sourcing,XB,718.72,133.97,CNY,2025-02-17 12:54:00.000000,2025-02-17,1,0,0,0,0,0,0,1,high-risk country
P00057806,C0075,Harrison-Grimes,Shenzhen Sourcing,XB,721.59,976.03,USD,2025-09-30 01:21:00.000000,2025-09-30,1,0,0,0,0,0,0,1,high-risk country
P00096634,C0075,Harrison-Grimes,Shenzhen Sourcing,XB,723.23,133.71,CNY,2026-06-29 01:35:00.000000,2026-06-29,1,0,0,0,0,0,0,1,high-risk country
P00091827,C0075,Harrison-Grimes,US West Distribution,XB,725.61,968.09,USD,2026-05-26 13:35:00.000000,2026-05-26,1,0,0,0,0,0,0,1,high-risk country
P00040233,C0075,Harrison-Grimes,US West Distribution,XB,727.29,966.09,USD,2025-05-27 16:20:00.000000,2025-05-27,1,0,0,0,0,0,0,1,high-risk country
P00027483,C0075,Harrison-Grimes,Shanghai Mfg,XB,731.98,136.26,CNY,2025-02-24 01:16:00.000000,2025-02-24,1,0,0,0,0,0,0,1,high-risk country
P00078742,C0075,Harrison-Grimes,SG Operations,XB,737.98,737.98,SGD,2026-02-25 04:24:00.000000,2026-02-25,1,0,0,0,0,0,0,1,high-risk country
P00013236,C0075,Harrison-Grimes,UK Ltd,XB,762.99,1298.16,GBP,2024-11-06 14:16:00.000000,2024-11-06,1,0,0,0,0,0,0,1,high-risk country
P00021656,C0075,Harrison-Grimes,Netherlands BV,XB,764.34,1052.54,USD,2025-01-09 08:34:00.000000,2025-01-09,1,0,0,0,0,0,0,1,high-risk country
P00031890,C0075,Harrison-Grimes,Netherlands BV,XB,769.49,1037.35,USD,2025-03-27 09:25:00.000000,2025-03-27,1,0,0,0,0,0,0,1,high-risk country
P00076279,C0075,Harrison-Grimes,Shanghai Mfg,XB,772.39,143.33,CNY,2026-02-05 22:07:00.000000,2026-02-05,1,0,0,0,0,0,0,1,high-risk country
P00088028,C0075,Harrison-Grimes,US West Distribution,XB,790.0,1050.68,USD,2026-04-29 14:54:00.000000,2026-04-29,1,0,0,0,0,0,0,1,high-risk country
P00105395,C0075,Harrison-Grimes,Germany GmbH,XB,794.37,1156.62,EUR,2026-08-24 10:29:00.000000,2026-08-24,1,0,0,0,0,0,0,1,high-risk country
P00032220,C0075,Harrison-Grimes,Shanghai Mfg,XB,799.7,148.67,CNY,2025-03-31 06:45:00.000000,2025-03-31,1,0,0,0,0,0,0,1,high-risk country
P00044096,C0075,Harrison-Grimes,US West Distribution,XB,802.22,1064.15,USD,2025-06-25 19:00:00.000000,2025-06-25,1,0,0,0,0,0,0,1,high-risk country
P00096934,C0075,Harrison-Grimes,UK Ltd,XB,804.58,1378.9,GBP,2026-06-29 18:12:00.000000,2026-06-29,1,0,0,0,0,0,0,1,high-risk country
P00094261,C0075,Harrison-Grimes,Netherlands BV,XB,815.08,1091.45,USD,2026-06-11 07:12:00.000000,2026-06-11,1,0,0,0,0,0,0,1,high-risk country
P00093738,C0075,Harrison-Grimes,US West Distribution,XB,818.68,1093.05,USD,2026-06-08 19:32:00.000000,2026-06-08,1,0,0,0,0,0,0,1,high-risk country
P00060980,C0075,Harrison-Grimes,Shanghai Mfg,XB,825.72,154.41,CNY,2025-10-21 22:35:00.000000,2025-10-21,1,0,0,0,0,0,0,1,high-risk country
P00095397,C0075,Harrison-Grimes,US West Distribution,XB,842.17,1120.7,USD,2026-06-18 10:56:00.000000,2026-06-18,1,0,0,0,0,1,1,3,"high-risk country, burst, off-hours"
P00023596,C0075,Harrison-Grimes,Germany GmbH,XB,843.39,1166.01,USD,2025-01-23 08:21:00.000000,2025-01-23,1,0,0,0,0,0,0,1,high-risk country
P00034530,C0075,Harrison-Grimes,US West Distribution,XB,845.17,1125.8,USD,2025-04-15 16:18:00.000000,2025-04-15,1,0,0,0,0,0,0,1,high-risk country
P00015912,C0075,Harrison-Grimes,US West Distribution,XB,846.87,1147.4,USD,2024-11-26 15:42:00.000000,2024-11-26,1,0,0,0,0,0,0,1,high-risk country
P00040474,C0075,Harrison-Grimes,Group Treasury HQ,XB,881.21,881.21,SGD,2025-05-29 06:02:00.000000,2025-05-29,1,0,0,0,0,0,0,1,high-risk country
P00015206,C0075,Harrison-Grimes,Shenzhen Sourcing,XB,881.48,162.6,CNY,2024-11-21 06:39:00.000000,2024-11-21,1,0,0,0,0,0,0,1,high-risk country
P00095352,C0075,Harrison-Grimes,UK Ltd,XB,882.22,1179.05,USD,2026-06-18 08:34:00.000000,2026-06-18,1,0,0,0,0,1,0,2,"high-risk country, burst"
P00094955,C0075,Harrison-Grimes,Shenzhen Sourcing,XB,883.92,164.64,CNY,2026-06-16 11:36:00.000000,2026-06-16,1,0,0,0,0,0,0,1,high-risk country
P00049032,C0075,Harrison-Grimes,US West Distribution,XB,887.06,1180.29,USD,2025-07-29 19:31:00.000000,2025-07-29,1,0,0,0,0,0,0,1,high-risk country
P00061512,C0075,Harrison-Grimes,US West Distribution,XB,892.16,1209.12,USD,2025-10-24 22:22:00.000000,2025-10-24,1,0,0,0,0,0,0,1,high-risk country
P00092402,C0075,Harrison-Grimes,Shanghai Mfg,XB,900.95,168.64,CNY,2026-05-29 06:58:00.000000,2026-05-29,1,0,0,0,0,0,0,1,high-risk country
P00057545,C0075,Harrison-Grimes,Shenzhen Sourcing,XB,918.44,171.01,CNY,2025-09-29 05:36:00.000000,2025-09-29,1,0,0,0,0,0,0,1,high-risk country
P00083574,C0075,Harrison-Grimes,US West Distribution,XB,920.51,1209.65,USD,2026-03-30 14:01:00.000000,2026-03-30,1,0,0,0,0,0,0,1,high-risk country
P00057923,C0075,Harrison-Grimes,SG Operations,XB,921.04,921.04,SGD,2025-09-30 04:32:00.000000,2025-09-30,1,0,0,0,0,0,0,1,high-risk country
P00057334,C0075,Harrison-Grimes,US Inc,XB,931.27,1261.98,USD,2025-09-25 14:38:00.000000,2025-09-25,1,0,0,0,0,0,0,1,high-risk country
P00064653,C0075,Harrison-Grimes,Germany GmbH,XB,944.3,1338.14,EUR,2025-11-17 11:54:00.000000,2025-11-17,1,0,0,0,0,0,0,1,high-risk country
P00067535,C0075,Harrison-Grimes,Shanghai Mfg,XB,947.6,176.07,CNY,2025-12-08 05:15:00.000000,2025-12-08,1,0,0,0,0,0,0,1,high-risk country
P00035026,C0075,Harrison-Grimes,Shanghai Mfg,XB,985.73,184.06,CNY,2025-04-21 03:08:00.000000,2025-04-21,1,0,0,0,0,0,0,1,high-risk country
P00084321,C0075,Harrison-Grimes,Shanghai Mfg,XB,991.12,183.12,CNY,2026-04-03 01:35:00.000000,2026-04-03,1,0,0,0,0,0,0,1,high-risk country
P00080797,C0075,Harrison-Grimes,US West Distribution,XB,993.26,1292.2,USD,2026-03-10 16:50:00.000000,2026-03-10,1,0,0,0,0,0,0,1,high-risk country
P00096665,C0075,Harrison-Grimes,Shanghai Mfg,XB,998.96,184.68,CNY,2026-06-29 03:34:00.000000,2026-06-29,1,0,0,0,0,0,0,1,high-risk country
P00083984,C0075,Harrison-Grimes,US Inc,XB,1000.11,1311.36,USD,2026-04-01 14:18:00.000000,2026-04-01,1,0,0,0,0,0,0,1,high-risk country
P00013489,C0075,Harrison-Grimes,US West Distribution,XB,1004.17,1368.17,USD,2024-11-07 14:20:00.000000,2024-11-07,1,0,0,0,0,0,0,1,high-risk country
P00054969,C0075,Harrison-Grimes,US Inc,XB,1013.34,1377.42,USD,2025-09-09 15:17:00.000000,2025-09-09,1,0,0,0,0,0,0,1,high-risk country
P00030089,C0075,Harrison-Grimes,US Inc,XB,1018.32,1396.18,USD,2025-03-13 14:17:00.000000,2025-03-13,1,0,0,0,0,0,0,1,high-risk country
P00008746,C0075,Harrison-Grimes,US West Distribution,XB,1027.38,1381.01,USD,2024-10-01 14:04:00.000000,2024-10-01,1,0,0,0,0,0,0,1,high-risk country
P00016545,C0075,Harrison-Grimes,Germany GmbH,XB,1052.1,1472.95,EUR,2024-12-02 13:45:00.000000,2024-12-02,1,0,0,0,0,0,0,1,high-risk country
P00083023,C0075,Harrison-Grimes,Germany GmbH,XB,1078.22,1428.44,USD,2026-03-26 08:23:00.000000,2026-03-26,1,0,0,0,0,0,0,1,high-risk country
P00071585,C0075,Harrison-Grimes,Shanghai Mfg,XB,1081.65,202.08,CNY,2026-01-05 11:04:00.000000,2026-01-05,1,0,0,0,0,0,0,1,high-risk country
P00028770,C0075,Harrison-Grimes,Shanghai Mfg,XB,1083.63,203.0,CNY,2025-03-05 02:54:00.000000,2025-03-05,1,0,0,0,0,0,0,1,high-risk country
P00026286,C0075,Harrison-Grimes,Netherlands BV,XB,1087.51,1512.48,USD,2025-02-13 09:21:00.000000,2025-02-13,1,0,0,0,0,1,0,2,"high-risk country, burst"
P00027057,C0075,Harrison-Grimes,Shenzhen Sourcing,XB,1104.88,206.07,CNY,2025-02-19 07:46:00.000000,2025-02-19,1,0,0,0,0,0,0,1,high-risk country
P00064738,C0075,Harrison-Grimes,US Inc,XB,1105.67,1456.0,USD,2025-11-17 22:03:00.000000,2025-11-17,1,0,0,0,0,0,0,1,high-risk country
P00019623,C0075,Harrison-Grimes,Shenzhen Sourcing,XB,1117.9,205.32,CNY,2024-12-24 23:55:00.000000,2024-12-24,1,0,0,0,0,0,0,1,high-risk country
P00099652,C0075,Harrison-Grimes,US West Distribution,XB,1120.76,1515.07,USD,2026-07-16 13:19:00.000000,2026-07-16,1,0,0,0,0,0,0,1,high-risk country
P00010672,C0075,Harrison-Grimes,UK Ltd,XB,1122.97,1924.98,GBP,2024-10-17 10:49:00.000000,2024-10-17,1,0,0,0,0,0,0,1,high-risk country
P00085948,C0075,Harrison-Grimes,Shanghai Mfg,XB,1143.52,213.54,CNY,2026-04-15 07:29:00.000000,2026-04-15,1,0,0,0,0,0,0,1,high-risk country
P00017424,C0075,Harrison-Grimes,SG Operations,XB,1148.79,1148.79,SGD,2024-12-09 11:06:00.000000,2024-12-09,1,0,0,0,0,0,0,1,high-risk country
P00070538,C0075,Harrison-Grimes,India Services,XB,1160.86,18.57,INR,2025-12-29 09:33:00.000000,2025-12-29,1,0,0,0,0,0,0,1,high-risk country
P00029405,C0075,Harrison-Grimes,Shanghai Mfg,XB,1164.61,218.06,CNY,2025-03-10 08:18:00.000000,2025-03-10,1,0,0,0,0,0,0,1,high-risk country
P00043345,C0075,Harrison-Grimes,UK Ltd,XB,1168.55,1540.77,USD,2025-06-19 08:19:00.000000,2025-06-19,1,0,0,0,0,0,0,1,high-risk country
P00025136,C0075,Harrison-Grimes,US West Distribution,XB,1180.53,1640.46,USD,2025-02-05 19:16:00.000000,2025-02-05,1,0,0,0,0,0,0,1,high-risk country
P00056872,C0075,Harrison-Grimes,Shanghai Mfg,XB,1200.03,223.51,CNY,2025-09-23 08:55:00.000000,2025-09-23,1,0,0,0,0,0,0,1,high-risk country
P00052422,C0075,Harrison-Grimes,SG Operations,XB,1213.02,1213.02,SGD,2025-08-22 04:10:00.000000,2025-08-22,1,0,0,0,0,0,0,1,high-risk country
P00096456,C0075,Harrison-Grimes,US West Distribution,XB,1237.05,1652.11,USD,2026-06-25 13:34:00.000000,2026-06-25,1,0,0,0,0,1,0,2,"high-risk country, burst"
P00038844,C0075,Harrison-Grimes,Shanghai Mfg,XB,1242.97,232.43,CNY,2025-05-19 05:37:00.000000,2025-05-19,1,0,0,0,0,0,0,1,high-risk country
P00021775,C0075,Harrison-Grimes,US Inc,XB,1271.13,1750.41,USD,2025-01-09 14:44:00.000000,2025-01-09,1,0,0,0,0,0,0,1,high-risk country
P00099159,C0075,Harrison-Grimes,Shenzhen Sourcing,XB,1281.46,237.63,CNY,2026-07-14 07:19:00.000000,2026-07-14,1,0,0,0,0,0,0,1,high-risk country
P00076868,C0075,Harrison-Grimes,Shanghai Mfg,XB,1283.18,237.01,CNY,2026-02-11 05:04:00.000000,2026-02-11,1,0,0,0,0,0,0,1,high-risk country
P00050443,C0075,Harrison-Grimes,Shenzhen Sourcing,XB,1299.71,243.61,CNY,2025-08-08 03:42:00.000000,2025-08-08,1,0,0,0,0,0,0,1,high-risk country
P00108835,C0075,Harrison-Grimes,Shanghai Mfg,XB,1321.53,1807.79,USD,2026-09-15 01:41:00.000000,2026-09-15,1,0,0,0,0,0,0,1,high-risk country
P00109443,C0075,Harrison-Grimes,Shanghai Mfg,XB,1326.78,248.43,CNY,2026-09-17 10:56:00.000000,2026-09-17,1,0,0,0,0,0,0,1,high-risk country
P00042364,C0075,Harrison-Grimes,US West Distribution,XB,1332.75,1767.82,USD,2025-06-12 13:52:00.000000,2025-06-12,1,0,0,0,0,0,0,1,high-risk country
P00065469,C0075,Harrison-Grimes,Shanghai Mfg,XB,1343.42,249.6,CNY,2025-11-24 02:37:00.000000,2025-11-24,1,0,0,0,0,0,0,1,high-risk country
P00070439,C0075,Harrison-Grimes,Shanghai Mfg,XB,1348.62,252.48,CNY,2025-12-29 04:58:00.000000,2025-12-29,1,0,0,0,0,0,0,1,high-risk country
P00094008,C0075,Harrison-Grimes,Shanghai Mfg,XB,1360.82,255.14,CNY,2026-06-10 02:23:00.000000,2026-06-10,1,0,0,0,0,0,0,1,high-risk country
P00054120,C0075,Harrison-Grimes,UK Ltd,XB,1363.86,2289.48,GBP,2025-09-03 16:39:00.000000,2025-09-03,1,0,0,0,0,0,0,1,high-risk country
P00069020,C0075,Harrison-Grimes,Germany GmbH,XB,1390.68,1956.21,EUR,2025-12-17 08:29:00.000000,2025-12-17,1,0,0,0,0,0,0,1,high-risk country
P00095153,C0075,Harrison-Grimes,UK Ltd,XB,1410.23,1884.71,USD,2026-06-18 01:00:00.000000,2026-06-18,1,0,0,0,0,1,1,3,"high-risk country, burst, off-hours"
P00096448,C0075,Harrison-Grimes,US West Distribution,XB,1428.23,1907.44,USD,2026-06-25 13:24:00.000000,2026-06-25,1,0,0,0,0,1,0,2,"high-risk country, burst"
P00066850,C0075,Harrison-Grimes,Shanghai Mfg,XB,1456.01,271.14,CNY,2025-12-02 08:13:00.000000,2025-12-02,1,0,0,0,0,0,0,1,high-risk country
P00011496,C0075,Harrison-Grimes,Netherlands BV,XB,1457.12,1971.97,USD,2024-10-24 07:51:00.000000,2024-10-24,1,0,0,0,0,0,0,1,high-risk country
P00039472,C0075,Harrison-Grimes,UK Ltd,XB,1458.58,1966.09,USD,2025-05-22 08:11:00.000000,2025-05-22,1,0,0,0,0,0,0,1,high-risk country
P00026341,C0075,Harrison-Grimes,UK Ltd,XB,1474.89,2051.23,USD,2025-02-13 10:56:00.000000,2025-02-13,1,0,0,0,0,1,0,2,"high-risk country, burst"
P00109760,C0075,Harrison-Grimes,Shenzhen Sourcing,XB,1475.58,276.38,CNY,2026-09-21 07:41:00.000000,2026-09-21,1,0,0,0,0,0,0,1,high-risk country
P00034080,C0075,Harrison-Grimes,US Inc,XB,1481.88,1978.97,USD,2025-04-11 18:23:00.000000,2025-04-11,1,0,0,0,0,0,0,1,high-risk country
P00085773,C0075,Harrison-Grimes,UK Ltd,XB,1484.71,1967.36,USD,2026-04-14 08:45:00.000000,2026-04-14,1,0,0,0,0,0,0,1,high-risk country
P00080045,C0075,Harrison-Grimes,Germany GmbH,XB,1527.55,2013.96,USD,2026-03-05 09:22:00.000000,2026-03-05,1,0,0,0,0,0,0,1,high-risk country
P00057558,C0075,Harrison-Grimes,Shanghai Mfg,XB,1538.69,286.5,CNY,2025-09-29 06:08:00.000000,2025-09-29,1,0,0,0,0,0,0,1,high-risk country
P00039593,C0075,Harrison-Grimes,US West Distribution,XB,1556.68,2077.61,USD,2025-05-22 17:43:00.000000,2025-05-22,1,0,0,0,0,0,0,1,high-risk country
P00088142,C0075,Harrison-Grimes,Shanghai Mfg,XB,1572.43,294.47,CNY,2026-04-30 02:28:00.000000,2026-04-30,1,0,0,0,0,0,0,1,high-risk country
P00017896,C0075,Harrison-Grimes,Shenzhen Sourcing,XB,1574.52,2150.03,USD,2024-12-12 02:47:00.000000,2024-12-12,1,0,0,0,0,0,0,1,high-risk country
P00038608,C0075,Harrison-Grimes,US Inc,XB,1580.88,2143.47,USD,2025-05-15 13:19:00.000000,2025-05-15,1,0,0,0,0,0,0,1,high-risk country
P00079706,C0075,Harrison-Grimes,US West Distribution,XB,1622.98,2142.2,USD,2026-03-03 14:27:00.000000,2026-03-03,1,0,0,0,0,0,0,1,high-risk country
P00020444,C0075,Harrison-Grimes,US West Distribution,XB,1624.37,2224.56,USD,2024-12-31 18:45:00.000000,2024-12-31,1,0,0,0,0,0,0,1,high-risk country
P00086549,C0075,Harrison-Grimes,Shanghai Mfg,XB,1625.41,304.27,CNY,2026-04-20 08:26:00.000000,2026-04-20,1,0,0,0,0,0,0,1,high-risk country
P00067781,C0075,Harrison-Grimes,Shanghai Mfg,XB,1628.03,303.21,CNY,2025-12-09 06:17:00.000000,2025-12-09,1,0,0,0,0,0,0,1,high-risk country
P00063989,C0075,Harrison-Grimes,India Services,XB,1639.52,26.37,INR,2025-11-12 09:26:00.000000,2025-11-12,1,0,0,0,0,0,0,1,high-risk country
P00086067,C0075,Harrison-Grimes,Shanghai Mfg,XB,1718.05,2276.73,USD,2026-04-16 02:58:00.000000,2026-04-16,1,0,0,0,0,0,0,1,high-risk country
P00042333,C0075,Harrison-Grimes,Shanghai Mfg,XB,1739.72,326.71,CNY,2025-06-12 11:17:00.000000,2025-06-12,1,0,0,0,0,0,0,1,high-risk country
P00069499,C0075,Harrison-Grimes,US West Distribution,XB,1743.96,2266.89,USD,2025-12-19 19:28:00.000000,2025-12-19,1,0,0,0,0,0,0,1,high-risk country
P00093122,C0075,Harrison-Grimes,Shanghai Mfg,XB,1752.33,2351.21,USD,2026-06-04 01:39:00.000000,2026-06-04,1,0,0,0,0,0,0,1,high-risk country
P00074411,C0075,Harrison-Grimes,US Inc,XB,1759.16,2339.04,USD,2026-01-23 15:51:00.000000,2026-01-23,1,0,0,0,0,0,0,1,high-risk country
P00017921,C0075,Harrison-Grimes,India Services,XB,1794.39,2450.26,USD,2024-12-12 05:00:00.000000,2024-12-12,1,0,0,0,0,0,0,1,high-risk country
P00047232,C0075,Harrison-Grimes,Netherlands BV,XB,1820.44,2421.0,USD,2025-07-17 08:07:00.000000,2025-07-17,1,0,0,0,0,0,0,1,high-risk country
P00059831,C0075,Harrison-Grimes,Netherlands BV,XB,1824.27,2471.78,USD,2025-10-14 08:12:00.000000,2025-10-14,1,0,0,0,0,0,0,1,high-risk country
P00104495,C0075,Harrison-Grimes,India Services,XB,1827.58,2467.05,USD,2026-08-18 04:58:00.000000,2026-08-18,1,0,0,0,0,0,0,1,high-risk country
P00049702,C0075,Harrison-Grimes,Shanghai Mfg,XB,1852.08,346.2,CNY,2025-08-04 09:03:00.000000,2025-08-04,1,0,0,0,0,0,0,1,high-risk country
P00104668,C0075,Harrison-Grimes,Shanghai Mfg,XB,1853.84,348.55,CNY,2026-08-19 00:55:00.000000,2026-08-19,1,0,0,0,0,0,0,1,high-risk country
P00023921,C0075,Harrison-Grimes,Shenzhen Sourcing,XB,1854.64,342.63,CNY,2025-01-27 08:35:00.000000,2025-01-27,1,0,0,0,0,0,0,1,high-risk country
P00101652,C0075,Harrison-Grimes,Shanghai Mfg,XB,1855.68,347.79,CNY,2026-07-30 03:29:00.000000,2026-07-30,1,0,0,0,0,0,0,1,high-risk country
P00080399,C0075,Harrison-Grimes,Shenzhen Sourcing,XB,1881.87,350.78,CNY,2026-03-09 06:17:00.000000,2026-03-09,1,0,0,0,0,0,0,1,high-risk country
P00034854,C0075,Harrison-Grimes,UK Ltd,XB,1968.7,2622.39,USD,2025-04-17 08:56:00.000000,2025-04-17,1,0,0,0,0,0,0,1,high-risk country
P00073797,C0075,Harrison-Grimes,SG Operations,XB,1974.96,2625.61,USD,2026-01-20 02:48:00.000000,2026-01-20,1,0,0,0,0,0,0,1,high-risk country
P00074153,C0075,Harrison-Grimes,Shenzhen Sourcing,XB,1980.5,2632.34,USD,2026-01-22 02:14:00.000000,2026-01-22,1,0,0,0,0,0,0,1,high-risk country
P00049223,C0075,Harrison-Grimes,Shanghai Mfg,XB,2030.0,2701.03,USD,2025-07-31 02:31:00.000000,2025-07-31,1,0,0,0,0,0,0,1,high-risk country
P00010366,C0075,Harrison-Grimes,US West Distribution,XB,2057.39,2752.2,USD,2024-10-15 19:09:00.000000,2024-10-15,1,0,0,0,0,0,0,1,high-risk country
P00025159,C0075,Harrison-Grimes,Shenzhen Sourcing,XB,2069.6,2875.9,USD,2025-02-06 01:12:00.000000,2025-02-06,1,0,0,0,0,0,0,1,high-risk country
P00080507,C0075,Harrison-Grimes,Netherlands BV,XB,2086.71,2993.48,EUR,2026-03-09 12:00:00.000000,2026-03-09,1,0,0,0,0,0,0,1,high-risk country
P00054984,C0075,Harrison-Grimes,Shenzhen Sourcing,XB,2106.65,393.07,CNY,2025-09-09 23:45:00.000000,2025-09-09,1,0,0,0,0,0,0,1,high-risk country
P00026297,C0075,Harrison-Grimes,Germany GmbH,XB,2120.79,2949.53,USD,2025-02-13 09:34:00.000000,2025-02-13,1,0,0,0,0,1,0,2,"high-risk country, burst"
P00037369,C0075,Harrison-Grimes,Netherlands BV,XB,2130.84,3059.26,EUR,2025-05-06 13:47:00.000000,2025-05-06,1,0,0,0,0,0,0,1,high-risk country
P00017945,C0075,Harrison-Grimes,Shanghai Mfg,XB,2131.05,390.09,CNY,2024-12-12 07:41:00.000000,2024-12-12,1,0,0,0,0,0,0,1,high-risk country
P00020277,C0075,Harrison-Grimes,Shanghai Mfg,XB,2155.26,394.83,CNY,2024-12-31 04:07:00.000000,2024-12-31,1,0,0,0,0,0,0,1,high-risk country
P00087933,C0075,Harrison-Grimes,Shanghai Mfg,XB,2158.7,404.02,CNY,2026-04-29 04:43:00.000000,2026-04-29,1,0,0,0,0,0,0,1,high-risk country
P00009430,C0075,Harrison-Grimes,UK Ltd,XB,2193.22,2924.31,USD,2024-10-08 08:36:00.000000,2024-10-08,1,0,0,0,0,0,0,1,high-risk country
P00012574,C0075,Harrison-Grimes,US West Distribution,XB,2201.7,3005.71,USD,2024-10-31 14:57:00.000000,2024-10-31,1,0,0,0,0,0,0,1,high-risk country
P00052269,C0075,Harrison-Grimes,Germany GmbH,XB,2256.48,3062.71,USD,2025-08-21 08:35:00.000000,2025-08-21,1,0,0,0,0,0,0,1,high-risk country
P00076255,C0075,Harrison-Grimes,US West Distribution,XB,2257.66,2996.21,USD,2026-02-05 15:40:00.000000,2026-02-05,1,0,0,0,0,0,0,1,high-risk country
P00095440,C0075,Harrison-Grimes,US West Distribution,XB,2259.17,3013.12,USD,2026-06-18 13:56:00.000000,2026-06-18,1,0,0,0,0,1,0,2,"high-risk country, burst"
P00108170,C0075,Harrison-Grimes,Shanghai Mfg,XB,2280.86,427.53,CNY,2026-09-10 04:14:00.000000,2026-09-10,1,0,0,0,0,0,0,1,high-risk country
P00025384,C0075,Harrison-Grimes,US West Distribution,XB,2284.84,3175.0,USD,2025-02-06 14:41:00.000000,2025-02-06,1,0,0,0,0,0,0,1,high-risk country
P00038890,C0075,Harrison-Grimes,Shanghai Mfg,XB,2310.72,432.1,CNY,2025-05-19 07:47:00.000000,2025-05-19,1,0,0,0,0,0,0,1,high-risk country
P00035822,C0075,Harrison-Grimes,US West Distribution,XB,2341.24,3153.91,USD,2025-04-24 13:54:00.000000,2025-04-24,1,0,0,0,0,0,0,1,high-risk country
P00050806,C0075,Harrison-Grimes,SG Operations,XB,2349.81,2349.81,SGD,2025-08-12 01:42:00.000000,2025-08-12,1,0,0,0,0,0,0,1,high-risk country
P00086061,C0075,Harrison-Grimes,SG Operations,XB,2386.81,3162.96,USD,2026-04-16 02:42:00.000000,2026-04-16,1,0,0,0,0,0,0,1,high-risk country
P00084275,C0075,Harrison-Grimes,US West Distribution,XB,2388.91,3132.38,USD,2026-04-02 13:50:00.000000,2026-04-02,1,0,0,0,0,0,0,1,high-risk country
P00042879,C0075,Harrison-Grimes,Shenzhen Sourcing,XB,2392.42,446.45,CNY,2025-06-17 06:27:00.000000,2025-06-17,1,0,0,0,0,1,0,2,"high-risk country, burst"
P00023685,C0075,Harrison-Grimes,US West Distribution,XB,2397.07,3292.59,USD,2025-01-23 18:10:00.000000,2025-01-23,1,0,0,0,0,0,0,1,high-risk country
P00022722,C0075,Harrison-Grimes,US West Distribution,XB,2402.8,3317.98,USD,2025-01-16 14:13:00.000000,2025-01-16,1,0,0,0,0,0,0,1,high-risk country
P00055037,C0075,Harrison-Grimes,Shanghai Mfg,XB,2410.84,449.97,CNY,2025-09-10 08:41:00.000000,2025-09-10,1,0,0,0,0,0,0,1,high-risk country
P00023974,C0075,Harrison-Grimes,India Services,XB,2426.66,39.47,INR,2025-01-27 12:25:00.000000,2025-01-27,1,0,0,0,0,0,0,1,high-risk country
P00047284,C0075,Harrison-Grimes,UK Ltd,XB,2462.69,4176.82,GBP,2025-07-17 09:26:00.000000,2025-07-17,1,0,0,0,0,0,0,1,high-risk country
P00051889,C0075,Harrison-Grimes,Netherlands BV,XB,2504.56,3418.24,USD,2025-08-19 08:09:00.000000,2025-08-19,1,0,0,0,0,0,0,1,high-risk country
P00085206,C0075,Harrison-Grimes,US West Distribution,XB,2508.62,3312.23,USD,2026-04-09 14:39:00.000000,2026-04-09,1,0,0,0,0,0,0,1,high-risk country
P00100475,C0075,Harrison-Grimes,SG Operations,XB,2536.72,3450.61,USD,2026-07-23 01:39:00.000000,2026-07-23,1,0,0,0,0,0,0,1,high-risk country
P00060128,C0075,Harrison-Grimes,Shanghai Mfg,XB,2590.57,3522.03,USD,2025-10-16 01:47:00.000000,2025-10-16,1,0,0,0,0,1,0,2,"high-risk country, burst"
P00023855,C0075,Harrison-Grimes,Shenzhen Sourcing,XB,2663.08,491.98,CNY,2025-01-27 03:41:00.000000,2025-01-27,1,0,0,0,0,0,0,1,high-risk country
P00008970,C0075,Harrison-Grimes,US West Distribution,XB,2721.18,3646.54,USD,2024-10-03 14:05:00.000000,2024-10-03,1,0,0,0,0,0,0,1,high-risk country
P00050370,C0075,Harrison-Grimes,US West Distribution,XB,2780.85,3744.41,USD,2025-08-07 13:56:00.000000,2025-08-07,1,0,0,0,0,0,0,1,high-risk country
P00073355,C0075,Harrison-Grimes,US Inc,XB,2795.15,3696.88,USD,2026-01-15 14:58:00.000000,2026-01-15,1,0,0,0,0,0,0,1,high-risk country
P00033413,C0075,Harrison-Grimes,Shenzhen Sourcing,XB,2802.65,520.3,CNY,2025-04-08 04:46:00.000000,2025-04-08,1,0,0,0,0,0,0,1,high-risk country
P00058526,C0075,Harrison-Grimes,Shenzhen Sourcing,XB,2823.8,3819.96,USD,2025-10-04 05:11:00.000000,2025-10-04,1,0,0,0,0,0,0,1,high-risk country
P00077223,C0075,Harrison-Grimes,UK Ltd,XB,2826.93,3757.84,USD,2026-02-12 09:19:00.000000,2026-02-12,1,0,0,0,0,0,0,1,high-risk country
P00025964,C0075,Harrison-Grimes,US Inc,XB,2848.25,3966.32,USD,2025-02-11 15:08:00.000000,2025-02-11,1,0,0,0,0,0,0,1,high-risk country
P00089759,C0075,Harrison-Grimes,Netherlands BV,XB,2851.15,3770.3,USD,2026-05-12 07:29:00.000000,2026-05-12,1,0,0,0,0,0,0,1,high-risk country
P00072292,C0075,Harrison-Grimes,US West Distribution,XB,2874.32,3799.63,USD,2026-01-08 15:48:00.000000,2026-01-08,1,0,0,0,0,0,0,1,high-risk country
P00034906,C0075,Harrison-Grimes,US West Distribution,XB,2948.7,3927.79,USD,2025-04-17 14:18:00.000000,2025-04-17,1,0,0,0,0,0,0,1,high-risk country
P00034966,C0075,Harrison-Grimes,Shanghai Mfg,XB,2961.07,552.38,CNY,2025-04-18 06:09:00.000000,2025-04-18,1,0,0,0,0,0,0,1,high-risk country
P00074831,C0075,Harrison-Grimes,US Inc,XB,3003.84,3994.01,USD,2026-01-27 14:26:00.000000,2026-01-27,1,0,0,0,0,0,0,1,high-risk country
P00054010,C0075,Harrison-Grimes,Shenzhen Sourcing,XB,3017.73,564.39,CNY,2025-09-03 02:33:00.000000,2025-09-03,1,0,0,0,0,0,0,1,high-risk country
P00096359,C0075,Harrison-Grimes,Germany Sales Office,XB,3022.11,4025.88,USD,2026-06-25 08:20:00.000000,2026-06-25,1,0,0,0,0,1,0,2,"high-risk country, burst"
P00010525,C0075,Harrison-Grimes,SG Operations,XB,3096.31,4163.13,USD,2024-10-17 01:47:00.000000,2024-10-17,1,0,0,0,0,0,0,1,high-risk country
P00053859,C0075,Harrison-Grimes,UK Ltd,XB,3097.18,5211.8,GBP,2025-09-02 08:21:00.000000,2025-09-02,1,0,0,0,0,0,0,1,high-risk country
P00040203,C0075,Harrison-Grimes,US West Distribution,XB,3109.35,4149.86,USD,2025-05-27 13:50:00.000000,2025-05-27,1,0,0,0,0,0,0,1,high-risk country
P00075146,C0075,Harrison-Grimes,Netherlands BV,XB,3130.15,4131.7,USD,2026-01-29 09:30:00.000000,2026-01-29,1,0,0,0,0,0,0,1,high-risk country
P00083712,C0075,Harrison-Grimes,Shanghai Mfg,XB,3143.05,582.54,CNY,2026-03-31 05:24:00.000000,2026-03-31,1,0,0,0,0,0,0,1,high-risk country
P00065069,C0075,Harrison-Grimes,SG Operations,XB,3145.97,4144.17,USD,2025-11-20 01:16:00.000000,2025-11-20,1,0,0,0,0,0,0,1,high-risk country
P00043022,C0075,Harrison-Grimes,US West Distribution,XB,3146.31,4164.45,USD,2025-06-17 14:18:00.000000,2025-06-17,1,0,0,0,0,1,0,2,"high-risk country, burst"
P00079915,C0075,Harrison-Grimes,Shenzhen Sourcing,XB,3181.06,4193.98,USD,2026-03-05 01:55:00.000000,2026-03-05,1,0,0,0,0,0,0,1,high-risk country
P00010639,C0075,Harrison-Grimes,Germany Sales Office,XB,3189.78,4267.02,USD,2024-10-17 08:33:00.000000,2024-10-17,1,0,0,0,0,0,0,1,high-risk country
P00009708,C0075,Harrison-Grimes,India Services,XB,3203.47,4260.83,USD,2024-10-10 04:52:00.000000,2024-10-10,1,0,0,0,0,0,0,1,high-risk country
P00081650,C0075,Harrison-Grimes,Shanghai Mfg,XB,3243.96,604.12,CNY,2026-03-17 03:04:00.000000,2026-03-17,1,0,0,0,0,0,0,1,high-risk country
P00102503,C0075,Harrison-Grimes,US West Distribution,XB,3257.55,4348.21,USD,2026-08-04 13:11:00.000000,2026-08-04,1,0,0,0,0,0,0,1,high-risk country
P00055337,C0075,Harrison-Grimes,US Inc,XB,3260.28,4404.98,USD,2025-09-11 13:35:00.000000,2025-09-11,1,0,0,0,0,0,0,1,high-risk country
P00014274,C0075,Harrison-Grimes,Germany GmbH,XB,3260.65,4424.81,USD,2024-11-14 08:35:00.000000,2024-11-14,1,0,0,0,0,0,0,1,high-risk country
P00063199,C0075,Harrison-Grimes,India Services,XB,3267.95,4398.59,USD,2025-11-06 05:09:00.000000,2025-11-06,1,0,0,0,0,0,0,1,high-risk country
P00101364,C0075,Harrison-Grimes,US West Distribution,XB,3277.18,4395.35,USD,2026-07-28 14:19:00.000000,2026-07-28,1,0,0,0,0,0,0,1,high-risk country
P00055340,C0075,Harrison-Grimes,US West Distribution,XB,3287.42,4441.65,USD,2025-09-11 13:45:00.000000,2025-09-11,1,0,0,0,0,0,0,1,high-risk country
P00043355,C0075,Harrison-Grimes,Netherlands BV,XB,3296.44,4346.46,USD,2025-06-19 08:38:00.000000,2025-06-19,1,0,0,0,0,0,0,1,high-risk country
P00091532,C0075,Harrison-Grimes,India Services,XB,3310.05,53.74,INR,2026-05-25 06:53:00.000000,2026-05-25,1,0,0,0,0,0,0,1,high-risk country
P00097074,C0075,Harrison-Grimes,SG Operations,XB,3324.44,3324.44,SGD,2026-06-30 07:44:00.000000,2026-06-30,1,0,0,0,0,0,0,1,high-risk country
P00062006,C0075,Harrison-Grimes,US West Distribution,XB,3366.7,4579.8,USD,2025-10-28 13:47:00.000000,2025-10-28,1,0,0,0,0,0,0,1,high-risk country
P00094927,C0075,Harrison-Grimes,Netherlands BV,XB,3413.28,4577.4,USD,2026-06-16 08:57:00.000000,2026-06-16,1,0,0,0,0,0,0,1,high-risk country
P00089129,C0075,Harrison-Grimes,Netherlands BV,XB,3415.78,4562.41,USD,2026-05-07 07:48:00.000000,2026-05-07,1,0,0,0,0,0,0,1,high-risk country
P00037897,C0075,Harrison-Grimes,Shanghai Mfg,XB,3451.68,643.81,CNY,2025-05-12 00:37:00.000000,2025-05-12,1,0,0,0,0,0,0,1,high-risk country
P00018921,C0075,Harrison-Grimes,UK Ltd,XB,3498.27,4774.3,USD,2024-12-19 10:52:00.000000,2024-12-19,1,0,0,0,0,0,0,1,high-risk country
P00016708,C0075,Harrison-Grimes,UK Ltd,XB,3528.66,4792.18,USD,2024-12-03 09:38:00.000000,2024-12-03,1,0,0,0,0,0,0,1,high-risk country
P00097510,C0075,Harrison-Grimes,Germany GmbH,XB,3572.7,4753.05,USD,2026-07-02 08:16:00.000000,2026-07-02,1,0,0,0,0,0,0,1,high-risk country
P00028258,C0075,Harrison-Grimes,UK Ltd,XB,3577.5,4979.33,USD,2025-02-27 16:11:00.000000,2025-02-27,1,0,0,0,0,0,0,1,high-risk country
P00062899,C0075,Harrison-Grimes,India Services,XB,3612.25,4897.38,USD,2025-11-04 05:06:00.000000,2025-11-04,1,0,0,0,0,0,0,1,high-risk country
P00024399,C0075,Harrison-Grimes,US West Distribution,XB,3619.8,4961.63,USD,2025-01-30 14:14:00.000000,2025-01-30,1,0,0,0,0,0,0,1,high-risk country
P00100466,C0075,Harrison-Grimes,Shenzhen Sourcing,XB,3626.69,4933.26,USD,2026-07-23 01:26:00.000000,2026-07-23,1,0,0,0,0,0,0,1,high-risk country
P00107069,C0075,Harrison-Grimes,Shenzhen Sourcing,XB,3649.65,4974.69,USD,2026-09-03 02:02:00.000000,2026-09-03,1,0,0,0,0,0,0,1,high-risk country
P00080668,C0075,Harrison-Grimes,Shanghai Mfg,XB,3654.24,681.17,CNY,2026-03-10 07:12:00.000000,2026-03-10,1,0,0,0,0,0,0,1,high-risk country
P00102707,C0075,Harrison-Grimes,SG Operations,XB,3657.64,4891.03,USD,2026-08-06 02:25:00.000000,2026-08-06,1,0,0,0,0,0,0,1,high-risk country
P00011575,C0075,Harrison-Grimes,US West Distribution,XB,3666.11,4961.47,USD,2024-10-24 13:29:00.000000,2024-10-24,1,0,0,0,0,0,0,1,high-risk country
P00029622,C0075,Harrison-Grimes,India Services,XB,3676.93,59.65,INR,2025-03-11 05:41:00.000000,2025-03-11,1,0,0,0,0,0,0,1,high-risk country
P00024789,C0075,Harrison-Grimes,SG Operations,XB,3679.94,5083.09,USD,2025-02-04 02:48:00.000000,2025-02-04,1,0,0,0,0,0,0,1,high-risk country
P00066290,C0075,Harrison-Grimes,Netherlands BV,XB,3704.94,4936.21,USD,2025-11-27 09:35:00.000000,2025-11-27,1,0,0,0,0,0,0,1,high-risk country
P00041341,C0075,Harrison-Grimes,Germany Sales Office,XB,3737.69,4887.22,USD,2025-06-05 07:41:00.000000,2025-06-05,1,0,0,0,0,0,0,1,high-risk country
P00072737,C0075,Harrison-Grimes,SG Operations,XB,3747.38,4939.26,USD,2026-01-13 01:11:00.000000,2026-01-13,1,0,0,0,0,0,0,1,high-risk country
P00081836,C0075,Harrison-Grimes,Shanghai Mfg,XB,3771.9,702.62,CNY,2026-03-18 02:49:00.000000,2026-03-18,1,0,0,0,0,0,0,1,high-risk country
P00073900,C0075,Harrison-Grimes,Netherlands BV,XB,3788.09,5045.13,USD,2026-01-20 09:56:00.000000,2026-01-20,1,0,0,0,0,0,0,1,high-risk country
P00023420,C0075,Harrison-Grimes,Shanghai Mfg,XB,3796.85,5249.26,USD,2025-01-23 01:35:00.000000,2025-01-23,1,0,0,0,0,0,0,1,high-risk country
P00013527,C0075,Harrison-Grimes,US West Distribution,XB,3798.28,5181.39,USD,2024-11-07 15:56:00.000000,2024-11-07,1,0,0,0,0,0,0,1,high-risk country
P00031539,C0075,Harrison-Grimes,UK Ltd,XB,3839.51,5239.29,USD,2025-03-25 10:36:00.000000,2025-03-25,1,0,0,0,0,0,0,1,high-risk country
P00095478,C0075,Harrison-Grimes,US West Distribution,XB,3857.29,5143.22,USD,2026-06-18 19:57:00.000000,2026-06-18,1,0,0,0,1,1,0,3,"high-risk country, duplicate, burst"
P00095480,C0075,Harrison-Grimes,US West Distribution,XB,3857.29,5133.0,USD,2026-06-18 20:23:00.000000,2026-06-18,1,0,0,0,1,1,0,3,"high-risk country, duplicate, burst"
P00076977,C0075,Harrison-Grimes,Shanghai Mfg,XB,3864.26,5144.35,USD,2026-02-12 01:05:00.000000,2026-02-12,1,0,0,0,0,0,0,1,high-risk country
P00013354,C0075,Harrison-Grimes,India Services,XB,3877.12,5288.94,USD,2024-11-07 04:12:00.000000,2024-11-07,1,0,0,0,0,0,0,1,high-risk country
P00054387,C0075,Harrison-Grimes,US Inc,XB,3895.98,5299.73,USD,2025-09-04 14:56:00.000000,2025-09-04,1,0,0,0,0,0,0,1,high-risk country
P00037285,C0075,Harrison-Grimes,Germany Sales Office,XB,3901.28,5260.58,USD,2025-05-06 07:32:00.000000,2025-05-06,1,0,0,0,0,0,0,1,high-risk country
P00089583,C0075,Harrison-Grimes,India Services,XB,3957.73,63.82,INR,2026-05-11 11:59:00.000000,2026-05-11,1,0,0,0,0,0,0,1,high-risk country
P00011851,C0075,Harrison-Grimes,India Services,XB,3968.67,63.36,INR,2024-10-28 07:29:00.000000,2024-10-28,1,0,0,0,0,0,0,1,high-risk country
P00070055,C0075,Harrison-Grimes,US West Distribution,XB,3997.58,5229.43,USD,2025-12-23 14:51:00.000000,2025-12-23,1,0,0,0,0,0,0,1,high-risk country
P00046823,C0075,Harrison-Grimes,SG Operations,XB,4015.51,4015.51,SGD,2025-07-15 08:31:00.000000,2025-07-15,1,0,0,0,0,0,0,1,high-risk country
P00035303,C0075,Harrison-Grimes,Germany GmbH,XB,4018.1,5380.67,USD,2025-04-22 07:17:00.000000,2025-04-22,1,0,0,0,0,0,0,1,high-risk country
P00098171,C0075,Harrison-Grimes,US West Distribution,XB,4026.9,5389.46,USD,2026-07-07 13:01:00.000000,2026-07-07,1,0,0,0,0,0,0,1,high-risk country
P00048425,C0075,Harrison-Grimes,Germany GmbH,XB,4040.05,5872.02,EUR,2025-07-24 15:55:00.000000,2025-07-24,1,0,0,0,0,0,0,1,high-risk country
P00071551,C0075,Harrison-Grimes,India Services,XB,4051.6,65.2,INR,2026-01-05 09:30:00.000000,2026-01-05,1,0,0,0,0,0,0,1,high-risk country
P00045994,C0075,Harrison-Grimes,Shanghai Mfg,XB,4082.69,765.13,CNY,2025-07-09 05:42:00.000000,2025-07-09,1,0,0,0,0,0,0,1,high-risk country
P00095419,C0075,Harrison-Grimes,US West Distribution,XB,4093.78,5459.99,USD,2026-06-18 13:13:00.000000,2026-06-18,1,0,0,0,0,1,0,2,"high-risk country, burst"
P00059805,C0075,Harrison-Grimes,Germany Sales Office,XB,4120.83,5583.49,USD,2025-10-14 07:21:00.000000,2025-10-14,1,0,0,0,0,0,0,1,high-risk country
P00054329,C0075,Harrison-Grimes,UK Ltd,XB,4125.99,6943.04,GBP,2025-09-04 10:32:00.000000,2025-09-04,1,0,0,0,0,0,0,1,high-risk country
P00037896,C0075,Harrison-Grimes,Shanghai Mfg,XB,4149.24,773.92,CNY,2025-05-12 00:23:00.000000,2025-05-12,1,0,0,0,0,0,0,1,high-risk country
P00040495,C0075,Harrison-Grimes,India Services,XB,4175.05,67.24,INR,2025-05-29 07:50:00.000000,2025-05-29,1,0,0,0,0,0,0,1,high-risk country
P00102499,C0075,Harrison-Grimes,US Inc,XB,4180.3,5579.9,USD,2026-08-04 13:05:00.000000,2026-08-04,1,0,0,0,0,0,0,1,high-risk country
P00106117,C0075,Harrison-Grimes,UK Ltd,XB,4193.35,5654.04,USD,2026-08-27 09:22:00.000000,2026-08-27,1,0,0,0,0,0,0,1,high-risk country
P00088919,C0075,Harrison-Grimes,India Services,XB,4216.06,67.88,INR,2026-05-06 09:32:00.000000,2026-05-06,1,0,0,0,0,0,0,1,high-risk country
P00060000,C0075,Harrison-Grimes,Shanghai Mfg,XB,4230.76,790.3,CNY,2025-10-15 04:41:00.000000,2025-10-15,1,0,0,0,0,0,0,1,high-risk country
P00073287,C0075,Harrison-Grimes,Germany GmbH,XB,4238.33,5623.86,USD,2026-01-15 09:35:00.000000,2026-01-15,1,0,0,0,0,0,0,1,high-risk country
P00012310,C0075,Harrison-Grimes,Shanghai Mfg,XB,4245.74,778.29,CNY,2024-10-30 05:08:00.000000,2024-10-30,1,0,0,0,0,0,0,1,high-risk country
P00081789,C0075,Harrison-Grimes,US West Distribution,XB,4256.43,5600.43,USD,2026-03-17 15:07:00.000000,2026-03-17,1,0,0,0,0,0,0,1,high-risk country
P00088197,C0075,Harrison-Grimes,India Services,XB,4305.42,69.12,INR,2026-04-30 05:27:00.000000,2026-04-30,1,0,0,0,0,0,0,1,high-risk country
P00089721,C0075,Harrison-Grimes,India Services,XB,4358.4,5763.45,USD,2026-05-12 05:14:00.000000,2026-05-12,1,0,0,0,0,0,0,1,high-risk country
P00108288,C0075,Harrison-Grimes,UK Ltd,XB,4370.05,5951.33,USD,2026-09-10 09:26:00.000000,2026-09-10,1,0,0,0,0,0,0,1,high-risk country
P00030990,C0075,Harrison-Grimes,US West Distribution,XB,4392.38,6030.07,USD,2025-03-20 13:16:00.000000,2025-03-20,1,0,0,0,0,0,0,1,high-risk country
P00053166,C0075,Harrison-Grimes,Shanghai Mfg,XB,4430.13,5974.8,USD,2025-08-28 02:52:00.000000,2025-08-28,1,0,0,0,0,0,0,1,high-risk country
P00040109,C0075,Harrison-Grimes,Germany GmbH,XB,4519.18,6031.48,USD,2025-05-27 08:12:00.000000,2025-05-27,1,0,0,0,0,0,0,1,high-risk country
P00064362,C0075,Harrison-Grimes,India Services,XB,4545.56,73.17,INR,2025-11-14 07:48:00.000000,2025-11-14,1,0,0,0,0,0,0,1,high-risk country
P00023200,C0075,Harrison-Grimes,UK Ltd,XB,4547.09,8027.01,GBP,2025-01-21 14:38:00.000000,2025-01-21,1,0,0,0,0,0,0,1,high-risk country
P00034366,C0075,Harrison-Grimes,Shenzhen Sourcing,XB,4551.72,6078.58,USD,2025-04-15 02:03:00.000000,2025-04-15,1,0,0,0,0,0,0,1,high-risk country
P00068280,C0075,Harrison-Grimes,US West Distribution,XB,4573.91,5962.86,USD,2025-12-11 14:33:00.000000,2025-12-11,1,0,0,0,0,0,0,1,high-risk country
P00094906,C0075,Harrison-Grimes,Netherlands BV,XB,4582.45,6145.33,USD,2026-06-16 08:18:00.000000,2026-06-16,1,0,0,0,0,0,0,1,high-risk country
P00072287,C0075,Harrison-Grimes,US Inc,XB,4617.14,6103.51,USD,2026-01-08 15:36:00.000000,2026-01-08,1,0,0,0,0,0,0,1,high-risk country
P00021796,C0075,Harrison-Grimes,US Inc,XB,4631.58,6376.63,USD,2025-01-09 15:27:00.000000,2025-01-09,1,0,0,0,0,0,0,1,high-risk country
P00075308,C0075,Harrison-Grimes,Shenzhen Sourcing,XB,4653.85,867.89,CNY,2026-01-30 06:45:00.000000,2026-01-30,1,0,0,0,0,0,0,1,high-risk country
P00080991,C0075,Harrison-Grimes,Shanghai Mfg,XB,4687.1,6097.75,USD,2026-03-12 02:32:00.000000,2026-03-12,1,0,0,0,0,0,0,1,high-risk country
P00082171,C0075,Harrison-Grimes,UK Ltd,XB,4737.03,8494.48,GBP,2026-03-19 13:57:00.000000,2026-03-19,1,0,0,0,0,0,0,1,high-risk country
P00086752,C0075,Harrison-Grimes,India Services,XB,4764.03,76.27,INR,2026-04-21 06:51:00.000000,2026-04-21,1,0,0,0,0,0,0,1,high-risk country
P00074986,C0075,Harrison-Grimes,Shenzhen Sourcing,XB,4818.04,6359.67,USD,2026-01-29 01:05:00.000000,2026-01-29,1,0,0,0,0,0,0,1,high-risk country
P00099372,C0075,Harrison-Grimes,Shenzhen Sourcing,XB,4839.69,897.4,CNY,2026-07-15 09:42:00.000000,2026-07-15,1,0,0,0,0,0,0,1,high-risk country
P00110084,C0075,Harrison-Grimes,Germany GmbH,XB,4934.91,6742.83,USD,2026-09-22 08:55:00.000000,2026-09-22,1,0,0,0,0,0,0,1,high-risk country
P00105729,C0075,Harrison-Grimes,US West Distribution,XB,4976.16,6691.49,USD,2026-08-25 14:26:00.000000,2026-08-25,1,0,0,0,0,0,0,1,high-risk country
P00102853,C0075,Harrison-Grimes,UK Ltd,XB,4985.61,6666.8,USD,2026-08-06 08:23:00.000000,2026-08-06,1,0,0,0,0,0,0,1,high-risk country
P00104976,C0075,Harrison-Grimes,Netherlands BV,XB,4986.15,7165.97,EUR,2026-08-20 09:07:00.000000,2026-08-20,1,0,0,0,0,0,0,1,high-risk country
P00031042,C0075,Harrison-Grimes,Netherlands BV,XB,5000.0,7246.13,EUR,2025-03-20 16:43:00.000000,2025-03-20,1,0,0,0,0,0,0,1,high-risk country
P00033948,C0075,Harrison-Grimes,US West Distribution,XB,5000.0,6665.58,USD,2025-04-10 15:14:00.000000,2025-04-10,1,0,0,0,0,0,0,1,high-risk country
P00045364,C0075,Harrison-Grimes,US West Distribution,XB,5000.98,6584.65,USD,2025-07-03 13:37:00.000000,2025-07-03,1,0,0,0,0,0,0,1,high-risk country
P00110531,C0075,Harrison-Grimes,US Inc,XB,5114.0,6970.06,USD,2026-09-24 13:05:00.000000,2026-09-24,1,0,0,0,0,0,0,1,high-risk country
P00021680,C0075,Harrison-Grimes,Germany Sales Office,XB,5119.17,7047.94,USD,2025-01-09 09:01:00.000000,2025-01-09,1,0,0,0,0,0,0,1,high-risk country
P00036830,C0075,Harrison-Grimes,US West Distribution,XB,5146.19,6936.52,USD,2025-05-01 13:14:00.000000,2025-05-01,1,0,0,0,0,0,0,1,high-risk country
P00062368,C0075,Harrison-Grimes,Netherlands BV,XB,5163.96,7025.43,USD,2025-10-30 09:39:00.000000,2025-10-30,1,0,0,0,0,0,0,1,high-risk country
P00016383,C0075,Harrison-Grimes,US West Distribution,XB,5289.74,7184.95,USD,2024-11-30 16:15:00.000000,2024-11-30,1,0,0,0,0,0,0,1,high-risk country
P00087001,C0075,Harrison-Grimes,Shenzhen Sourcing,XB,5293.1,7024.76,USD,2026-04-23 01:35:00.000000,2026-04-23,1,0,0,0,0,0,0,1,high-risk country
P00086847,C0075,Harrison-Grimes,US Inc,XB,5318.57,7070.54,USD,2026-04-21 13:59:00.000000,2026-04-21,1,0,0,0,0,0,0,1,high-risk country
P00106187,C0075,Harrison-Grimes,US Inc,XB,5407.88,7303.29,USD,2026-08-27 14:32:00.000000,2026-08-27,1,0,0,0,0,0,0,1,high-risk country
P00047837,C0075,Harrison-Grimes,SG Operations,XB,5412.09,5412.09,SGD,2025-07-22 03:44:00.000000,2025-07-22,1,0,0,0,0,0,0,1,high-risk country
P00108348,C0075,Harrison-Grimes,US West Distribution,XB,5421.68,7416.41,USD,2026-09-10 14:13:00.000000,2026-09-10,1,0,0,0,0,0,0,1,high-risk country
P00096428,C0075,Harrison-Grimes,India Services,XB,5481.87,88.74,INR,2026-06-25 11:37:00.000000,2026-06-25,1,0,0,0,0,1,0,2,"high-risk country, burst"
P00060186,C0075,Harrison-Grimes,India Services,XB,5498.1,7474.99,USD,2025-10-16 04:34:00.000000,2025-10-16,1,0,0,0,0,1,0,2,"high-risk country, burst"
P00026414,C0075,Harrison-Grimes,US Inc,XB,5506.95,7658.91,USD,2025-02-13 15:57:00.000000,2025-02-13,1,0,0,0,0,1,0,2,"high-risk country, burst"
P00070942,C0075,Harrison-Grimes,UK Ltd,XB,5519.38,7292.43,USD,2025-12-30 09:03:00.000000,2025-12-30,1,0,0,0,0,1,0,2,"high-risk country, burst"
P00013505,C0075,Harrison-Grimes,US West Distribution,XB,5522.59,7533.6,USD,2024-11-07 15:01:00.000000,2024-11-07,1,0,0,0,0,0,0,1,high-risk country
P00110071,C0075,Harrison-Grimes,Netherlands BV,XB,5524.82,7548.85,USD,2026-09-22 08:40:00.000000,2026-09-22,1,0,0,0,0,0,0,1,high-risk country
P00060308,C0075,Harrison-Grimes,Netherlands BV,XB,5533.74,7950.52,EUR,2025-10-16 10:01:00.000000,2025-10-16,1,0,0,0,0,1,0,2,"high-risk country, burst"
P00095454,C0075,Harrison-Grimes,US West Distribution,XB,5584.94,7448.8,USD,2026-06-18 14:39:00.000000,2026-06-18,1,0,0,0,0,1,0,2,"high-risk country, burst"
P00091312,C0075,Harrison-Grimes,US West Distribution,XB,5624.34,7460.38,USD,2026-05-21 21:41:00.000000,2026-05-21,1,0,0,0,0,0,0,1,high-risk country
P00030997,C0075,Harrison-Grimes,US Inc,XB,5742.46,7883.53,USD,2025-03-20 13:34:00.000000,2025-03-20,1,0,0,0,0,0,0,1,high-risk country
P00056238,C0075,Harrison-Grimes,India Services,XB,5751.59,7791.31,USD,2025-09-18 05:22:00.000000,2025-09-18,1,0,0,0,0,0,0,1,high-risk country
P00017865,C0075,Harrison-Grimes,Shenzhen Sourcing,XB,5779.12,7891.46,USD,2024-12-12 01:50:00.000000,2024-12-12,1,0,0,0,0,0,0,1,high-risk country
P00111381,C0075,Harrison-Grimes,India Services,XB,5806.13,93.84,INR,2026-09-30 07:29:00.000000,2026-09-30,1,0,0,0,0,0,0,1,high-risk country
P00071531,C0075,Harrison-Grimes,India Services,XB,5854.43,94.22,INR,2026-01-05 08:37:00.000000,2026-01-05,1,0,0,0,0,0,0,1,high-risk country
P00049403,C0075,Harrison-Grimes,US West Distribution,XB,5887.77,7834.03,USD,2025-07-31 13:14:00.000000,2025-07-31,1,0,0,0,0,0,0,1,high-risk country
P00038487,C0075,Harrison-Grimes,India Services,XB,5910.19,8013.45,USD,2025-05-15 04:08:00.000000,2025-05-15,1,0,0,0,0,0,0,1,high-risk country
P00070002,C0075,Harrison-Grimes,Germany GmbH,XB,5911.93,7684.63,USD,2025-12-23 11:16:00.000000,2025-12-23,1,0,0,0,1,0,0,2,"high-risk country, duplicate"
P00070006,C0075,Harrison-Grimes,Germany GmbH,XB,5911.93,7733.69,USD,2025-12-23 11:42:00.000000,2025-12-23,1,0,0,0,1,0,0,2,"high-risk country, duplicate"
P00096002,C0075,Harrison-Grimes,Netherlands BV,XB,5912.83,7878.48,USD,2026-06-23 08:59:00.000000,2026-06-23,1,0,0,0,0,0,0,1,high-risk country
P00075152,C0075,Harrison-Grimes,Germany GmbH,XB,5919.35,7813.36,USD,2026-01-29 09:38:00.000000,2026-01-29,1,0,0,0,0,0,0,1,high-risk country
P00061342,C0075,Harrison-Grimes,US West Distribution,XB,5952.56,8106.8,USD,2025-10-23 13:54:00.000000,2025-10-23,1,0,0,0,0,0,0,1,high-risk country
P00093300,C0075,Harrison-Grimes,US West Distribution,XB,5982.34,8026.87,USD,2026-06-04 13:28:00.000000,2026-06-04,1,0,0,0,0,0,0,1,high-risk country
P00106180,C0075,Harrison-Grimes,US West Distribution,XB,6018.8,8128.33,USD,2026-08-27 14:13:00.000000,2026-08-27,1,0,0,0,0,0,0,1,high-risk country
P00052314,C0075,Harrison-Grimes,Germany Sales Office,XB,6064.87,8897.93,EUR,2025-08-21 10:45:00.000000,2025-08-21,1,0,0,0,0,0,0,1,high-risk country
P00087223,C0075,Harrison-Grimes,US Inc,XB,6071.18,8057.4,USD,2026-04-23 13:24:00.000000,2026-04-23,1,0,0,0,0,0,0,1,high-risk country
P00049260,C0075,Harrison-Grimes,India Services,XB,6100.94,8117.66,USD,2025-07-31 05:08:00.000000,2025-07-31,1,0,0,0,0,0,0,1,high-risk country
P00011369,C0075,Harrison-Grimes,Shenzhen Sourcing,XB,6185.35,8370.84,USD,2024-10-24 01:16:00.000000,2024-10-24,1,0,0,0,0,0,0,1,high-risk country
P00081155,C0075,Harrison-Grimes,Germany GmbH,XB,6187.09,8845.09,EUR,2026-03-12 11:27:00.000000,2026-03-12,1,0,0,0,0,0,0,1,high-risk country
P00089164,C0075,Harrison-Grimes,Germany GmbH,XB,6236.64,8330.19,USD,2026-05-07 08:39:00.000000,2026-05-07,1,0,0,0,0,0,0,1,high-risk country
P00012213,C0075,Harrison-Grimes,Germany Sales Office,XB,6275.98,9307.57,EUR,2024-10-29 12:27:00.000000,2024-10-29,1,0,0,0,0,0,0,1,high-risk country
P00036781,C0075,Harrison-Grimes,India Services,XB,6355.88,8567.06,USD,2025-05-01 05:18:00.000000,2025-05-01,1,0,0,0,0,0,0,1,high-risk country
P00103117,C0075,Harrison-Grimes,Shenzhen Sourcing,XB,6403.65,1200.01,CNY,2026-08-10 01:16:00.000000,2026-08-10,1,0,0,0,0,0,0,1,high-risk country
P00032958,C0075,Harrison-Grimes,US West Distribution,XB,6419.9,8568.76,USD,2025-04-03 13:24:00.000000,2025-04-03,1,0,0,0,0,0,0,1,high-risk country
P00010403,C0075,Harrison-Grimes,India Services,XB,6430.75,102.63,INR,2024-10-16 05:05:00.000000,2024-10-16,1,0,0,0,0,0,0,1,high-risk country
P00031940,C0075,Harrison-Grimes,US West Distribution,XB,6454.83,8708.84,USD,2025-03-27 13:01:00.000000,2025-03-27,1,0,0,0,0,0,0,1,high-risk country
P00071009,C0075,Harrison-Grimes,Netherlands BV,XB,6532.79,9271.62,EUR,2025-12-30 10:55:00.000000,2025-12-30,1,0,0,0,0,1,0,2,"high-risk country, burst"
P00009842,C0075,Harrison-Grimes,US West Distribution,XB,6573.65,8743.4,USD,2024-10-10 13:38:00.000000,2024-10-10,1,0,0,0,0,0,0,1,high-risk country
P00095351,C0075,Harrison-Grimes,Germany GmbH,XB,6630.74,8861.68,USD,2026-06-18 08:34:00.000000,2026-06-18,1,0,0,0,0,1,0,2,"high-risk country, burst"
P00099655,C0075,Harrison-Grimes,US West Distribution,XB,6689.42,9014.29,USD,2026-07-16 13:35:00.000000,2026-07-16,1,0,0,0,0,0,0,1,high-risk country
P00042824,C0075,Harrison-Grimes,Shenzhen Sourcing,XB,6721.79,8916.74,USD,2025-06-17 01:26:00.000000,2025-06-17,1,0,0,0,0,1,0,2,"high-risk country, burst"
P00054378,C0075,Harrison-Grimes,US West Distribution,XB,6760.55,9187.86,USD,2025-09-04 14:31:00.000000,2025-09-04,1,0,0,0,0,0,0,1,high-risk country
P00101663,C0075,Harrison-Grimes,India Services,XB,6811.91,9110.13,USD,2026-07-30 04:59:00.000000,2026-07-30,1,0,0,0,0,0,0,1,high-risk country
P00048203,C0075,Harrison-Grimes,Shanghai Mfg,XB,6853.42,9110.52,USD,2025-07-24 02:19:00.000000,2025-07-24,1,0,0,0,0,0,0,1,high-risk country
P00036863,C0075,Harrison-Grimes,US Inc,XB,6863.29,9250.99,USD,2025-05-01 14:48:00.000000,2025-05-01,1,0,0,0,0,0,0,1,high-risk country
P00094367,C0075,Harrison-Grimes,US West Distribution,XB,6879.25,9217.87,USD,2026-06-11 13:54:00.000000,2026-06-11,1,0,0,0,0,0,0,1,high-risk country
P00085048,C0075,Harrison-Grimes,SG Operations,XB,6920.97,6920.97,SGD,2026-04-09 06:53:00.000000,2026-04-09,1,0,0,0,0,0,0,1,high-risk country
P00072184,C0075,Harrison-Grimes,India Services,XB,6984.89,112.44,INR,2026-01-08 09:23:00.000000,2026-01-08,1,0,0,0,0,0,0,1,high-risk country
P00071895,C0075,Harrison-Grimes,US West Distribution,XB,6992.27,9208.92,USD,2026-01-06 14:59:00.000000,2026-01-06,1,0,0,0,0,0,0,1,high-risk country
P00097589,C0075,Harrison-Grimes,US West Distribution,XB,7084.31,9424.82,USD,2026-07-02 14:15:00.000000,2026-07-02,1,0,0,0,0,0,0,1,high-risk country
P00074303,C0075,Harrison-Grimes,US West Distribution,XB,7105.68,9419.32,USD,2026-01-22 15:27:00.000000,2026-01-22,1,0,0,0,0,0,0,1,high-risk country
P00016165,C0075,Harrison-Grimes,India Services,XB,7117.05,113.39,INR,2024-11-28 08:44:00.000000,2024-11-28,1,0,0,0,0,0,0,1,high-risk country
P00041451,C0075,Harrison-Grimes,US Inc,XB,7129.77,9322.54,USD,2025-06-05 14:40:00.000000,2025-06-05,1,0,0,0,0,0,0,1,high-risk country
P00042159,C0075,Harrison-Grimes,Shenzhen Sourcing,XB,7134.33,9463.28,USD,2025-06-12 01:51:00.000000,2025-06-12,1,0,0,0,0,0,0,1,high-risk country
P00085758,C0075,Harrison-Grimes,Shenzhen Sourcing,XB,7135.33,1330.13,CNY,2026-04-14 07:54:00.000000,2026-04-14,1,0,0,0,0,0,0,1,high-risk country
P00086714,C0075,Harrison-Grimes,Shenzhen Sourcing,XB,7139.55,9491.36,USD,2026-04-21 02:47:00.000000,2026-04-21,1,0,0,0,0,0,0,1,high-risk country
P00073368,C0075,Harrison-Grimes,US Inc,XB,7166.01,9508.61,USD,2026-01-15 15:27:00.000000,2026-01-15,1,0,0,0,0,0,0,1,high-risk country
P00010034,C0075,Harrison-Grimes,India Services,XB,7185.71,114.79,INR,2024-10-14 05:22:00.000000,2024-10-14,1,0,0,0,0,0,0,1,high-risk country
P00053349,C0075,Harrison-Grimes,US West Distribution,XB,7207.89,9762.52,USD,2025-08-28 14:40:00.000000,2025-08-28,1,0,0,0,0,0,0,1,high-risk country
P00090070,C0075,Harrison-Grimes,Group Treasury HQ,XB,7333.02,9711.84,USD,2026-05-14 02:19:00.000000,2026-05-14,1,0,0,0,0,0,0,1,high-risk country
P00031990,C0075,Harrison-Grimes,US West Distribution,XB,7432.9,10028.45,USD,2025-03-27 14:39:00.000000,2025-03-27,1,0,0,0,0,0,0,1,high-risk country
P00070057,C0075,Harrison-Grimes,US Inc,XB,7601.74,9881.14,USD,2025-12-23 14:54:00.000000,2025-12-23,1,0,0,0,0,0,0,1,high-risk country
P00035648,C0075,Harrison-Grimes,Shanghai Mfg,XB,7622.05,10267.75,USD,2025-04-24 02:50:00.000000,2025-04-24,1,0,0,0,0,0,0,1,high-risk country
P00079099,C0075,Harrison-Grimes,US Inc,XB,7635.39,10045.86,USD,2026-02-26 15:23:00.000000,2026-02-26,1,0,0,0,0,0,0,1,high-risk country
P00052939,C0075,Harrison-Grimes,US West Distribution,XB,7635.93,10410.0,USD,2025-08-26 13:31:00.000000,2025-08-26,1,0,0,0,0,0,0,1,high-risk country
P00076246,C0075,Harrison-Grimes,US West Distribution,XB,7717.65,10232.01,USD,2026-02-05 15:27:00.000000,2026-02-05,1,0,0,0,0,0,0,1,high-risk country
P00104978,C0075,Harrison-Grimes,UK Ltd,XB,7723.01,10400.82,USD,2026-08-20 09:08:00.000000,2026-08-20,1,0,0,0,0,0,0,1,high-risk country
P00079917,C0075,Harrison-Grimes,Shenzhen Sourcing,XB,7735.78,10140.58,USD,2026-03-05 01:56:00.000000,2026-03-05,1,0,0,0,0,0,0,1,high-risk country
P00049426,C0075,Harrison-Grimes,US West Distribution,XB,7767.74,10335.44,USD,2025-07-31 14:13:00.000000,2025-07-31,1,0,0,0,0,0,0,1,high-risk country
P00099419,C0075,Harrison-Grimes,SG Operations,XB,7771.93,7771.93,SGD,2026-07-16 00:02:00.000000,2026-07-16,1,0,0,0,0,0,0,1,high-risk country
P00085671,C0075,Harrison-Grimes,Shenzhen Sourcing,XB,7790.35,1452.24,CNY,2026-04-14 01:35:00.000000,2026-04-14,1,0,0,0,0,0,0,1,high-risk country
P00008961,C0075,Harrison-Grimes,US West Distribution,XB,7805.77,10460.2,USD,2024-10-03 13:07:00.000000,2024-10-03,1,0,0,0,0,0,0,1,high-risk country
P00087099,C0075,Harrison-Grimes,Netherlands BV,XB,7808.08,10362.53,USD,2026-04-23 07:16:00.000000,2026-04-23,1,0,0,0,0,0,0,1,high-risk country
P00072125,C0075,Harrison-Grimes,Group Treasury HQ,XB,7888.94,10399.68,USD,2026-01-08 05:11:00.000000,2026-01-08,1,0,0,0,0,0,0,1,high-risk country
P00020368,C0075,Harrison-Grimes,UK Ltd,XB,7890.97,10732.28,USD,2024-12-31 10:05:00.000000,2024-12-31,1,0,0,0,0,0,0,1,high-risk country
P00074246,C0075,Harrison-Grimes,Netherlands BV,XB,7947.16,10562.79,USD,2026-01-22 09:22:00.000000,2026-01-22,1,0,0,0,0,0,0,1,high-risk country
P00020362,C0075,Harrison-Grimes,UK Ltd,XB,7962.39,10829.42,USD,2024-12-31 09:44:00.000000,2024-12-31,1,0,0,0,0,0,0,1,high-risk country
P00087777,C0075,Harrison-Grimes,Netherlands BV,XB,8000.13,10635.95,USD,2026-04-28 08:52:00.000000,2026-04-28,1,0,0,0,0,0,0,1,high-risk country
P00106156,C0075,Harrison-Grimes,US Inc,XB,8010.77,10801.2,USD,2026-08-27 13:42:00.000000,2026-08-27,1,0,0,0,0,0,0,1,high-risk country
P00086143,C0075,Harrison-Grimes,Germany GmbH,XB,8061.67,10669.54,USD,2026-04-16 08:03:00.000000,2026-04-16,1,0,0,0,0,0,0,1,high-risk country
P00109459,C0075,Harrison-Grimes,US West Distribution,XB,8064.57,11010.0,USD,2026-09-17 13:14:00.000000,2026-09-17,1,0,0,0,0,0,0,1,high-risk country
P00102330,C0075,Harrison-Grimes,Group Treasury HQ,XB,8119.49,10837.97,USD,2026-08-04 01:23:00.000000,2026-08-04,1,0,0,0,0,0,0,1,high-risk country
P00052076,C0075,Harrison-Grimes,US Inc,XB,8125.94,11029.31,USD,2025-08-20 14:07:00.000000,2025-08-20,1,0,0,0,0,0,0,1,high-risk country
P00011511,C0075,Harrison-Grimes,Germany GmbH,XB,8175.32,11063.93,USD,2024-10-24 08:19:00.000000,2024-10-24,1,0,0,0,0,0,0,1,high-risk country
P00008594,C0075,Harrison-Grimes,Group Treasury HQ,XB,8207.42,11032.46,USD,2024-10-01 02:23:00.000000,2024-10-01,1,0,0,0,0,0,0,1,high-risk country
P00060180,C0075,Harrison-Grimes,India Services,XB,8211.96,11164.64,USD,2025-10-16 04:07:00.000000,2025-10-16,1,0,0,0,0,1,0,2,"high-risk country, burst"
P00056921,C0075,Harrison-Grimes,US West Distribution,XB,8215.42,11094.55,USD,2025-09-23 14:36:00.000000,2025-09-23,1,0,0,0,0,0,0,1,high-risk country
P00038188,C0075,Harrison-Grimes,India Services,XB,8267.45,133.31,INR,2025-05-13 07:27:00.000000,2025-05-13,1,0,0,0,0,0,0,1,high-risk country
P00018968,C0075,Harrison-Grimes,US West Distribution,XB,8354.5,11401.41,USD,2024-12-19 15:06:00.000000,2024-12-19,1,0,0,0,0,0,0,1,high-risk country
P00093964,C0075,Harrison-Grimes,UK Ltd,XB,8356.82,11157.49,USD,2026-06-09 14:01:00.000000,2026-06-09,1,0,0,0,0,0,0,1,high-risk country
P00087805,C0075,Harrison-Grimes,India Services,XB,8426.99,135.06,INR,2026-04-28 11:26:00.000000,2026-04-28,1,0,0,0,0,0,0,1,high-risk country
P00060369,C0075,Harrison-Grimes,US West Distribution,XB,8454.75,11484.1,USD,2025-10-16 14:45:00.000000,2025-10-16,1,0,0,0,0,1,0,2,"high-risk country, burst"
P00099684,C0075,Harrison-Grimes,US West Distribution,XB,8490.49,11441.32,USD,2026-07-16 14:52:00.000000,2026-07-16,1,0,0,0,0,0,0,1,high-risk country
P00018084,C0075,Harrison-Grimes,US West Distribution,XB,8491.14,11564.64,USD,2024-12-12 15:36:00.000000,2024-12-12,1,0,0,0,0,0,0,1,high-risk country
P00020685,C0075,Harrison-Grimes,India Services,XB,8496.83,137.29,INR,2025-01-02 09:38:00.000000,2025-01-02,1,0,0,0,0,0,0,1,high-risk country
P00047807,C0075,Harrison-Grimes,SG Operations,XB,8523.26,11363.82,USD,2025-07-22 01:47:00.000000,2025-07-22,1,0,0,0,0,0,0,1,high-risk country
P00096287,C0075,Harrison-Grimes,India Services,XB,8525.48,11357.15,USD,2026-06-25 04:18:00.000000,2026-06-25,1,0,0,0,0,1,0,2,"high-risk country, burst"
P00044357,C0075,Harrison-Grimes,US Inc,XB,8529.17,11313.07,USD,2025-06-26 13:45:00.000000,2025-06-26,1,0,0,0,0,0,0,1,high-risk country
P00056233,C0075,Harrison-Grimes,India Services,XB,8678.37,11756.02,USD,2025-09-18 05:02:00.000000,2025-09-18,1,0,0,0,0,0,0,1,high-risk country
P00056771,C0075,Harrison-Grimes,Shenzhen Sourcing,XB,8709.22,11754.43,USD,2025-09-23 01:06:00.000000,2025-09-23,1,0,0,0,0,0,0,1,high-risk country
P00042997,C0075,Harrison-Grimes,US Inc,XB,8724.23,11547.37,USD,2025-06-17 13:35:00.000000,2025-06-17,1,0,0,0,0,1,0,2,"high-risk country, burst"
P00065150,C0075,Harrison-Grimes,India Services,XB,8731.06,11548.22,USD,2025-11-20 03:52:00.000000,2025-11-20,1,0,0,0,0,0,0,1,high-risk country
P00088719,C0075,Harrison-Grimes,India Services,XB,8747.14,140.53,INR,2026-05-05 10:46:00.000000,2026-05-05,1,0,0,0,0,0,0,1,high-risk country
P00034499,C0075,Harrison-Grimes,US West Distribution,XB,8770.53,11712.57,USD,2025-04-15 13:01:00.000000,2025-04-15,1,0,0,0,0,0,0,1,high-risk country
P00051245,C0075,Harrison-Grimes,Netherlands BV,XB,8775.21,11905.77,USD,2025-08-14 08:06:00.000000,2025-08-14,1,0,0,0,0,0,0,1,high-risk country
P00107330,C0075,Harrison-Grimes,US West Distribution,XB,8835.7,12015.15,USD,2026-09-03 14:55:00.000000,2026-09-03,1,0,0,0,0,0,0,1,high-risk country
P00009524,C0075,Harrison-Grimes,US Inc,XB,8917.97,11861.51,USD,2024-10-08 20:16:00.000000,2024-10-08,1,0,0,0,0,0,0,1,high-risk country
P00047348,C0075,Harrison-Grimes,US West Distribution,XB,8923.17,11866.93,USD,2025-07-17 13:44:00.000000,2025-07-17,1,0,0,0,0,0,0,1,high-risk country
P00097582,C0075,Harrison-Grimes,US West Distribution,XB,8931.58,11909.17,USD,2026-07-02 13:49:00.000000,2026-07-02,1,0,0,0,0,0,0,1,high-risk country
P00109712,C0075,Harrison-Grimes,India Services,XB,8945.52,145.05,INR,2026-09-21 05:43:00.000000,2026-09-21,1,0,0,0,0,0,0,1,high-risk country
P00061268,C0075,Harrison-Grimes,UK Ltd,XB,8949.65,12188.54,USD,2025-10-23 08:07:00.000000,2025-10-23,1,0,0,0,0,0,0,1,high-risk country
P00077710,C0075,Harrison-Grimes,Netherlands BV,XB,8980.96,11968.6,USD,2026-02-17 14:17:00.000000,2026-02-17,1,0,0,0,0,0,0,1,high-risk country
P00068854,C0075,Harrison-Grimes,Germany GmbH,XB,9074.06,11795.63,USD,2025-12-16 08:36:00.000000,2025-12-16,1,0,0,0,0,0,0,1,high-risk country
P00094983,C0075,Harrison-Grimes,US West Distribution,XB,9146.86,12266.46,USD,2026-06-16 14:09:00.000000,2026-06-16,1,0,0,0,0,0,0,1,high-risk country
P00048341,C0075,Harrison-Grimes,UK Ltd,XB,9191.18,12212.3,USD,2025-07-24 09:04:00.000000,2025-07-24,1,0,0,0,0,0,0,1,high-risk country
P00036844,C0075,Harrison-Grimes,US West Distribution,XB,9215.31,12430.96,USD,2025-05-01 13:44:00.000000,2025-05-01,1,0,0,0,0,0,0,1,high-risk country
P00030972,C0075,Harrison-Grimes,UK Ltd,XB,9225.69,12722.91,USD,2025-03-20 10:39:00.000000,2025-03-20,1,0,0,0,0,0,0,1,high-risk country
P00098470,C0075,Harrison-Grimes,Germany Sales Office,XB,9265.83,12366.89,USD,2026-07-09 07:06:00.000000,2026-07-09,1,0,0,0,0,0,0,1,high-risk country
P00059444,C0075,Harrison-Grimes,India Services,XB,9287.96,150.6,INR,2025-10-10 08:12:00.000000,2025-10-10,1,0,0,0,0,0,0,1,high-risk country
P00069263,C0075,Harrison-Grimes,UK Ltd,XB,9330.38,12205.78,USD,2025-12-18 09:03:00.000000,2025-12-18,1,0,0,0,0,0,0,1,high-risk country
P00055364,C0075,Harrison-Grimes,US West Distribution,XB,9333.2,12598.92,USD,2025-09-11 14:30:00.000000,2025-09-11,1,0,0,0,0,0,0,1,high-risk country
P00018987,C0075,Harrison-Grimes,US West Distribution,XB,9357.88,12770.73,USD,2024-12-19 15:44:00.000000,2024-12-19,1,0,0,0,0,0,0,1,high-risk country
P00102951,C0075,Harrison-Grimes,US Inc,XB,9388.78,12554.75,USD,2026-08-06 14:43:00.000000,2026-08-06,1,0,0,0,0,0,0,1,high-risk country
P00110145,C0075,Harrison-Grimes,US Inc,XB,9461.47,12918.93,USD,2026-09-22 16:00:00.000000,2026-09-22,1,0,0,0,0,0,0,1,high-risk country
P00039570,C0075,Harrison-Grimes,US West Distribution,XB,9502.57,12794.2,USD,2025-05-22 13:42:00.000000,2025-05-22,1,0,0,0,0,0,0,1,high-risk country
P00096265,C0075,Harrison-Grimes,Shenzhen Sourcing,XB,9535.28,12702.35,USD,2026-06-25 02:43:00.000000,2026-06-25,1,0,0,0,0,1,0,2,"high-risk country, burst"
P00065134,C0075,Harrison-Grimes,SG Operations,XB,9542.99,12570.92,USD,2025-11-20 02:43:00.000000,2025-11-20,1,0,0,0,0,0,0,1,high-risk country
P00019833,C0075,Harrison-Grimes,US West Distribution,XB,9549.52,13038.24,USD,2024-12-26 15:49:00.000000,2024-12-26,1,0,0,0,0,0,0,1,high-risk country
P00014267,C0075,Harrison-Grimes,Germany GmbH,XB,9601.12,13029.03,USD,2024-11-14 08:23:00.000000,2024-11-14,1,0,0,0,0,0,0,1,high-risk country
P00070975,C0075,Harrison-Grimes,Germany Sales Office,XB,9710.98,13782.24,EUR,2025-12-30 09:44:00.000000,2025-12-30,1,0,0,0,0,1,0,2,"high-risk country, burst"
P00073781,C0075,Harrison-Grimes,Shenzhen Sourcing,XB,9716.07,12940.26,USD,2026-01-20 01:56:00.000000,2026-01-20,1,0,0,0,0,0,0,1,high-risk country
P00021574,C0075,Harrison-Grimes,Shenzhen Sourcing,XB,9792.29,13484.51,USD,2025-01-09 02:06:00.000000,2025-01-09,1,0,0,0,0,0,0,1,high-risk country
P00010709,C0075,Harrison-Grimes,US West Distribution,XB,9865.35,13264.43,USD,2024-10-17 14:09:00.000000,2024-10-17,1,0,0,0,0,0,0,1,high-risk country
P00010516,C0075,Harrison-Grimes,SG Operations,XB,9944.41,13408.25,USD,2024-10-17 01:37:00.000000,2024-10-17,1,0,0,0,0,0,0,1,high-risk country
P00021774,C0075,Harrison-Grimes,US Inc,XB,9956.34,13710.42,USD,2025-01-09 14:41:00.000000,2025-01-09,1,0,0,0,0,0,0,1,high-risk country
P00072757,C0075,Harrison-Grimes,India Services,XB,9979.81,160.91,INR,2026-01-13 02:22:00.000000,2026-01-13,1,0,0,0,0,0,0,1,high-risk country
P00017131,C0075,Harrison-Grimes,US Inc,XB,10040.02,13736.64,USD,2024-12-05 15:31:00.000000,2024-12-05,1,0,0,0,0,0,0,1,high-risk country
P00057406,C0075,Harrison-Grimes,India Services,XB,10080.48,163.86,INR,2025-09-26 10:07:00.000000,2025-09-26,1,0,0,0,0,0,0,1,high-risk country
P00107308,C0075,Harrison-Grimes,US West Distribution,XB,10141.66,13823.69,USD,2026-09-03 13:41:00.000000,2026-09-03,1,0,0,0,0,0,0,1,high-risk country
P00011604,C0075,Harrison-Grimes,US West Distribution,XB,10143.97,13728.17,USD,2024-10-24 14:24:00.000000,2024-10-24,1,0,0,0,0,0,0,1,high-risk country
P00024434,C0075,Harrison-Grimes,US West Distribution,XB,10275.51,14084.57,USD,2025-01-30 15:43:00.000000,2025-01-30,1,0,0,0,0,0,0,1,high-risk country
P00040514,C0075,Harrison-Grimes,UK Ltd,XB,10300.08,13565.24,USD,2025-05-29 08:56:00.000000,2025-05-29,1,0,0,0,0,0,0,1,high-risk country
P00063356,C0075,Harrison-Grimes,US West Distribution,XB,10355.66,13959.02,USD,2025-11-06 15:37:00.000000,2025-11-06,1,0,0,0,0,0,0,1,high-risk country
P00019454,C0075,Harrison-Grimes,Netherlands BV,XB,10368.91,14160.75,USD,2024-12-24 08:32:00.000000,2024-12-24,1,0,0,0,0,0,0,1,high-risk country
P00104929,C0075,Harrison-Grimes,Netherlands BV,XB,10390.64,13993.4,USD,2026-08-20 07:45:00.000000,2026-08-20,1,0,0,0,0,0,0,1,high-risk country
P00044361,C0075,Harrison-Grimes,US West Distribution,XB,10439.89,13848.58,USD,2025-06-26 14:00:00.000000,2025-06-26,1,0,0,0,0,0,0,1,high-risk country
P00057327,C0075,Harrison-Grimes,US Inc,XB,10585.18,14344.16,USD,2025-09-25 14:14:00.000000,2025-09-25,1,0,0,0,0,0,0,1,high-risk country
P00098351,C0075,Harrison-Grimes,Shenzhen Sourcing,XB,10591.03,14135.6,USD,2026-07-09 01:31:00.000000,2026-07-09,1,0,0,0,0,0,0,1,high-risk country
P00049289,C0075,Harrison-Grimes,Netherlands BV,XB,10637.63,14153.99,USD,2025-07-31 07:08:00.000000,2025-07-31,1,0,0,0,0,0,0,1,high-risk country
P00049285,C0075,Harrison-Grimes,Netherlands BV,XB,10696.05,14356.79,USD,2025-07-31 07:05:00.000000,2025-07-31,1,0,0,0,0,0,0,1,high-risk country
P00100635,C0075,Harrison-Grimes,Germany GmbH,XB,10748.06,14620.21,USD,2026-07-23 08:27:00.000000,2026-07-23,1,0,0,0,0,0,0,1,high-risk country
P00027872,C0075,Harrison-Grimes,Netherlands BV,XB,10779.36,14993.15,USD,2025-02-25 14:43:00.000000,2025-02-25,1,0,0,0,0,0,0,1,high-risk country
P00100834,C0075,Harrison-Grimes,India Services,XB,10784.92,174.39,INR,2026-07-24 15:17:00.000000,2026-07-24,1,0,0,0,0,0,0,1,high-risk country
P00067158,C0075,Harrison-Grimes,India Services,XB,10791.97,14181.18,USD,2025-12-04 03:59:00.000000,2025-12-04,1,0,0,0,0,0,0,1,high-risk country
P00108173,C0075,Harrison-Grimes,SG Operations,XB,10829.62,14748.26,USD,2026-09-10 04:18:00.000000,2026-09-10,1,0,0,0,1,0,0,2,"high-risk country, duplicate"
P00108175,C0075,Harrison-Grimes,SG Operations,XB,10829.62,14748.26,USD,2026-09-10 04:33:00.000000,2026-09-10,1,0,0,0,1,0,0,2,"high-risk country, duplicate"
P00103736,C0075,Harrison-Grimes,Shenzhen Sourcing,XB,10847.6,14574.6,USD,2026-08-13 02:19:00.000000,2026-08-13,1,0,0,0,0,0,0,1,high-risk country
P00101272,C0075,Harrison-Grimes,UK Ltd,XB,10866.85,14560.35,USD,2026-07-28 08:11:00.000000,2026-07-28,1,0,0,0,0,0,0,1,high-risk country
P00088073,C0075,Harrison-Grimes,Shenzhen Sourcing,XB,10977.85,14600.33,USD,2026-04-30 01:23:00.000000,2026-04-30,1,0,0,0,0,0,0,1,high-risk country
P00090201,C0075,Harrison-Grimes,US West Distribution,XB,10999.86,14568.19,USD,2026-05-14 14:10:00.000000,2026-05-14,1,0,0,0,0,0,0,1,high-risk country
P00031984,C0075,Harrison-Grimes,US Inc,XB,11121.92,14993.48,USD,2025-03-27 14:27:00.000000,2025-03-27,1,0,0,0,0,0,0,1,high-risk country
P00096368,C0075,Harrison-Grimes,Germany GmbH,XB,11151.07,14854.81,USD,2026-06-25 08:31:00.000000,2026-06-25,1,0,0,0,0,1,0,2,"high-risk country, burst"
P00036239,C0075,Harrison-Grimes,Germany GmbH,XB,11184.15,15152.96,USD,2025-04-28 13:30:00.000000,2025-04-28,1,0,0,0,0,0,0,1,high-risk country
P00068660,C0075,Harrison-Grimes,Germany GmbH,XB,11186.94,14492.96,USD,2025-12-15 13:08:00.000000,2025-12-15,1,0,0,0,0,0,0,1,high-risk country
P00024436,C0075,Harrison-Grimes,US West Distribution,XB,11206.35,15360.47,USD,2025-01-30 15:59:00.000000,2025-01-30,1,0,0,0,0,0,0,1,high-risk country
P00029876,C0075,Harrison-Grimes,Shanghai Mfg,XB,11295.03,15505.65,USD,2025-03-13 01:34:00.000000,2025-03-13,1,0,0,0,0,0,0,1,high-risk country
P00011593,C0075,Harrison-Grimes,US West Distribution,XB,11314.45,15329.61,USD,2024-10-24 14:04:00.000000,2024-10-24,1,0,0,0,0,0,0,1,high-risk country
P00086992,C0075,Harrison-Grimes,Shanghai Mfg,XB,11330.73,15037.63,USD,2026-04-23 01:26:00.000000,2026-04-23,1,0,0,0,0,0,0,1,high-risk country
P00049972,C0075,Harrison-Grimes,US West Distribution,XB,11391.22,15211.74,USD,2025-08-05 14:02:00.000000,2025-08-05,1,0,0,0,0,0,0,1,high-risk country
P00079105,C0075,Harrison-Grimes,US West Distribution,XB,11404.05,15004.27,USD,2026-02-26 15:50:00.000000,2026-02-26,1,0,0,0,0,0,0,1,high-risk country
P00051130,C0075,Harrison-Grimes,Shanghai Mfg,XB,11404.18,15472.63,USD,2025-08-14 02:13:00.000000,2025-08-14,1,0,0,0,0,0,0,1,high-risk country
P00077958,C0075,Harrison-Grimes,Netherlands BV,XB,11431.53,15306.48,USD,2026-02-19 09:34:00.000000,2026-02-19,1,0,0,0,0,0,0,1,high-risk country
P00042978,C0075,Harrison-Grimes,US West Distribution,XB,11438.51,15139.99,USD,2025-06-17 13:08:00.000000,2025-06-17,1,0,0,0,0,1,0,2,"high-risk country, burst"
P00078925,C0075,Harrison-Grimes,India Services,XB,11451.28,15152.83,USD,2026-02-26 04:55:00.000000,2026-02-26,1,0,0,0,0,0,0,1,high-risk country
P00070933,C0075,Harrison-Grimes,SG Operations,XB,11465.16,11465.16,SGD,2025-12-30 08:59:00.000000,2025-12-30,1,0,0,0,0,1,0,2,"high-risk country, burst"
P00088297,C0075,Harrison-Grimes,Germany GmbH,XB,11476.27,16913.63,EUR,2026-04-30 10:46:00.000000,2026-04-30,1,0,0,0,0,0,0,1,high-risk country
P00089368,C0075,Harrison-Grimes,US West Distribution,XB,11550.0,15211.99,USD,2026-05-09 16:07:00.000000,2026-05-09,1,0,0,0,0,0,0,1,high-risk country
P00021810,C0075,Harrison-Grimes,US West Distribution,XB,11578.74,15941.3,USD,2025-01-09 15:58:00.000000,2025-01-09,1,0,0,0,0,0,0,1,high-risk country
P00037722,C0075,Harrison-Grimes,US West Distribution,XB,11767.05,15956.8,USD,2025-05-08 13:10:00.000000,2025-05-08,1,0,0,0,0,0,0,1,high-risk country
P00048514,C0075,Harrison-Grimes,India Services,XB,11782.93,190.92,INR,2025-07-25 12:17:00.000000,2025-07-25,1,0,0,0,0,0,0,1,high-risk country
P00064903,C0075,Harrison-Grimes,US West Distribution,XB,11861.08,15695.16,USD,2025-11-18 14:30:00.000000,2025-11-18,1,0,0,0,0,0,0,1,high-risk country
P00018961,C0075,Harrison-Grimes,US West Distribution,XB,11885.08,16220.27,USD,2024-12-19 14:51:00.000000,2024-12-19,1,0,0,0,0,0,0,1,high-risk country
P00008586,C0075,Harrison-Grimes,Group Treasury HQ,XB,12007.92,16141.12,USD,2024-10-01 01:05:00.000000,2024-10-01,1,0,0,0,0,0,0,1,high-risk country
P00091270,C0075,Harrison-Grimes,US West Distribution,XB,12063.84,16002.03,USD,2026-05-21 14:32:00.000000,2026-05-21,1,0,0,0,0,0,0,1,high-risk country
P00099430,C0075,Harrison-Grimes,Group Treasury HQ,XB,12136.0,16353.81,USD,2026-07-16 01:09:00.000000,2026-07-16,1,0,0,0,0,0,0,1,high-risk country
P00064235,C0075,Harrison-Grimes,UK Ltd,XB,12141.86,16112.73,USD,2025-11-13 10:34:00.000000,2025-11-13,1,0,0,0,0,0,0,1,high-risk country
P00009680,C0075,Harrison-Grimes,Shenzhen Sourcing,XB,12165.06,16180.36,USD,2024-10-10 02:40:00.000000,2024-10-10,1,0,0,0,0,0,0,1,high-risk country
P00035344,C0075,Harrison-Grimes,India Services,XB,12166.34,197.28,INR,2025-04-22 08:56:00.000000,2025-04-22,1,0,0,0,0,0,0,1,high-risk country
P00071048,C0075,Harrison-Grimes,US West Distribution,XB,12199.2,16076.26,USD,2025-12-30 14:10:00.000000,2025-12-30,1,0,0,0,0,1,0,2,"high-risk country, burst"
P00033799,C0075,Harrison-Grimes,Netherlands BV,XB,12219.48,16289.97,USD,2025-04-10 07:12:00.000000,2025-04-10,1,0,0,0,0,0,0,1,high-risk country
P00070067,C0075,Harrison-Grimes,US West Distribution,XB,12281.82,15964.55,USD,2025-12-23 15:06:00.000000,2025-12-23,1,0,0,0,0,0,0,1,high-risk country
P00008968,C0075,Harrison-Grimes,US West Distribution,XB,12326.12,16517.74,USD,2024-10-03 13:48:00.000000,2024-10-03,1,0,0,0,0,0,0,1,high-risk country
P00097598,C0075,Harrison-Grimes,US Inc,XB,12407.13,16543.39,USD,2026-07-02 14:47:00.000000,2026-07-02,1,0,0,0,0,0,0,1,high-risk country
P00059127,C0075,Harrison-Grimes,India Services,XB,12417.74,16864.66,USD,2025-10-09 03:46:00.000000,2025-10-09,1,0,0,0,0,0,0,1,high-risk country
P00095876,C0075,Harrison-Grimes,India Services,XB,12432.46,201.8,INR,2026-06-23 01:12:00.000000,2026-06-23,1,0,0,0,0,0,0,1,high-risk country
P00068299,C0075,Harrison-Grimes,US West Distribution,XB,12434.36,16152.73,USD,2025-12-11 15:36:00.000000,2025-12-11,1,0,0,0,0,0,0,1,high-risk country
P00094350,C0075,Harrison-Grimes,US West Distribution,XB,12494.57,16731.08,USD,2026-06-11 13:06:00.000000,2026-06-11,1,0,0,0,0,0,0,1,high-risk country
P00036843,C0075,Harrison-Grimes,US West Distribution,XB,12534.04,16907.76,USD,2025-05-01 13:43:00.000000,2025-05-01,1,0,0,0,0,0,0,1,high-risk country
P00085013,C0075,Harrison-Grimes,Shanghai Mfg,XB,12552.28,16573.28,USD,2026-04-09 03:24:00.000000,2026-04-09,1,0,0,0,1,0,0,2,"high-risk country, duplicate"
P00085018,C0075,Harrison-Grimes,Shanghai Mfg,XB,12552.28,16488.54,USD,2026-04-09 03:39:00.000000,2026-04-09,1,0,0,0,1,0,0,2,"high-risk country, duplicate"
P00020773,C0075,Harrison-Grimes,US West Distribution,XB,12573.32,17133.99,USD,2025-01-02 14:51:00.000000,2025-01-02,1,0,0,0,0,0,0,1,high-risk country
P00038320,C0075,Harrison-Grimes,Shanghai Mfg,XB,12609.81,2359.45,CNY,2025-05-14 04:11:00.000000,2025-05-14,1,0,0,0,0,0,0,1,high-risk country
P00073376,C0075,Harrison-Grimes,US Inc,XB,12627.51,16701.21,USD,2026-01-15 15:50:00.000000,2026-01-15,1,0,0,0,0,0,0,1,high-risk country
P00031994,C0075,Harrison-Grimes,US West Distribution,XB,12649.33,17066.44,USD,2025-03-27 14:46:00.000000,2025-03-27,1,0,0,0,0,0,0,1,high-risk country
P00101608,C0075,Harrison-Grimes,Shenzhen Sourcing,XB,12729.53,17024.26,USD,2026-07-30 02:10:00.000000,2026-07-30,1,0,0,0,0,0,0,1,high-risk country
P00043021,C0075,Harrison-Grimes,US West Distribution,XB,12731.22,16851.02,USD,2025-06-17 14:17:00.000000,2025-06-17,1,0,0,0,0,1,0,2,"high-risk country, burst"
P00030076,C0075,Harrison-Grimes,US West Distribution,XB,12799.03,17614.51,USD,2025-03-13 13:55:00.000000,2025-03-13,1,0,0,0,0,0,0,1,high-risk country
P00075810,C0075,Harrison-Grimes,US West Distribution,XB,12835.2,17003.66,USD,2026-02-03 14:48:00.000000,2026-02-03,1,0,0,0,0,0,0,1,high-risk country
P00064302,C0075,Harrison-Grimes,Germany GmbH,XB,12917.12,18439.81,EUR,2025-11-13 16:11:00.000000,2025-11-13,1,0,1,0,0,0,0,2,"high-risk country, structuring"
P00101472,C0075,Harrison-Grimes,India Services,XB,12930.03,209.98,INR,2026-07-29 09:13:00.000000,2026-07-29,1,0,0,0,0,0,0,1,high-risk country
P00101835,C0075,Harrison-Grimes,US Inc,XB,13083.8,17505.5,USD,2026-07-30 14:28:00.000000,2026-07-30,1,0,0,0,0,0,0,1,high-risk country
P00087034,C0075,Harrison-Grimes,Shanghai Mfg,XB,13089.46,17371.74,USD,2026-04-23 02:24:00.000000,2026-04-23,1,0,0,0,0,0,0,1,high-risk country
P00101828,C0075,Harrison-Grimes,UK Ltd,XB,13208.86,17672.82,USD,2026-07-30 14:02:00.000000,2026-07-30,1,0,0,0,1,0,0,2,"high-risk country, duplicate"
P00101830,C0075,Harrison-Grimes,UK Ltd,XB,13208.86,17665.3,USD,2026-07-30 14:07:00.000000,2026-07-30,1,0,0,0,1,0,0,2,"high-risk country, duplicate"
P00022379,C0075,Harrison-Grimes,US West Distribution,XB,13230.05,18226.96,USD,2025-01-14 15:59:00.000000,2025-01-14,1,0,1,0,0,0,0,2,"high-risk country, structuring"
P00033923,C0075,Harrison-Grimes,US Inc,XB,13316.86,17894.16,USD,2025-04-10 13:51:00.000000,2025-04-10,1,0,0,0,0,0,0,1,high-risk country
P00026535,C0075,Harrison-Grimes,US Inc,XB,13365.02,18589.51,USD,2025-02-14 17:02:00.000000,2025-02-14,1,0,1,0,0,0,0,2,"high-risk country, structuring"
P00087220,C0075,Harrison-Grimes,US West Distribution,XB,13399.86,17814.5,USD,2026-04-23 13:16:00.000000,2026-04-23,1,0,0,0,0,0,0,1,high-risk country
P00069661,C0075,Harrison-Grimes,Germany GmbH,XB,13403.45,17422.5,USD,2025-12-22 11:03:00.000000,2025-12-22,1,0,0,0,0,0,0,1,high-risk country
P00012569,C0075,Harrison-Grimes,US West Distribution,XB,13419.04,18319.34,USD,2024-10-31 14:51:00.000000,2024-10-31,1,0,1,0,0,0,0,2,"high-risk country, structuring"
P00079835,C0075,Harrison-Grimes,US Inc,XB,13425.94,17708.32,USD,2026-03-04 13:57:00.000000,2026-03-04,1,0,0,0,0,0,0,1,high-risk country
P00085847,C0075,Harrison-Grimes,US Inc,XB,13440.33,17788.22,USD,2026-04-14 14:43:00.000000,2026-04-14,1,0,0,0,0,0,0,1,high-risk country
P00090098,C0075,Harrison-Grimes,India Services,XB,13546.77,17941.32,USD,2026-05-14 03:33:00.000000,2026-05-14,1,0,0,0,0,0,0,1,high-risk country
P00064436,C0075,Harrison-Grimes,Germany GmbH,XB,13566.56,19336.45,EUR,2025-11-15 13:11:00.000000,2025-11-15,1,0,1,0,0,0,0,2,"high-risk country, structuring"
P00065298,C0075,Harrison-Grimes,US Inc,XB,13596.06,17982.96,USD,2025-11-20 14:27:00.000000,2025-11-20,1,0,0,0,0,0,0,1,high-risk country
P00027887,C0075,Harrison-Grimes,US West Distribution,XB,13667.26,19026.0,USD,2025-02-25 15:57:00.000000,2025-02-25,1,0,1,0,0,0,0,2,"high-risk country, structuring"
P00064437,C0075,Harrison-Grimes,Germany GmbH,XB,13676.88,19493.68,EUR,2025-11-15 14:44:00.000000,2025-11-15,1,0,1,0,0,0,0,2,"high-risk country, structuring"
P00080757,C0075,Harrison-Grimes,US West Distribution,XB,13687.0,17730.99,USD,2026-03-10 13:28:00.000000,2026-03-10,1,0,0,0,0,0,0,1,high-risk country
P00098044,C0075,Harrison-Grimes,India Services,XB,13714.82,18355.42,USD,2026-07-07 03:38:00.000000,2026-07-07,1,0,1,0,0,0,0,2,"high-risk country, structuring"
P00043854,C0075,Harrison-Grimes,India Services,XB,13718.01,18085.5,USD,2025-06-24 03:38:00.000000,2025-06-24,1,0,1,0,0,0,0,2,"high-risk country, structuring"
P00071690,C0075,Harrison-Grimes,Shanghai Mfg,XB,13724.69,18075.62,USD,2026-01-06 01:06:00.000000,2026-01-06,1,0,1,0,0,0,0,2,"high-risk country, structuring"
P00020418,C0075,Harrison-Grimes,US West Distribution,XB,13931.94,18942.88,USD,2024-12-31 15:10:00.000000,2024-12-31,1,0,1,0,0,0,0,2,"high-risk country, structuring"
P00098492,C0075,Harrison-Grimes,Germany GmbH,XB,13938.77,18603.76,USD,2026-07-09 07:44:00.000000,2026-07-09,1,0,1,0,0,0,0,2,"high-risk country, structuring"
P00075228,C0075,Harrison-Grimes,US Inc,XB,13953.67,18528.24,USD,2026-01-29 15:52:00.000000,2026-01-29,1,0,1,0,0,0,0,2,"high-risk country, structuring"
P00073354,C0075,Harrison-Grimes,US Inc,XB,14040.62,18630.55,USD,2026-01-15 14:57:00.000000,2026-01-15,1,0,1,0,0,0,0,2,"high-risk country, structuring"
P00042162,C0075,Harrison-Grimes,SG Operations,XB,14142.22,18758.85,USD,2025-06-12 01:57:00.000000,2025-06-12,1,0,1,0,0,0,0,2,"high-risk country, structuring"
P00046891,C0075,Harrison-Grimes,US West Distribution,XB,14148.77,18795.59,USD,2025-07-15 13:48:00.000000,2025-07-15,1,0,1,0,0,0,0,2,"high-risk country, structuring"
P00085738,C0075,Harrison-Grimes,Netherlands BV,XB,14171.15,18777.91,USD,2026-04-14 07:20:00.000000,2026-04-14,1,0,1,0,0,0,0,2,"high-risk country, structuring"
P00026248,C0075,Harrison-Grimes,Netherlands BV,XB,14223.68,19781.88,USD,2025-02-13 08:33:00.000000,2025-02-13,1,0,1,0,0,1,0,3,"high-risk country, structuring, burst"
P00056191,C0075,Harrison-Grimes,Shenzhen Sourcing,XB,14242.15,19292.91,USD,2025-09-18 02:17:00.000000,2025-09-18,1,0,1,0,0,0,0,2,"high-risk country, structuring"
P00095245,C0075,Harrison-Grimes,Shenzhen Sourcing,XB,14528.4,19371.83,USD,2026-06-18 02:37:00.000000,2026-06-18,1,0,1,0,0,1,0,3,"high-risk country, structuring, burst"
P00051794,C0075,Harrison-Grimes,Shenzhen Sourcing,XB,14549.66,19832.74,USD,2025-08-19 01:37:00.000000,2025-08-19,1,0,1,0,0,0,0,2,"high-risk country, structuring"
P00060027,C0075,Harrison-Grimes,Netherlands BV,XB,14620.65,19839.78,USD,2025-10-15 08:07:00.000000,2025-10-15,1,0,1,0,0,0,0,2,"high-risk country, structuring"
P00064921,C0075,Harrison-Grimes,US West Distribution,XB,14704.37,19363.42,USD,2025-11-18 15:54:00.000000,2025-11-18,1,0,1,0,1,0,0,3,"high-risk country, structuring, duplicate"
P00064926,C0075,Harrison-Grimes,US West Distribution,XB,14704.37,19363.42,USD,2025-11-18 16:17:00.000000,2025-11-18,1,0,1,0,1,0,0,3,"high-risk country, structuring, duplicate"
P00039572,C0075,Harrison-Grimes,US West Distribution,XB,14707.47,19802.05,USD,2025-05-22 13:51:00.000000,2025-05-22,1,0,1,0,0,0,0,2,"high-risk country, structuring"
P00030645,C0075,Harrison-Grimes,US West Distribution,XB,14724.83,20313.89,USD,2025-03-18 14:58:00.000000,2025-03-18,1,0,0,0,0,0,0,1,high-risk country
P00009314,C0075,Harrison-Grimes,Shanghai Mfg,XB,14761.17,19615.14,USD,2024-10-08 02:28:00.000000,2024-10-08,1,0,1,0,0,0,0,2,"high-risk country, structuring"
P00071051,C0075,Harrison-Grimes,US West Distribution,XB,14814.63,19573.68,USD,2025-12-30 14:15:00.000000,2025-12-30,1,0,1,0,0,1,0,3,"high-risk country, structuring, burst"
P00084259,C0075,Harrison-Grimes,US West Distribution,XB,14868.44,19513.86,USD,2026-04-02 13:09:00.000000,2026-04-02,1,0,1,0,0,0,0,2,"high-risk country, structuring"
P00023206,C0075,Harrison-Grimes,US West Distribution,XB,14972.85,20609.48,USD,2025-01-21 15:05:00.000000,2025-01-21,1,0,0,0,0,0,0,1,high-risk country
P00060354,C0075,Harrison-Grimes,US West Distribution,XB,14972.87,20337.68,USD,2025-10-16 14:14:00.000000,2025-10-16,1,0,0,0,0,1,0,2,"high-risk country, burst"
P00047099,C0075,Harrison-Grimes,Shanghai Mfg,XB,15097.96,20078.79,USD,2025-07-17 01:27:00.000000,2025-07-17,1,0,0,0,0,0,0,1,high-risk country
P00037683,C0075,Harrison-Grimes,Netherlands BV,XB,15103.49,20515.98,USD,2025-05-08 08:48:00.000000,2025-05-08,1,0,0,0,0,0,0,1,high-risk country
P00107095,C0075,Harrison-Grimes,Shanghai Mfg,XB,15156.7,20659.49,USD,2026-09-03 02:25:00.000000,2026-09-03,1,0,0,0,0,0,0,1,high-risk country
P00108041,C0075,Harrison-Grimes,US Inc,XB,15164.3,20550.96,USD,2026-09-09 13:44:00.000000,2026-09-09,1,0,0,0,0,0,0,1,high-risk country
P00084112,C0075,Harrison-Grimes,India Services,XB,15170.31,19910.05,USD,2026-04-02 04:58:00.000000,2026-04-02,1,0,1,0,0,0,0,2,"high-risk country, structuring"
P00070284,C0075,Harrison-Grimes,Shanghai Mfg,XB,15301.29,20056.1,USD,2025-12-25 02:48:00.000000,2025-12-25,1,0,0,0,0,0,0,1,high-risk country
P00102866,C0075,Harrison-Grimes,Germany Sales Office,XB,15473.96,20691.9,USD,2026-08-06 08:39:00.000000,2026-08-06,1,0,0,0,0,0,0,1,high-risk country
P00011476,C0075,Harrison-Grimes,Germany GmbH,XB,15599.45,21111.25,USD,2024-10-24 07:02:00.000000,2024-10-24,1,0,0,0,0,0,0,1,high-risk country
P00060357,C0075,Harrison-Grimes,US West Distribution,XB,15878.12,21567.28,USD,2025-10-16 14:20:00.000000,2025-10-16,1,0,0,0,0,1,0,2,"high-risk country, burst"
P00098585,C0075,Harrison-Grimes,US West Distribution,XB,15973.81,21319.88,USD,2026-07-09 13:40:00.000000,2026-07-09,1,0,0,0,0,0,0,1,high-risk country
P00029008,C0075,Harrison-Grimes,Germany GmbH,XB,16019.98,22170.45,USD,2025-03-06 08:19:00.000000,2025-03-06,1,0,0,0,0,0,0,1,high-risk country
P00044257,C0075,Harrison-Grimes,Germany GmbH,XB,16071.23,21316.83,USD,2025-06-26 07:48:00.000000,2025-06-26,1,0,0,0,0,0,0,1,high-risk country
P00086718,C0075,Harrison-Grimes,Group Treasury HQ,XB,16082.67,21383.08,USD,2026-04-21 02:57:00.000000,2026-04-21,1,0,0,0,0,0,0,1,high-risk country
P00088753,C0075,Harrison-Grimes,US Inc,XB,16119.99,21456.56,USD,2026-05-05 14:11:00.000000,2026-05-05,1,0,0,0,0,0,0,1,high-risk country
P00045243,C0075,Harrison-Grimes,SG Operations,XB,16190.81,16190.81,SGD,2025-07-03 07:14:00.000000,2025-07-03,1,0,0,0,0,0,0,1,high-risk country
P00019830,C0075,Harrison-Grimes,US West Distribution,XB,16386.78,22271.16,USD,2024-12-26 15:46:00.000000,2024-12-26,1,0,0,0,0,0,0,1,high-risk country
P00056305,C0075,Harrison-Grimes,Germany GmbH,XB,16509.18,22363.91,USD,2025-09-18 08:26:00.000000,2025-09-18,1,0,0,0,0,0,0,1,high-risk country
P00042392,C0075,Harrison-Grimes,US Inc,XB,16520.97,21914.13,USD,2025-06-12 14:53:00.000000,2025-06-12,1,0,0,0,0,0,0,1,high-risk country
P00055948,C0075,Harrison-Grimes,US West Distribution,XB,16586.18,22409.55,USD,2025-09-16 13:43:00.000000,2025-09-16,1,0,0,0,0,0,0,1,high-risk country
P00056830,C0075,Harrison-Grimes,India Services,XB,16589.72,269.22,INR,2025-09-23 05:55:00.000000,2025-09-23,1,0,0,0,0,0,0,1,high-risk country
P00076689,C0075,Harrison-Grimes,Shenzhen Sourcing,XB,16740.41,22156.02,USD,2026-02-10 02:31:00.000000,2026-02-10,1,0,0,0,0,0,0,1,high-risk country
P00078038,C0075,Harrison-Grimes,US Inc,XB,16844.23,22587.81,USD,2026-02-19 15:23:00.000000,2026-02-19,1,0,0,0,0,0,0,1,high-risk country
P00083156,C0075,Harrison-Grimes,US West Distribution,XB,17084.08,22633.23,USD,2026-03-26 14:22:00.000000,2026-03-26,1,0,0,0,0,0,0,1,high-risk country
P00013385,C0075,Harrison-Grimes,Germany Sales Office,XB,17131.15,23369.32,USD,2024-11-07 08:02:00.000000,2024-11-07,1,0,0,0,0,0,0,1,high-risk country
P00021296,C0075,Harrison-Grimes,India Services,XB,17188.54,279.26,INR,2025-01-07 07:43:00.000000,2025-01-07,1,0,0,0,0,0,0,1,high-risk country
P00033947,C0075,Harrison-Grimes,UK Ltd,XB,17212.89,29901.58,GBP,2025-04-10 15:07:00.000000,2025-04-10,1,0,0,0,0,0,0,1,high-risk country
P00015340,C0075,Harrison-Grimes,US Inc,XB,17217.97,23330.09,USD,2024-11-21 15:51:00.000000,2024-11-21,1,0,0,0,0,0,0,1,high-risk country
P00070078,C0075,Harrison-Grimes,US Inc,XB,17233.41,22400.88,USD,2025-12-23 15:26:00.000000,2025-12-23,1,0,0,0,0,0,0,1,high-risk country
P00090214,C0075,Harrison-Grimes,US Inc,XB,17329.23,22958.84,USD,2026-05-14 14:36:00.000000,2026-05-14,1,0,0,0,0,0,0,1,high-risk country
P00028189,C0075,Harrison-Grimes,UK Ltd,XB,17359.27,24161.45,USD,2025-02-27 10:58:00.000000,2025-02-27,1,0,0,0,0,0,0,1,high-risk country
P00019371,C0075,Harrison-Grimes,Group Treasury HQ,XB,17415.32,23783.98,USD,2024-12-24 01:57:00.000000,2024-12-24,1,0,0,0,0,0,0,1,high-risk country
P00046310,C0075,Harrison-Grimes,US West Distribution,XB,17453.26,23075.27,USD,2025-07-10 13:55:00.000000,2025-07-10,1,0,0,0,0,0,0,1,high-risk country
P00010693,C0075,Harrison-Grimes,US West Distribution,XB,17651.44,23733.19,USD,2024-10-17 13:24:00.000000,2024-10-17,1,0,0,0,0,0,0,1,high-risk country
P00060335,C0075,Harrison-Grimes,US West Distribution,XB,17776.41,24145.73,USD,2025-10-16 13:27:00.000000,2025-10-16,1,0,0,0,0,1,0,2,"high-risk country, burst"
P00037646,C0075,Harrison-Grimes,Netherlands BV,XB,17777.31,24025.96,USD,2025-05-08 07:28:00.000000,2025-05-08,1,0,0,0,0,0,0,1,high-risk country
P00082312,C0075,Harrison-Grimes,US West Distribution,XB,17789.89,23417.4,USD,2026-03-20 20:35:00.000000,2026-03-20,1,0,0,0,0,0,0,1,high-risk country
P00092284,C0075,Harrison-Grimes,US West Distribution,XB,17846.15,23913.02,USD,2026-05-28 13:25:00.000000,2026-05-28,1,0,0,0,0,0,0,1,high-risk country
P00055279,C0075,Harrison-Grimes,Netherlands BV,XB,17891.05,24319.09,USD,2025-09-11 08:38:00.000000,2025-09-11,1,0,0,0,0,0,0,1,high-risk country
P00072238,C0075,Harrison-Grimes,India Services,XB,17912.23,288.33,INR,2026-01-08 11:56:00.000000,2026-01-08,1,0,0,0,0,0,0,1,high-risk country
P00098529,C0075,Harrison-Grimes,Netherlands BV,XB,17971.9,23986.68,USD,2026-07-09 08:41:00.000000,2026-07-09,1,0,0,0,0,0,0,1,high-risk country
P00088225,C0075,Harrison-Grimes,Germany Sales Office,XB,17978.44,23983.65,USD,2026-04-30 07:33:00.000000,2026-04-30,1,0,0,0,0,0,0,1,high-risk country
P00047375,C0075,Harrison-Grimes,US West Distribution,XB,17986.39,23920.12,USD,2025-07-17 14:59:00.000000,2025-07-17,1,0,0,0,0,0,0,1,high-risk country
P00068231,C0075,Harrison-Grimes,UK Ltd,XB,18033.23,23509.34,USD,2025-12-11 09:57:00.000000,2025-12-11,1,0,0,0,0,0,0,1,high-risk country
P00085183,C0075,Harrison-Grimes,US West Distribution,XB,18058.99,23844.01,USD,2026-04-09 13:52:00.000000,2026-04-09,1,0,0,0,0,0,0,1,high-risk country
P00104604,C0075,Harrison-Grimes,US West Distribution,XB,18077.38,24295.44,USD,2026-08-18 13:15:00.000000,2026-08-18,1,0,0,0,0,0,0,1,high-risk country
P00095348,C0075,Harrison-Grimes,UK Ltd,XB,18122.97,24220.52,USD,2026-06-18 08:28:00.000000,2026-06-18,1,0,0,0,0,1,0,2,"high-risk country, burst"
P00084111,C0075,Harrison-Grimes,India Services,XB,18164.9,23840.25,USD,2026-04-02 04:51:00.000000,2026-04-02,1,0,0,0,0,0,0,1,high-risk country
P00022679,C0075,Harrison-Grimes,Netherlands BV,XB,18277.01,25185.37,USD,2025-01-16 09:30:00.000000,2025-01-16,1,0,0,0,0,0,0,1,high-risk country
P00080135,C0075,Harrison-Grimes,US West Distribution,XB,18302.65,23992.34,USD,2026-03-05 15:08:00.000000,2026-03-05,1,0,0,0,0,0,0,1,high-risk country
P00020798,C0075,Harrison-Grimes,US Inc,XB,18318.81,25087.5,USD,2025-01-02 15:59:00.000000,2025-01-02,1,0,0,0,0,0,0,1,high-risk country
P00053448,C0075,Harrison-Grimes,India Services,XB,18452.29,295.62,INR,2025-08-29 09:27:00.000000,2025-08-29,1,0,0,0,0,0,0,1,high-risk country
P00041332,C0075,Harrison-Grimes,Netherlands BV,XB,18877.74,24683.61,USD,2025-06-05 07:21:00.000000,2025-06-05,1,0,0,0,0,0,0,1,high-risk country
P00043258,C0075,Harrison-Grimes,Shenzhen Sourcing,XB,18897.31,24916.73,USD,2025-06-19 02:37:00.000000,2025-06-19,1,0,0,0,0,0,0,1,high-risk country
P00100473,C0075,Harrison-Grimes,Shanghai Mfg,XB,19030.63,25886.7,USD,2026-07-23 01:38:00.000000,2026-07-23,1,0,0,0,0,0,0,1,high-risk country
P00015308,C0075,Harrison-Grimes,US West Distribution,XB,19180.89,25935.21,USD,2024-11-21 14:17:00.000000,2024-11-21,1,0,0,0,0,0,0,1,high-risk country
P00104863,C0075,Harrison-Grimes,SG Operations,XB,19232.17,25900.56,USD,2026-08-20 02:51:00.000000,2026-08-20,1,0,0,0,0,0,0,1,high-risk country
P00084512,C0075,Harrison-Grimes,SG Operations,XB,19254.17,25180.57,USD,2026-04-07 01:00:00.000000,2026-04-07,1,0,0,0,0,0,0,1,high-risk country
P00010726,C0075,Harrison-Grimes,US West Distribution,XB,19332.41,25861.27,USD,2024-10-17 14:45:00.000000,2024-10-17,1,0,0,0,0,0,0,1,high-risk country
P00081772,C0075,Harrison-Grimes,US West Distribution,XB,19354.05,25299.4,USD,2026-03-17 13:09:00.000000,2026-03-17,1,0,0,0,0,0,0,1,high-risk country
P00022214,C0075,Harrison-Grimes,SG Operations,XB,19372.72,26631.43,USD,2025-01-14 01:22:00.000000,2025-01-14,1,0,0,0,0,0,0,1,high-risk country
P00095330,C0075,Harrison-Grimes,Germany GmbH,XB,19491.53,26049.53,USD,2026-06-18 08:02:00.000000,2026-06-18,1,0,0,0,0,1,0,2,"high-risk country, burst"
P00040098,C0075,Harrison-Grimes,Germany GmbH,XB,19596.53,26154.31,USD,2025-05-27 08:01:00.000000,2025-05-27,1,0,0,0,0,0,0,1,high-risk country
P00078018,C0075,Harrison-Grimes,US West Distribution,XB,19721.32,26445.94,USD,2026-02-19 14:30:00.000000,2026-02-19,1,0,0,0,0,0,0,1,high-risk country
P00078032,C0075,Harrison-Grimes,US West Distribution,XB,19902.31,26688.64,USD,2026-02-19 15:06:00.000000,2026-02-19,1,0,0,0,0,0,0,1,high-risk country
P00063349,C0075,Harrison-Grimes,US West Distribution,XB,19963.85,26910.47,USD,2025-11-06 15:05:00.000000,2025-11-06,1,0,0,0,0,0,0,1,high-risk country
P00091206,C0075,Harrison-Grimes,India Services,XB,20000.0,322.76,INR,2026-05-21 08:59:00.000000,2026-05-21,1,1,0,0,0,0,0,2,"high-risk country, round amount"
P00096228,C0075,Harrison-Grimes,Shenzhen Sourcing,XB,20000.0,3707.3,CNY,2026-06-25 01:57:00.000000,2026-06-25,1,1,0,0,0,1,0,3,"high-risk country, round amount, burst"
P00011045,C0075,Harrison-Grimes,US West Distribution,XB,20071.23,27062.44,USD,2024-10-21 17:37:00.000000,2024-10-21,1,0,0,0,0,0,0,1,high-risk country
P00050958,C0075,Harrison-Grimes,US Inc,XB,20201.01,27266.11,USD,2025-08-12 14:37:00.000000,2025-08-12,1,0,0,0,0,0,0,1,high-risk country
P00096280,C0075,Harrison-Grimes,India Services,XB,20221.81,26938.32,USD,2026-06-25 03:48:00.000000,2026-06-25,1,0,0,0,0,1,0,2,"high-risk country, burst"
P00093337,C0075,Harrison-Grimes,US West Distribution,XB,20402.4,27393.69,USD,2026-06-04 14:43:00.000000,2026-06-04,1,0,0,0,0,0,0,1,high-risk country
P00106163,C0075,Harrison-Grimes,US West Distribution,XB,20512.34,27657.51,USD,2026-08-27 13:50:00.000000,2026-08-27,1,0,0,0,0,0,0,1,high-risk country
P00057302,C0075,Harrison-Grimes,US West Distribution,XB,20539.82,27833.86,USD,2025-09-25 13:35:00.000000,2025-09-25,1,0,0,0,0,0,0,1,high-risk country
P00091843,C0075,Harrison-Grimes,US West Distribution,XB,20565.42,27275.03,USD,2026-05-26 14:23:00.000000,2026-05-26,1,0,0,0,0,0,0,1,high-risk country
P00088261,C0075,Harrison-Grimes,Germany GmbH,XB,20598.9,27479.41,USD,2026-04-30 08:44:00.000000,2026-04-30,1,0,0,0,0,0,0,1,high-risk country
P00011398,C0075,Harrison-Grimes,Shanghai Mfg,XB,20698.67,28012.19,USD,2024-10-24 01:56:00.000000,2024-10-24,1,0,0,0,0,0,0,1,high-risk country
P00042374,C0075,Harrison-Grimes,US Inc,XB,20699.5,27456.71,USD,2025-06-12 14:13:00.000000,2025-06-12,1,0,0,0,0,0,0,1,high-risk country
P00059229,C0075,Harrison-Grimes,Netherlands BV,XB,20742.91,28171.15,USD,2025-10-09 07:59:00.000000,2025-10-09,1,0,0,0,0,0,0,1,high-risk country
P00080139,C0075,Harrison-Grimes,US West Distribution,XB,20838.23,27316.15,USD,2026-03-05 15:22:00.000000,2026-03-05,1,0,0,0,0,0,0,1,high-risk country
P00077874,C0075,Harrison-Grimes,SG Operations,XB,21003.02,28122.41,USD,2026-02-19 02:30:00.000000,2026-02-19,1,0,0,0,0,0,0,1,high-risk country
P00068920,C0075,Harrison-Grimes,US West Distribution,XB,21067.31,27386.01,USD,2025-12-16 14:32:00.000000,2025-12-16,1,0,0,0,0,0,0,1,high-risk country
P00044367,C0075,Harrison-Grimes,US West Distribution,XB,21320.69,28333.36,USD,2025-06-26 14:16:00.000000,2025-06-26,1,0,0,0,0,0,0,1,high-risk country
P00082918,C0075,Harrison-Grimes,Shanghai Mfg,XB,21430.8,28282.14,USD,2026-03-26 01:59:00.000000,2026-03-26,1,0,0,0,0,0,0,1,high-risk country
P00049003,C0075,Harrison-Grimes,US West Distribution,XB,21529.87,28748.32,USD,2025-07-29 14:24:00.000000,2025-07-29,1,0,0,0,0,0,0,1,high-risk country
P00106879,C0075,Harrison-Grimes,US West Distribution,XB,21673.24,29603.67,USD,2026-09-01 14:24:00.000000,2026-09-01,1,0,0,0,0,0,0,1,high-risk country
P00089018,C0075,Harrison-Grimes,SG Operations,XB,21674.33,28950.1,USD,2026-05-07 01:58:00.000000,2026-05-07,1,0,0,0,0,0,0,1,high-risk country
P00103596,C0075,Harrison-Grimes,SG Operations,XB,21809.89,29175.48,USD,2026-08-12 04:00:00.000000,2026-08-12,1,0,0,0,0,0,0,1,high-risk country
P00015874,C0075,Harrison-Grimes,US West Distribution,XB,22134.46,29989.29,USD,2024-11-26 14:48:00.000000,2024-11-26,1,0,0,0,0,0,0,1,high-risk country
P00043051,C0075,Harrison-Grimes,US Inc,XB,22182.57,29360.81,USD,2025-06-17 15:47:00.000000,2025-06-17,1,0,0,0,0,1,0,2,"high-risk country, burst"
P00036977,C0075,Harrison-Grimes,US Inc,XB,22220.47,29975.93,USD,2025-05-03 19:15:00.000000,2025-05-03,1,0,0,0,0,0,0,1,high-risk country
P00079036,C0075,Harrison-Grimes,UK Ltd,XB,22306.7,29517.18,USD,2026-02-26 10:03:00.000000,2026-02-26,1,0,0,0,0,0,0,1,high-risk country
P00081171,C0075,Harrison-Grimes,US West Distribution,XB,22454.11,29215.47,USD,2026-03-12 13:39:00.000000,2026-03-12,1,0,0,0,0,0,0,1,high-risk country
P00091862,C0075,Harrison-Grimes,Netherlands BV,XB,22455.6,29781.9,USD,2026-05-26 15:28:00.000000,2026-05-26,1,0,0,0,0,0,0,1,high-risk country
P00102957,C0075,Harrison-Grimes,US Inc,XB,22521.18,30089.2,USD,2026-08-06 14:52:00.000000,2026-08-06,1,0,0,0,0,0,0,1,high-risk country
P00032961,C0075,Harrison-Grimes,US West Distribution,XB,22552.33,30216.31,USD,2025-04-03 13:33:00.000000,2025-04-03,1,0,0,0,0,0,0,1,high-risk country
P00087779,C0075,Harrison-Grimes,UK Ltd,XB,22863.66,30396.55,USD,2026-04-28 09:00:00.000000,2026-04-28,1,0,0,0,0,0,0,1,high-risk country
P00081080,C0075,Harrison-Grimes,Germany GmbH,XB,23072.49,30016.48,USD,2026-03-12 08:44:00.000000,2026-03-12,1,0,0,0,0,0,0,1,high-risk country
P00048190,C0075,Harrison-Grimes,SG Operations,XB,23118.0,30731.66,USD,2025-07-24 01:59:00.000000,2025-07-24,1,0,0,0,0,0,0,1,high-risk country
P00106886,C0075,Harrison-Grimes,US West Distribution,XB,23139.57,31606.55,USD,2026-09-01 14:41:00.000000,2026-09-01,1,0,0,0,0,0,0,1,high-risk country
P00056693,C0075,Harrison-Grimes,UK Ltd,XB,23266.23,31419.97,USD,2025-09-22 13:29:00.000000,2025-09-22,1,0,0,0,0,0,0,1,high-risk country
P00099256,C0075,Harrison-Grimes,US West Distribution,XB,23278.6,30966.33,USD,2026-07-14 13:52:00.000000,2026-07-14,1,0,0,0,0,0,0,1,high-risk country
P00013512,C0075,Harrison-Grimes,US West Distribution,XB,23282.08,31760.06,USD,2024-11-07 15:14:00.000000,2024-11-07,1,0,0,0,0,0,0,1,high-risk country
P00097018,C0075,Harrison-Grimes,India Services,XB,23289.34,31006.57,USD,2026-06-30 03:34:00.000000,2026-06-30,1,0,0,0,0,0,0,1,high-risk country
P00040035,C0075,Harrison-Grimes,Group Treasury HQ,XB,23401.05,31231.98,USD,2025-05-27 06:46:00.000000,2025-05-27,1,0,0,0,0,0,0,1,high-risk country
P00092032,C0075,Harrison-Grimes,Shenzhen Sourcing,XB,23438.72,31271.38,USD,2026-05-28 01:35:00.000000,2026-05-28,1,0,0,0,0,0,0,1,high-risk country
P00078033,C0075,Harrison-Grimes,US West Distribution,XB,23469.3,31424.69,USD,2026-02-19 15:06:00.000000,2026-02-19,1,0,0,0,0,0,0,1,high-risk country
P00047914,C0075,Harrison-Grimes,India Services,XB,23574.61,381.18,INR,2025-07-22 08:33:00.000000,2025-07-22,1,0,0,0,0,0,0,1,high-risk country
P00025960,C0075,Harrison-Grimes,US Inc,XB,23614.35,32919.84,USD,2025-02-11 14:55:00.000000,2025-02-11,1,0,0,0,0,0,0,1,high-risk country
P00089877,C0075,Harrison-Grimes,US West Distribution,XB,23666.87,31296.55,USD,2026-05-12 14:09:00.000000,2026-05-12,1,0,0,0,0,0,0,1,high-risk country
P00059325,C0075,Harrison-Grimes,US Inc,XB,23668.58,32144.54,USD,2025-10-09 13:09:00.000000,2025-10-09,1,0,0,0,0,0,0,1,high-risk country
P00028715,C0075,Harrison-Grimes,US West Distribution,XB,23838.85,33018.67,USD,2025-03-04 14:28:00.000000,2025-03-04,1,0,0,0,0,0,0,1,high-risk country
P00045988,C0075,Harrison-Grimes,India Services,XB,23947.95,385.73,INR,2025-07-09 04:48:00.000000,2025-07-09,1,0,0,0,0,0,0,1,high-risk country
P00079654,C0075,Harrison-Grimes,UK Ltd,XB,24062.44,31760.4,USD,2026-03-03 09:29:00.000000,2026-03-03,1,0,0,0,0,0,0,1,high-risk country
P00050325,C0075,Harrison-Grimes,India Services,XB,24167.74,391.13,INR,2025-08-07 09:50:00.000000,2025-08-07,1,0,0,0,0,0,0,1,high-risk country
P00015317,C0075,Harrison-Grimes,US West Distribution,XB,24335.58,32974.35,USD,2024-11-21 14:34:00.000000,2024-11-21,1,0,0,0,0,0,0,1,high-risk country
P00032922,C0075,Harrison-Grimes,India Services,XB,24561.91,398.35,INR,2025-04-03 09:17:00.000000,2025-04-03,1,0,0,0,0,0,0,1,high-risk country
P00105081,C0075,Harrison-Grimes,UK Ltd,XB,24590.67,41721.12,GBP,2026-08-20 16:30:00.000000,2026-08-20,1,0,0,0,0,0,0,1,high-risk country
P00036800,C0075,Harrison-Grimes,Netherlands BV,XB,24868.2,33519.72,USD,2025-05-01 08:10:00.000000,2025-05-01,1,0,0,0,0,0,0,1,high-risk country
P00070902,C0075,Harrison-Grimes,SG Operations,XB,25000.0,25000.0,SGD,2025-12-30 08:29:00.000000,2025-12-30,1,1,0,0,0,1,0,3,"high-risk country, round amount, burst"
P00035597,C0075,Harrison-Grimes,SG Operations,XB,25194.91,25194.91,SGD,2025-04-24 01:44:00.000000,2025-04-24,1,0,0,0,0,0,0,1,high-risk country
P00091631,C0075,Harrison-Grimes,Shanghai Mfg,XB,25352.84,33610.23,USD,2026-05-26 02:02:00.000000,2026-05-26,1,0,0,0,0,0,0,1,high-risk country
P00060865,C0075,Harrison-Grimes,Netherlands BV,XB,25383.41,34542.66,USD,2025-10-21 08:40:00.000000,2025-10-21,1,0,0,0,0,0,0,1,high-risk country
P00071213,C0075,Harrison-Grimes,UK Ltd,XB,25398.15,33470.01,USD,2025-12-31 09:31:00.000000,2025-12-31,1,0,0,0,0,0,0,1,high-risk country
P00022696,C0075,Harrison-Grimes,UK Ltd,XB,25700.88,35415.32,USD,2025-01-16 10:16:00.000000,2025-01-16,1,0,0,0,0,0,0,1,high-risk country
P00039966,C0075,Harrison-Grimes,Shenzhen Sourcing,XB,25720.68,34327.85,USD,2025-05-27 01:58:00.000000,2025-05-27,1,0,0,0,0,0,0,1,high-risk country
P00041640,C0075,Harrison-Grimes,India Services,XB,25748.39,409.5,INR,2025-06-09 05:11:00.000000,2025-06-09,1,0,0,0,0,0,0,1,high-risk country
P00081851,C0075,Harrison-Grimes,SG Operations,XB,25792.32,33936.45,USD,2026-03-18 05:46:00.000000,2026-03-18,1,0,0,0,0,0,0,1,high-risk country
P00033925,C0075,Harrison-Grimes,US West Distribution,XB,25970.14,34621.18,USD,2025-04-10 13:58:00.000000,2025-04-10,1,0,0,0,0,0,0,1,high-risk country
P00061355,C0075,Harrison-Grimes,UK Ltd,XB,25995.44,35356.58,USD,2025-10-23 14:30:00.000000,2025-10-23,1,0,0,0,0,0,0,1,high-risk country
P00015524,C0075,Harrison-Grimes,India Services,XB,26089.59,414.77,INR,2024-11-25 05:59:00.000000,2024-11-25,1,0,0,0,0,0,0,1,high-risk country
P00042984,C0075,Harrison-Grimes,US West Distribution,XB,26273.66,34853.11,USD,2025-06-17 13:15:00.000000,2025-06-17,1,0,0,0,0,1,0,2,"high-risk country, burst"
P00081610,C0075,Harrison-Grimes,US West Distribution,XB,26464.16,34595.22,USD,2026-03-16 18:53:00.000000,2026-03-16,1,0,0,0,0,0,0,1,high-risk country
P00098475,C0075,Harrison-Grimes,Netherlands BV,XB,26789.13,35754.84,USD,2026-07-09 07:16:00.000000,2026-07-09,1,0,0,0,0,0,0,1,high-risk country
P00014888,C0075,Harrison-Grimes,Netherlands BV,XB,26820.01,36246.3,USD,2024-11-19 09:48:00.000000,2024-11-19,1,0,0,0,0,0,0,1,high-risk country
P00019580,C0075,Harrison-Grimes,US West Distribution,XB,26824.99,36574.37,USD,2024-12-24 14:35:00.000000,2024-12-24,1,0,0,0,0,0,0,1,high-risk country
P00028716,C0075,Harrison-Grimes,US West Distribution,XB,26888.19,37242.24,USD,2025-03-04 14:31:00.000000,2025-03-04,1,0,0,0,0,0,0,1,high-risk country
P00062944,C0075,Harrison-Grimes,Germany Sales Office,XB,26891.93,36459.25,USD,2025-11-04 09:12:00.000000,2025-11-04,1,0,0,0,0,0,0,1,high-risk country
P00014950,C0075,Harrison-Grimes,US West Distribution,XB,26935.29,36516.74,USD,2024-11-19 15:18:00.000000,2024-11-19,1,0,0,0,0,0,0,1,high-risk country
P00091248,C0075,Harrison-Grimes,US West Distribution,XB,27005.31,35821.09,USD,2026-05-21 13:04:00.000000,2026-05-21,1,0,0,0,0,0,0,1,high-risk country
P00103790,C0075,Harrison-Grimes,India Services,XB,27154.83,36484.63,USD,2026-08-13 04:15:00.000000,2026-08-13,1,0,0,0,0,0,0,1,high-risk country
P00026373,C0075,Harrison-Grimes,US West Distribution,XB,27245.29,37876.37,USD,2025-02-13 14:28:00.000000,2025-02-13,1,0,0,0,0,1,0,2,"high-risk country, burst"
P00077926,C0075,Harrison-Grimes,Germany GmbH,XB,27687.96,37129.06,USD,2026-02-19 08:27:00.000000,2026-02-19,1,0,0,0,0,0,0,1,high-risk country
P00045360,C0075,Harrison-Grimes,US Inc,XB,27738.94,36674.76,USD,2025-07-03 13:29:00.000000,2025-07-03,1,0,0,0,0,0,0,1,high-risk country
P00087092,C0075,Harrison-Grimes,Netherlands BV,XB,27751.97,36831.17,USD,2026-04-23 07:08:00.000000,2026-04-23,1,0,0,0,0,0,0,1,high-risk country
P00012193,C0075,Harrison-Grimes,UK Ltd,XB,27981.06,37993.19,USD,2024-10-29 10:49:00.000000,2024-10-29,1,0,0,0,0,0,0,1,high-risk country
P00044201,C0075,Harrison-Grimes,India Services,XB,28148.86,37336.56,USD,2025-06-26 04:00:00.000000,2025-06-26,1,0,0,0,0,0,0,1,high-risk country
P00031839,C0075,Harrison-Grimes,Netherlands BV,XB,28294.85,38144.34,USD,2025-03-27 08:06:00.000000,2025-03-27,1,0,0,0,0,0,0,1,high-risk country
P00057636,C0075,Harrison-Grimes,UK Ltd,XB,28502.67,38651.79,USD,2025-09-29 09:34:00.000000,2025-09-29,1,0,0,0,0,0,0,1,high-risk country
P00098546,C0075,Harrison-Grimes,Germany GmbH,XB,28686.97,38287.84,USD,2026-07-09 10:31:00.000000,2026-07-09,1,0,0,0,0,0,0,1,high-risk country
P00031956,C0075,Harrison-Grimes,US Inc,XB,28691.57,38679.16,USD,2025-03-27 13:24:00.000000,2025-03-27,1,0,0,0,0,0,0,1,high-risk country
P00060360,C0075,Harrison-Grimes,US West Distribution,XB,28830.81,39197.16,USD,2025-10-16 14:30:00.000000,2025-10-16,1,0,0,0,0,1,0,2,"high-risk country, burst"
P00014948,C0075,Harrison-Grimes,US Inc,XB,28870.79,39140.74,USD,2024-11-19 15:15:00.000000,2024-11-19,1,0,0,0,0,0,0,1,high-risk country
P00008983,C0075,Harrison-Grimes,US Inc,XB,28944.31,38787.11,USD,2024-10-03 14:30:00.000000,2024-10-03,1,0,0,0,0,0,0,1,high-risk country
P00027311,C0075,Harrison-Grimes,US West Distribution,XB,28989.63,40228.82,USD,2025-02-20 14:18:00.000000,2025-02-20,1,0,0,0,0,0,0,1,high-risk country
P00031783,C0075,Harrison-Grimes,Shanghai Mfg,XB,29056.42,39171.02,USD,2025-03-27 02:23:00.000000,2025-03-27,1,0,0,0,0,0,0,1,high-risk country
P00068738,C0075,Harrison-Grimes,US West Distribution,XB,29072.54,37792.24,USD,2025-12-15 22:32:00.000000,2025-12-15,1,0,0,0,0,0,0,1,high-risk country
P00106196,C0075,Harrison-Grimes,US Inc,XB,29106.78,39308.42,USD,2026-08-27 14:44:00.000000,2026-08-27,1,0,0,0,0,0,0,1,high-risk country
P00071841,C0075,Harrison-Grimes,India Services,XB,29281.09,471.13,INR,2026-01-06 09:56:00.000000,2026-01-06,1,0,0,0,0,0,0,1,high-risk country
P00068292,C0075,Harrison-Grimes,US Inc,XB,29402.8,38195.41,USD,2025-12-11 15:14:00.000000,2025-12-11,1,0,0,0,0,0,0,1,high-risk country
P00080815,C0075,Harrison-Grimes,Shenzhen Sourcing,XB,29538.56,38266.08,USD,2026-03-11 02:40:00.000000,2026-03-11,1,0,0,0,0,0,0,1,high-risk country
P00085835,C0075,Harrison-Grimes,US West Distribution,XB,29667.21,39311.43,USD,2026-04-14 14:15:00.000000,2026-04-14,1,0,0,0,0,0,0,1,high-risk country
P00083115,C0075,Harrison-Grimes,US Inc,XB,30281.56,39962.45,USD,2026-03-26 13:11:00.000000,2026-03-26,1,0,0,0,0,0,0,1,high-risk country
P00101746,C0075,Harrison-Grimes,Netherlands BV,XB,30282.25,40498.97,USD,2026-07-30 08:41:00.000000,2026-07-30,1,0,0,0,0,0,0,1,high-risk country
P00065896,C0075,Harrison-Grimes,US Inc,XB,30375.83,40461.03,USD,2025-11-25 14:07:00.000000,2025-11-25,1,0,0,0,0,0,0,1,high-risk country
P00032337,C0075,Harrison-Grimes,US West Distribution,XB,30746.78,41240.35,USD,2025-03-31 14:39:00.000000,2025-03-31,1,0,0,0,1,0,0,2,"high-risk country, duplicate"
P00032342,C0075,Harrison-Grimes,US West Distribution,XB,30746.78,41240.35,USD,2025-03-31 15:00:00.000000,2025-03-31,1,0,0,0,1,0,0,2,"high-risk country, duplicate"
P00067291,C0075,Harrison-Grimes,Germany Sales Office,XB,30924.75,40703.56,USD,2025-12-04 11:55:00.000000,2025-12-04,1,0,0,0,1,0,0,2,"high-risk country, duplicate"
P00067292,C0075,Harrison-Grimes,Germany Sales Office,XB,30924.75,40703.56,USD,2025-12-04 12:00:00.000000,2025-12-04,1,0,0,0,1,0,0,2,"high-risk country, duplicate"
P00086043,C0075,Harrison-Grimes,Shanghai Mfg,XB,31158.88,41291.25,USD,2026-04-16 01:34:00.000000,2026-04-16,1,0,0,0,0,0,0,1,high-risk country
P00047197,C0075,Harrison-Grimes,Germany GmbH,XB,31191.17,45617.02,EUR,2025-07-17 06:33:00.000000,2025-07-17,1,0,0,0,0,0,0,1,high-risk country
P00050246,C0075,Harrison-Grimes,Netherlands BV,XB,31204.88,41753.66,USD,2025-08-07 07:05:00.000000,2025-08-07,1,0,0,0,0,0,0,1,high-risk country
P00088167,C0075,Harrison-Grimes,India Services,XB,31327.54,502.93,INR,2026-04-30 03:27:00.000000,2026-04-30,1,0,0,0,0,0,0,1,high-risk country
P00106140,C0075,Harrison-Grimes,US West Distribution,XB,31394.84,42330.76,USD,2026-08-27 13:04:00.000000,2026-08-27,1,0,0,0,0,0,0,1,high-risk country
P00036492,C0075,Harrison-Grimes,Germany GmbH,XB,31739.07,43002.0,USD,2025-04-29 07:35:00.000000,2025-04-29,1,0,0,0,0,0,0,1,high-risk country
P00074222,C0075,Harrison-Grimes,Germany GmbH,XB,32005.56,42539.49,USD,2026-01-22 08:35:00.000000,2026-01-22,1,0,0,0,1,0,0,2,"high-risk country, duplicate"
P00074234,C0075,Harrison-Grimes,Germany GmbH,XB,32005.56,42539.49,USD,2026-01-22 09:00:00.000000,2026-01-22,1,0,0,0,1,0,0,2,"high-risk country, duplicate"
P00043315,C0075,Harrison-Grimes,Germany Sales Office,XB,32016.25,42214.48,USD,2025-06-19 07:21:00.000000,2025-06-19,1,0,0,0,0,0,0,1,high-risk country
P00018940,C0075,Harrison-Grimes,Germany Sales Office,XB,32118.86,44888.48,EUR,2024-12-19 13:53:00.000000,2024-12-19,1,0,0,0,0,0,0,1,high-risk country
P00048339,C0075,Harrison-Grimes,Germany GmbH,XB,32167.07,42760.94,USD,2025-07-24 08:57:00.000000,2025-07-24,1,0,0,0,0,0,0,1,high-risk country
P00052359,C0075,Harrison-Grimes,US West Distribution,XB,32207.6,43752.51,USD,2025-08-21 14:16:00.000000,2025-08-21,1,0,0,0,0,0,0,1,high-risk country
P00048278,C0075,Harrison-Grimes,Germany GmbH,XB,32505.42,43210.72,USD,2025-07-24 07:26:00.000000,2025-07-24,1,0,0,0,0,0,0,1,high-risk country
P00041245,C0075,Harrison-Grimes,Shanghai Mfg,XB,32733.0,42800.07,USD,2025-06-05 01:46:00.000000,2025-06-05,1,0,0,0,0,0,0,1,high-risk country
P00057815,C0075,Harrison-Grimes,Shanghai Mfg,XB,32873.31,44464.93,USD,2025-09-30 01:27:00.000000,2025-09-30,1,0,0,0,0,0,0,1,high-risk country
P00074180,C0075,Harrison-Grimes,India Services,XB,33147.68,44057.51,USD,2026-01-22 03:50:00.000000,2026-01-22,1,0,0,0,0,0,0,1,high-risk country
P00040148,C0075,Harrison-Grimes,UK Ltd,XB,33507.27,44546.91,USD,2025-05-27 09:05:00.000000,2025-05-27,1,0,0,0,0,0,0,1,high-risk country
P00020812,C0075,Harrison-Grimes,US West Distribution,XB,33522.28,45908.56,USD,2025-01-02 19:16:00.000000,2025-01-02,1,0,0,0,0,0,0,1,high-risk country
P00080308,C0075,Harrison-Grimes,US West Distribution,XB,33989.93,44381.81,USD,2026-03-06 19:29:00.000000,2026-03-06,1,0,0,0,0,0,0,1,high-risk country
P00035756,C0075,Harrison-Grimes,Germany Sales Office,XB,33994.62,45617.62,USD,2025-04-24 08:48:00.000000,2025-04-24,1,0,0,0,0,0,0,1,high-risk country
P00027727,C0075,Harrison-Grimes,Shanghai Mfg,XB,34236.03,47619.34,USD,2025-02-25 00:41:00.000000,2025-02-25,1,0,0,0,0,0,0,1,high-risk country
P00092301,C0075,Harrison-Grimes,US West Distribution,XB,34395.21,45889.26,USD,2026-05-28 14:04:00.000000,2026-05-28,1,0,0,0,0,0,0,1,high-risk country
P00070024,C0075,Harrison-Grimes,US West Distribution,XB,34485.85,44826.5,USD,2025-12-23 14:04:00.000000,2025-12-23,1,0,0,0,0,0,0,1,high-risk country
P00045390,C0075,Harrison-Grimes,US Inc,XB,34792.3,45810.05,USD,2025-07-03 14:31:00.000000,2025-07-03,1,0,0,0,0,0,0,1,high-risk country
P00081116,C0075,Harrison-Grimes,Germany Sales Office,XB,34850.46,45339.19,USD,2026-03-12 09:35:00.000000,2026-03-12,1,0,0,0,0,0,0,1,high-risk country
P00018041,C0075,Harrison-Grimes,UK Ltd,XB,34899.85,47656.2,USD,2024-12-12 10:59:00.000000,2024-12-12,1,0,0,0,0,0,0,1,high-risk country
P00102905,C0075,Harrison-Grimes,India Services,XB,34914.55,566.8,INR,2026-08-06 12:35:00.000000,2026-08-06,1,0,0,0,0,0,0,1,high-risk country
P00031791,C0075,Harrison-Grimes,SG Operations,XB,35132.53,47362.23,USD,2025-03-27 02:37:00.000000,2025-03-27,1,0,0,0,0,0,0,1,high-risk country
P00054364,C0075,Harrison-Grimes,US West Distribution,XB,35535.58,48339.3,USD,2025-09-04 13:57:00.000000,2025-09-04,1,0,0,0,0,0,0,1,high-risk country
P00030988,C0075,Harrison-Grimes,US Inc,XB,35608.06,48884.49,USD,2025-03-20 13:05:00.000000,2025-03-20,1,0,0,0,0,0,0,1,high-risk country
P00094303,C0075,Harrison-Grimes,UK Ltd,XB,35633.78,47716.05,USD,2026-06-11 08:39:00.000000,2026-06-11,1,0,0,0,0,0,0,1,high-risk country
P00060342,C0075,Harrison-Grimes,US Inc,XB,35721.25,48520.25,USD,2025-10-16 13:42:00.000000,2025-10-16,1,0,0,0,0,1,0,2,"high-risk country, burst"
P00043034,C0075,Harrison-Grimes,US West Distribution,XB,35786.92,47472.85,USD,2025-06-17 14:36:00.000000,2025-06-17,1,0,0,0,0,1,0,2,"high-risk country, burst"
P00053179,C0075,Harrison-Grimes,SG Operations,XB,35966.45,35966.45,SGD,2025-08-28 04:04:00.000000,2025-08-28,1,0,0,0,0,0,0,1,high-risk country
P00048832,C0075,Harrison-Grimes,Shenzhen Sourcing,XB,36031.55,48112.06,USD,2025-07-29 01:48:00.000000,2025-07-29,1,0,0,0,0,0,0,1,high-risk country
P00030887,C0075,Harrison-Grimes,Shanghai Mfg,XB,36175.36,6742.98,CNY,2025-03-20 04:59:00.000000,2025-03-20,1,0,0,0,0,0,0,1,high-risk country
P00085027,C0075,Harrison-Grimes,India Services,XB,36273.19,47648.06,USD,2026-04-09 04:29:00.000000,2026-04-09,1,0,0,0,0,0,0,1,high-risk country
P00064000,C0075,Harrison-Grimes,India Services,XB,36298.71,583.83,INR,2025-11-12 11:54:00.000000,2025-11-12,1,0,0,0,0,0,0,1,high-risk country
P00043008,C0075,Harrison-Grimes,US West Distribution,XB,36705.23,48691.03,USD,2025-06-17 13:50:00.000000,2025-06-17,1,0,0,0,0,1,0,2,"high-risk country, burst"
P00104574,C0075,Harrison-Grimes,UK Ltd,XB,36853.77,49748.98,USD,2026-08-18 09:31:00.000000,2026-08-18,1,0,0,0,0,0,0,1,high-risk country
P00087023,C0075,Harrison-Grimes,SG Operations,XB,37251.21,49438.13,USD,2026-04-23 02:12:00.000000,2026-04-23,1,0,0,0,0,0,0,1,high-risk country
P00098757,C0075,Harrison-Grimes,US West Distribution,XB,37292.74,49790.92,USD,2026-07-10 17:48:00.000000,2026-07-10,1,0,0,0,0,0,0,1,high-risk country
P00086251,C0075,Harrison-Grimes,US Inc,XB,37385.49,49479.32,USD,2026-04-16 14:26:00.000000,2026-04-16,1,0,0,0,0,0,0,1,high-risk country
P00056985,C0075,Harrison-Grimes,India Services,XB,37991.7,618.35,INR,2025-09-24 07:05:00.000000,2025-09-24,1,0,0,0,0,0,0,1,high-risk country
P00065944,C0075,Harrison-Grimes,US West Distribution,XB,38254.01,50898.15,USD,2025-11-25 15:39:00.000000,2025-11-25,1,0,0,0,0,0,0,1,high-risk country
P00108335,C0075,Harrison-Grimes,US West Distribution,XB,38293.89,52382.9,USD,2026-09-10 13:50:00.000000,2026-09-10,1,0,0,0,0,0,0,1,high-risk country
P00109241,C0075,Harrison-Grimes,Shanghai Mfg,XB,38298.77,52286.67,USD,2026-09-17 02:18:00.000000,2026-09-17,1,0,0,0,0,0,0,1,high-risk country
P00026253,C0075,Harrison-Grimes,India Services,XB,38838.61,634.2,INR,2025-02-13 08:42:00.000000,2025-02-13,1,0,0,0,0,1,0,2,"high-risk country, burst"
P00030090,C0075,Harrison-Grimes,US Inc,XB,38957.18,53479.83,USD,2025-03-13 14:29:00.000000,2025-03-13,1,0,0,0,0,0,0,1,high-risk country
P00047347,C0075,Harrison-Grimes,US West Distribution,XB,39308.82,52276.84,USD,2025-07-17 13:42:00.000000,2025-07-17,1,0,0,0,0,0,0,1,high-risk country
P00110573,C0075,Harrison-Grimes,US West Distribution,XB,39389.63,53685.58,USD,2026-09-24 14:30:00.000000,2026-09-24,1,0,0,0,0,0,0,1,high-risk country
P00099594,C0075,Harrison-Grimes,Netherlands BV,XB,39443.23,53151.53,USD,2026-07-16 08:36:00.000000,2026-07-16,1,0,0,0,0,0,0,1,high-risk country
P00075879,C0075,Harrison-Grimes,Shenzhen Sourcing,XB,39843.94,52783.98,USD,2026-02-04 05:59:00.000000,2026-02-04,1,0,0,0,0,0,0,1,high-risk country
P00067131,C0075,Harrison-Grimes,Shanghai Mfg,XB,39851.7,52367.09,USD,2025-12-04 02:24:00.000000,2025-12-04,1,0,0,0,0,0,0,1,high-risk country
P00028955,C0075,Harrison-Grimes,Shenzhen Sourcing,XB,40038.83,7487.1,CNY,2025-03-06 02:54:00.000000,2025-03-06,1,0,0,0,0,0,0,1,high-risk country
P00065947,C0075,Harrison-Grimes,US West Distribution,XB,40260.85,53568.31,USD,2025-11-25 15:44:00.000000,2025-11-25,1,0,0,0,0,0,0,1,high-risk country
P00105038,C0075,Harrison-Grimes,US Inc,XB,40638.21,54728.74,USD,2026-08-20 13:57:00.000000,2026-08-20,1,0,0,0,0,0,0,1,high-risk country
P00074666,C0075,Harrison-Grimes,Shenzhen Sourcing,XB,40691.25,54104.51,USD,2026-01-27 01:11:00.000000,2026-01-27,1,0,0,0,0,0,0,1,high-risk country
P00092323,C0075,Harrison-Grimes,US Inc,XB,40844.2,54493.35,USD,2026-05-28 14:52:00.000000,2026-05-28,1,0,0,0,0,0,0,1,high-risk country
P00026365,C0075,Harrison-Grimes,US Inc,XB,42064.44,58523.83,USD,2025-02-13 14:10:00.000000,2025-02-13,1,0,0,0,0,1,0,2,"high-risk country, burst"
P00082566,C0075,Harrison-Grimes,SG Operations,XB,42400.25,55840.83,USD,2026-03-24 02:12:00.000000,2026-03-24,1,0,0,0,0,0,0,1,high-risk country
P00077262,C0075,Harrison-Grimes,UK Ltd,XB,42623.89,56659.98,USD,2026-02-12 10:40:00.000000,2026-02-12,1,0,0,0,0,0,0,1,high-risk country
P00024771,C0075,Harrison-Grimes,US West Distribution,XB,42718.41,59171.28,USD,2025-02-03 22:24:00.000000,2025-02-03,1,0,0,0,0,0,0,1,high-risk country
P00045001,C0075,Harrison-Grimes,US West Distribution,XB,42754.61,56649.86,USD,2025-07-01 14:53:00.000000,2025-07-01,1,0,0,0,0,0,0,1,high-risk country
P00028718,C0075,Harrison-Grimes,US Inc,XB,43340.2,60029.56,USD,2025-03-04 14:49:00.000000,2025-03-04,1,0,0,0,0,0,0,1,high-risk country
P00064882,C0075,Harrison-Grimes,Germany GmbH,XB,43712.86,57843.0,USD,2025-11-18 11:01:00.000000,2025-11-18,1,0,0,0,0,0,0,1,high-risk country
P00099267,C0075,Harrison-Grimes,US West Distribution,XB,44079.85,59052.5,USD,2026-07-14 14:31:00.000000,2026-07-14,1,0,0,0,0,0,0,1,high-risk country
P00037728,C0075,Harrison-Grimes,US West Distribution,XB,44089.94,59788.52,USD,2025-05-08 13:26:00.000000,2025-05-08,1,0,0,0,0,0,0,1,high-risk country
P00085170,C0075,Harrison-Grimes,US West Distribution,XB,44106.21,57937.43,USD,2026-04-09 13:16:00.000000,2026-04-09,1,0,0,0,0,0,0,1,high-risk country
P00109393,C0075,Harrison-Grimes,UK Ltd,XB,44261.93,60427.76,USD,2026-09-17 08:38:00.000000,2026-09-17,1,0,0,0,0,0,0,1,high-risk country
P00098032,C0075,Harrison-Grimes,Shanghai Mfg,XB,44399.38,59422.53,USD,2026-07-07 02:43:00.000000,2026-07-07,1,0,0,0,0,0,0,1,high-risk country
P00084585,C0075,Harrison-Grimes,India Services,XB,45113.3,721.86,INR,2026-04-07 05:27:00.000000,2026-04-07,1,0,0,0,0,0,0,1,high-risk country
P00039366,C0075,Harrison-Grimes,SG Operations,XB,45426.99,60887.84,USD,2025-05-22 02:09:00.000000,2025-05-22,1,0,0,0,0,0,0,1,high-risk country
P00080127,C0075,Harrison-Grimes,US West Distribution,XB,45583.9,59754.43,USD,2026-03-05 14:55:00.000000,2026-03-05,1,0,0,0,0,0,0,1,high-risk country
P00052354,C0075,Harrison-Grimes,US West Distribution,XB,45722.89,62059.5,USD,2025-08-21 14:08:00.000000,2025-08-21,1,0,0,0,0,0,0,1,high-risk country
P00025845,C0075,Harrison-Grimes,India Services,XB,46438.72,64738.41,USD,2025-02-11 04:14:00.000000,2025-02-11,1,0,0,0,0,0,0,1,high-risk country
P00082083,C0075,Harrison-Grimes,UK Ltd,XB,46624.68,61346.8,USD,2026-03-19 09:07:00.000000,2026-03-19,1,0,0,0,0,0,0,1,high-risk country
P00026393,C0075,Harrison-Grimes,US West Distribution,XB,48058.01,66810.2,USD,2025-02-13 15:12:00.000000,2025-02-13,1,0,0,0,0,1,0,2,"high-risk country, burst"
P00075405,C0075,Harrison-Grimes,US West Distribution,XB,48456.34,64492.24,USD,2026-01-30 22:11:00.000000,2026-01-30,1,0,0,0,0,0,0,1,high-risk country
P00100653,C0075,Harrison-Grimes,UK Ltd,XB,48643.62,66168.21,USD,2026-07-23 09:06:00.000000,2026-07-23,1,0,0,0,0,0,0,1,high-risk country
P00106876,C0075,Harrison-Grimes,US West Distribution,XB,48860.28,66738.7,USD,2026-09-01 14:07:00.000000,2026-09-01,1,0,0,0,0,0,0,1,high-risk country
P00095380,C0075,Harrison-Grimes,UK Ltd,XB,49106.72,65628.87,USD,2026-06-18 09:16:00.000000,2026-06-18,1,0,0,0,0,1,0,2,"high-risk country, burst"
P00049178,C0075,Harrison-Grimes,Group Treasury HQ,XB,49675.85,66096.65,USD,2025-07-31 01:04:00.000000,2025-07-31,1,0,0,0,0,0,0,1,high-risk country
P00046112,C0075,Harrison-Grimes,Shenzhen Sourcing,XB,50198.08,66476.56,USD,2025-07-10 01:59:00.000000,2025-07-10,1,0,0,0,0,0,0,1,high-risk country
P00030291,C0075,Harrison-Grimes,India Services,XB,50246.6,818.47,INR,2025-03-17 06:00:00.000000,2025-03-17,1,0,0,0,0,0,0,1,high-risk country
P00092293,C0075,Harrison-Grimes,US West Distribution,XB,51306.91,68452.45,USD,2026-05-28 13:46:00.000000,2026-05-28,1,0,0,0,0,0,0,1,high-risk country
P00107244,C0075,Harrison-Grimes,UK Ltd,XB,51599.44,70333.13,USD,2026-09-03 08:35:00.000000,2026-09-03,1,0,0,0,0,0,0,1,high-risk country
P00032477,C0075,Harrison-Grimes,Shanghai Mfg,XB,51685.8,9608.75,CNY,2025-04-01 06:48:00.000000,2025-04-01,1,0,0,0,0,0,0,1,high-risk country
P00020566,C0075,Harrison-Grimes,Shenzhen Sourcing,XB,52094.93,71343.69,USD,2025-01-02 03:13:00.000000,2025-01-02,1,0,0,0,0,0,0,1,high-risk country
P00103938,C0075,Harrison-Grimes,US West Distribution,XB,52261.2,70245.85,USD,2026-08-13 13:03:00.000000,2026-08-13,1,0,0,0,0,0,0,1,high-risk country
P00103981,C0075,Harrison-Grimes,US Inc,XB,52614.06,70720.14,USD,2026-08-13 14:37:00.000000,2026-08-13,1,0,0,0,0,0,0,1,high-risk country
P00017597,C0075,Harrison-Grimes,India Services,XB,52652.69,845.23,INR,2024-12-10 06:53:00.000000,2024-12-10,1,0,0,0,0,0,0,1,high-risk country
P00041270,C0075,Harrison-Grimes,SG Operations,XB,52747.67,68970.27,USD,2025-06-05 02:31:00.000000,2025-06-05,1,0,0,0,0,0,0,1,high-risk country
P00035634,C0075,Harrison-Grimes,Shanghai Mfg,XB,53178.27,71637.03,USD,2025-04-24 02:37:00.000000,2025-04-24,1,0,0,0,0,0,0,1,high-risk country
P00039564,C0075,Harrison-Grimes,US West Distribution,XB,53353.11,71834.31,USD,2025-05-22 13:21:00.000000,2025-05-22,1,0,0,0,0,0,0,1,high-risk country
P00097600,C0075,Harrison-Grimes,US Inc,XB,53410.27,71216.08,USD,2026-07-02 14:49:00.000000,2026-07-02,1,0,0,0,0,0,0,1,high-risk country
P00069982,C0075,Harrison-Grimes,Germany GmbH,XB,53472.38,69506.18,USD,2025-12-23 09:56:00.000000,2025-12-23,1,0,0,0,0,0,0,1,high-risk country
P00091327,C0075,Harrison-Grimes,Shenzhen Sourcing,XB,54625.64,72457.96,USD,2026-05-22 03:57:00.000000,2026-05-22,1,0,0,0,0,0,0,1,high-risk country
P00102913,C0075,Harrison-Grimes,US West Distribution,XB,54670.25,73105.5,USD,2026-08-06 13:11:00.000000,2026-08-06,1,0,0,0,0,0,0,1,high-risk country
P00012499,C0075,Harrison-Grimes,Netherlands BV,XB,54789.03,74886.69,USD,2024-10-31 09:37:00.000000,2024-10-31,1,0,0,0,0,0,0,1,high-risk country
P00031564,C0075,Harrison-Grimes,US West Distribution,XB,56206.01,76697.2,USD,2025-03-25 13:24:00.000000,2025-03-25,1,0,0,0,0,0,0,1,high-risk country
P00105024,C0075,Harrison-Grimes,US West Distribution,XB,57424.34,77335.14,USD,2026-08-20 13:21:00.000000,2026-08-20,1,0,0,0,0,0,0,1,high-risk country
P00069751,C0075,Harrison-Grimes,Shenzhen Sourcing,XB,58593.25,76162.55,USD,2025-12-23 00:57:00.000000,2025-12-23,1,0,0,0,0,0,0,1,high-risk country
P00053825,C0075,Harrison-Grimes,US West Distribution,XB,58663.42,79325.44,USD,2025-09-02 06:25:00.000000,2025-09-02,1,0,0,0,0,0,1,2,"high-risk country, off-hours"
P00106034,C0075,Harrison-Grimes,Netherlands BV,XB,59651.01,80429.54,USD,2026-08-27 07:25:00.000000,2026-08-27,1,0,0,0,0,0,0,1,high-risk country
P00056098,C0075,Harrison-Grimes,India Services,XB,59750.77,80940.48,USD,2025-09-17 11:47:00.000000,2025-09-17,1,0,0,0,0,0,0,1,high-risk country
P00022236,C0075,Harrison-Grimes,Shanghai Mfg,XB,59848.05,82272.34,USD,2025-01-14 02:36:00.000000,2025-01-14,1,0,0,0,0,0,0,1,high-risk country
P00101366,C0075,Harrison-Grimes,US West Distribution,XB,60079.96,80500.36,USD,2026-07-28 14:35:00.000000,2026-07-28,1,0,0,0,0,0,0,1,high-risk country
P00081053,C0075,Harrison-Grimes,Germany GmbH,XB,60122.4,78226.4,USD,2026-03-12 08:09:00.000000,2026-03-12,1,0,0,0,0,0,0,1,high-risk country
P00075997,C0075,Harrison-Grimes,SG Operations,XB,61366.02,81440.69,USD,2026-02-05 01:45:00.000000,2026-02-05,1,0,0,0,0,0,0,1,high-risk country
P00081286,C0075,Harrison-Grimes,India Services,XB,61385.86,982.05,INR,2026-03-13 11:22:00.000000,2026-03-13,1,0,0,0,0,0,0,1,high-risk country
P00082975,C0075,Harrison-Grimes,Shanghai Mfg,XB,62108.33,81964.11,USD,2026-03-26 02:59:00.000000,2026-03-26,1,0,0,0,0,0,0,1,high-risk country
P00093213,C0075,Harrison-Grimes,Netherlands BV,XB,62391.13,83713.98,USD,2026-06-04 07:11:00.000000,2026-06-04,1,0,0,0,0,0,0,1,high-risk country
P00008887,C0075,Harrison-Grimes,Shenzhen Sourcing,XB,62607.8,11571.92,CNY,2024-10-03 03:43:00.000000,2024-10-03,1,0,0,0,0,0,0,1,high-risk country
P00105021,C0075,Harrison-Grimes,US West Distribution,XB,63425.52,85365.17,USD,2026-08-20 13:12:00.000000,2026-08-20,1,0,0,0,0,0,0,1,high-risk country
P00015754,C0075,Harrison-Grimes,India Services,XB,63686.3,85992.3,USD,2024-11-26 03:31:00.000000,2024-11-26,1,0,0,0,0,0,0,1,high-risk country
P00096385,C0075,Harrison-Grimes,Shanghai Mfg,XB,64183.68,11889.58,CNY,2026-06-25 08:44:00.000000,2026-06-25,1,0,0,0,0,1,0,2,"high-risk country, burst"
P00028917,C0075,Harrison-Grimes,Shenzhen Sourcing,XB,64256.42,88926.07,USD,2025-03-06 01:58:00.000000,2025-03-06,1,0,0,0,0,0,0,1,high-risk country
P00077030,C0075,Harrison-Grimes,Group Treasury HQ,XB,64318.57,85498.74,USD,2026-02-12 01:41:00.000000,2026-02-12,1,0,0,0,0,0,0,1,high-risk country
P00091847,C0075,Harrison-Grimes,UK Ltd,XB,64895.58,86068.22,USD,2026-05-26 14:31:00.000000,2026-05-26,1,0,0,0,1,0,0,2,"high-risk country, duplicate"
P00091850,C0075,Harrison-Grimes,UK Ltd,XB,64895.58,86068.22,USD,2026-05-26 14:48:00.000000,2026-05-26,1,0,0,0,1,0,0,2,"high-risk country, duplicate"
P00019826,C0075,Harrison-Grimes,US West Distribution,XB,65191.91,88601.87,USD,2024-12-26 15:30:00.000000,2024-12-26,1,0,0,0,0,0,0,1,high-risk country
P00055358,C0075,Harrison-Grimes,US West Distribution,XB,65684.81,89284.57,USD,2025-09-11 14:24:00.000000,2025-09-11,1,0,0,0,0,0,0,1,high-risk country
P00050505,C0075,Harrison-Grimes,US West Distribution,XB,65703.38,88469.54,USD,2025-08-08 13:37:00.000000,2025-08-08,1,0,0,0,0,0,0,1,high-risk country
P00043197,C0075,Harrison-Grimes,SG Operations,XB,65748.78,86691.94,USD,2025-06-19 01:17:00.000000,2025-06-19,1,0,0,0,0,0,0,1,high-risk country
P00030765,C0075,Harrison-Grimes,US West Distribution,XB,66672.89,91946.85,USD,2025-03-19 18:47:00.000000,2025-03-19,1,0,0,0,0,0,0,1,high-risk country
P00081177,C0075,Harrison-Grimes,US West Distribution,XB,66935.18,87090.63,USD,2026-03-12 13:48:00.000000,2026-03-12,1,0,0,0,0,0,0,1,high-risk country
P00067056,C0075,Harrison-Grimes,Germany GmbH,XB,67099.27,88171.73,USD,2025-12-03 13:44:00.000000,2025-12-03,1,0,0,0,0,0,0,1,high-risk country
P00021245,C0075,Harrison-Grimes,Shenzhen Sourcing,XB,67461.25,92265.94,USD,2025-01-07 02:46:00.000000,2025-01-07,1,0,0,0,0,0,0,1,high-risk country
P00098187,C0075,Harrison-Grimes,US West Distribution,XB,68254.21,91348.98,USD,2026-07-07 14:18:00.000000,2026-07-07,1,0,0,0,0,0,0,1,high-risk country
P00071893,C0075,Harrison-Grimes,US West Distribution,XB,68851.22,90678.09,USD,2026-01-06 14:52:00.000000,2026-01-06,1,0,0,0,0,0,0,1,high-risk country
P00030062,C0075,Harrison-Grimes,US West Distribution,XB,68959.13,94547.52,USD,2025-03-13 13:21:00.000000,2025-03-13,1,0,0,0,0,0,0,1,high-risk country
P00039685,C0075,Harrison-Grimes,Germany GmbH,XB,69161.82,92700.7,USD,2025-05-23 14:02:00.000000,2025-05-23,1,0,0,0,0,0,0,1,high-risk country
P00078644,C0075,Harrison-Grimes,Netherlands BV,XB,70398.32,93447.29,USD,2026-02-24 12:23:00.000000,2026-02-24,1,0,0,0,1,0,0,2,"high-risk country, duplicate"
P00078647,C0075,Harrison-Grimes,Netherlands BV,XB,70398.32,93662.99,USD,2026-02-24 12:38:00.000000,2026-02-24,1,0,0,0,1,0,0,2,"high-risk country, duplicate"
P00057882,C0075,Harrison-Grimes,Shanghai Mfg,XB,70506.7,95368.42,USD,2025-09-30 02:32:00.000000,2025-09-30,1,0,0,0,0,0,0,1,high-risk country
P00071045,C0075,Harrison-Grimes,US West Distribution,XB,71055.06,93880.79,USD,2025-12-30 14:01:00.000000,2025-12-30,1,0,0,0,0,1,0,2,"high-risk country, burst"
P00049923,C0075,Harrison-Grimes,Shanghai Mfg,XB,71821.36,13425.21,CNY,2025-08-05 08:29:00.000000,2025-08-05,1,0,0,0,0,0,0,1,high-risk country
P00059220,C0075,Harrison-Grimes,Netherlands BV,XB,72204.88,98062.17,USD,2025-10-09 07:49:00.000000,2025-10-09,1,0,0,0,0,0,0,1,high-risk country
P00110352,C0075,Harrison-Grimes,Shenzhen Sourcing,XB,72930.88,99274.39,USD,2026-09-24 02:12:00.000000,2026-09-24,1,0,0,0,0,0,0,1,high-risk country
P00074772,C0075,Harrison-Grimes,Netherlands BV,XB,73408.81,97606.92,USD,2026-01-27 08:52:00.000000,2026-01-27,1,0,0,0,0,0,0,1,high-risk country
P00071072,C0075,Harrison-Grimes,US West Distribution,XB,73792.2,97244.32,USD,2025-12-30 14:49:00.000000,2025-12-30,1,0,0,0,0,1,0,2,"high-risk country, burst"
P00025974,C0075,Harrison-Grimes,US West Distribution,XB,74440.32,103661.64,USD,2025-02-11 15:52:00.000000,2025-02-11,1,0,0,0,0,0,0,1,high-risk country
P00026361,C0075,Harrison-Grimes,UK Ltd,XB,74724.12,103924.14,USD,2025-02-13 14:02:00.000000,2025-02-13,1,0,0,0,0,1,0,2,"high-risk country, burst"
P00011399,C0075,Harrison-Grimes,Shanghai Mfg,XB,74989.42,101485.66,USD,2024-10-24 01:57:00.000000,2024-10-24,1,0,0,0,0,0,0,1,high-risk country
P00100578,C0075,Harrison-Grimes,Netherlands BV,XB,75482.93,102676.79,USD,2026-07-23 07:06:00.000000,2026-07-23,1,0,0,0,0,0,0,1,high-risk country
P00041425,C0075,Harrison-Grimes,US Inc,XB,79788.28,104327.25,USD,2025-06-05 13:29:00.000000,2025-06-05,1,0,0,0,0,0,0,1,high-risk country
P00087029,C0075,Harrison-Grimes,Shenzhen Sourcing,XB,83113.19,110495.16,USD,2026-04-23 02:21:00.000000,2026-04-23,1,0,0,0,0,0,0,1,high-risk country
P00059223,C0075,Harrison-Grimes,Netherlands BV,XB,84972.53,115402.04,USD,2025-10-09 07:51:00.000000,2025-10-09,1,0,0,0,0,0,0,1,high-risk country
P00109962,C0075,Harrison-Grimes,Shanghai Mfg,XB,85039.55,116194.04,USD,2026-09-22 01:59:00.000000,2026-09-22,1,0,0,0,0,0,0,1,high-risk country
P00008976,C0075,Harrison-Grimes,US West Distribution,XB,85889.85,115136.37,USD,2024-10-03 14:17:00.000000,2024-10-03,1,0,0,1,0,0,0,2,"high-risk country, new beneficiary"
P00041035,C0075,Harrison-Grimes,UK Ltd,XB,87576.32,114304.0,USD,2025-06-03 08:56:00.000000,2025-06-03,1,0,0,0,0,0,0,1,high-risk country
P00043953,C0075,Harrison-Grimes,US West Distribution,XB,87627.09,115525.45,USD,2025-06-24 13:17:00.000000,2025-06-24,1,0,0,0,0,0,0,1,high-risk country
P00071111,C0075,Harrison-Grimes,Germany GmbH,XB,88820.01,117048.16,USD,2025-12-30 15:51:00.000000,2025-12-30,1,0,0,0,0,1,0,2,"high-risk country, burst"
P00084785,C0075,Harrison-Grimes,US Inc,XB,89522.83,117077.78,USD,2026-04-07 21:45:00.000000,2026-04-07,1,0,0,0,0,0,0,1,high-risk country
P00020577,C0075,Harrison-Grimes,India Services,XB,89846.45,122436.09,USD,2025-01-02 04:25:00.000000,2025-01-02,1,0,0,0,0,0,0,1,high-risk country
P00037303,C0075,Harrison-Grimes,UK Ltd,XB,90767.86,122393.47,USD,2025-05-06 08:26:00.000000,2025-05-06,1,0,0,0,0,0,0,1,high-risk country
P00088341,C0075,Harrison-Grimes,US West Distribution,XB,90969.06,121354.82,USD,2026-04-30 14:06:00.000000,2026-04-30,1,0,0,0,0,0,0,1,high-risk country
P00100631,C0075,Harrison-Grimes,UK Ltd,XB,92372.31,124520.46,USD,2026-07-23 08:23:00.000000,2026-07-23,1,0,0,0,0,0,0,1,high-risk country
P00018462,C0075,Harrison-Grimes,SG Operations,XB,93170.52,126860.42,USD,2024-12-17 01:47:00.000000,2024-12-17,1,0,0,0,0,0,0,1,high-risk country
P00047141,C0075,Harrison-Grimes,Group Treasury HQ,XB,93274.89,124046.37,USD,2025-07-17 02:35:00.000000,2025-07-17,1,0,0,0,0,0,0,1,high-risk country
P00013519,C0075,Harrison-Grimes,US Inc,XB,93968.84,128186.84,USD,2024-11-07 15:42:00.000000,2024-11-07,1,0,0,0,0,0,0,1,high-risk country
P00021787,C0075,Harrison-Grimes,US West Distribution,XB,95538.89,131535.36,USD,2025-01-09 15:07:00.000000,2025-01-09,1,0,0,0,0,0,0,1,high-risk country
P00078681,C0075,Harrison-Grimes,US West Distribution,XB,96126.8,127894.02,USD,2026-02-24 14:54:00.000000,2026-02-24,1,0,0,0,0,0,0,1,high-risk country
P00053293,C0075,Harrison-Grimes,UK Ltd,XB,97439.13,131973.6,USD,2025-08-28 09:57:00.000000,2025-08-28,1,0,0,0,0,0,0,1,high-risk country
P00065302,C0075,Harrison-Grimes,US West Distribution,XB,103522.41,136369.45,USD,2025-11-20 14:44:00.000000,2025-11-20,1,0,0,0,0,0,0,1,high-risk country
P00027213,C0075,Harrison-Grimes,Shenzhen Sourcing,XB,104634.56,19515.08,CNY,2025-02-20 06:38:00.000000,2025-02-20,1,0,1,0,0,0,0,2,"high-risk country, structuring"
P00027142,C0075,Harrison-Grimes,SG Operations,XB,104848.81,145913.16,USD,2025-02-20 01:36:00.000000,2025-02-20,1,0,0,0,0,0,0,1,high-risk country
P00095341,C0075,Harrison-Grimes,Germany GmbH,XB,106321.82,142094.22,USD,2026-06-18 08:20:00.000000,2026-06-18,1,0,0,0,0,1,0,2,"high-risk country, burst"
P00086785,C0075,Harrison-Grimes,Netherlands BV,XB,106995.02,142257.69,USD,2026-04-21 08:58:00.000000,2026-04-21,1,0,0,0,0,0,0,1,high-risk country
P00090197,C0075,Harrison-Grimes,US West Distribution,XB,107830.22,142860.16,USD,2026-05-14 13:57:00.000000,2026-05-14,1,0,0,0,0,0,0,1,high-risk country
P00015266,C0075,Harrison-Grimes,Germany GmbH,XB,108347.53,146809.28,USD,2024-11-21 09:37:00.000000,2024-11-21,1,0,0,0,0,0,0,1,high-risk country
P00037758,C0075,Harrison-Grimes,US West Distribution,XB,108649.76,147335.38,USD,2025-05-08 16:14:00.000000,2025-05-08,1,0,0,0,0,0,0,1,high-risk country
P00015303,C0075,Harrison-Grimes,US Inc,XB,109814.41,148796.88,USD,2024-11-21 14:04:00.000000,2024-11-21,1,0,0,0,0,0,0,1,high-risk country
P00027895,C0075,Harrison-Grimes,Netherlands BV,XB,112250.71,156262.64,USD,2025-02-25 16:47:00.000000,2025-02-25,1,0,0,0,0,0,0,1,high-risk country
P00011951,C0075,Harrison-Grimes,UK Ltd,XB,113938.88,154708.26,USD,2024-10-28 14:44:00.000000,2024-10-28,1,0,0,0,0,0,0,1,high-risk country
P00061154,C0075,Harrison-Grimes,Shenzhen Sourcing,XB,114848.44,156412.21,USD,2025-10-23 02:21:00.000000,2025-10-23,1,0,0,0,0,0,0,1,high-risk country
P00044378,C0075,Harrison-Grimes,US Inc,XB,115731.96,153506.52,USD,2025-06-26 14:38:00.000000,2025-06-26,1,0,0,0,0,0,0,1,high-risk country
P00024180,C0075,Harrison-Grimes,US West Distribution,XB,117766.67,161855.45,USD,2025-01-28 15:37:00.000000,2025-01-28,1,0,0,0,0,0,0,1,high-risk country
P00077118,C0075,Harrison-Grimes,Group Treasury HQ,XB,117874.9,156691.22,USD,2026-02-12 02:52:00.000000,2026-02-12,1,0,0,0,0,0,0,1,high-risk country
P00021112,C0075,Harrison-Grimes,Germany GmbH,XB,122744.15,168031.22,USD,2025-01-06 10:23:00.000000,2025-01-06,1,0,0,0,0,0,0,1,high-risk country
P00087249,C0075,Harrison-Grimes,US Inc,XB,127835.37,169657.35,USD,2026-04-23 14:25:00.000000,2026-04-23,1,0,0,0,0,0,0,1,high-risk country
P00106649,C0075,Harrison-Grimes,US West Distribution,XB,127848.94,174049.33,USD,2026-08-31 21:06:00.000000,2026-08-31,1,0,0,0,0,0,0,1,high-risk country
P00091280,C0075,Harrison-Grimes,US West Distribution,XB,128819.3,170871.85,USD,2026-05-21 14:56:00.000000,2026-05-21,1,0,0,0,0,0,0,1,high-risk country
P00010331,C0075,Harrison-Grimes,US West Distribution,XB,132442.87,176485.02,USD,2024-10-15 14:03:00.000000,2024-10-15,1,0,0,0,0,0,0,1,high-risk country
P00091852,C0075,Harrison-Grimes,US West Distribution,XB,132562.2,175737.58,USD,2026-05-26 14:51:00.000000,2026-05-26,1,0,0,0,0,0,0,1,high-risk country
P00075984,C0075,Harrison-Grimes,Shenzhen Sourcing,XB,134014.58,177854.77,USD,2026-02-05 01:27:00.000000,2026-02-05,1,0,0,0,0,0,0,1,high-risk country
P00057865,C0075,Harrison-Grimes,Shenzhen Sourcing,XB,136749.61,184969.57,USD,2025-09-30 02:14:00.000000,2025-09-30,1,0,0,0,0,0,0,1,high-risk country
P00077968,C0075,Harrison-Grimes,Germany GmbH,XB,137139.66,183296.76,USD,2026-02-19 09:49:00.000000,2026-02-19,1,0,0,0,0,0,0,1,high-risk country
P00082605,C0075,Harrison-Grimes,India Services,XB,139732.57,184026.82,USD,2026-03-24 04:39:00.000000,2026-03-24,1,0,0,0,0,0,0,1,high-risk country
P00053949,C0075,Harrison-Grimes,US Inc,XB,140469.62,190832.33,USD,2025-09-02 14:37:00.000000,2025-09-02,1,0,0,0,0,0,0,1,high-risk country
P00110306,C0075,Harrison-Grimes,SG Operations,XB,149283.79,203206.89,USD,2026-09-24 01:22:00.000000,2026-09-24,1,0,0,0,0,0,0,1,high-risk country
P00096472,C0075,Harrison-Grimes,US West Distribution,XB,155475.92,207642.29,USD,2026-06-25 14:03:00.000000,2026-06-25,1,0,0,0,0,1,0,2,"high-risk country, burst"
P00019844,C0075,Harrison-Grimes,US Inc,XB,155822.65,212749.18,USD,2024-12-26 20:17:00.000000,2024-12-26,1,0,0,0,0,0,0,1,high-risk country
P00057220,C0075,Harrison-Grimes,Netherlands BV,XB,159777.83,216517.65,USD,2025-09-25 08:19:00.000000,2025-09-25,1,0,0,0,0,0,0,1,high-risk country
P00075953,C0075,Harrison-Grimes,Shenzhen Sourcing,XB,160940.16,29947.1,CNY,2026-02-05 00:35:00.000000,2026-02-05,1,0,0,0,0,0,0,1,high-risk country
P00098597,C0075,Harrison-Grimes,US Inc,XB,165784.08,220918.39,USD,2026-07-09 14:07:00.000000,2026-07-09,1,0,0,0,0,0,0,1,high-risk country
P00053762,C0075,Harrison-Grimes,Shenzhen Sourcing,XB,168614.87,228003.22,USD,2025-09-02 01:34:00.000000,2025-09-02,1,0,0,0,0,0,0,1,high-risk country
P00061198,C0075,Harrison-Grimes,India Services,XB,187395.04,255213.49,USD,2025-10-23 04:55:00.000000,2025-10-23,1,0,0,0,0,0,0,1,high-risk country
P00021324,C0075,Harrison-Grimes,UK Ltd,XB,189645.78,259376.26,USD,2025-01-07 09:22:00.000000,2025-01-07,1,0,0,0,0,0,0,1,high-risk country
P00034719,C0075,Harrison-Grimes,Shenzhen Sourcing,XB,201523.87,268438.26,USD,2025-04-17 02:23:00.000000,2025-04-17,1,0,0,0,0,0,0,1,high-risk country
P00074122,C0075,Harrison-Grimes,SG Operations,XB,204441.06,271728.34,USD,2026-01-22 01:19:00.000000,2026-01-22,1,0,0,0,0,0,0,1,high-risk country
P00041911,C0075,Harrison-Grimes,Germany GmbH,XB,209610.76,276596.91,USD,2025-06-10 08:43:00.000000,2025-06-10,1,0,0,0,0,0,0,1,high-risk country
P00091012,C0075,Harrison-Grimes,SG Operations,XB,210562.87,279724.35,USD,2026-05-21 01:17:00.000000,2026-05-21,1,0,0,0,0,0,0,1,high-risk country
P00066279,C0075,Harrison-Grimes,Netherlands BV,XB,215052.41,286520.99,USD,2025-11-27 09:27:00.000000,2025-11-27,1,0,0,0,0,0,0,1,high-risk country
P00060273,C0075,Harrison-Grimes,Germany GmbH,XB,237399.54,322758.44,USD,2025-10-16 08:26:00.000000,2025-10-16,1,0,0,0,0,1,0,2,"high-risk country, burst"
P00064551,C0075,Harrison-Grimes,Netherlands BV,XB,267992.97,354505.66,USD,2025-11-17 07:06:00.000000,2025-11-17,1,0,0,0,0,0,0,1,high-risk country
P00082170,C0075,Harrison-Grimes,US Inc,XB,274907.35,361711.55,USD,2026-03-19 13:54:00.000000,2026-03-19,1,0,0,0,0,0,0,1,high-risk country
P00013004,C0075,Harrison-Grimes,India Services,XB,276299.89,4382.12,INR,2024-11-05 04:07:00.000000,2024-11-05,1,0,0,0,0,0,0,1,high-risk country
P00023202,C0075,Harrison-Grimes,US Inc,XB,308110.43,424721.6,USD,2025-01-21 14:41:00.000000,2025-01-21,1,0,0,0,0,0,0,1,high-risk country
P00106084,C0075,Harrison-Grimes,Germany GmbH,XB,319963.94,431418.58,USD,2026-08-27 08:33:00.000000,2026-08-27,1,0,0,0,0,0,0,1,high-risk country
P00055302,C0075,Harrison-Grimes,India Services,XB,331052.58,5308.43,INR,2025-09-11 09:44:00.000000,2025-09-11,1,0,0,0,0,0,0,1,high-risk country
P00106141,C0075,Harrison-Grimes,US West Distribution,XB,348072.34,469318.12,USD,2026-08-27 13:07:00.000000,2026-08-27,1,0,0,0,0,0,0,1,high-risk country
P00053836,C0075,Harrison-Grimes,Germany GmbH,XB,386137.95,522140.76,USD,2025-09-02 07:22:00.000000,2025-09-02,1,0,0,0,0,0,0,1,high-risk country
P00075653,C0075,Harrison-Grimes,US Inc,XB,411541.38,545196.85,USD,2026-02-02 22:07:00.000000,2026-02-02,1,0,0,0,0,0,0,1,high-risk country
P00107252,C0075,Harrison-Grimes,India Services,XB,440330.4,7174.74,INR,2026-09-03 08:44:00.000000,2026-09-03,1,0,0,0,0,0,0,1,high-risk country
P00028990,C0075,Harrison-Grimes,India Services,XB,632351.18,10201.72,INR,2025-03-06 07:14:00.000000,2025-03-06,1,0,0,0,0,0,0,1,high-risk country
P00041876,C0075,Harrison-Grimes,Germany GmbH,XB,644998.05,851122.66,USD,2025-06-10 07:18:00.000000,2025-06-10,1,0,0,0,0,0,0,1,high-risk country
P00054339,C0075,Harrison-Grimes,India Services,XB,762821.66,12234.13,INR,2025-09-04 12:09:00.000000,2025-09-04,1,0,0,0,0,0,0,1,high-risk country
P00108062,C0075,Harrison-Grimes,UK Ltd,XB,768787.76,1046969.77,USD,2026-09-10 00:47:00.000000,2026-09-10,1,0,0,0,0,0,1,2,"high-risk country, off-hours"
P00063190,C0075,Harrison-Grimes,India Services,XB,829534.16,13392.0,INR,2025-11-06 04:20:00.000000,2025-11-06,1,0,0,0,0,0,0,1,high-risk country
P00065695,C0079,"Ferguson, Sanchez and Jackson",SG Operations,SG,13.99,13.99,SGD,2025-11-24 19:47:00.000000,2025-11-24,0,0,0,0,0,0,1,1,off-hours
P00044245,C0079,"Ferguson, Sanchez and Jackson",Shanghai Mfg,SG,1099.14,1099.14,SGD,2025-06-26 07:29:00.000000,2025-06-26,0,0,0,0,1,0,0,1,duplicate
P00044263,C0079,"Ferguson, Sanchez and Jackson",Shanghai Mfg,SG,1099.14,1099.14,SGD,2025-06-26 07:55:00.000000,2025-06-26,0,0,0,0,1,0,0,1,duplicate
P00098324,C0079,"Ferguson, Sanchez and Jackson",Shanghai Mfg,SG,1612.7,299.79,CNY,2026-07-08 21:22:00.000000,2026-07-08,0,0,0,0,0,0,1,1,off-hours
P00093805,C0079,"Ferguson, Sanchez and Jackson",Group Treasury HQ,SG,3977.14,3977.14,SGD,2026-06-09 03:37:00.000000,2026-06-09,0,0,0,0,1,0,0,1,duplicate
P00093808,C0079,"Ferguson, Sanchez and Jackson",Group Treasury HQ,SG,3977.14,3977.14,SGD,2026-06-09 03:46:00.000000,2026-06-09,0,0,0,0,1,0,0,1,duplicate
P00086285,C0079,"Ferguson, Sanchez and Jackson",India Services,SG,10580.77,169.47,INR,2026-04-16 23:45:00.000000,2026-04-16,0,0,0,0,0,0,1,1,off-hours
P00061489,C0079,"Ferguson, Sanchez and Jackson",Netherlands BV,SG,13355.15,18939.67,EUR,2025-10-24 14:48:00.000000,2025-10-24,0,0,1,0,0,0,0,1,structuring
P00061308,C0079,"Ferguson, Sanchez and Jackson",Netherlands BV,SG,13741.42,19585.44,EUR,2025-10-23 09:52:00.000000,2025-10-23,0,0,1,0,0,0,0,1,structuring
P00061638,C0079,"Ferguson, Sanchez and Jackson",Netherlands BV,SG,13782.17,19545.25,EUR,2025-10-27 08:15:00.000000,2025-10-27,0,0,1,0,0,0,0,1,structuring
P00015177,C0079,"Ferguson, Sanchez and Jackson",SG Operations,SG,18095.09,18095.09,SGD,2024-11-21 02:52:00.000000,2024-11-21,0,0,1,0,0,0,0,1,structuring
P00046127,C0079,"Ferguson, Sanchez and Jackson",Shanghai Mfg,SG,18252.08,18252.08,SGD,2025-07-10 02:29:00.000000,2025-07-10,0,0,1,0,0,0,0,1,structuring
P00028672,C0079,"Ferguson, Sanchez and Jackson",SG Operations,SG,18369.04,18369.04,SGD,2025-03-04 09:31:00.000000,2025-03-04,0,0,1,0,0,0,0,1,structuring
P00045144,C0079,"Ferguson, Sanchez and Jackson",Shanghai Mfg,SG,18395.1,18395.1,SGD,2025-07-03 01:28:00.000000,2025-07-03,0,0,1,0,0,0,0,1,structuring
P00036839,C0079,"Ferguson, Sanchez and Jackson",US West Distribution,SG,18931.56,18931.56,SGD,2025-05-01 13:31:00.000000,2025-05-01,0,0,1,0,0,0,0,1,structuring
P00082937,C0079,"Ferguson, Sanchez and Jackson",Shanghai Mfg,SG,19228.81,19228.81,SGD,2026-03-26 02:18:00.000000,2026-03-26,0,0,1,0,0,0,0,1,structuring
P00108321,C0079,"Ferguson, Sanchez and Jackson",US Inc,SG,19653.46,19653.46,SGD,2026-09-10 13:03:00.000000,2026-09-10,0,0,1,0,0,0,0,1,structuring
P00013520,C0079,"Ferguson, Sanchez and Jackson",UK Ltd,SG,50000.0,84672.5,GBP,2024-11-07 15:43:00.000000,2024-11-07,0,1,0,0,0,0,0,1,round amount
P00054194,C0079,"Ferguson, Sanchez and Jackson",Shenzhen Sourcing,SG,50000.0,9351.3,CNY,2025-09-04 02:19:00.000000,2025-09-04,0,1,0,0,0,0,0,1,round amount
P00094224,C0080,Robinson and Sons,Germany GmbH,SG,135.99,202.44,EUR,2026-06-11 03:58:00.000000,2026-06-11,0,0,0,0,0,0,1,1,off-hours
P00102533,C0080,Robinson and Sons,US West Distribution,SG,22463.34,22463.34,SGD,2026-08-04 16:21:00.000000,2026-08-04,0,0,0,0,1,0,0,1,duplicate
P00102535,C0080,Robinson and Sons,US West Distribution,SG,22463.34,22463.34,SGD,2026-08-04 16:37:00.000000,2026-08-04,0,0,0,0,1,0,0,1,duplicate
P00068092,C0080,Robinson and Sons,Shanghai Mfg,SG,25000.0,4656.1,CNY,2025-12-11 02:26:00.000000,2025-12-11,0,1,0,0,0,0,0,1,round amount
P00107109,C0080,Robinson and Sons,Group Treasury HQ,SG,34248.7,34248.7,SGD,2026-09-03 02:48:00.000000,2026-09-03,0,0,0,0,1,0,0,1,duplicate
P00107119,C0080,Robinson and Sons,Group Treasury HQ,SG,34248.7,34248.7,SGD,2026-09-03 03:06:00.000000,2026-09-03,0,0,0,0,1,0,0,1,duplicate
P00059185,C0081,Proctor-Hernandez,SG Operations,SG,37.64,37.64,SGD,2025-10-09 06:47:00.000000,2025-10-09,0,0,0,0,0,1,0,1,burst
P00075065,C0081,Proctor-Hernandez,Group Treasury HQ,SG,49.63,49.63,SGD,2026-01-29 04:43:00.000000,2026-01-29,0,0,0,0,0,1,0,1,burst
P00059313,C0081,Proctor-Hernandez,Germany GmbH,SG,76.34,110.93,EUR,2025-10-09 12:00:00.000000,2025-10-09,0,0,0,0,0,1,0,1,burst
P00059318,C0081,Proctor-Hernandez,SG Operations,SG,127.82,127.82,SGD,2025-10-09 12:23:00.000000,2025-10-09,0,0,0,0,0,1,0,1,burst
P00050954,C0081,Proctor-Hernandez,SG Operations,SG,177.03,177.03,SGD,2025-08-12 14:06:00.000000,2025-08-12,0,0,0,0,0,0,1,1,off-hours
P00075079,C0081,Proctor-Hernandez,SG Operations,SG,228.82,228.82,SGD,2026-01-29 06:15:00.000000,2026-01-29,0,0,0,0,0,1,0,1,burst
P00059166,C0081,Proctor-Hernandez,SG Operations,SG,728.72,728.72,SGD,2025-10-09 05:45:00.000000,2025-10-09,0,0,0,0,0,1,0,1,burst
P00059285,C0081,Proctor-Hernandez,SG Operations,SG,1224.98,1224.98,SGD,2025-10-09 09:01:00.000000,2025-10-09,0,0,0,0,0,1,0,1,burst
P00080613,C0081,Proctor-Hernandez,Netherlands BV,SG,1570.23,1570.23,SGD,2026-03-10 01:48:00.000000,2026-03-10,0,0,0,0,0,0,1,1,off-hours
P00045150,C0081,Proctor-Hernandez,SG Operations,SG,1714.89,1714.89,SGD,2025-07-03 01:40:00.000000,2025-07-03,0,0,0,0,1,0,0,1,duplicate
P00045156,C0081,Proctor-Hernandez,SG Operations,SG,1714.89,1714.89,SGD,2025-07-03 01:48:00.000000,2025-07-03,0,0,0,0,1,0,0,1,duplicate
P00059171,C0081,Proctor-Hernandez,Germany Sales Office,SG,1850.0,2688.21,EUR,2025-10-09 05:52:00.000000,2025-10-09,0,0,0,0,0,1,0,1,burst
P00059308,C0081,Proctor-Hernandez,India Services,SG,4951.67,80.17,INR,2025-10-09 10:32:00.000000,2025-10-09,0,0,0,0,0,1,0,1,burst
P00059016,C0081,Proctor-Hernandez,SG Operations,SG,5412.22,5412.22,SGD,2025-10-09 01:02:00.000000,2025-10-09,0,0,0,0,0,1,0,1,burst
P00110353,C0081,Proctor-Hernandez,Shanghai Mfg,SG,10000.0,1871.51,CNY,2026-09-24 02:13:00.000000,2026-09-24,0,1,0,0,0,0,0,1,round amount
P00075001,C0081,Proctor-Hernandez,SG Operations,SG,10366.79,10366.79,SGD,2026-01-29 01:26:00.000000,2026-01-29,0,0,0,0,0,1,0,1,burst
P00013478,C0081,Proctor-Hernandez,US Inc,SG,13472.04,18377.78,USD,2024-11-07 13:10:00.000000,2024-11-07,0,0,1,0,0,0,0,1,structuring
P00013654,C0081,Proctor-Hernandez,US Inc,SG,13845.23,18886.86,USD,2024-11-09 14:55:00.000000,2024-11-09,0,0,1,0,0,0,0,1,structuring
P00013655,C0081,Proctor-Hernandez,US Inc,SG,13968.04,18966.56,USD,2024-11-09 17:11:00.000000,2024-11-09,0,0,1,0,0,0,0,1,structuring
P00045503,C0081,Proctor-Hernandez,US West Distribution,SG,14126.99,18693.43,USD,2025-07-04 14:58:00.000000,2025-07-04,0,0,1,0,0,0,0,1,structuring
P00045767,C0081,Proctor-Hernandez,US West Distribution,SG,14186.45,18760.76,USD,2025-07-07 19:40:00.000000,2025-07-07,0,0,1,0,0,0,0,1,structuring
P00045419,C0081,Proctor-Hernandez,US West Distribution,SG,15034.33,19894.06,USD,2025-07-03 20:28:00.000000,2025-07-03,0,0,1,0,0,0,0,1,structuring
P00075016,C0081,Proctor-Hernandez,Group Treasury HQ,SG,15415.15,15415.15,SGD,2026-01-29 01:59:00.000000,2026-01-29,0,0,0,0,0,1,0,1,burst
P00109400,C0081,Proctor-Hernandez,Germany GmbH,SG,18080.1,18080.1,SGD,2026-09-17 08:51:00.000000,2026-09-17,0,0,1,0,0,0,0,1,structuring
P00077106,C0081,Proctor-Hernandez,SG Operations,SG,18121.85,18121.85,SGD,2026-02-12 02:44:00.000000,2026-02-12,0,0,1,0,0,0,0,1,structuring
P00040722,C0081,Proctor-Hernandez,SG Operations,SG,18235.94,18235.94,SGD,2025-05-31 05:24:00.000000,2025-05-31,0,0,1,0,0,0,0,1,structuring
P00040477,C0081,Proctor-Hernandez,SG Operations,SG,18319.04,18319.04,SGD,2025-05-29 06:27:00.000000,2025-05-29,0,0,1,0,0,0,0,1,structuring
P00060230,C0081,Proctor-Hernandez,Germany Sales Office,SG,18344.22,18344.22,SGD,2025-10-16 07:28:00.000000,2025-10-16,0,0,1,0,0,0,0,1,structuring
P00094818,C0081,Proctor-Hernandez,Shenzhen Sourcing,SG,18541.09,18541.09,SGD,2026-06-16 01:14:00.000000,2026-06-16,0,0,1,0,0,0,0,1,structuring
P00063797,C0081,Proctor-Hernandez,SG Operations,SG,18740.96,18740.96,SGD,2025-11-11 02:47:00.000000,2025-11-11,0,0,1,0,0,0,0,1,structuring
P00037753,C0081,Proctor-Hernandez,US Inc,SG,18752.42,18752.42,SGD,2025-05-08 14:49:00.000000,2025-05-08,0,0,1,0,0,0,0,1,structuring
P00076031,C0081,Proctor-Hernandez,SG Operations,SG,18866.8,18866.8,SGD,2026-02-05 02:43:00.000000,2026-02-05,0,0,1,0,0,0,0,1,structuring
P00025289,C0081,Proctor-Hernandez,Germany Sales Office,SG,19159.09,19159.09,SGD,2025-02-06 08:35:00.000000,2025-02-06,0,0,1,0,0,0,0,1,structuring
P00060347,C0081,Proctor-Hernandez,US Inc,SG,19160.43,19160.43,SGD,2025-10-16 13:52:00.000000,2025-10-16,0,0,1,0,0,0,0,1,structuring
P00040718,C0081,Proctor-Hernandez,SG Operations,SG,19411.14,19411.14,SGD,2025-05-31 02:05:00.000000,2025-05-31,0,0,1,0,0,0,0,1,structuring
P00052774,C0081,Proctor-Hernandez,SG Operations,SG,19679.63,19679.63,SGD,2025-08-26 01:01:00.000000,2025-08-26,0,0,1,0,0,0,0,1,structuring
P00087860,C0081,Proctor-Hernandez,US Inc,SG,19767.79,19767.79,SGD,2026-04-28 14:42:00.000000,2026-04-28,0,0,1,0,0,0,0,1,structuring
P00008919,C0081,Proctor-Hernandez,Germany Sales Office,SG,20000.0,29677.34,EUR,2024-10-03 08:05:00.000000,2024-10-03,0,1,0,0,0,0,0,1,round amount
P00075010,C0081,Proctor-Hernandez,Shenzhen Sourcing,SG,22671.31,4229.76,CNY,2026-01-29 01:42:00.000000,2026-01-29,0,0,0,0,0,1,0,1,burst
P00075025,C0081,Proctor-Hernandez,Shenzhen Sourcing,SG,23876.8,4454.67,CNY,2026-01-29 02:12:00.000000,2026-01-29,0,0,0,0,0,1,0,1,burst
P00022603,C0081,Proctor-Hernandez,Shanghai Mfg,SG,25000.0,4604.62,CNY,2025-01-16 03:06:00.000000,2025-01-16,0,1,0,0,0,0,0,1,round amount
P00075026,C0081,Proctor-Hernandez,Shenzhen Sourcing,SG,26338.96,4914.03,CNY,2026-01-29 02:12:00.000000,2026-01-29,0,0,0,0,0,1,0,1,burst
P00055232,C0081,Proctor-Hernandez,Germany GmbH,SG,27996.14,27996.14,SGD,2025-09-11 07:16:00.000000,2025-09-11,0,0,0,0,1,0,0,1,duplicate
P00055236,C0081,Proctor-Hernandez,Germany GmbH,SG,27996.14,27996.14,SGD,2025-09-11 07:24:00.000000,2025-09-11,0,0,0,0,1,0,0,1,duplicate
P00075009,C0081,Proctor-Hernandez,Shenzhen Sourcing,SG,32464.49,6056.87,CNY,2026-01-29 01:41:00.000000,2026-01-29,0,0,0,0,0,1,0,1,burst
P00075019,C0081,Proctor-Hernandez,Shenzhen Sourcing,SG,36172.2,6748.61,CNY,2026-01-29 02:00:00.000000,2026-01-29,0,0,0,0,0,1,0,1,burst
P00075029,C0081,Proctor-Hernandez,Shenzhen Sourcing,SG,47512.26,8869.11,CNY,2026-01-29 02:17:00.000000,2026-01-29,0,0,0,0,0,1,0,1,burst
P00075024,C0081,Proctor-Hernandez,Shenzhen Sourcing,SG,49477.28,9230.93,CNY,2026-01-29 02:09:00.000000,2026-01-29,0,0,0,0,0,1,0,1,burst
P00059075,C0081,Proctor-Hernandez,Group Treasury HQ,SG,53667.51,53667.51,SGD,2025-10-09 02:18:00.000000,2025-10-09,0,0,0,0,0,1,0,1,burst
P00022605,C0081,Proctor-Hernandez,UK Ltd,SG,55051.28,55051.28,SGD,2025-01-16 03:49:00.000000,2025-01-16,0,0,0,0,0,0,1,1,off-hours
P00059193,C0081,Proctor-Hernandez,Germany Sales Office,SG,58060.63,58060.63,SGD,2025-10-09 07:07:00.000000,2025-10-09,0,0,0,0,0,1,0,1,burst
P00009495,C0081,Proctor-Hernandez,US Inc,SG,73553.03,73553.03,SGD,2024-10-08 14:16:00.000000,2024-10-08,0,0,0,1,0,0,0,1,new beneficiary
P00075005,C0081,Proctor-Hernandez,Shanghai Mfg,SG,111765.37,111765.37,SGD,2026-01-29 01:32:00.000000,2026-01-29,0,0,0,0,0,1,0,1,burst
P00110269,C0081,Proctor-Hernandez,SG Operations,SG,181312.72,181312.72,SGD,2026-09-23 18:35:00.000000,2026-09-23,0,0,0,0,0,0,1,1,off-hours
P00042111,C0081,Proctor-Hernandez,SG Operations,SG,354896.14,354896.14,SGD,2025-06-11 19:06:00.000000,2025-06-11,0,0,0,0,0,0,1,1,off-hours
P00095087,C0081,Proctor-Hernandez,India Services,SG,1147740.85,18623.24,INR,2026-06-17 09:37:00.000000,2026-06-17,0,0,1,0,0,0,0,1,structuring
P00095548,C0081,Proctor-Hernandez,India Services,SG,1182328.03,19231.75,INR,2026-06-20 04:53:00.000000,2026-06-20,0,0,1,0,0,0,0,1,structuring
P00094850,C0081,Proctor-Hernandez,India Services,SG,1221382.16,19876.77,INR,2026-06-16 03:12:00.000000,2026-06-16,0,0,1,0,0,0,0,1,structuring
P00051843,C0084,van den Velden & Mathieu,Netherlands BV,NL,26.88,39.44,EUR,2025-08-19 04:45:00.000000,2025-08-19,0,0,0,0,0,0,1,1,off-hours
P00042582,C0084,van den Velden & Mathieu,Netherlands BV,NL,215.93,313.26,EUR,2025-06-16 04:37:00.000000,2025-06-16,0,0,0,0,0,0,1,1,off-hours
P00050699,C0084,van den Velden & Mathieu,US Inc,NL,948.04,1279.61,USD,2025-08-11 10:51:00.000000,2025-08-11,0,0,0,0,0,0,1,1,off-hours
P00021654,C0084,van den Velden & Mathieu,Netherlands BV,NL,2341.46,3305.44,EUR,2025-01-09 08:29:00.000000,2025-01-09,0,0,0,0,1,0,0,1,duplicate
P00021671,C0084,van den Velden & Mathieu,Netherlands BV,NL,2341.46,3305.44,EUR,2025-01-09 08:48:00.000000,2025-01-09,0,0,0,0,1,0,0,1,duplicate
P00044265,C0084,van den Velden & Mathieu,Netherlands BV,NL,5921.26,8627.25,EUR,2025-06-26 07:57:00.000000,2025-06-26,0,0,0,0,1,0,0,1,duplicate
P00044266,C0084,van den Velden & Mathieu,Netherlands BV,NL,5921.26,8627.25,EUR,2025-06-26 07:59:00.000000,2025-06-26,0,0,0,0,1,0,0,1,duplicate
P00099278,C0084,van den Velden & Mathieu,Netherlands BV,NL,10000.0,14695.97,EUR,2026-07-14 15:22:00.000000,2026-07-14,0,1,0,0,0,0,0,1,round amount
P00103831,C0084,van den Velden & Mathieu,UK Ltd,NL,10000.0,16852.96,GBP,2026-08-13 07:25:00.000000,2026-08-13,0,1,0,0,0,0,0,1,round amount
P00110605,C0084,van den Velden & Mathieu,US Inc,NL,10000.0,13629.37,USD,2026-09-24 17:57:00.000000,2026-09-24,0,1,0,0,0,0,0,1,round amount
P00062330,C0084,van den Velden & Mathieu,Netherlands BV,NL,12773.7,18146.05,EUR,2025-10-30 08:25:00.000000,2025-10-30,0,0,1,0,0,0,0,1,structuring
P00108196,C0084,van den Velden & Mathieu,Netherlands BV,NL,12876.95,18905.24,EUR,2026-09-10 07:07:00.000000,2026-09-10,0,0,1,0,0,0,0,1,structuring
P00064200,C0084,van den Velden & Mathieu,UK Ltd,NL,12888.96,18364.62,EUR,2025-11-13 09:05:00.000000,2025-11-13,0,0,1,0,0,0,0,1,structuring
P00031699,C0084,van den Velden & Mathieu,US Inc,NL,13336.6,19251.09,EUR,2025-03-26 14:15:00.000000,2025-03-26,0,0,1,0,0,0,0,1,structuring
P00075927,C0084,van den Velden & Mathieu,US Inc,NL,13931.94,19895.48,EUR,2026-02-04 14:34:00.000000,2026-02-04,0,0,1,0,0,0,0,1,structuring
P00035586,C0084,van den Velden & Mathieu,Shanghai Mfg,NL,32399.28,46692.22,EUR,2025-04-24 01:33:00.000000,2025-04-24,0,0,0,0,1,0,0,1,duplicate
P00035611,C0084,van den Velden & Mathieu,Shanghai Mfg,NL,32399.28,46692.22,EUR,2025-04-24 02:01:00.000000,2025-04-24,0,0,0,0,1,0,0,1,duplicate
P00028738,C0091,Sem-Mann,UK Ltd,IN,10785.2,18639.97,GBP,2025-03-04 16:28:00.000000,2025-03-04,0,0,1,0,0,0,0,1,structuring
P00028846,C0091,Sem-Mann,UK Ltd,IN,10803.85,18491.55,GBP,2025-03-05 17:15:00.000000,2025-03-05,0,0,1,0,0,0,0,1,structuring
P00016750,C0091,Sem-Mann,US Inc,IN,13675.72,18649.88,USD,2024-12-03 15:09:00.000000,2024-12-03,0,0,1,0,0,0,0,1,structuring
P00101570,C0091,Sem-Mann,Shenzhen Sourcing,IN,14153.59,18928.77,USD,2026-07-30 01:28:00.000000,2026-07-30,0,0,1,0,0,0,0,1,structuring
P00010333,C0091,Sem-Mann,US West Distribution,IN,14496.34,19316.91,USD,2024-10-15 14:16:00.000000,2024-10-15,0,0,1,0,0,0,0,1,structuring
P00107016,C0091,Sem-Mann,Germany GmbH,IN,17714.94,24146.53,USD,2026-09-03 00:56:00.000000,2026-09-03,0,0,0,0,0,0,1,1,off-hours
P00070303,C0091,Sem-Mann,SG Operations,IN,18708.17,18708.17,SGD,2025-12-25 06:38:00.000000,2025-12-25,0,0,1,0,0,0,0,1,structuring
P00070163,C0091,Sem-Mann,SG Operations,IN,18751.22,18751.22,SGD,2025-12-24 09:31:00.000000,2025-12-24,0,0,1,0,0,0,0,1,structuring
P00069852,C0091,Sem-Mann,SG Operations,IN,19111.02,19111.02,SGD,2025-12-23 05:02:00.000000,2025-12-23,0,0,1,0,0,0,0,1,structuring
P00055317,C0091,Sem-Mann,US West Distribution,IN,25000.0,33777.65,USD,2025-09-11 12:13:00.000000,2025-09-11,0,1,0,0,0,0,0,1,round amount
P00065744,C0091,Sem-Mann,Shenzhen Sourcing,IN,25000.0,4656.77,CNY,2025-11-25 02:18:00.000000,2025-11-25,0,1,0,0,0,0,0,1,round amount
P00011699,C0092,Payroll Germany GmbH 1,Germany GmbH,DE,54487.38,81155.52,EUR,2024-10-25 08:47:00.000000,2024-10-25,0,0,0,1,0,0,0,1,new beneficiary
P00048907,C0094,"Bennett, Holloway and Goodwin",Germany GmbH,XA,1966.64,2838.38,EUR,2025-07-29 07:39:00.000000,2025-07-29,1,0,0,0,0,0,0,1,high-risk country
P00028128,C0094,"Bennett, Holloway and Goodwin",Germany Sales Office,XA,2600.09,3769.38,EUR,2025-02-27 08:19:00.000000,2025-02-27,1,0,0,0,0,0,0,1,high-risk country
P00089264,C0094,"Bennett, Holloway and Goodwin",US Inc,XA,2633.0,3492.66,USD,2026-05-07 20:37:00.000000,2026-05-07,1,0,0,0,0,0,0,1,high-risk country
P00044327,C0094,"Bennett, Holloway and Goodwin",Netherlands BV,XA,2916.07,4256.64,EUR,2025-06-26 12:18:00.000000,2025-06-26,1,0,0,0,0,0,0,1,high-risk country
P00031508,C0094,"Bennett, Holloway and Goodwin",UK Ltd,XA,3175.42,5473.71,GBP,2025-03-25 08:50:00.000000,2025-03-25,1,0,0,0,0,0,0,1,high-risk country
P00107851,C0094,"Bennett, Holloway and Goodwin",Germany GmbH,XA,3314.34,4840.04,EUR,2026-09-08 11:42:00.000000,2026-09-08,1,0,0,0,0,0,0,1,high-risk country
P00018923,C0094,"Bennett, Holloway and Goodwin",Germany Sales Office,XA,3835.5,5360.4,EUR,2024-12-19 10:58:00.000000,2024-12-19,1,0,0,0,0,0,0,1,high-risk country
P00098563,C0094,"Bennett, Holloway and Goodwin",US Inc,XA,4705.5,6280.32,USD,2026-07-09 12:00:00.000000,2026-07-09,1,0,0,0,0,0,0,1,high-risk country
P00025425,C0094,"Bennett, Holloway and Goodwin",US West Distribution,XA,5210.7,7240.75,USD,2025-02-06 18:17:00.000000,2025-02-06,1,0,0,0,0,0,0,1,high-risk country
P00036657,C0094,"Bennett, Holloway and Goodwin",US West Distribution,XA,5399.13,7297.98,USD,2025-04-29 21:14:00.000000,2025-04-29,1,0,0,0,0,0,0,1,high-risk country
P00022712,C0094,"Bennett, Holloway and Goodwin",UK Ltd,XA,7228.14,12640.13,GBP,2025-01-16 12:33:00.000000,2025-01-16,1,0,0,0,0,0,0,1,high-risk country
P00033537,C0094,"Bennett, Holloway and Goodwin",Germany GmbH,XA,7456.95,10774.88,EUR,2025-04-08 14:02:00.000000,2025-04-08,1,0,0,0,0,0,0,1,high-risk country
P00105030,C0094,"Bennett, Holloway and Goodwin",UK Ltd,XA,7517.4,12752.46,GBP,2026-08-20 13:37:00.000000,2026-08-20,1,0,0,0,0,0,0,1,high-risk country
P00033507,C0094,"Bennett, Holloway and Goodwin",Germany GmbH,XA,9530.0,13707.5,EUR,2025-04-08 10:46:00.000000,2025-04-08,1,0,0,0,0,0,0,1,high-risk country
P00053310,C0094,"Bennett, Holloway and Goodwin",Netherlands BV,XA,10299.43,15239.18,EUR,2025-08-28 12:56:00.000000,2025-08-28,1,0,0,0,0,0,0,1,high-risk country
P00009717,C0094,"Bennett, Holloway and Goodwin",SG Operations,XA,12003.98,12003.98,SGD,2024-10-10 06:19:00.000000,2024-10-10,1,0,0,0,0,0,0,1,high-risk country
P00093205,C0094,"Bennett, Holloway and Goodwin",Shenzhen Sourcing,XA,12344.46,2312.02,CNY,2026-06-04 06:02:00.000000,2026-06-04,1,0,0,0,0,0,0,1,high-risk country
P00092154,C0094,"Bennett, Holloway and Goodwin",Germany GmbH,XA,13984.61,20716.54,EUR,2026-05-28 07:13:00.000000,2026-05-28,1,0,0,0,0,0,0,1,high-risk country
P00074789,C0094,"Bennett, Holloway and Goodwin",UK Ltd,XA,14319.42,24898.98,GBP,2026-01-27 10:06:00.000000,2026-01-27,1,0,0,0,0,0,0,1,high-risk country
P00026385,C0094,"Bennett, Holloway and Goodwin",Germany Sales Office,XA,14590.49,20970.21,EUR,2025-02-13 14:53:00.000000,2025-02-13,1,0,0,0,0,0,0,1,high-risk country
P00061784,C0094,"Bennett, Holloway and Goodwin",SG Operations,XA,15003.3,15003.3,SGD,2025-10-28 00:53:00.000000,2025-10-28,1,0,0,0,0,0,0,1,high-risk country
P00101148,C0094,"Bennett, Holloway and Goodwin",SG Operations,XA,15610.61,15610.61,SGD,2026-07-28 00:56:00.000000,2026-07-28,1,0,0,0,0,0,0,1,high-risk country
P00057309,C0094,"Bennett, Holloway and Goodwin",Netherlands BV,XA,16079.45,23210.9,EUR,2025-09-25 13:49:00.000000,2025-09-25,1,0,0,0,0,0,0,1,high-risk country
P00044965,C0094,"Bennett, Holloway and Goodwin",US West Distribution,XA,16126.45,21367.55,USD,2025-07-01 12:13:00.000000,2025-07-01,1,0,0,0,0,0,0,1,high-risk country
P00063213,C0094,"Bennett, Holloway and Goodwin",Netherlands BV,XA,17120.34,24426.39,EUR,2025-11-06 07:04:00.000000,2025-11-06,1,0,0,0,0,0,0,1,high-risk country
P00037684,C0094,"Bennett, Holloway and Goodwin",SG Operations,XA,17479.96,17479.96,SGD,2025-05-08 08:49:00.000000,2025-05-08,1,0,0,0,0,0,0,1,high-risk country
P00065319,C0094,"Bennett, Holloway and Goodwin",Germany Sales Office,XA,18004.52,25580.01,EUR,2025-11-20 15:39:00.000000,2025-11-20,1,0,0,0,0,0,0,1,high-risk country
P00078629,C0094,"Bennett, Holloway and Goodwin",Netherlands BV,XA,19551.89,27881.21,EUR,2026-02-24 10:24:00.000000,2026-02-24,1,0,0,0,0,0,0,1,high-risk country
P00070315,C0094,"Bennett, Holloway and Goodwin",UK Ltd,XA,20186.79,34350.29,GBP,2025-12-25 14:19:00.000000,2025-12-25,1,0,0,0,0,0,0,1,high-risk country
P00040466,C0094,"Bennett, Holloway and Goodwin",Shanghai Mfg,XA,21358.32,4016.58,CNY,2025-05-29 05:23:00.000000,2025-05-29,1,0,0,0,0,0,0,1,high-risk country
P00090899,C0094,"Bennett, Holloway and Goodwin",US West Distribution,XA,22577.85,29976.97,USD,2026-05-19 20:03:00.000000,2026-05-19,1,0,0,0,0,0,0,1,high-risk country
P00030115,C0094,"Bennett, Holloway and Goodwin",US West Distribution,XA,23818.99,32698.35,USD,2025-03-13 17:16:00.000000,2025-03-13,1,0,0,0,0,0,0,1,high-risk country
P00013468,C0094,"Bennett, Holloway and Goodwin",Germany GmbH,XA,30353.24,43758.05,EUR,2024-11-07 10:55:00.000000,2024-11-07,1,0,0,0,0,0,0,1,high-risk country
P00016966,C0094,"Bennett, Holloway and Goodwin",Shanghai Mfg,XA,34022.93,6304.52,CNY,2024-12-05 03:48:00.000000,2024-12-05,1,0,0,0,0,0,0,1,high-risk country
P00029973,C0094,"Bennett, Holloway and Goodwin",Shenzhen Sourcing,XA,34342.26,6422.38,CNY,2025-03-13 08:11:00.000000,2025-03-13,1,0,0,0,0,0,0,1,high-risk country
P00024092,C0094,"Bennett, Holloway and Goodwin",Shenzhen Sourcing,XA,35205.78,6487.69,CNY,2025-01-28 07:38:00.000000,2025-01-28,1,0,0,0,0,0,0,1,high-risk country
P00111061,C0094,"Bennett, Holloway and Goodwin",SG Operations,XA,35745.6,35745.6,SGD,2026-09-29 02:09:00.000000,2026-09-29,1,0,0,0,0,0,0,1,high-risk country
P00011526,C0094,"Bennett, Holloway and Goodwin",Shanghai Mfg,XA,44911.75,8261.47,CNY,2024-10-24 08:37:00.000000,2024-10-24,1,0,0,0,0,0,0,1,high-risk country
P00034663,C0094,"Bennett, Holloway and Goodwin",Shenzhen Sourcing,XA,55541.04,10284.15,CNY,2025-04-17 00:21:00.000000,2025-04-17,1,0,0,0,0,0,0,1,high-risk country
P00082549,C0094,"Bennett, Holloway and Goodwin",Shenzhen Sourcing,XA,83617.48,15555.78,CNY,2026-03-24 01:03:00.000000,2026-03-24,1,0,0,0,0,0,0,1,high-risk country
P00011473,C0094,"Bennett, Holloway and Goodwin",Shanghai Mfg,XA,86399.05,15893.02,CNY,2024-10-24 06:49:00.000000,2024-10-24,1,0,0,0,0,0,0,1,high-risk country
P00068754,C0094,"Bennett, Holloway and Goodwin",Shenzhen Sourcing,XA,107964.53,20065.96,CNY,2025-12-16 01:30:00.000000,2025-12-16,1,0,0,0,0,0,0,1,high-risk country
P00057160,C0094,"Bennett, Holloway and Goodwin",Shanghai Mfg,XA,114498.0,21325.71,CNY,2025-09-25 05:07:00.000000,2025-09-25,1,0,0,0,0,0,0,1,high-risk country
P00106722,C0094,"Bennett, Holloway and Goodwin",Shenzhen Sourcing,XA,123517.71,23318.17,CNY,2026-09-01 04:12:00.000000,2026-09-01,1,0,0,0,0,0,0,1,high-risk country
P00063188,C0094,"Bennett, Holloway and Goodwin",Shenzhen Sourcing,XA,159739.77,29733.0,CNY,2025-11-06 04:10:00.000000,2025-11-06,1,0,0,0,0,0,0,1,high-risk country
P00081998,C0094,"Bennett, Holloway and Goodwin",Shanghai Mfg,XA,207707.52,38681.16,CNY,2026-03-19 04:36:00.000000,2026-03-19,1,0,0,0,0,0,0,1,high-risk country
P00076086,C0094,"Bennett, Holloway and Goodwin",India Services,XA,647281.75,10447.13,INR,2026-02-05 07:25:00.000000,2026-02-05,1,0,0,0,0,0,0,1,high-risk country
P00077912,C0094,"Bennett, Holloway and Goodwin",India Services,XA,818396.41,13222.83,INR,2026-02-19 07:47:00.000000,2026-02-19,1,0,0,0,0,0,0,1,high-risk country
P00071868,C0094,"Bennett, Holloway and Goodwin",India Services,XA,1883513.61,30311.38,INR,2026-01-06 12:24:00.000000,2026-01-06,1,0,0,0,0,0,0,1,high-risk country
P00069849,C0094,"Bennett, Holloway and Goodwin",India Services,XA,2435176.14,38797.23,INR,2025-12-23 04:53:00.000000,2025-12-23,1,0,0,0,0,0,0,1,high-risk country
P00013377,C0100,Atzler Kramer KG,Germany Sales Office,DE,10000.0,14309.75,EUR,2024-11-07 07:30:00.000000,2024-11-07,0,1,0,0,0,0,0,1,round amount
P00017112,C0100,Atzler Kramer KG,US Inc,DE,13966.54,19553.73,EUR,2024-12-05 14:19:00.000000,2024-12-05,0,0,1,0,0,0,0,1,structuring
P00079983,C0100,Atzler Kramer KG,SG Operations,DE,20000.0,20000.0,SGD,2026-03-05 06:34:00.000000,2026-03-05,0,1,0,0,0,0,0,1,round amount
P00008591,C0100,Atzler Kramer KG,SG Operations,DE,44787.32,66776.24,EUR,2024-10-01 02:05:00.000000,2024-10-01,0,0,0,1,0,0,0,1,new beneficiary
P00102542,C0100,Atzler Kramer KG,SG Operations,DE,46133.16,66526.32,EUR,2026-08-04 18:40:00.000000,2026-08-04,0,0,0,0,0,0,1,1,off-hours
P00021745,C0104,"Evans, Morse and Adams",Germany GmbH,ID,10000.0,14117.02,EUR,2025-01-09 12:14:00.000000,2025-01-09,0,1,0,0,0,0,0,1,round amount
P00018049,C0104,"Evans, Morse and Adams",Germany GmbH,ID,13275.46,18700.77,EUR,2024-12-12 12:40:00.000000,2024-12-12,0,0,1,0,0,0,0,1,structuring
P00018206,C0104,"Evans, Morse and Adams",Germany GmbH,ID,13325.74,18758.63,EUR,2024-12-14 12:01:00.000000,2024-12-14,0,0,1,0,0,0,0,1,structuring
P00018326,C0104,"Evans, Morse and Adams",Germany GmbH,ID,13335.05,18729.26,EUR,2024-12-16 08:54:00.000000,2024-12-16,0,0,1,0,0,0,0,1,structuring
P00056395,C0104,"Evans, Morse and Adams",US West Distribution,ID,13702.01,18521.12,USD,2025-09-18 20:48:00.000000,2025-09-18,0,0,1,0,0,0,0,1,structuring
P00056383,C0104,"Evans, Morse and Adams",US West Distribution,ID,13776.71,18662.08,USD,2025-09-18 15:40:00.000000,2025-09-18,0,0,1,0,0,0,0,1,structuring
P00056002,C0104,"Evans, Morse and Adams",US West Distribution,ID,14711.48,19928.69,USD,2025-09-16 21:47:00.000000,2025-09-16,0,0,1,0,0,0,0,1,structuring
P00029123,C0104,"Evans, Morse and Adams",Germany GmbH,ID,20000.0,28717.14,EUR,2025-03-06 15:00:00.000000,2025-03-06,0,1,0,0,0,0,0,1,round amount
P00077728,C0104,"Evans, Morse and Adams",US Inc,ID,21926.84,29221.11,USD,2026-02-17 15:45:00.000000,2026-02-17,0,0,0,0,1,0,0,1,duplicate
P00077730,C0104,"Evans, Morse and Adams",US Inc,ID,21926.84,29221.11,USD,2026-02-17 15:54:00.000000,2026-02-17,0,0,0,0,1,0,0,1,duplicate
P00105699,C0105,"Allen, Blanchard and Benitez",Germany GmbH,XB,22.63,32.95,EUR,2026-08-25 12:41:00.000000,2026-08-25,1,0,0,0,0,0,0,1,high-risk country
P00065967,C0105,"Allen, Blanchard and Benitez",US West Distribution,XB,30.02,40.03,USD,2025-11-25 17:39:00.000000,2025-11-25,1,0,0,0,0,0,0,1,high-risk country
P00061507,C0105,"Allen, Blanchard and Benitez",UK Ltd,XB,37.19,65.46,GBP,2025-10-24 19:20:00.000000,2025-10-24,1,0,0,0,0,0,0,1,high-risk country
P00046038,C0105,"Allen, Blanchard and Benitez",Netherlands BV,XB,41.55,60.95,EUR,2025-07-09 12:43:00.000000,2025-07-09,1,0,0,0,0,0,0,1,high-risk country
P00009948,C0105,"Allen, Blanchard and Benitez",Netherlands BV,XB,41.64,63.02,EUR,2024-10-11 11:30:00.000000,2024-10-11,1,0,0,0,0,0,0,1,high-risk country
P00032347,C0105,"Allen, Blanchard and Benitez",Netherlands BV,XB,44.97,64.68,EUR,2025-03-31 15:08:00.000000,2025-03-31,1,0,0,0,0,0,0,1,high-risk country
P00033906,C0105,"Allen, Blanchard and Benitez",US West Distribution,XB,47.3,63.03,USD,2025-04-10 13:12:00.000000,2025-04-10,1,0,0,0,0,0,0,1,high-risk country
P00017153,C0105,"Allen, Blanchard and Benitez",US Inc,XB,49.5,67.9,USD,2024-12-05 21:32:00.000000,2024-12-05,1,0,0,0,0,0,0,1,high-risk country
P00089913,C0105,"Allen, Blanchard and Benitez",SG Operations,XB,57.68,57.68,SGD,2026-05-13 01:02:00.000000,2026-05-13,1,0,0,0,0,0,0,1,high-risk country
P00018440,C0105,"Allen, Blanchard and Benitez",US Inc,XB,60.85,82.94,USD,2024-12-16 21:55:00.000000,2024-12-16,1,0,0,0,0,0,0,1,high-risk country
P00083992,C0105,"Allen, Blanchard and Benitez",UK Ltd,XB,66.7,119.43,GBP,2026-04-01 15:27:00.000000,2026-04-01,1,0,0,0,0,0,0,1,high-risk country
P00104780,C0105,"Allen, Blanchard and Benitez",US Inc,XB,69.6,93.68,USD,2026-08-19 18:58:00.000000,2026-08-19,1,0,0,0,0,0,0,1,high-risk country
P00031032,C0105,"Allen, Blanchard and Benitez",UK Ltd,XB,71.54,122.43,GBP,2025-03-20 15:20:00.000000,2025-03-20,1,0,0,0,0,0,0,1,high-risk country
P00104027,C0105,"Allen, Blanchard and Benitez",SG Operations,XB,78.99,78.99,SGD,2026-08-14 03:16:00.000000,2026-08-14,1,0,0,0,0,0,0,1,high-risk country
P00077630,C0105,"Allen, Blanchard and Benitez",Netherlands BV,XB,80.43,115.8,EUR,2026-02-16 14:56:00.000000,2026-02-16,1,0,0,0,0,0,0,1,high-risk country
P00056401,C0105,"Allen, Blanchard and Benitez",US Inc,XB,82.09,110.96,USD,2025-09-18 23:39:00.000000,2025-09-18,1,0,0,0,0,0,0,1,high-risk country
P00087858,C0105,"Allen, Blanchard and Benitez",UK Ltd,XB,82.61,144.99,GBP,2026-04-28 14:36:00.000000,2026-04-28,1,0,0,0,0,0,0,1,high-risk country
P00102002,C0105,"Allen, Blanchard and Benitez",US Inc,XB,106.27,141.85,USD,2026-07-31 17:17:00.000000,2026-07-31,1,0,0,0,0,0,0,1,high-risk country
P00107214,C0105,"Allen, Blanchard and Benitez",SG Operations,XB,108.17,108.17,SGD,2026-09-03 08:00:00.000000,2026-09-03,1,0,0,0,0,0,0,1,high-risk country
P00107672,C0105,"Allen, Blanchard and Benitez",UK Ltd,XB,108.9,185.37,GBP,2026-09-07 13:40:00.000000,2026-09-07,1,0,0,0,0,0,0,1,high-risk country
P00097203,C0105,"Allen, Blanchard and Benitez",US West Distribution,XB,110.47,146.97,USD,2026-06-30 15:36:00.000000,2026-06-30,1,0,0,0,0,0,0,1,high-risk country
P00048365,C0105,"Allen, Blanchard and Benitez",UK Ltd,XB,118.49,197.26,GBP,2025-07-24 11:36:00.000000,2025-07-24,1,0,0,0,0,0,0,1,high-risk country
P00074610,C0105,"Allen, Blanchard and Benitez",US Inc,XB,123.16,163.04,USD,2026-01-26 14:25:00.000000,2026-01-26,1,0,0,0,0,0,0,1,high-risk country
P00059669,C0105,"Allen, Blanchard and Benitez",Netherlands BV,XB,125.68,182.04,EUR,2025-10-13 12:04:00.000000,2025-10-13,1,0,0,0,0,0,0,1,high-risk country
P00092131,C0105,"Allen, Blanchard and Benitez",Group Treasury HQ,XB,130.67,130.67,SGD,2026-05-28 04:38:00.000000,2026-05-28,1,0,0,0,0,0,0,1,high-risk country
P00042013,C0105,"Allen, Blanchard and Benitez",Germany GmbH,XB,132.67,194.19,EUR,2025-06-10 16:43:00.000000,2025-06-10,1,0,0,0,0,0,0,1,high-risk country
P00015924,C0105,"Allen, Blanchard and Benitez",US Inc,XB,133.94,181.18,USD,2024-11-26 16:06:00.000000,2024-11-26,1,0,0,0,0,0,0,1,high-risk country
P00012731,C0105,"Allen, Blanchard and Benitez",US West Distribution,XB,138.97,189.78,USD,2024-11-01 22:05:00.000000,2024-11-01,1,0,0,0,0,0,0,1,high-risk country
P00108468,C0105,"Allen, Blanchard and Benitez",SG Operations,XB,139.36,139.36,SGD,2026-09-11 10:33:00.000000,2026-09-11,1,0,0,0,0,0,0,1,high-risk country
P00096115,C0105,"Allen, Blanchard and Benitez",Group Treasury HQ,XB,148.87,148.87,SGD,2026-06-24 07:50:00.000000,2026-06-24,1,0,0,0,0,0,0,1,high-risk country
P00052558,C0105,"Allen, Blanchard and Benitez",Shanghai Mfg,XB,152.57,28.62,CNY,2025-08-25 03:17:00.000000,2025-08-25,1,0,0,0,0,0,0,1,high-risk country
P00091406,C0105,"Allen, Blanchard and Benitez",Netherlands BV,XB,157.92,235.33,EUR,2026-05-22 12:55:00.000000,2026-05-22,1,0,0,0,0,0,0,1,high-risk country
P00076711,C0105,"Allen, Blanchard and Benitez",Shanghai Mfg,XB,160.61,29.71,CNY,2026-02-10 04:56:00.000000,2026-02-10,1,0,0,0,0,0,0,1,high-risk country
P00065337,C0105,"Allen, Blanchard and Benitez",UK Ltd,XB,161.79,282.72,GBP,2025-11-20 21:18:00.000000,2025-11-20,1,0,0,0,0,0,0,1,high-risk country
P00034286,C0105,"Allen, Blanchard and Benitez",US Inc,XB,172.45,229.39,USD,2025-04-14 14:26:00.000000,2025-04-14,1,0,0,0,0,0,0,1,high-risk country
P00096189,C0105,"Allen, Blanchard and Benitez",Shanghai Mfg,XB,183.4,33.98,CNY,2026-06-25 01:12:00.000000,2026-06-25,1,0,0,0,0,0,0,1,high-risk country
P00054405,C0105,"Allen, Blanchard and Benitez",US West Distribution,XB,186.91,255.02,USD,2025-09-04 18:44:00.000000,2025-09-04,1,0,0,0,0,0,0,1,high-risk country
P00034049,C0105,"Allen, Blanchard and Benitez",Group Treasury HQ,XB,191.62,191.62,SGD,2025-04-11 11:03:00.000000,2025-04-11,1,0,0,0,0,0,0,1,high-risk country
P00084467,C0105,"Allen, Blanchard and Benitez",UK Ltd,XB,216.94,385.83,GBP,2026-04-06 13:00:00.000000,2026-04-06,1,0,0,0,0,0,0,1,high-risk country
P00022841,C0105,"Allen, Blanchard and Benitez",Germany GmbH,XB,309.55,434.36,EUR,2025-01-17 13:46:00.000000,2025-01-17,1,0,0,0,0,0,0,1,high-risk country
P00027839,C0105,"Allen, Blanchard and Benitez",Shenzhen Sourcing,XB,312.59,58.28,CNY,2025-02-25 10:09:00.000000,2025-02-25,1,0,0,0,0,0,0,1,high-risk country
P00013923,C0105,"Allen, Blanchard and Benitez",Shanghai Mfg,XB,325.06,59.99,CNY,2024-11-12 07:20:00.000000,2024-11-12,1,0,0,0,0,0,0,1,high-risk country
P00013560,C0105,"Allen, Blanchard and Benitez",Shenzhen Sourcing,XB,341.67,62.96,CNY,2024-11-08 04:02:00.000000,2024-11-08,1,0,0,0,0,0,0,1,high-risk country
P00029750,C0105,"Allen, Blanchard and Benitez",US Inc,XB,352.2,482.89,USD,2025-03-11 19:58:00.000000,2025-03-11,1,0,0,0,0,0,0,1,high-risk country
P00027924,C0105,"Allen, Blanchard and Benitez",Shanghai Mfg,XB,357.46,66.81,CNY,2025-02-26 02:09:00.000000,2025-02-26,1,0,0,0,0,0,0,1,high-risk country
P00028820,C0105,"Allen, Blanchard and Benitez",Netherlands BV,XB,385.53,553.57,EUR,2025-03-05 12:34:00.000000,2025-03-05,1,0,0,0,0,0,0,1,high-risk country
P00039702,C0105,"Allen, Blanchard and Benitez",US Inc,XB,415.96,553.01,USD,2025-05-23 18:05:00.000000,2025-05-23,1,0,0,0,0,0,0,1,high-risk country
P00068016,C0105,"Allen, Blanchard and Benitez",Germany GmbH,XB,417.41,593.78,EUR,2025-12-10 15:43:00.000000,2025-12-10,1,0,0,0,0,0,0,1,high-risk country
P00069417,C0105,"Allen, Blanchard and Benitez",Group Treasury HQ,XB,460.97,460.97,SGD,2025-12-19 02:12:00.000000,2025-12-19,1,0,0,0,0,0,0,1,high-risk country
P00086408,C0105,"Allen, Blanchard and Benitez",Group Treasury HQ,XB,461.74,461.74,SGD,2026-04-19 23:46:00.000000,2026-04-19,1,0,0,0,0,0,0,1,high-risk country
P00051545,C0105,"Allen, Blanchard and Benitez",Shanghai Mfg,XB,462.39,86.56,CNY,2025-08-18 02:53:00.000000,2025-08-18,1,0,0,0,0,0,0,1,high-risk country
P00071125,C0105,"Allen, Blanchard and Benitez",UK Ltd,XB,553.72,935.57,GBP,2025-12-30 17:41:00.000000,2025-12-30,1,0,0,0,0,0,0,1,high-risk country
P00111217,C0105,"Allen, Blanchard and Benitez",Group Treasury HQ,XB,567.94,567.94,SGD,2026-09-29 09:28:00.000000,2026-09-29,1,0,0,0,0,0,0,1,high-risk country
P00008890,C0105,"Allen, Blanchard and Benitez",SG Operations,XB,602.4,602.4,SGD,2024-10-03 04:43:00.000000,2024-10-03,1,0,0,0,0,0,0,1,high-risk country
P00024710,C0105,"Allen, Blanchard and Benitez",Germany GmbH,XB,607.8,877.16,EUR,2025-02-03 12:11:00.000000,2025-02-03,1,0,0,0,0,0,0,1,high-risk country
P00104766,C0105,"Allen, Blanchard and Benitez",Germany Sales Office,XB,620.76,889.89,EUR,2026-08-19 16:29:00.000000,2026-08-19,1,0,0,0,0,0,0,1,high-risk country
P00081290,C0105,"Allen, Blanchard and Benitez",UK Ltd,XB,634.04,1154.54,GBP,2026-03-13 11:55:00.000000,2026-03-13,1,0,0,0,0,0,0,1,high-risk country
P00105078,C0105,"Allen, Blanchard and Benitez",US Inc,XB,659.08,886.03,USD,2026-08-20 15:47:00.000000,2026-08-20,1,0,0,0,0,0,0,1,high-risk country
P00083963,C0105,"Allen, Blanchard and Benitez",UK Ltd,XB,718.4,1286.28,GBP,2026-04-01 10:42:00.000000,2026-04-01,1,0,0,0,0,0,0,1,high-risk country
P00096169,C0105,"Allen, Blanchard and Benitez",US Inc,XB,846.24,1130.18,USD,2026-06-24 17:06:00.000000,2026-06-24,1,0,0,0,0,0,0,1,high-risk country
P00087373,C0105,"Allen, Blanchard and Benitez",US Inc,XB,896.33,1191.65,USD,2026-04-24 21:47:00.000000,2026-04-24,1,0,0,0,0,0,0,1,high-risk country
P00043536,C0105,"Allen, Blanchard and Benitez",US West Distribution,XB,942.89,1243.08,USD,2025-06-20 20:39:00.000000,2025-06-20,1,0,0,0,0,0,0,1,high-risk country
P00110739,C0105,"Allen, Blanchard and Benitez",Shanghai Mfg,XB,983.84,183.36,CNY,2026-09-28 04:27:00.000000,2026-09-28,1,0,0,0,0,0,0,1,high-risk country
P00036192,C0105,"Allen, Blanchard and Benitez",Germany GmbH,XB,1014.19,1458.08,EUR,2025-04-28 10:34:00.000000,2025-04-28,1,0,0,0,0,0,0,1,high-risk country
P00080618,C0105,"Allen, Blanchard and Benitez",Shenzhen Sourcing,XB,1101.7,1433.33,USD,2026-03-10 01:55:00.000000,2026-03-10,1,0,0,0,0,0,0,1,high-risk country
P00024435,C0105,"Allen, Blanchard and Benitez",US Inc,XB,1190.59,1631.93,USD,2025-01-30 15:49:00.000000,2025-01-30,1,0,0,0,0,0,0,1,high-risk country
P00029616,C0105,"Allen, Blanchard and Benitez",Shanghai Mfg,XB,1274.31,238.6,CNY,2025-03-11 05:17:00.000000,2025-03-11,1,0,0,0,0,0,0,1,high-risk country
P00089808,C0105,"Allen, Blanchard and Benitez",Germany GmbH,XB,1327.6,1757.72,USD,2026-05-12 08:34:00.000000,2026-05-12,1,0,0,0,0,0,0,1,high-risk country
P00049277,C0105,"Allen, Blanchard and Benitez",Germany Sales Office,XB,1343.46,1933.16,EUR,2025-07-31 06:49:00.000000,2025-07-31,1,0,0,0,0,0,0,1,high-risk country
P00096343,C0105,"Allen, Blanchard and Benitez",Netherlands BV,XB,1376.46,1833.64,USD,2026-06-25 08:01:00.000000,2026-06-25,1,0,0,0,0,0,0,1,high-risk country
P00072818,C0105,"Allen, Blanchard and Benitez",Shanghai Mfg,XB,1562.88,291.54,CNY,2026-01-13 08:46:00.000000,2026-01-13,1,0,0,0,0,0,0,1,high-risk country
P00026398,C0105,"Allen, Blanchard and Benitez",US Inc,XB,1731.7,2407.41,USD,2025-02-13 15:21:00.000000,2025-02-13,1,0,0,0,0,0,0,1,high-risk country
P00096264,C0105,"Allen, Blanchard and Benitez",Group Treasury HQ,XB,1792.33,2387.64,USD,2026-06-25 02:42:00.000000,2026-06-25,1,0,0,0,0,0,0,1,high-risk country
P00074210,C0105,"Allen, Blanchard and Benitez",Netherlands BV,XB,1874.26,2491.13,USD,2026-01-22 08:11:00.000000,2026-01-22,1,0,0,0,0,0,0,1,high-risk country
P00040253,C0105,"Allen, Blanchard and Benitez",US Inc,XB,1891.01,2514.04,USD,2025-05-27 19:30:00.000000,2025-05-27,1,0,0,0,0,0,0,1,high-risk country
P00026263,C0105,"Allen, Blanchard and Benitez",Shanghai Mfg,XB,1959.89,363.44,CNY,2025-02-13 09:00:00.000000,2025-02-13,1,0,0,0,0,0,0,1,high-risk country
P00082380,C0105,"Allen, Blanchard and Benitez",Shanghai Mfg,XB,2030.09,378.25,CNY,2026-03-23 06:33:00.000000,2026-03-23,1,0,0,0,0,0,0,1,high-risk country
P00094461,C0105,"Allen, Blanchard and Benitez",Shenzhen Sourcing,XB,2109.34,394.14,CNY,2026-06-12 07:27:00.000000,2026-06-12,1,0,0,0,0,0,0,1,high-risk country
P00047693,C0105,"Allen, Blanchard and Benitez",India Services,XB,2115.66,34.07,INR,2025-07-21 10:49:00.000000,2025-07-21,1,0,0,0,0,0,0,1,high-risk country
P00074494,C0105,"Allen, Blanchard and Benitez",Shanghai Mfg,XB,2261.39,421.85,CNY,2026-01-26 05:42:00.000000,2026-01-26,1,0,0,0,0,0,0,1,high-risk country
P00098996,C0105,"Allen, Blanchard and Benitez",India Services,XB,2270.81,36.7,INR,2026-07-13 14:08:00.000000,2026-07-13,1,0,0,0,0,0,0,1,high-risk country
P00036379,C0105,"Allen, Blanchard and Benitez",Shanghai Mfg,XB,2286.29,3097.6,USD,2025-04-29 02:00:00.000000,2025-04-29,1,0,0,0,0,0,0,1,high-risk country
P00055369,C0105,"Allen, Blanchard and Benitez",Germany Sales Office,XB,2300.73,3337.23,EUR,2025-09-11 14:55:00.000000,2025-09-11,1,0,0,0,0,0,0,1,high-risk country
P00063023,C0105,"Allen, Blanchard and Benitez",Shanghai Mfg,XB,2543.57,473.44,CNY,2025-11-05 03:55:00.000000,2025-11-05,1,0,0,0,0,0,0,1,high-risk country
P00046285,C0105,"Allen, Blanchard and Benitez",UK Ltd,XB,2614.45,4369.99,GBP,2025-07-10 12:16:00.000000,2025-07-10,1,0,0,0,0,0,0,1,high-risk country
P00046284,C0105,"Allen, Blanchard and Benitez",UK Ltd,XB,2792.72,4691.34,GBP,2025-07-10 11:58:00.000000,2025-07-10,1,0,0,0,0,0,0,1,high-risk country
P00074270,C0105,"Allen, Blanchard and Benitez",UK Ltd,XB,2997.3,3983.8,USD,2026-01-22 10:55:00.000000,2026-01-22,1,0,0,0,0,0,0,1,high-risk country
P00076229,C0105,"Allen, Blanchard and Benitez",US Inc,XB,3035.36,4028.32,USD,2026-02-05 14:54:00.000000,2026-02-05,1,0,0,0,0,0,0,1,high-risk country
P00038180,C0105,"Allen, Blanchard and Benitez",Germany GmbH,XB,3158.07,4296.53,USD,2025-05-13 07:09:00.000000,2025-05-13,1,0,0,0,0,0,0,1,high-risk country
P00040383,C0105,"Allen, Blanchard and Benitez",India Services,XB,3307.77,53.27,INR,2025-05-29 00:23:00.000000,2025-05-29,1,0,0,0,0,0,1,2,"high-risk country, off-hours"
P00028106,C0105,"Allen, Blanchard and Benitez",India Services,XB,3382.31,54.92,INR,2025-02-27 06:59:00.000000,2025-02-27,1,0,0,0,0,0,0,1,high-risk country
P00087094,C0105,"Allen, Blanchard and Benitez",UK Ltd,XB,3385.54,5937.1,GBP,2026-04-23 07:09:00.000000,2026-04-23,1,0,0,0,0,0,0,1,high-risk country
P00027876,C0105,"Allen, Blanchard and Benitez",US Inc,XB,3581.2,4981.14,USD,2025-02-25 14:57:00.000000,2025-02-25,1,0,0,0,0,0,0,1,high-risk country
P00043340,C0105,"Allen, Blanchard and Benitez",Netherlands BV,XB,3636.81,4795.25,USD,2025-06-19 08:13:00.000000,2025-06-19,1,0,0,0,0,0,0,1,high-risk country
P00035450,C0105,"Allen, Blanchard and Benitez",Shenzhen Sourcing,XB,3675.74,685.54,CNY,2025-04-23 00:41:00.000000,2025-04-23,1,0,0,0,0,0,0,1,high-risk country
P00107911,C0105,"Allen, Blanchard and Benitez",US Inc,XB,3768.13,5106.65,USD,2026-09-08 16:21:00.000000,2026-09-08,1,0,0,0,0,0,0,1,high-risk country
P00014738,C0105,"Allen, Blanchard and Benitez",Netherlands BV,XB,3795.28,5371.82,EUR,2024-11-18 19:15:00.000000,2024-11-18,1,0,0,0,0,0,0,1,high-risk country
P00046286,C0105,"Allen, Blanchard and Benitez",UK Ltd,XB,3941.78,6621.58,GBP,2025-07-10 12:16:00.000000,2025-07-10,1,0,0,0,0,0,0,1,high-risk country
P00106690,C0105,"Allen, Blanchard and Benitez",Group Treasury HQ,XB,4197.42,5714.23,USD,2026-09-01 01:58:00.000000,2026-09-01,1,0,0,0,0,0,0,1,high-risk country
P00106820,C0105,"Allen, Blanchard and Benitez",SG Operations,XB,4377.91,4377.91,SGD,2026-09-01 09:12:00.000000,2026-09-01,1,0,0,0,0,0,0,1,high-risk country
P00023450,C0105,"Allen, Blanchard and Benitez",Shanghai Mfg,XB,4784.32,6582.86,USD,2025-01-23 01:56:00.000000,2025-01-23,1,0,0,0,0,0,0,1,high-risk country
P00046281,C0105,"Allen, Blanchard and Benitez",UK Ltd,XB,4784.54,8037.29,GBP,2025-07-10 11:49:00.000000,2025-07-10,1,0,0,0,0,0,0,1,high-risk country
P00071281,C0105,"Allen, Blanchard and Benitez",Germany Sales Office,XB,5067.75,7185.98,EUR,2026-01-01 10:03:00.000000,2026-01-01,1,0,0,0,0,0,0,1,high-risk country
P00109510,C0105,"Allen, Blanchard and Benitez",US Inc,XB,5231.48,7133.82,USD,2026-09-17 17:48:00.000000,2026-09-17,1,0,0,0,0,0,0,1,high-risk country
P00012146,C0105,"Allen, Blanchard and Benitez",Netherlands BV,XB,5413.66,7399.49,USD,2024-10-29 08:50:00.000000,2024-10-29,1,0,0,0,0,0,0,1,high-risk country
P00074174,C0105,"Allen, Blanchard and Benitez",Shanghai Mfg,XB,5474.49,7276.3,USD,2026-01-22 02:54:00.000000,2026-01-22,1,0,0,0,0,0,0,1,high-risk country
P00053756,C0105,"Allen, Blanchard and Benitez",Group Treasury HQ,XB,5539.06,7489.99,USD,2025-09-02 01:10:00.000000,2025-09-02,1,0,0,0,0,0,0,1,high-risk country
P00036829,C0105,"Allen, Blanchard and Benitez",US West Distribution,XB,5592.95,7544.59,USD,2025-05-01 13:12:00.000000,2025-05-01,1,0,0,0,0,0,0,1,high-risk country
P00094148,C0105,"Allen, Blanchard and Benitez",Shanghai Mfg,XB,5636.37,7547.48,USD,2026-06-11 01:22:00.000000,2026-06-11,1,0,0,0,0,0,0,1,high-risk country
P00095180,C0105,"Allen, Blanchard and Benitez",Shenzhen Sourcing,XB,5663.02,7568.37,USD,2026-06-18 01:21:00.000000,2026-06-18,1,0,0,0,0,0,0,1,high-risk country
P00009835,C0105,"Allen, Blanchard and Benitez",US Inc,XB,5664.83,7534.61,USD,2024-10-10 13:30:00.000000,2024-10-10,1,0,0,0,0,0,0,1,high-risk country
P00013350,C0105,"Allen, Blanchard and Benitez",India Services,XB,5739.64,7820.22,USD,2024-11-07 03:57:00.000000,2024-11-07,1,0,0,0,0,0,0,1,high-risk country
P00086045,C0105,"Allen, Blanchard and Benitez",Group Treasury HQ,XB,5794.34,7678.57,USD,2026-04-16 01:35:00.000000,2026-04-16,1,0,0,0,0,0,0,1,high-risk country
P00046215,C0105,"Allen, Blanchard and Benitez",Netherlands BV,XB,5858.19,7757.91,USD,2025-07-10 07:48:00.000000,2025-07-10,1,0,0,0,0,0,0,1,high-risk country
P00087045,C0105,"Allen, Blanchard and Benitez",SG Operations,XB,5915.57,7850.88,USD,2026-04-23 02:32:00.000000,2026-04-23,1,0,0,0,0,0,0,1,high-risk country
P00031149,C0105,"Allen, Blanchard and Benitez",US Inc,XB,6044.5,8270.32,USD,2025-03-21 18:54:00.000000,2025-03-21,1,0,0,0,0,0,0,1,high-risk country
P00021642,C0105,"Allen, Blanchard and Benitez",Netherlands BV,XB,6137.49,8451.66,USD,2025-01-09 08:07:00.000000,2025-01-09,1,0,0,0,0,0,0,1,high-risk country
P00074919,C0105,"Allen, Blanchard and Benitez",India Services,XB,6236.25,100.78,INR,2026-01-28 09:35:00.000000,2026-01-28,1,0,0,0,0,0,0,1,high-risk country
P00085231,C0105,"Allen, Blanchard and Benitez",US Inc,XB,6333.46,8362.32,USD,2026-04-09 19:14:00.000000,2026-04-09,1,0,0,0,0,0,0,1,high-risk country
P00032814,C0105,"Allen, Blanchard and Benitez",India Services,XB,6462.57,8658.75,USD,2025-04-03 03:30:00.000000,2025-04-03,1,0,0,0,0,0,0,1,high-risk country
P00058561,C0105,"Allen, Blanchard and Benitez",India Services,XB,7085.81,114.96,INR,2025-10-06 05:13:00.000000,2025-10-06,1,0,0,0,0,0,0,1,high-risk country
P00034410,C0105,"Allen, Blanchard and Benitez",India Services,XB,7232.47,9658.57,USD,2025-04-15 05:18:00.000000,2025-04-15,1,0,0,0,0,0,0,1,high-risk country
P00104515,C0105,"Allen, Blanchard and Benitez",Netherlands BV,XB,7494.43,10116.75,USD,2026-08-18 07:01:00.000000,2026-08-18,1,0,0,0,0,0,0,1,high-risk country
P00077889,C0105,"Allen, Blanchard and Benitez",India Services,XB,7995.8,10706.14,USD,2026-02-19 04:28:00.000000,2026-02-19,1,0,0,0,0,0,0,1,high-risk country
P00041382,C0105,"Allen, Blanchard and Benitez",Germany GmbH,XB,8368.91,12235.23,EUR,2025-06-05 09:11:00.000000,2025-06-05,1,0,0,0,0,0,0,1,high-risk country
P00080163,C0105,"Allen, Blanchard and Benitez",US West Distribution,XB,8782.81,11513.1,USD,2026-03-05 19:54:00.000000,2026-03-05,1,0,0,0,0,0,0,1,high-risk country
P00089142,C0105,"Allen, Blanchard and Benitez",UK Ltd,XB,8803.2,11758.31,USD,2026-05-07 08:09:00.000000,2026-05-07,1,0,0,0,0,0,0,1,high-risk country
P00077014,C0105,"Allen, Blanchard and Benitez",Shenzhen Sourcing,XB,8910.92,11845.29,USD,2026-02-12 01:27:00.000000,2026-02-12,1,0,0,0,0,0,0,1,high-risk country
P00039579,C0105,"Allen, Blanchard and Benitez",US Inc,XB,8970.89,12092.3,USD,2025-05-22 14:22:00.000000,2025-05-22,1,0,0,0,0,0,0,1,high-risk country
P00111034,C0105,"Allen, Blanchard and Benitez",Shenzhen Sourcing,XB,9499.34,12968.53,USD,2026-09-29 01:44:00.000000,2026-09-29,1,0,0,0,0,0,0,1,high-risk country
P00092174,C0105,"Allen, Blanchard and Benitez",Netherlands BV,XB,9744.31,13056.93,USD,2026-05-28 07:39:00.000000,2026-05-28,1,0,0,0,0,0,0,1,high-risk country
P00078960,C0105,"Allen, Blanchard and Benitez",Germany GmbH,XB,10000.0,14288.94,EUR,2026-02-26 08:14:00.000000,2026-02-26,1,1,0,0,0,0,0,2,"high-risk country, round amount"
P00075767,C0105,"Allen, Blanchard and Benitez",Netherlands BV,XB,10753.11,14256.91,USD,2026-02-03 09:56:00.000000,2026-02-03,1,0,0,0,0,0,0,1,high-risk country
P00074669,C0105,"Allen, Blanchard and Benitez",Shanghai Mfg,XB,11349.61,15090.84,USD,2026-01-27 01:22:00.000000,2026-01-27,1,0,0,0,0,0,0,1,high-risk country
P00092143,C0105,"Allen, Blanchard and Benitez",Netherlands BV,XB,11769.99,17435.84,EUR,2026-05-28 06:49:00.000000,2026-05-28,1,0,0,0,0,0,0,1,high-risk country
P00046287,C0105,"Allen, Blanchard and Benitez",UK Ltd,XB,12155.45,20317.53,GBP,2025-07-10 12:45:00.000000,2025-07-10,1,0,0,0,0,0,0,1,high-risk country
P00107198,C0105,"Allen, Blanchard and Benitez",UK Ltd,XB,12302.1,20922.33,GBP,2026-09-03 07:40:00.000000,2026-09-03,1,0,0,0,0,0,0,1,high-risk country
P00070022,C0105,"Allen, Blanchard and Benitez",US Inc,XB,12793.7,16736.07,USD,2025-12-23 14:00:00.000000,2025-12-23,1,0,0,0,0,0,0,1,high-risk country
P00023800,C0105,"Allen, Blanchard and Benitez",Netherlands BV,XB,12974.9,18513.2,EUR,2025-01-24 16:50:00.000000,2025-01-24,1,0,1,0,0,0,0,2,"high-risk country, structuring"
P00023679,C0105,"Allen, Blanchard and Benitez",Netherlands BV,XB,12982.53,18398.11,EUR,2025-01-23 16:54:00.000000,2025-01-23,1,0,1,0,0,0,0,2,"high-risk country, structuring"
P00033103,C0105,"Allen, Blanchard and Benitez",SG Operations,XB,13038.59,17441.84,USD,2025-04-05 04:24:00.000000,2025-04-05,1,0,0,0,0,0,0,1,high-risk country
P00102952,C0105,"Allen, Blanchard and Benitez",US West Distribution,XB,13041.5,17423.97,USD,2026-08-06 14:44:00.000000,2026-08-06,1,0,0,0,0,0,0,1,high-risk country
P00071283,C0105,"Allen, Blanchard and Benitez",Germany GmbH,XB,13148.09,18643.77,EUR,2026-01-01 14:04:00.000000,2026-01-01,1,0,1,0,0,0,0,2,"high-risk country, structuring"
P00071279,C0105,"Allen, Blanchard and Benitez",Germany GmbH,XB,13790.74,19555.03,EUR,2026-01-01 09:39:00.000000,2026-01-01,1,0,1,0,0,0,0,2,"high-risk country, structuring"
P00023936,C0105,"Allen, Blanchard and Benitez",Netherlands BV,XB,13817.21,19715.04,EUR,2025-01-27 08:59:00.000000,2025-01-27,1,0,1,0,0,0,0,2,"high-risk country, structuring"
P00070892,C0105,"Allen, Blanchard and Benitez",Germany GmbH,XB,13997.01,19865.16,EUR,2025-12-30 08:19:00.000000,2025-12-30,1,0,1,0,0,0,0,2,"high-risk country, structuring"
P00096256,C0105,"Allen, Blanchard and Benitez",SG Operations,XB,14316.89,19072.13,USD,2026-06-25 02:33:00.000000,2026-06-25,1,0,1,0,0,0,0,2,"high-risk country, structuring"
P00051379,C0105,"Allen, Blanchard and Benitez",US Inc,XB,15324.94,20802.04,USD,2025-08-14 19:39:00.000000,2025-08-14,1,0,0,0,0,0,0,1,high-risk country
P00045860,C0105,"Allen, Blanchard and Benitez",India Services,XB,15677.88,252.21,INR,2025-07-08 07:58:00.000000,2025-07-08,1,0,0,0,0,0,0,1,high-risk country
P00067909,C0105,"Allen, Blanchard and Benitez",US Inc,XB,15836.57,20645.63,USD,2025-12-09 21:38:00.000000,2025-12-09,1,0,0,0,0,0,0,1,high-risk country
P00048355,C0105,"Allen, Blanchard and Benitez",Netherlands BV,XB,16331.56,23801.29,EUR,2025-07-24 10:25:00.000000,2025-07-24,1,0,0,0,0,0,0,1,high-risk country
P00039508,C0105,"Allen, Blanchard and Benitez",Netherlands BV,XB,16654.31,22449.16,USD,2025-05-22 08:56:00.000000,2025-05-22,1,0,0,0,0,0,0,1,high-risk country
P00022692,C0105,"Allen, Blanchard and Benitez",UK Ltd,XB,17574.34,24268.09,USD,2025-01-16 10:07:00.000000,2025-01-16,1,0,0,0,0,0,0,1,high-risk country
P00027222,C0105,"Allen, Blanchard and Benitez",SG Operations,XB,17750.45,17750.45,SGD,2025-02-20 08:03:00.000000,2025-02-20,1,0,0,0,0,0,0,1,high-risk country
P00039540,C0105,"Allen, Blanchard and Benitez",Netherlands BV,XB,18400.85,26685.24,EUR,2025-05-22 10:33:00.000000,2025-05-22,1,0,0,0,0,0,0,1,high-risk country
P00046455,C0105,"Allen, Blanchard and Benitez",Group Treasury HQ,XB,19585.51,25969.37,USD,2025-07-14 00:11:00.000000,2025-07-14,1,0,0,0,0,0,0,1,high-risk country
P00010486,C0105,"Allen, Blanchard and Benitez",US Inc,XB,20414.68,27309.04,USD,2024-10-16 20:23:00.000000,2024-10-16,1,0,0,0,0,0,0,1,high-risk country
P00017240,C0105,"Allen, Blanchard and Benitez",Netherlands BV,XB,20566.35,28211.05,USD,2024-12-06 16:23:00.000000,2024-12-06,1,0,0,0,0,0,0,1,high-risk country
P00048265,C0105,"Allen, Blanchard and Benitez",Shanghai Mfg,XB,20710.42,3878.61,CNY,2025-07-24 07:04:00.000000,2025-07-24,1,0,0,0,0,0,0,1,high-risk country
P00027280,C0105,"Allen, Blanchard and Benitez",Germany GmbH,XB,20882.61,30101.26,EUR,2025-02-20 09:53:00.000000,2025-02-20,1,0,0,0,0,0,0,1,high-risk country
P00045922,C0105,"Allen, Blanchard and Benitez",US West Distribution,XB,20919.1,27681.03,USD,2025-07-08 13:37:00.000000,2025-07-08,1,0,0,0,0,0,0,1,high-risk country
P00041362,C0105,"Allen, Blanchard and Benitez",UK Ltd,XB,20948.15,27390.77,USD,2025-06-05 08:36:00.000000,2025-06-05,1,0,0,0,0,0,0,1,high-risk country
P00051874,C0105,"Allen, Blanchard and Benitez",Germany GmbH,XB,22334.5,30444.31,USD,2025-08-19 07:21:00.000000,2025-08-19,1,0,0,0,0,0,0,1,high-risk country
P00083061,C0105,"Allen, Blanchard and Benitez",Netherlands BV,XB,22592.03,29814.61,USD,2026-03-26 09:27:00.000000,2026-03-26,1,0,0,0,0,0,0,1,high-risk country
P00065865,C0105,"Allen, Blanchard and Benitez",Germany Sales Office,XB,23439.07,32994.03,EUR,2025-11-25 10:35:00.000000,2025-11-25,1,0,0,0,0,0,0,1,high-risk country
P00098147,C0105,"Allen, Blanchard and Benitez",Germany Sales Office,XB,23442.71,34433.24,EUR,2026-07-07 09:42:00.000000,2026-07-07,1,0,0,0,0,0,0,1,high-risk country
P00084045,C0105,"Allen, Blanchard and Benitez",Shanghai Mfg,XB,23874.78,4425.0,CNY,2026-04-02 01:42:00.000000,2026-04-02,1,0,0,0,0,0,0,1,high-risk country
P00082660,C0105,"Allen, Blanchard and Benitez",Germany GmbH,XB,24472.7,32230.37,USD,2026-03-24 08:34:00.000000,2026-03-24,1,0,0,0,0,0,0,1,high-risk country
P00034367,C0105,"Allen, Blanchard and Benitez",SG Operations,XB,24914.57,33272.06,USD,2025-04-15 02:09:00.000000,2025-04-15,1,0,0,0,0,0,0,1,high-risk country
P00109435,C0105,"Allen, Blanchard and Benitez",Germany Sales Office,XB,26014.68,37432.76,EUR,2026-09-17 09:57:00.000000,2026-09-17,1,0,0,0,0,0,0,1,high-risk country
P00096972,C0105,"Allen, Blanchard and Benitez",Shanghai Mfg,XB,26450.17,35214.78,USD,2026-06-30 01:11:00.000000,2026-06-30,1,0,0,0,0,0,0,1,high-risk country
P00079655,C0105,"Allen, Blanchard and Benitez",Netherlands BV,XB,29247.7,38604.51,USD,2026-03-03 09:31:00.000000,2026-03-03,1,0,0,0,0,0,0,1,high-risk country
P00031610,C0105,"Allen, Blanchard and Benitez",US Inc,XB,29573.25,39973.57,USD,2025-03-25 18:45:00.000000,2025-03-25,1,0,0,0,0,0,0,1,high-risk country
P00081574,C0105,"Allen, Blanchard and Benitez",India Services,XB,30349.89,484.48,INR,2026-03-16 15:30:00.000000,2026-03-16,1,0,0,0,0,0,0,1,high-risk country
P00093969,C0105,"Allen, Blanchard and Benitez",US Inc,XB,30725.61,41121.87,USD,2026-06-09 14:29:00.000000,2026-06-09,1,0,0,0,0,0,0,1,high-risk country
P00071851,C0105,"Allen, Blanchard and Benitez",India Services,XB,32812.04,527.95,INR,2026-01-06 10:33:00.000000,2026-01-06,1,0,0,0,0,0,0,1,high-risk country
P00034508,C0105,"Allen, Blanchard and Benitez",US Inc,XB,33654.71,44767.8,USD,2025-04-15 13:52:00.000000,2025-04-15,1,0,0,0,0,0,0,1,high-risk country
P00041430,C0105,"Allen, Blanchard and Benitez",US Inc,XB,34085.75,44568.86,USD,2025-06-05 13:33:00.000000,2025-06-05,1,0,0,0,0,0,0,1,high-risk country
P00049695,C0105,"Allen, Blanchard and Benitez",India Services,XB,34632.55,558.93,INR,2025-08-04 08:36:00.000000,2025-08-04,1,0,0,0,0,0,0,1,high-risk country
P00099654,C0105,"Allen, Blanchard and Benitez",US Inc,XB,35169.36,47392.3,USD,2026-07-16 13:30:00.000000,2026-07-16,1,0,0,0,0,0,0,1,high-risk country
P00100718,C0105,"Allen, Blanchard and Benitez",US Inc,XB,35264.96,47969.69,USD,2026-07-23 14:01:00.000000,2026-07-23,1,0,0,0,0,0,0,1,high-risk country
P00019578,C0105,"Allen, Blanchard and Benitez",Germany GmbH,XB,36942.72,51270.07,EUR,2024-12-24 14:23:00.000000,2024-12-24,1,0,0,0,0,0,0,1,high-risk country
P00065164,C0105,"Allen, Blanchard and Benitez",India Services,XB,38576.49,51023.58,USD,2025-11-20 05:03:00.000000,2025-11-20,1,0,0,0,0,0,0,1,high-risk country
P00043862,C0105,"Allen, Blanchard and Benitez",India Services,XB,40775.76,650.5,INR,2025-06-24 05:18:00.000000,2025-06-24,1,0,0,0,0,0,0,1,high-risk country
P00063302,C0105,"Allen, Blanchard and Benitez",Germany Sales Office,XB,43909.26,62594.67,EUR,2025-11-06 11:02:00.000000,2025-11-06,1,0,0,0,0,0,0,1,high-risk country
P00066790,C0105,"Allen, Blanchard and Benitez",SG Operations,XB,44419.0,59066.25,USD,2025-12-02 02:20:00.000000,2025-12-02,1,0,0,0,0,0,0,1,high-risk country
P00036769,C0105,"Allen, Blanchard and Benitez",US Inc,XB,46810.61,63095.79,USD,2025-04-30 20:21:00.000000,2025-04-30,1,0,0,0,0,0,0,1,high-risk country
P00010594,C0105,"Allen, Blanchard and Benitez",Netherlands BV,XB,48665.6,65100.75,USD,2024-10-17 07:10:00.000000,2024-10-17,1,0,0,0,0,0,0,1,high-risk country
P00087235,C0105,"Allen, Blanchard and Benitez",US Inc,XB,48709.44,64756.96,USD,2026-04-23 13:59:00.000000,2026-04-23,1,0,0,0,0,0,0,1,high-risk country
P00049280,C0105,"Allen, Blanchard and Benitez",Netherlands BV,XB,52423.95,70039.6,USD,2025-07-31 07:01:00.000000,2025-07-31,1,0,0,0,0,0,0,1,high-risk country
P00018910,C0105,"Allen, Blanchard and Benitez",Netherlands BV,XB,53759.96,73369.39,USD,2024-12-19 10:09:00.000000,2024-12-19,1,0,0,0,0,0,0,1,high-risk country
P00103675,C0105,"Allen, Blanchard and Benitez",US West Distribution,XB,57596.02,77384.75,USD,2026-08-12 16:05:00.000000,2026-08-12,1,0,0,0,0,0,0,1,high-risk country
P00059222,C0105,"Allen, Blanchard and Benitez",Germany GmbH,XB,58188.49,79026.37,USD,2025-10-09 07:51:00.000000,2025-10-09,1,0,0,0,0,0,0,1,high-risk country
P00038902,C0105,"Allen, Blanchard and Benitez",India Services,XB,58451.85,943.35,INR,2025-05-19 08:27:00.000000,2025-05-19,1,0,0,0,0,0,0,1,high-risk country
P00036420,C0105,"Allen, Blanchard and Benitez",Shanghai Mfg,XB,60769.43,82141.8,USD,2025-04-29 02:51:00.000000,2025-04-29,1,0,0,0,0,0,0,1,high-risk country
P00015306,C0105,"Allen, Blanchard and Benitez",US Inc,XB,61469.78,83290.63,USD,2024-11-21 14:12:00.000000,2024-11-21,1,0,0,0,0,0,0,1,high-risk country
P00095187,C0105,"Allen, Blanchard and Benitez",SG Operations,XB,61652.88,82396.24,USD,2026-06-18 01:30:00.000000,2026-06-18,1,0,0,0,0,0,0,1,high-risk country
P00103820,C0105,"Allen, Blanchard and Benitez",Netherlands BV,XB,64451.71,86595.9,USD,2026-08-13 07:01:00.000000,2026-08-13,1,0,0,0,0,0,0,1,high-risk country
P00031430,C0105,"Allen, Blanchard and Benitez",SG Operations,XB,67274.68,91801.21,USD,2025-03-25 02:19:00.000000,2025-03-25,1,0,0,0,0,0,0,1,high-risk country
P00075002,C0105,"Allen, Blanchard and Benitez",Shenzhen Sourcing,XB,73811.43,97428.87,USD,2026-01-29 01:27:00.000000,2026-01-29,1,0,0,0,0,0,0,1,high-risk country
P00098446,C0105,"Allen, Blanchard and Benitez",Shenzhen Sourcing,XB,77634.37,14465.77,CNY,2026-07-09 04:49:00.000000,2026-07-09,1,0,0,0,0,0,0,1,high-risk country
P00109487,C0105,"Allen, Blanchard and Benitez",US Inc,XB,94250.21,128359.08,USD,2026-09-17 14:22:00.000000,2026-09-17,1,0,0,0,0,0,0,1,high-risk country
P00041235,C0105,"Allen, Blanchard and Benitez",Group Treasury HQ,XB,120448.44,157492.48,USD,2025-06-05 01:35:00.000000,2025-06-05,1,0,0,0,0,0,0,1,high-risk country
P00100569,C0105,"Allen, Blanchard and Benitez",India Services,XB,134700.58,2183.9,INR,2026-07-23 06:37:00.000000,2026-07-23,1,0,0,0,0,0,0,1,high-risk country
P00071900,C0105,"Allen, Blanchard and Benitez",US Inc,XB,140663.76,186068.62,USD,2026-01-06 15:42:00.000000,2026-01-06,1,0,0,0,0,0,0,1,high-risk country
P00026110,C0105,"Allen, Blanchard and Benitez",Shenzhen Sourcing,XB,143655.73,26616.68,CNY,2025-02-13 00:31:00.000000,2025-02-13,1,0,0,0,0,0,0,1,high-risk country
P00027206,C0105,"Allen, Blanchard and Benitez",Shanghai Mfg,XB,147832.87,27571.87,CNY,2025-02-20 06:07:00.000000,2025-02-20,1,0,0,0,0,0,0,1,high-risk country
P00010636,C0105,"Allen, Blanchard and Benitez",Germany GmbH,XB,155762.92,208366.55,USD,2024-10-17 08:26:00.000000,2024-10-17,1,0,0,0,0,0,0,1,high-risk country
P00033840,C0105,"Allen, Blanchard and Benitez",Netherlands BV,XB,172030.82,229336.87,USD,2025-04-10 08:18:00.000000,2025-04-10,1,0,0,0,0,0,0,1,high-risk country
P00096238,C0105,"Allen, Blanchard and Benitez",Shenzhen Sourcing,XB,244941.63,45403.61,CNY,2026-06-25 02:09:00.000000,2026-06-25,1,0,0,0,0,0,0,1,high-risk country
P00100561,C0105,"Allen, Blanchard and Benitez",India Services,XB,268899.47,4359.13,INR,2026-07-23 05:54:00.000000,2026-07-23,1,0,0,0,0,0,0,1,high-risk country
P00100566,C0105,"Allen, Blanchard and Benitez",India Services,XB,269728.87,4373.11,INR,2026-07-23 06:29:00.000000,2026-07-23,1,0,0,0,0,0,0,1,high-risk country
P00085658,C0105,"Allen, Blanchard and Benitez",Shenzhen Sourcing,XB,280538.89,52357.53,CNY,2026-04-14 00:17:00.000000,2026-04-14,1,0,0,0,0,0,0,1,high-risk country
P00089033,C0105,"Allen, Blanchard and Benitez",Shenzhen Sourcing,XB,353388.26,468767.41,USD,2026-05-07 02:08:00.000000,2026-05-07,1,0,0,0,0,0,0,1,high-risk country
P00070256,C0105,"Allen, Blanchard and Benitez",Shanghai Mfg,XB,355647.37,466465.31,USD,2025-12-25 02:05:00.000000,2025-12-25,1,0,0,0,0,0,0,1,high-risk country
P00100560,C0105,"Allen, Blanchard and Benitez",India Services,XB,384491.99,6233.0,INR,2026-07-23 05:54:00.000000,2026-07-23,1,0,0,0,0,0,0,1,high-risk country
P00100570,C0105,"Allen, Blanchard and Benitez",India Services,XB,397463.92,6444.08,INR,2026-07-23 06:40:00.000000,2026-07-23,1,0,0,0,0,0,0,1,high-risk country
P00100572,C0105,"Allen, Blanchard and Benitez",India Services,XB,594992.64,9646.62,INR,2026-07-23 06:42:00.000000,2026-07-23,1,0,0,0,0,0,0,1,high-risk country
P00026200,C0105,"Allen, Blanchard and Benitez",Shenzhen Sourcing,XB,603256.09,111771.89,CNY,2025-02-13 05:12:00.000000,2025-02-13,1,0,0,0,0,0,0,1,high-risk country
P00029082,C0105,"Allen, Blanchard and Benitez",India Services,XB,805507.17,13038.74,INR,2025-03-06 11:06:00.000000,2025-03-06,1,0,0,0,0,0,0,1,high-risk country
P00045313,C0105,"Allen, Blanchard and Benitez",India Services,XB,1133189.53,18157.1,INR,2025-07-03 09:04:00.000000,2025-07-03,1,0,1,0,0,0,0,2,"high-risk country, structuring"
P00098066,C0105,"Allen, Blanchard and Benitez",India Services,XB,1193427.18,19421.83,INR,2026-07-07 05:54:00.000000,2026-07-07,1,0,1,0,0,0,0,2,"high-risk country, structuring"
P00075759,C0105,"Allen, Blanchard and Benitez",India Services,XB,1249103.87,20171.78,INR,2026-02-03 09:48:00.000000,2026-02-03,1,0,0,0,0,0,0,1,high-risk country
P00091774,C0105,"Allen, Blanchard and Benitez",India Services,XB,1639401.51,26614.04,INR,2026-05-26 10:12:00.000000,2026-05-26,1,0,0,0,0,0,0,1,high-risk country
P00074790,C0105,"Allen, Blanchard and Benitez",India Services,XB,3296586.35,53276.13,INR,2026-01-27 10:16:00.000000,2026-01-27,1,0,0,0,0,0,0,1,high-risk country
P00096509,C0113,Ray-Myers,US West Distribution,XB,2571.14,3433.83,USD,2026-06-25 15:40:00.000000,2026-06-25,1,0,0,0,0,0,0,1,high-risk country
P00039177,C0113,Ray-Myers,US Inc,XB,3462.96,4666.11,USD,2025-05-20 13:15:00.000000,2025-05-20,1,0,0,0,0,0,0,1,high-risk country
P00016994,C0113,Ray-Myers,Germany Sales Office,XB,4164.29,5830.18,EUR,2024-12-05 07:45:00.000000,2024-12-05,1,0,0,0,0,0,0,1,high-risk country
P00068946,C0113,Ray-Myers,US Inc,XB,4414.32,5750.26,USD,2025-12-16 19:35:00.000000,2025-12-16,1,0,0,0,0,0,0,1,high-risk country
P00027223,C0113,Ray-Myers,Germany Sales Office,XB,5945.47,8570.1,EUR,2025-02-20 08:04:00.000000,2025-02-20,1,0,0,0,0,0,0,1,high-risk country
P00106751,C0113,Ray-Myers,Germany GmbH,XB,6073.74,8832.77,EUR,2026-09-01 06:38:00.000000,2026-09-01,1,0,0,0,0,0,0,1,high-risk country
P00031807,C0113,Ray-Myers,SG Operations,XB,6828.98,6828.98,SGD,2025-03-27 03:01:00.000000,2025-03-27,1,0,0,0,0,0,0,1,high-risk country
P00086235,C0113,Ray-Myers,Netherlands BV,XB,7870.95,11328.75,EUR,2026-04-16 13:47:00.000000,2026-04-16,1,0,0,0,0,0,0,1,high-risk country
P00058395,C0113,Ray-Myers,Netherlands BV,XB,8090.91,11850.29,EUR,2025-10-02 13:18:00.000000,2025-10-02,1,0,0,0,0,0,0,1,high-risk country
P00067302,C0113,Ray-Myers,Germany GmbH,XB,8476.94,11956.87,EUR,2025-12-04 13:59:00.000000,2025-12-04,1,0,0,0,0,0,0,1,high-risk country
P00099194,C0113,Ray-Myers,Germany Sales Office,XB,8744.59,12741.48,EUR,2026-07-14 08:32:00.000000,2026-07-14,1,0,0,0,0,0,0,1,high-risk country
P00055978,C0113,Ray-Myers,US West Distribution,XB,8872.86,11988.15,USD,2025-09-16 15:59:00.000000,2025-09-16,1,0,0,0,0,0,0,1,high-risk country
P00032000,C0113,Ray-Myers,US West Distribution,XB,8895.01,11991.38,USD,2025-03-27 14:50:00.000000,2025-03-27,1,0,0,0,0,0,0,1,high-risk country
P00014365,C0113,Ray-Myers,US Inc,XB,9374.33,12721.27,USD,2024-11-14 15:11:00.000000,2024-11-14,1,0,0,0,0,0,0,1,high-risk country
P00027244,C0113,Ray-Myers,Germany Sales Office,XB,9926.47,14321.83,EUR,2025-02-20 08:39:00.000000,2025-02-20,1,0,0,0,0,0,0,1,high-risk country
P00097595,C0113,Ray-Myers,Germany GmbH,XB,10259.1,14995.25,EUR,2026-07-02 14:44:00.000000,2026-07-02,1,0,0,0,0,0,0,1,high-risk country
P00041406,C0113,Ray-Myers,Germany GmbH,XB,10452.67,15374.1,EUR,2025-06-05 11:50:00.000000,2025-06-05,1,0,0,0,0,0,0,1,high-risk country
P00043932,C0113,Ray-Myers,Germany GmbH,XB,10495.94,15316.12,EUR,2025-06-24 09:57:00.000000,2025-06-24,1,0,0,0,0,0,0,1,high-risk country
P00055953,C0113,Ray-Myers,US West Distribution,XB,11213.98,15151.19,USD,2025-09-16 13:54:00.000000,2025-09-16,1,0,0,0,0,0,0,1,high-risk country
P00010731,C0113,Ray-Myers,UK Ltd,XB,11338.4,19475.38,GBP,2024-10-17 15:10:00.000000,2024-10-17,1,0,1,0,0,0,0,2,"high-risk country, structuring"
P00008775,C0113,Ray-Myers,US Inc,XB,12783.16,17130.2,USD,2024-10-01 20:58:00.000000,2024-10-01,1,0,0,0,0,0,0,1,high-risk country
P00068233,C0113,Ray-Myers,Netherlands BV,XB,12886.46,18231.0,EUR,2025-12-11 10:16:00.000000,2025-12-11,1,0,1,0,0,0,0,2,"high-risk country, structuring"
P00110525,C0113,Ray-Myers,Germany Sales Office,XB,13632.69,19418.08,EUR,2026-09-24 12:24:00.000000,2026-09-24,1,0,1,0,0,0,0,2,"high-risk country, structuring"
P00054338,C0113,Ray-Myers,Netherlands BV,XB,15362.14,22622.64,EUR,2025-09-04 11:43:00.000000,2025-09-04,1,0,0,0,0,0,0,1,high-risk country
P00091821,C0113,Ray-Myers,US West Distribution,XB,16085.41,21333.39,USD,2026-05-26 13:20:00.000000,2026-05-26,1,0,0,0,0,0,0,1,high-risk country
P00014213,C0113,Ray-Myers,SG Operations,XB,16646.72,16646.72,SGD,2024-11-14 02:39:00.000000,2024-11-14,1,0,0,0,0,0,0,1,high-risk country
P00042357,C0113,Ray-Myers,Germany Sales Office,XB,17646.88,25702.47,EUR,2025-06-12 13:46:00.000000,2025-06-12,1,0,0,0,0,0,0,1,high-risk country
P00061302,C0113,Ray-Myers,SG Operations,XB,19982.43,19982.43,SGD,2025-10-23 09:12:00.000000,2025-10-23,1,0,1,0,0,0,0,2,"high-risk country, structuring"
P00085229,C0113,Ray-Myers,US West Distribution,XB,20739.88,27383.69,USD,2026-04-09 19:06:00.000000,2026-04-09,1,0,0,0,0,0,0,1,high-risk country
P00073221,C0113,Ray-Myers,Germany Sales Office,XB,21822.6,31095.35,EUR,2026-01-15 07:59:00.000000,2026-01-15,1,0,0,0,0,0,0,1,high-risk country
P00067296,C0113,Ray-Myers,US Inc,XB,23518.68,30904.7,USD,2025-12-04 13:04:00.000000,2025-12-04,1,0,0,0,0,0,0,1,high-risk country
P00020442,C0113,Ray-Myers,US Inc,XB,24137.79,32819.5,USD,2024-12-31 18:35:00.000000,2024-12-31,1,0,0,0,0,0,0,1,high-risk country
P00044395,C0113,Ray-Myers,US West Distribution,XB,27961.58,37088.16,USD,2025-06-26 18:21:00.000000,2025-06-26,1,0,0,0,0,0,0,1,high-risk country
P00017919,C0113,Ray-Myers,Shenzhen Sourcing,XB,38696.41,7107.18,CNY,2024-12-12 04:50:00.000000,2024-12-12,1,0,0,0,0,0,0,1,high-risk country
P00010609,C0113,Ray-Myers,Germany GmbH,XB,44706.8,67265.9,EUR,2024-10-17 07:38:00.000000,2024-10-17,1,0,0,0,0,0,0,1,high-risk country
P00021526,C0113,Ray-Myers,Shenzhen Sourcing,XB,73491.98,13462.92,CNY,2025-01-09 00:41:00.000000,2025-01-09,1,0,0,0,0,0,0,1,high-risk country
P00069833,C0113,Ray-Myers,Shanghai Mfg,XB,84864.86,15873.72,CNY,2025-12-23 03:57:00.000000,2025-12-23,1,0,0,0,0,0,0,1,high-risk country
P00016932,C0113,Ray-Myers,Shenzhen Sourcing,XB,123811.88,22942.59,CNY,2024-12-05 02:27:00.000000,2024-12-05,1,0,0,0,0,0,0,1,high-risk country
P00014796,C0113,Ray-Myers,Shanghai Mfg,XB,125757.63,23139.91,CNY,2024-11-19 02:40:00.000000,2024-11-19,1,0,0,0,0,0,0,1,high-risk country
P00060150,C0113,Ray-Myers,Shenzhen Sourcing,XB,202789.94,37889.68,CNY,2025-10-16 02:22:00.000000,2025-10-16,1,0,0,0,0,0,0,1,high-risk country
P00041287,C0113,Ray-Myers,India Services,XB,987727.09,15856.97,INR,2025-06-05 03:19:00.000000,2025-06-05,1,0,0,0,0,0,0,1,high-risk country
P00094339,C0113,Ray-Myers,India Services,XB,2769084.88,44881.33,INR,2026-06-11 11:42:00.000000,2026-06-11,1,0,0,0,0,0,0,1,high-risk country
P00076455,C0114,Harrison LLC,Germany GmbH,VN,18.12,26.16,EUR,2026-02-09 04:51:00.000000,2026-02-09,0,0,0,0,0,0,1,1,off-hours
P00028369,C0114,Harrison LLC,UK Ltd,VN,27.81,48.01,GBP,2025-02-28 22:51:00.000000,2025-02-28,0,0,0,0,0,0,1,1,off-hours
P00098949,C0114,Harrison LLC,US Inc,VN,39.76,53.27,USD,2026-07-13 10:23:00.000000,2026-07-13,0,0,0,0,0,0,1,1,off-hours
P00046751,C0114,Harrison LLC,Netherlands BV,VN,78.44,114.72,EUR,2025-07-15 03:21:00.000000,2025-07-15,0,0,0,0,0,0,1,1,off-hours
P00079858,C0114,Harrison LLC,Shenzhen Sourcing,VN,173.97,229.37,USD,2026-03-04 19:31:00.000000,2026-03-04,0,0,0,0,0,0,1,1,off-hours
P00082320,C0114,Harrison LLC,Shanghai Mfg,VN,1421.44,264.85,CNY,2026-03-22 21:41:00.000000,2026-03-22,0,0,0,0,0,0,1,1,off-hours
P00042329,C0114,Harrison LLC,India Services,VN,4519.05,5993.7,USD,2025-06-12 10:24:00.000000,2025-06-12,0,0,0,0,1,0,0,1,duplicate
P00042332,C0114,Harrison LLC,India Services,VN,4519.05,5993.7,USD,2025-06-12 10:35:00.000000,2025-06-12,0,0,0,0,1,0,0,1,duplicate
P00086025,C0114,Harrison LLC,India Services,VN,5310.3,7037.12,USD,2026-04-15 23:21:00.000000,2026-04-15,0,0,0,0,0,0,1,1,off-hours
P00094315,C0114,Harrison LLC,US Inc,VN,12538.23,16800.64,USD,2026-06-11 08:55:00.000000,2026-06-11,0,0,0,0,0,0,1,1,off-hours
P00068252,C0114,Harrison LLC,Netherlands BV,VN,13044.56,18556.26,EUR,2025-12-11 12:27:00.000000,2025-12-11,0,0,1,0,0,0,0,1,structuring
P00018106,C0114,Harrison LLC,US Inc,VN,13242.75,18036.18,USD,2024-12-12 19:21:00.000000,2024-12-12,0,0,1,0,1,0,0,2,"structuring, duplicate"
P00018107,C0114,Harrison LLC,US Inc,VN,13242.75,18036.18,USD,2024-12-12 19:31:00.000000,2024-12-12,0,0,1,0,1,0,0,2,"structuring, duplicate"
P00052305,C0114,Harrison LLC,UK Ltd,VN,13382.25,18163.67,USD,2025-08-21 09:50:00.000000,2025-08-21,0,0,1,0,0,0,0,1,structuring
P00022242,C0114,Harrison LLC,Group Treasury HQ,VN,13387.19,18443.45,USD,2025-01-14 02:46:00.000000,2025-01-14,0,0,1,0,0,0,0,1,structuring
P00072743,C0114,Harrison LLC,SG Operations,VN,13709.14,18066.21,USD,2026-01-13 01:26:00.000000,2026-01-13,0,0,1,0,0,0,0,1,structuring
P00068434,C0114,Harrison LLC,Netherlands BV,VN,13718.16,19471.93,EUR,2025-12-13 10:23:00.000000,2025-12-13,0,0,1,0,0,0,0,1,structuring
P00068436,C0114,Harrison LLC,Netherlands BV,VN,13750.05,19559.84,EUR,2025-12-13 15:19:00.000000,2025-12-13,0,0,1,0,0,0,0,1,structuring
P00075742,C0114,Harrison LLC,Netherlands BV,VN,13826.17,18316.47,USD,2026-02-03 09:01:00.000000,2026-02-03,0,0,1,0,0,0,0,1,structuring
P00090030,C0114,Harrison LLC,Shanghai Mfg,VN,13971.85,18504.29,USD,2026-05-14 01:17:00.000000,2026-05-14,0,0,1,0,0,0,0,1,structuring
P00025838,C0114,Harrison LLC,Shanghai Mfg,VN,14335.09,19983.99,USD,2025-02-11 03:09:00.000000,2025-02-11,0,0,1,0,1,0,0,2,"structuring, duplicate"
P00025839,C0114,Harrison LLC,Shanghai Mfg,VN,14335.09,19983.99,USD,2025-02-11 03:13:00.000000,2025-02-11,0,0,1,0,1,0,0,2,"structuring, duplicate"
P00109384,C0114,Harrison LLC,Netherlands BV,VN,14411.97,19675.67,USD,2026-09-17 08:27:00.000000,2026-09-17,0,0,1,0,0,0,0,1,structuring
P00036349,C0114,Harrison LLC,Shenzhen Sourcing,VN,14450.78,19578.78,USD,2025-04-29 01:28:00.000000,2025-04-29,0,0,1,0,0,0,0,1,structuring
P00055249,C0114,Harrison LLC,SG Operations,VN,14624.81,19742.09,USD,2025-09-11 07:57:00.000000,2025-09-11,0,0,1,0,0,0,0,1,structuring
P00081146,C0114,Harrison LLC,UK Ltd,VN,14894.92,19380.06,USD,2026-03-12 10:45:00.000000,2026-03-12,0,0,1,0,0,0,0,1,structuring
P00085683,C0114,Harrison LLC,Shanghai Mfg,VN,14957.58,19819.99,USD,2026-04-14 02:08:00.000000,2026-04-14,0,0,1,0,0,0,0,1,structuring
P00043423,C0114,Harrison LLC,India Services,VN,15256.74,243.25,INR,2025-06-19 23:20:00.000000,2025-06-19,0,0,0,0,0,0,1,1,off-hours
P00060253,C0114,Harrison LLC,SG Operations,VN,17594.26,23886.86,USD,2025-10-16 07:59:00.000000,2025-10-16,0,0,0,0,1,0,0,1,duplicate
P00060257,C0114,Harrison LLC,SG Operations,VN,17594.26,23886.86,USD,2025-10-16 08:04:00.000000,2025-10-16,0,0,0,0,1,0,0,1,duplicate
P00096810,C0114,Harrison LLC,SG Operations,VN,18583.25,18583.25,SGD,2026-06-29 09:55:00.000000,2026-06-29,0,0,1,0,0,0,0,1,structuring
P00096409,C0114,Harrison LLC,SG Operations,VN,19064.82,19064.82,SGD,2026-06-25 09:37:00.000000,2026-06-25,0,0,1,0,0,0,0,1,structuring
P00096565,C0114,Harrison LLC,SG Operations,VN,19642.93,19642.93,SGD,2026-06-26 08:45:00.000000,2026-06-26,0,0,1,0,0,0,0,1,structuring
P00060285,C0114,Harrison LLC,Germany Sales Office,VN,20000.0,28596.48,EUR,2025-10-16 08:46:00.000000,2025-10-16,0,1,0,0,0,0,0,1,round amount
P00016042,C0114,Harrison LLC,India Services,VN,20254.86,322.7,INR,2024-11-27 23:55:00.000000,2024-11-27,0,0,0,0,0,0,1,1,off-hours
P00022304,C0114,Harrison LLC,Germany GmbH,VN,25000.0,35182.9,EUR,2025-01-14 08:23:00.000000,2025-01-14,0,1,0,0,0,0,0,1,round amount
P00103877,C0114,Harrison LLC,Netherlands BV,VN,25000.0,36136.57,EUR,2026-08-13 08:28:00.000000,2026-08-13,0,1,0,0,0,0,0,1,round amount
P00073284,C0114,Harrison LLC,US West Distribution,VN,26985.9,35691.69,USD,2026-01-15 09:31:00.000000,2026-01-15,0,0,0,0,0,0,1,1,off-hours
P00094481,C0115,Green-Richardson,US Inc,GB,92.59,124.17,USD,2026-06-12 10:12:00.000000,2026-06-12,0,0,0,0,0,0,1,1,off-hours
P00073398,C0115,Green-Richardson,US West Distribution,GB,2334.21,3087.24,USD,2026-01-15 17:35:00.000000,2026-01-15,0,0,0,0,0,1,0,1,burst
P00073395,C0115,Green-Richardson,US West Distribution,GB,2960.98,3916.21,USD,2026-01-15 17:24:00.000000,2026-01-15,0,0,0,0,0,1,0,1,burst
P00037207,C0115,Green-Richardson,Netherlands BV,GB,3205.31,5587.31,GBP,2025-05-06 02:57:00.000000,2025-05-06,0,0,0,0,0,0,1,1,off-hours
P00073402,C0115,Green-Richardson,US West Distribution,GB,3693.03,4884.42,USD,2026-01-15 18:10:00.000000,2026-01-15,0,0,0,0,0,1,0,1,burst
P00073401,C0115,Green-Richardson,US West Distribution,GB,4361.03,5767.92,USD,2026-01-15 18:07:00.000000,2026-01-15,0,0,0,0,0,1,0,1,burst
P00073394,C0115,Green-Richardson,US West Distribution,GB,4907.65,6490.88,USD,2026-01-15 17:21:00.000000,2026-01-15,0,0,0,0,0,1,0,1,burst
P00043748,C0115,Green-Richardson,UK Ltd,GB,5397.29,9217.86,GBP,2025-06-23 14:44:00.000000,2025-06-23,0,0,0,0,1,0,0,1,duplicate
P00043753,C0115,Green-Richardson,UK Ltd,GB,5397.29,9217.86,GBP,2025-06-23 15:01:00.000000,2025-06-23,0,0,0,0,1,0,0,1,duplicate
P00059862,C0115,Green-Richardson,UK Ltd,GB,9542.73,16407.42,GBP,2025-10-14 09:36:00.000000,2025-10-14,0,0,0,0,1,0,0,1,duplicate
P00059865,C0115,Green-Richardson,UK Ltd,GB,9542.73,16407.42,GBP,2025-10-14 10:00:00.000000,2025-10-14,0,0,0,0,1,0,0,1,duplicate
P00073183,C0115,Green-Richardson,SG Operations,GB,9748.62,16809.49,GBP,2026-01-15 02:59:00.000000,2026-01-15,0,0,0,0,0,1,0,1,burst
P00035422,C0115,Green-Richardson,Netherlands BV,GB,10000.0,14425.67,EUR,2025-04-22 14:53:00.000000,2025-04-22,0,1,0,0,0,0,0,1,round amount
P00080049,C0115,Green-Richardson,Netherlands BV,GB,10116.05,18447.48,GBP,2026-03-05 09:26:00.000000,2026-03-05,0,0,1,0,0,0,0,1,structuring
P00092319,C0115,Green-Richardson,US Inc,GB,10338.76,18378.32,GBP,2026-05-28 14:42:00.000000,2026-05-28,0,0,1,0,0,0,0,1,structuring
P00026881,C0115,Green-Richardson,Netherlands BV,GB,10578.44,18279.72,GBP,2025-02-18 09:04:00.000000,2025-02-18,0,0,1,0,0,0,0,1,structuring
P00032142,C0115,Green-Richardson,UK Ltd,GB,10648.2,18594.3,GBP,2025-03-29 13:32:00.000000,2025-03-29,0,0,1,0,0,0,0,1,structuring
P00073188,C0115,Green-Richardson,India Services,GB,10852.0,18712.04,GBP,2026-01-15 04:12:00.000000,2026-01-15,0,0,1,0,0,1,0,2,"structuring, burst"
P00073396,C0115,Green-Richardson,US West Distribution,GB,10902.33,14419.48,USD,2026-01-15 17:24:00.000000,2026-01-15,0,0,0,0,0,1,0,1,burst
P00059299,C0115,Green-Richardson,UK Ltd,GB,10999.63,18949.58,GBP,2025-10-09 09:54:00.000000,2025-10-09,0,0,1,0,0,0,0,1,structuring
P00071753,C0115,Green-Richardson,India Services,GB,11089.1,18709.5,GBP,2026-01-06 05:08:00.000000,2026-01-06,0,0,1,0,0,0,0,1,structuring
P00085089,C0115,Green-Richardson,UK Ltd,GB,11301.16,19828.69,GBP,2026-04-09 08:05:00.000000,2026-04-09,0,0,1,0,0,0,0,1,structuring
P00032237,C0115,Green-Richardson,UK Ltd,GB,11340.02,19802.39,GBP,2025-03-31 08:10:00.000000,2025-03-31,0,0,1,0,0,0,0,1,structuring
P00016715,C0115,Green-Richardson,UK Ltd,GB,11352.04,19282.46,GBP,2024-12-03 10:14:00.000000,2024-12-03,0,0,1,0,0,0,0,1,structuring
P00044308,C0115,Green-Richardson,UK Ltd,GB,11602.72,19531.62,GBP,2025-06-26 09:36:00.000000,2025-06-26,0,0,1,0,0,0,0,1,structuring
P00101836,C0115,Green-Richardson,US West Distribution,GB,11724.42,19794.36,GBP,2026-07-30 14:29:00.000000,2026-07-30,0,0,1,0,0,0,0,1,structuring
P00073393,C0115,Green-Richardson,US West Distribution,GB,12751.22,16864.83,USD,2026-01-15 17:17:00.000000,2026-01-15,0,0,0,0,0,1,0,1,burst
P00081138,C0115,Green-Richardson,Netherlands BV,GB,12917.78,23513.28,GBP,2026-03-12 10:22:00.000000,2026-03-12,0,0,0,0,1,0,0,1,duplicate
P00081141,C0115,Green-Richardson,Netherlands BV,GB,12917.78,23559.58,GBP,2026-03-12 10:31:00.000000,2026-03-12,0,0,0,0,1,0,0,1,duplicate
P00085780,C0115,Green-Richardson,UK Ltd,GB,14660.14,25953.02,GBP,2026-04-14 09:03:00.000000,2026-04-14,0,0,0,0,1,0,0,1,duplicate
P00085782,C0115,Green-Richardson,UK Ltd,GB,14660.14,25953.02,GBP,2026-04-14 09:12:00.000000,2026-04-14,0,0,0,0,1,0,0,1,duplicate
P00073397,C0115,Green-Richardson,US West Distribution,GB,18266.51,24159.38,USD,2026-01-15 17:24:00.000000,2026-01-15,0,0,0,0,0,1,0,1,burst
P00111329,C0115,Green-Richardson,UK Ltd,GB,33772.35,59171.12,GBP,2026-09-30 01:07:00.000000,2026-09-30,0,0,0,0,0,0,1,1,off-hours
P00027879,C0115,Green-Richardson,US Inc,GB,50000.0,69604.3,USD,2025-02-25 15:24:00.000000,2025-02-25,0,1,0,0,0,0,0,1,round amount
P00023753,C0115,Green-Richardson,Shanghai Mfg,GB,99562.38,18329.73,CNY,2025-01-24 09:42:00.000000,2025-01-24,0,0,1,0,0,0,0,1,structuring
P00023878,C0115,Green-Richardson,Shanghai Mfg,GB,101818.47,18763.01,CNY,2025-01-27 05:46:00.000000,2025-01-27,0,0,1,0,0,0,0,1,structuring
P00023531,C0115,Green-Richardson,Shanghai Mfg,GB,107922.24,19854.13,CNY,2025-01-23 03:25:00.000000,2025-01-23,0,0,1,0,0,0,0,1,structuring
P00091266,C0116,"Hernandez, James and Fry",Germany GmbH,XB,1496.72,2217.6,EUR,2026-05-21 14:12:00.000000,2026-05-21,1,0,0,0,0,0,0,1,high-risk country
P00036628,C0116,"Hernandez, James and Fry",UK Ltd,XB,3039.42,5272.55,GBP,2025-04-29 14:36:00.000000,2025-04-29,1,0,0,0,0,0,0,1,high-risk country
P00059384,C0116,"Hernandez, James and Fry",UK Ltd,XB,3351.09,5761.29,GBP,2025-10-09 16:27:00.000000,2025-10-09,1,0,0,0,0,0,0,1,high-risk country
P00030979,C0116,"Hernandez, James and Fry",UK Ltd,XB,3485.79,5971.94,GBP,2025-03-20 11:12:00.000000,2025-03-20,1,0,0,0,0,0,0,1,high-risk country
P00058021,C0116,"Hernandez, James and Fry",Germany GmbH,XB,3946.72,5727.39,EUR,2025-09-30 08:53:00.000000,2025-09-30,1,0,0,0,0,0,0,1,high-risk country
P00090139,C0116,"Hernandez, James and Fry",UK Ltd,XB,4018.27,7219.27,GBP,2026-05-14 07:41:00.000000,2026-05-14,1,0,0,0,0,0,0,1,high-risk country
P00050343,C0116,"Hernandez, James and Fry",Netherlands BV,XB,5246.73,7587.02,EUR,2025-08-07 12:33:00.000000,2025-08-07,1,0,0,0,0,0,0,1,high-risk country
P00042011,C0116,"Hernandez, James and Fry",US Inc,XB,5722.7,7580.45,USD,2025-06-10 16:08:00.000000,2025-06-10,1,0,0,0,0,0,0,1,high-risk country
P00097205,C0116,"Hernandez, James and Fry",UK Ltd,XB,5884.02,10084.12,GBP,2026-06-30 15:49:00.000000,2026-06-30,1,0,0,0,0,0,0,1,high-risk country
P00048358,C0116,"Hernandez, James and Fry",UK Ltd,XB,5918.2,9863.82,GBP,2025-07-24 11:11:00.000000,2025-07-24,1,0,0,0,0,0,0,1,high-risk country
P00068911,C0116,"Hernandez, James and Fry",Netherlands BV,XB,6085.31,8636.53,EUR,2025-12-16 13:29:00.000000,2025-12-16,1,0,0,0,0,0,0,1,high-risk country
P00035685,C0116,"Hernandez, James and Fry",Netherlands BV,XB,6290.32,9065.29,EUR,2025-04-24 06:40:00.000000,2025-04-24,1,0,0,0,0,0,0,1,high-risk country
P00057254,C0116,"Hernandez, James and Fry",Netherlands BV,XB,6593.61,9528.06,EUR,2025-09-25 09:30:00.000000,2025-09-25,1,0,0,0,0,0,0,1,high-risk country
P00034774,C0116,"Hernandez, James and Fry",Netherlands BV,XB,6986.12,10035.89,EUR,2025-04-17 06:07:00.000000,2025-04-17,1,0,0,0,0,0,0,1,high-risk country
P00102858,C0116,"Hernandez, James and Fry",Germany Sales Office,XB,7147.62,10308.3,EUR,2026-08-06 08:31:00.000000,2026-08-06,1,0,0,0,0,0,0,1,high-risk country
P00049244,C0116,"Hernandez, James and Fry",SG Operations,XB,7556.89,7556.89,SGD,2025-07-31 03:27:00.000000,2025-07-31,1,0,0,0,0,0,0,1,high-risk country
P00090185,C0116,"Hernandez, James and Fry",Germany GmbH,XB,7886.76,11657.6,EUR,2026-05-14 12:58:00.000000,2026-05-14,1,0,0,0,0,0,0,1,high-risk country
P00077275,C0116,"Hernandez, James and Fry",Netherlands BV,XB,8193.24,11810.11,EUR,2026-02-12 12:36:00.000000,2026-02-12,1,0,0,0,0,0,0,1,high-risk country
P00093356,C0116,"Hernandez, James and Fry",US West Distribution,XB,8226.19,11039.64,USD,2026-06-04 18:47:00.000000,2026-06-04,1,0,0,0,0,0,0,1,high-risk country
P00098609,C0116,"Hernandez, James and Fry",Netherlands BV,XB,10370.18,15150.02,EUR,2026-07-09 14:44:00.000000,2026-07-09,1,0,0,0,0,0,0,1,high-risk country
P00038578,C0116,"Hernandez, James and Fry",UK Ltd,XB,11367.24,19780.57,GBP,2025-05-15 08:54:00.000000,2025-05-15,1,0,1,0,0,0,0,2,"high-risk country, structuring"
P00021351,C0116,"Hernandez, James and Fry",Netherlands BV,XB,11768.64,16456.18,EUR,2025-01-07 11:15:00.000000,2025-01-07,1,0,0,0,0,0,0,1,high-risk country
P00021207,C0116,"Hernandez, James and Fry",Shanghai Mfg,XB,12602.6,2306.81,CNY,2025-01-07 01:09:00.000000,2025-01-07,1,0,0,0,0,0,0,1,high-risk country
P00090202,C0116,"Hernandez, James and Fry",UK Ltd,XB,12686.19,22792.15,GBP,2026-05-14 14:11:00.000000,2026-05-14,1,0,0,0,0,0,0,1,high-risk country
P00087898,C0116,"Hernandez, James and Fry",US West Distribution,XB,12759.33,16963.17,USD,2026-04-28 20:27:00.000000,2026-04-28,1,0,0,0,0,0,0,1,high-risk country
P00097221,C0116,"Hernandez, James and Fry",US Inc,XB,15364.98,20454.88,USD,2026-06-30 18:10:00.000000,2026-06-30,1,0,0,0,0,0,0,1,high-risk country
P00087886,C0116,"Hernandez, James and Fry",US West Distribution,XB,16560.26,22016.37,USD,2026-04-28 18:19:00.000000,2026-04-28,1,0,0,0,0,0,0,1,high-risk country
P00033011,C0116,"Hernandez, James and Fry",US Inc,XB,17051.87,22759.45,USD,2025-04-03 20:18:00.000000,2025-04-03,1,0,0,0,0,0,0,1,high-risk country
P00063219,C0116,"Hernandez, James and Fry",Shanghai Mfg,XB,17246.9,3215.2,CNY,2025-11-06 07:48:00.000000,2025-11-06,1,0,0,0,0,0,0,1,high-risk country
P00095005,C0116,"Hernandez, James and Fry",Germany GmbH,XB,17570.44,26035.0,EUR,2026-06-16 15:40:00.000000,2026-06-16,1,0,0,0,0,0,0,1,high-risk country
P00092917,C0116,"Hernandez, James and Fry",UK Ltd,XB,19837.37,34925.06,GBP,2026-06-02 14:43:00.000000,2026-06-02,1,0,0,0,0,0,0,1,high-risk country
P00061359,C0116,"Hernandez, James and Fry",US Inc,XB,23075.19,31426.12,USD,2025-10-23 14:42:00.000000,2025-10-23,1,0,0,0,0,0,0,1,high-risk country
P00058029,C0116,"Hernandez, James and Fry",Netherlands BV,XB,23681.9,34621.78,EUR,2025-09-30 09:21:00.000000,2025-09-30,1,0,0,0,0,0,0,1,high-risk country
P00015251,C0116,"Hernandez, James and Fry",SG Operations,XB,27067.26,27067.26,SGD,2024-11-21 09:06:00.000000,2024-11-21,1,0,0,0,0,0,0,1,high-risk country
P00075721,C0116,"Hernandez, James and Fry",Shanghai Mfg,XB,33886.34,6315.3,CNY,2026-02-03 08:07:00.000000,2026-02-03,1,0,0,0,0,0,0,1,high-risk country
P00052855,C0116,"Hernandez, James and Fry",SG Operations,XB,35629.06,35629.06,SGD,2025-08-26 07:28:00.000000,2025-08-26,1,0,0,0,0,0,0,1,high-risk country
P00106126,C0116,"Hernandez, James and Fry",Shanghai Mfg,XB,54889.21,10368.3,CNY,2026-08-27 09:47:00.000000,2026-08-27,1,0,0,0,0,0,0,1,high-risk country
P00061860,C0116,"Hernandez, James and Fry",Shenzhen Sourcing,XB,67413.93,12587.87,CNY,2025-10-28 04:25:00.000000,2025-10-28,1,0,0,0,0,0,0,1,high-risk country
P00069750,C0116,"Hernandez, James and Fry",Shenzhen Sourcing,XB,70508.0,13180.06,CNY,2025-12-23 00:52:00.000000,2025-12-23,1,0,0,0,0,0,0,1,high-risk country
P00098027,C0116,"Hernandez, James and Fry",Shenzhen Sourcing,XB,70939.34,13170.81,CNY,2026-07-07 02:29:00.000000,2026-07-07,1,0,0,0,0,0,0,1,high-risk country
P00023523,C0116,"Hernandez, James and Fry",Shenzhen Sourcing,XB,81772.13,15043.37,CNY,2025-01-23 02:54:00.000000,2025-01-23,1,0,0,0,0,0,0,1,high-risk country
P00076100,C0116,"Hernandez, James and Fry",Shenzhen Sourcing,XB,91546.7,17022.93,CNY,2026-02-05 08:15:00.000000,2026-02-05,1,0,0,0,0,0,0,1,high-risk country
P00072790,C0116,"Hernandez, James and Fry",Shanghai Mfg,XB,129798.29,24265.14,CNY,2026-01-13 06:33:00.000000,2026-01-13,1,0,0,0,0,0,0,1,high-risk country
P00085011,C0116,"Hernandez, James and Fry",Shenzhen Sourcing,XB,412540.78,76220.21,CNY,2026-04-09 03:09:00.000000,2026-04-09,1,0,0,0,0,0,0,1,high-risk country
P00099622,C0116,"Hernandez, James and Fry",Shenzhen Sourcing,XB,462780.5,85811.54,CNY,2026-07-16 09:50:00.000000,2026-07-16,1,0,0,0,0,0,0,1,high-risk country
P00069873,C0116,"Hernandez, James and Fry",India Services,XB,644775.28,10311.89,INR,2025-12-23 07:45:00.000000,2025-12-23,1,0,0,0,0,0,0,1,high-risk country
P00026333,C0116,"Hernandez, James and Fry",India Services,XB,651024.0,10629.92,INR,2025-02-13 10:25:00.000000,2025-02-13,1,0,0,0,0,0,0,1,high-risk country
P00022641,C0116,"Hernandez, James and Fry",India Services,XB,910104.99,14737.33,INR,2025-01-16 08:08:00.000000,2025-01-16,1,0,0,0,0,0,0,1,high-risk country
P00108190,C0116,"Hernandez, James and Fry",India Services,XB,2610372.75,42267.16,INR,2026-09-10 06:12:00.000000,2026-09-10,1,0,0,0,0,0,0,1,high-risk country
P00095407,C0119,Savage-Bryant,India Services,SG,10000.0,162.32,INR,2026-06-18 11:55:00.000000,2026-06-18,0,1,0,0,0,0,0,1,round amount
P00057280,C0119,Savage-Bryant,Germany Sales Office,SG,20000.0,28870.26,EUR,2025-09-25 12:32:00.000000,2025-09-25,0,1,0,0,0,0,0,1,round amount
P00068304,C0119,Savage-Bryant,Germany GmbH,SG,20000.0,28485.7,EUR,2025-12-11 16:22:00.000000,2025-12-11,0,1,0,0,0,0,0,1,round amount
P00009716,C0119,Savage-Bryant,Netherlands BV,SG,25000.0,37431.67,EUR,2024-10-10 06:15:00.000000,2024-10-10,0,1,0,0,0,0,0,1,round amount
P00102574,C0120,"Gordon, Jones and Allen",UK Ltd,GB,19.78,33.13,GBP,2026-08-05 04:38:00.000000,2026-08-05,0,0,0,0,0,0,1,1,off-hours
P00093526,C0120,"Gordon, Jones and Allen",Germany GmbH,GB,21.16,31.55,EUR,2026-06-08 04:55:00.000000,2026-06-08,0,0,0,0,0,0,1,1,off-hours
P00084691,C0120,"Gordon, Jones and Allen",US Inc,GB,30.91,40.6,USD,2026-04-07 10:36:00.000000,2026-04-07,0,0,0,0,0,0,1,1,off-hours
P00066352,C0120,"Gordon, Jones and Allen",UK Ltd,GB,47.4,82.05,GBP,2025-11-27 17:48:00.000000,2025-11-27,0,0,0,0,0,1,0,1,burst
P00066327,C0120,"Gordon, Jones and Allen",Germany GmbH,GB,51.05,71.66,EUR,2025-11-27 11:17:00.000000,2025-11-27,0,0,0,0,0,1,0,1,burst
P00100165,C0120,"Gordon, Jones and Allen",Germany GmbH,GB,59.3,86.59,EUR,2026-07-21 04:53:00.000000,2026-07-21,0,0,0,0,0,0,1,1,off-hours
P00103010,C0120,"Gordon, Jones and Allen",UK Ltd,GB,74.07,125.2,GBP,2026-08-07 04:49:00.000000,2026-08-07,0,0,0,0,0,0,1,1,off-hours
P00024207,C0120,"Gordon, Jones and Allen",US Inc,GB,77.56,106.41,USD,2025-01-29 03:05:00.000000,2025-01-29,0,0,0,0,0,0,1,1,off-hours
P00053559,C0120,"Gordon, Jones and Allen",Netherlands BV,GB,81.29,119.91,EUR,2025-09-01 04:06:00.000000,2025-09-01,0,0,0,0,0,0,1,1,off-hours
P00066331,C0120,"Gordon, Jones and Allen",Germany GmbH,GB,141.31,198.36,EUR,2025-11-27 11:36:00.000000,2025-11-27,0,0,0,0,0,1,0,1,burst
P00018127,C0120,"Gordon, Jones and Allen",Germany GmbH,GB,155.15,217.91,EUR,2024-12-13 02:43:00.000000,2024-12-13,0,0,0,0,0,0,1,1,off-hours
P00093539,C0120,"Gordon, Jones and Allen",UK Ltd,GB,187.43,328.74,GBP,2026-06-08 05:41:00.000000,2026-06-08,0,0,0,0,0,0,1,1,off-hours
P00009886,C0120,"Gordon, Jones and Allen",Netherlands BV,GB,258.22,390.8,EUR,2024-10-11 02:52:00.000000,2024-10-11,0,0,0,0,0,0,1,1,off-hours
P00087378,C0120,"Gordon, Jones and Allen",Shanghai Mfg,GB,957.15,178.77,CNY,2026-04-26 21:59:00.000000,2026-04-26,0,0,0,0,0,0,1,1,off-hours
P00108424,C0120,"Gordon, Jones and Allen",UK Ltd,GB,1054.07,1830.24,GBP,2026-09-11 05:33:00.000000,2026-09-11,0,0,0,0,0,0,1,1,off-hours
P00051406,C0120,"Gordon, Jones and Allen",UK Ltd,GB,1140.08,1951.44,GBP,2025-08-15 05:38:00.000000,2025-08-15,0,0,0,0,0,0,1,1,off-hours
P00096352,C0120,"Gordon, Jones and Allen",UK Ltd,GB,1621.58,2764.74,GBP,2026-06-25 08:09:00.000000,2026-06-25,0,0,0,0,1,0,0,1,duplicate
P00096356,C0120,"Gordon, Jones and Allen",UK Ltd,GB,1621.58,2764.74,GBP,2026-06-25 08:16:00.000000,2026-06-25,0,0,0,0,1,0,0,1,duplicate
P00066239,C0120,"Gordon, Jones and Allen",Germany GmbH,GB,1643.48,2872.23,GBP,2025-11-27 08:42:00.000000,2025-11-27,0,0,0,0,0,1,0,1,burst
P00101870,C0120,"Gordon, Jones and Allen",Shanghai Mfg,GB,2501.15,468.86,CNY,2026-07-30 21:11:00.000000,2026-07-30,0,0,0,0,0,0,1,1,off-hours
P00102903,C0120,"Gordon, Jones and Allen",UK Ltd,GB,2956.86,4976.35,GBP,2026-08-06 11:53:00.000000,2026-08-06,0,0,0,0,1,0,0,1,duplicate
P00102904,C0120,"Gordon, Jones and Allen",UK Ltd,GB,2956.86,4976.35,GBP,2026-08-06 12:15:00.000000,2026-08-06,0,0,0,0,1,0,0,1,duplicate
P00092265,C0120,"Gordon, Jones and Allen",UK Ltd,GB,3959.87,7030.99,GBP,2026-05-28 12:23:00.000000,2026-05-28,0,0,0,0,1,0,0,1,duplicate
P00092269,C0120,"Gordon, Jones and Allen",UK Ltd,GB,3959.87,7030.99,GBP,2026-05-28 12:51:00.000000,2026-05-28,0,0,0,0,1,0,0,1,duplicate
P00033889,C0120,"Gordon, Jones and Allen",UK Ltd,GB,5237.2,9152.73,GBP,2025-04-10 10:58:00.000000,2025-04-10,0,0,0,0,1,0,0,1,duplicate
P00033890,C0120,"Gordon, Jones and Allen",UK Ltd,GB,5237.2,9152.73,GBP,2025-04-10 11:14:00.000000,2025-04-10,0,0,0,0,1,0,0,1,duplicate
P00066283,C0120,"Gordon, Jones and Allen",UK Ltd,GB,5391.29,9332.74,GBP,2025-11-27 09:30:00.000000,2025-11-27,0,0,0,0,0,1,0,1,burst
P00066321,C0120,"Gordon, Jones and Allen",UK Ltd,GB,6256.18,10829.94,GBP,2025-11-27 10:32:00.000000,2025-11-27,0,0,0,0,0,1,0,1,burst
P00066314,C0120,"Gordon, Jones and Allen",UK Ltd,GB,6992.26,12104.15,GBP,2025-11-27 10:10:00.000000,2025-11-27,0,0,0,0,0,1,0,1,burst
P00084269,C0120,"Gordon, Jones and Allen",UK Ltd,GB,7304.99,13025.29,GBP,2026-04-02 13:31:00.000000,2026-04-02,0,0,0,0,1,0,0,1,duplicate
P00084274,C0120,"Gordon, Jones and Allen",UK Ltd,GB,7304.99,13025.29,GBP,2026-04-02 13:48:00.000000,2026-04-02,0,0,0,0,1,0,0,1,duplicate
P00097558,C0120,"Gordon, Jones and Allen",UK Ltd,GB,7978.98,13589.59,GBP,2026-07-02 11:25:00.000000,2026-07-02,0,0,0,0,1,0,0,1,duplicate
P00097560,C0120,"Gordon, Jones and Allen",UK Ltd,GB,7978.98,13658.91,GBP,2026-07-02 11:28:00.000000,2026-07-02,0,0,0,0,1,0,0,1,duplicate
P00066271,C0120,"Gordon, Jones and Allen",Germany GmbH,GB,8069.19,14102.11,GBP,2025-11-27 09:24:00.000000,2025-11-27,0,0,0,0,0,1,0,1,burst
P00074751,C0120,"Gordon, Jones and Allen",Shanghai Mfg,GB,8348.48,14516.55,GBP,2026-01-27 06:57:00.000000,2026-01-27,0,0,0,0,1,0,0,1,duplicate
P00074753,C0120,"Gordon, Jones and Allen",Shanghai Mfg,GB,8348.48,14645.16,GBP,2026-01-27 07:17:00.000000,2026-01-27,0,0,0,0,1,0,0,1,duplicate
P00066291,C0120,"Gordon, Jones and Allen",UK Ltd,GB,8775.11,15190.4,GBP,2025-11-27 09:36:00.000000,2025-11-27,0,0,0,0,0,1,0,1,burst
P00033690,C0120,"Gordon, Jones and Allen",Shanghai Mfg,GB,10000.0,1856.45,CNY,2025-04-10 00:02:00.000000,2025-04-10,0,1,0,0,0,0,0,1,round amount
P00089780,C0120,"Gordon, Jones and Allen",Germany GmbH,GB,10096.63,18069.62,GBP,2026-05-12 07:55:00.000000,2026-05-12,0,0,1,0,0,0,0,1,structuring
P00076819,C0120,"Gordon, Jones and Allen",US Inc,GB,10148.53,18026.52,GBP,2026-02-10 14:56:00.000000,2026-02-10,0,0,1,0,0,0,0,1,structuring
P00028105,C0120,"Gordon, Jones and Allen",Shanghai Mfg,GB,10157.05,17443.73,GBP,2025-02-27 06:56:00.000000,2025-02-27,0,0,0,0,1,0,0,1,duplicate
P00028109,C0120,"Gordon, Jones and Allen",Shanghai Mfg,GB,10157.05,17443.73,GBP,2025-02-27 07:21:00.000000,2025-02-27,0,0,0,0,1,0,0,1,duplicate
P00078958,C0120,"Gordon, Jones and Allen",Germany GmbH,GB,10308.23,18530.64,GBP,2026-02-26 08:12:00.000000,2026-02-26,0,0,1,0,0,0,0,1,structuring
P00086898,C0120,"Gordon, Jones and Allen",SG Operations,GB,10352.39,18392.83,GBP,2026-04-22 05:57:00.000000,2026-04-22,0,0,1,0,0,0,0,1,structuring
P00092041,C0120,"Gordon, Jones and Allen",Shanghai Mfg,GB,10369.32,18432.65,GBP,2026-05-28 01:44:00.000000,2026-05-28,0,0,1,0,0,0,0,1,structuring
P00109402,C0120,"Gordon, Jones and Allen",Germany GmbH,GB,10420.22,18182.19,GBP,2026-09-17 08:52:00.000000,2026-09-17,0,0,1,0,0,0,0,1,structuring
P00061973,C0120,"Gordon, Jones and Allen",UK Ltd,GB,10480.74,18448.51,GBP,2025-10-28 09:57:00.000000,2025-10-28,0,0,1,0,0,0,0,1,structuring
P00110476,C0120,"Gordon, Jones and Allen",Germany GmbH,GB,10482.65,18423.68,GBP,2026-09-24 08:38:00.000000,2026-09-24,0,0,1,0,0,0,0,1,structuring
P00028087,C0120,"Gordon, Jones and Allen",India Services,GB,10531.73,18073.1,GBP,2025-02-27 03:59:00.000000,2025-02-27,0,0,1,0,0,0,0,1,structuring
P00052296,C0120,"Gordon, Jones and Allen",UK Ltd,GB,10570.91,18014.73,GBP,2025-08-21 09:13:00.000000,2025-08-21,0,0,1,0,0,0,0,1,structuring
P00084665,C0120,"Gordon, Jones and Allen",UK Ltd,GB,10632.69,18767.51,GBP,2026-04-07 09:16:00.000000,2026-04-07,0,0,1,0,0,0,0,1,structuring
P00054917,C0120,"Gordon, Jones and Allen",UK Ltd,GB,10669.81,18136.02,GBP,2025-09-09 09:00:00.000000,2025-09-09,0,0,1,0,0,0,0,1,structuring
P00029079,C0120,"Gordon, Jones and Allen",UK Ltd,GB,10677.36,18221.61,GBP,2025-03-06 10:51:00.000000,2025-03-06,0,0,1,0,0,0,0,1,structuring
P00103809,C0120,"Gordon, Jones and Allen",Germany Sales Office,GB,10687.13,18010.98,GBP,2026-08-13 06:09:00.000000,2026-08-13,0,0,1,0,0,0,0,1,structuring
P00013430,C0120,"Gordon, Jones and Allen",UK Ltd,GB,10699.27,18118.68,GBP,2024-11-07 09:29:00.000000,2024-11-07,0,0,1,0,0,0,0,1,structuring
P00056649,C0120,"Gordon, Jones and Allen",UK Ltd,GB,10738.52,18132.9,GBP,2025-09-22 09:31:00.000000,2025-09-22,0,0,1,0,0,0,0,1,structuring
P00008587,C0120,"Gordon, Jones and Allen",SG Operations,GB,10739.7,18108.73,GBP,2024-10-01 01:09:00.000000,2024-10-01,0,0,1,0,0,0,0,1,structuring
P00071590,C0120,"Gordon, Jones and Allen",Netherlands BV,GB,10753.88,18166.13,GBP,2026-01-05 11:20:00.000000,2026-01-05,0,0,1,0,0,0,0,1,structuring
P00102438,C0120,"Gordon, Jones and Allen",Germany GmbH,GB,10816.12,18436.62,GBP,2026-08-04 08:06:00.000000,2026-08-04,0,0,1,0,0,0,0,1,structuring
P00051269,C0120,"Gordon, Jones and Allen",Netherlands BV,GB,10848.11,18341.34,GBP,2025-08-14 08:38:00.000000,2025-08-14,0,0,1,0,0,0,0,1,structuring
P00091208,C0120,"Gordon, Jones and Allen",UK Ltd,GB,10900.3,19462.26,GBP,2026-05-21 09:03:00.000000,2026-05-21,0,0,1,0,0,0,0,1,structuring
P00028165,C0120,"Gordon, Jones and Allen",UK Ltd,GB,10984.0,18882.7,GBP,2025-02-27 09:40:00.000000,2025-02-27,0,0,1,0,0,0,0,1,structuring
P00013127,C0120,"Gordon, Jones and Allen",Germany GmbH,GB,11106.84,19121.28,GBP,2024-11-05 16:06:00.000000,2024-11-05,0,0,1,0,0,0,0,1,structuring
P00069235,C0120,"Gordon, Jones and Allen",Germany GmbH,GB,11129.12,19279.68,GBP,2025-12-18 08:19:00.000000,2025-12-18,0,0,1,0,0,0,0,1,structuring
P00044139,C0120,"Gordon, Jones and Allen",SG Operations,GB,11143.72,19032.0,GBP,2025-06-26 01:53:00.000000,2025-06-26,0,0,1,0,0,0,0,1,structuring
P00063482,C0120,"Gordon, Jones and Allen",Germany GmbH,GB,11192.04,19484.12,GBP,2025-11-07 16:50:00.000000,2025-11-07,0,0,1,0,0,0,0,1,structuring
P00107832,C0120,"Gordon, Jones and Allen",UK Ltd,GB,11201.88,19286.02,GBP,2026-09-08 09:37:00.000000,2026-09-08,0,0,1,0,0,0,0,1,structuring
P00015275,C0120,"Gordon, Jones and Allen",UK Ltd,GB,11218.41,18989.01,GBP,2024-11-21 09:44:00.000000,2024-11-21,0,0,1,0,0,0,0,1,structuring
P00018878,C0120,"Gordon, Jones and Allen",UK Ltd,GB,11283.69,19046.93,GBP,2024-12-19 09:00:00.000000,2024-12-19,0,0,1,0,0,0,0,1,structuring
P00026290,C0120,"Gordon, Jones and Allen",UK Ltd,GB,11320.94,19688.61,GBP,2025-02-13 09:26:00.000000,2025-02-13,0,0,1,0,0,0,0,1,structuring
P00094923,C0120,"Gordon, Jones and Allen",Germany GmbH,GB,11413.52,19834.99,GBP,2026-06-16 08:50:00.000000,2026-06-16,0,0,1,0,0,0,0,1,structuring
P00106798,C0120,"Gordon, Jones and Allen",Germany GmbH,GB,11437.02,19316.36,GBP,2026-09-01 08:15:00.000000,2026-09-01,0,0,1,0,0,0,0,1,structuring
P00044255,C0120,"Gordon, Jones and Allen",Netherlands BV,GB,11498.03,19637.12,GBP,2025-06-26 07:46:00.000000,2025-06-26,0,0,1,0,0,0,0,1,structuring
P00043933,C0120,"Gordon, Jones and Allen",UK Ltd,GB,11615.9,19838.42,GBP,2025-06-24 09:59:00.000000,2025-06-24,0,0,1,0,0,0,0,1,structuring
P00050316,C0120,"Gordon, Jones and Allen",UK Ltd,GB,11623.31,19744.42,GBP,2025-08-07 09:14:00.000000,2025-08-07,0,0,1,0,0,0,0,1,structuring
P00070277,C0120,"Gordon, Jones and Allen",Shenzhen Sourcing,GB,11625.94,19782.96,GBP,2025-12-25 02:39:00.000000,2025-12-25,0,0,1,0,0,0,0,1,structuring
P00055628,C0120,"Gordon, Jones and Allen",Germany GmbH,GB,11651.71,19828.08,GBP,2025-09-15 07:48:00.000000,2025-09-15,0,0,1,0,0,0,0,1,structuring
P00023534,C0120,"Gordon, Jones and Allen",UK Ltd,GB,11813.95,20578.45,GBP,2025-01-23 03:55:00.000000,2025-01-23,0,0,0,0,0,0,1,1,off-hours
P00066294,C0120,"Gordon, Jones and Allen",Germany GmbH,GB,11849.06,20708.0,GBP,2025-11-27 09:41:00.000000,2025-11-27,0,0,0,0,0,1,0,1,burst
P00045255,C0120,"Gordon, Jones and Allen",Netherlands BV,GB,11888.41,19810.97,GBP,2025-07-03 07:40:00.000000,2025-07-03,0,0,1,0,1,0,0,2,"structuring, duplicate"
P00045272,C0120,"Gordon, Jones and Allen",Netherlands BV,GB,11888.41,19810.97,GBP,2025-07-03 08:04:00.000000,2025-07-03,0,0,1,0,1,0,0,2,"structuring, duplicate"
P00021782,C0120,"Gordon, Jones and Allen",Germany GmbH,GB,17270.24,29901.3,GBP,2025-01-09 14:57:00.000000,2025-01-09,0,0,0,0,1,0,0,1,duplicate
P00021795,C0120,"Gordon, Jones and Allen",Germany GmbH,GB,17270.24,30071.53,GBP,2025-01-09 15:26:00.000000,2025-01-09,0,0,0,0,1,0,0,1,duplicate
P00023747,C0120,"Gordon, Jones and Allen",SG Operations,GB,18217.46,18217.46,SGD,2025-01-24 09:09:00.000000,2025-01-24,0,0,1,0,0,0,0,1,structuring
P00066315,C0120,"Gordon, Jones and Allen",UK Ltd,GB,18824.28,32586.3,GBP,2025-11-27 10:10:00.000000,2025-11-27,0,0,0,0,0,1,0,1,burst
P00023521,C0120,"Gordon, Jones and Allen",SG Operations,GB,19174.49,19174.49,SGD,2025-01-23 02:54:00.000000,2025-01-23,0,0,1,0,0,0,0,1,structuring
P00109114,C0120,"Gordon, Jones and Allen",Germany GmbH,GB,19207.26,33483.08,GBP,2026-09-16 10:17:00.000000,2026-09-16,0,0,0,0,1,0,0,1,duplicate
P00109118,C0120,"Gordon, Jones and Allen",Germany GmbH,GB,19207.26,33483.08,GBP,2026-09-16 10:26:00.000000,2026-09-16,0,0,0,0,1,0,0,1,duplicate
P00023945,C0120,"Gordon, Jones and Allen",SG Operations,GB,19339.6,19339.6,SGD,2025-01-27 09:34:00.000000,2025-01-27,0,0,1,0,0,0,0,1,structuring
P00066221,C0120,"Gordon, Jones and Allen",Germany GmbH,GB,19853.3,34696.6,GBP,2025-11-27 08:15:00.000000,2025-11-27,0,0,0,0,0,1,0,1,burst
P00052132,C0120,"Gordon, Jones and Allen",Shenzhen Sourcing,GB,25000.0,4686.6,CNY,2025-08-21 01:58:00.000000,2025-08-21,0,1,0,0,0,0,0,1,round amount
P00066298,C0120,"Gordon, Jones and Allen",UK Ltd,GB,31799.16,55046.83,GBP,2025-11-27 09:47:00.000000,2025-11-27,0,0,0,0,0,1,0,1,burst
P00056128,C0120,"Gordon, Jones and Allen",India Services,GB,32890.19,533.18,INR,2025-09-17 17:09:00.000000,2025-09-17,0,0,0,0,0,0,1,1,off-hours
P00066196,C0120,"Gordon, Jones and Allen",India Services,GB,35497.37,571.12,INR,2025-11-27 05:56:00.000000,2025-11-27,0,0,0,0,0,1,0,1,burst
P00066284,C0120,"Gordon, Jones and Allen",Netherlands BV,GB,36855.25,64410.04,GBP,2025-11-27 09:31:00.000000,2025-11-27,0,0,0,0,0,1,0,1,burst
P00034493,C0120,"Gordon, Jones and Allen",UK Ltd,GB,38740.61,67164.48,GBP,2025-04-15 12:39:00.000000,2025-04-15,0,0,0,0,1,0,0,1,duplicate
P00034498,C0120,"Gordon, Jones and Allen",UK Ltd,GB,38740.61,67164.48,GBP,2025-04-15 13:00:00.000000,2025-04-15,0,0,0,0,1,0,0,1,duplicate
P00108236,C0120,"Gordon, Jones and Allen",Germany GmbH,GB,40744.16,70737.61,GBP,2026-09-10 08:00:00.000000,2026-09-10,0,0,0,0,1,0,0,1,duplicate
P00108246,C0120,"Gordon, Jones and Allen",Germany GmbH,GB,40744.16,70148.28,GBP,2026-09-10 08:16:00.000000,2026-09-10,0,0,0,0,1,0,0,1,duplicate
P00016981,C0120,"Gordon, Jones and Allen",Shenzhen Sourcing,GB,50000.0,9265.1,CNY,2024-12-05 06:22:00.000000,2024-12-05,0,1,0,0,0,0,0,1,round amount
P00042326,C0120,"Gordon, Jones and Allen",UK Ltd,GB,55664.76,96555.87,GBP,2025-06-12 10:15:00.000000,2025-06-12,0,0,0,0,1,0,0,1,duplicate
P00042331,C0120,"Gordon, Jones and Allen",UK Ltd,GB,55664.76,96555.87,GBP,2025-06-12 10:34:00.000000,2025-06-12,0,0,0,0,1,0,0,1,duplicate
P00066310,C0120,"Gordon, Jones and Allen",UK Ltd,GB,57640.55,99780.29,GBP,2025-11-27 09:58:00.000000,2025-11-27,0,0,0,0,0,1,0,1,burst
P00107284,C0120,"Gordon, Jones and Allen",UK Ltd,GB,73000.98,123167.55,GBP,2026-09-03 10:52:00.000000,2026-09-03,0,0,0,0,1,0,0,1,duplicate
P00107287,C0120,"Gordon, Jones and Allen",UK Ltd,GB,73000.98,123167.55,GBP,2026-09-03 11:11:00.000000,2026-09-03,0,0,0,0,1,0,0,1,duplicate
P00079670,C0120,"Gordon, Jones and Allen",UK Ltd,GB,242909.09,442965.37,GBP,2026-03-03 10:09:00.000000,2026-03-03,0,0,0,0,1,0,0,1,duplicate
P00079672,C0120,"Gordon, Jones and Allen",UK Ltd,GB,242909.09,442965.37,GBP,2026-03-03 10:16:00.000000,2026-03-03,0,0,0,0,1,0,0,1,duplicate
P00049015,C0121,毕博诚科技有限公司,US Inc,CN,10000.0,13330.82,USD,2025-07-29 15:49:00.000000,2025-07-29,0,1,0,0,0,0,0,1,round amount
P00012515,C0121,毕博诚科技有限公司,Germany GmbH,CN,25000.0,36485.1,EUR,2024-10-31 10:06:00.000000,2024-10-31,0,1,0,0,0,0,0,1,round amount
P00031730,C0121,毕博诚科技有限公司,Shanghai Mfg,CN,25000.0,4656.88,CNY,2025-03-27 00:23:00.000000,2025-03-27,0,1,0,0,0,0,0,1,round amount
P00088306,C0121,毕博诚科技有限公司,India Services,CN,25000.0,400.92,INR,2026-04-30 11:55:00.000000,2026-04-30,0,1,0,0,0,0,0,1,round amount
P00099634,C0121,毕博诚科技有限公司,Germany GmbH,CN,50000.0,73593.1,EUR,2026-07-16 11:30:00.000000,2026-07-16,0,1,0,0,0,0,0,1,round amount
P00017169,C0121,毕博诚科技有限公司,Shanghai Mfg,CN,97947.37,18045.43,CNY,2024-12-06 02:39:00.000000,2024-12-06,0,0,1,0,0,0,0,1,structuring
P00017361,C0121,毕博诚科技有限公司,Shanghai Mfg,CN,100230.89,18379.94,CNY,2024-12-09 07:37:00.000000,2024-12-09,0,0,1,0,0,0,0,1,structuring
P00016912,C0121,毕博诚科技有限公司,Shanghai Mfg,CN,101868.17,18876.38,CNY,2024-12-05 01:46:00.000000,2024-12-05,0,0,1,0,0,0,0,1,structuring
P00095149,C0122,Garcia and Sons,Shenzhen Sourcing,MY,872.9,162.37,CNY,2026-06-17 21:46:00.000000,2026-06-17,0,0,0,0,0,0,1,1,off-hours
P00033684,C0122,Garcia and Sons,Shenzhen Sourcing,MY,6379.77,8572.64,USD,2025-04-09 19:20:00.000000,2025-04-09,0,0,0,0,0,0,1,1,off-hours
P00029687,C0122,Garcia and Sons,UK Ltd,MY,13159.29,18039.69,USD,2025-03-11 10:49:00.000000,2025-03-11,0,0,1,0,0,0,0,1,structuring
P00099646,C0122,Garcia and Sons,US Inc,MY,13462.76,18199.26,USD,2026-07-16 13:06:00.000000,2026-07-16,0,0,1,0,0,0,0,1,structuring
P00061868,C0122,Garcia and Sons,India Services,MY,13642.39,18489.18,USD,2025-10-28 04:51:00.000000,2025-10-28,0,0,1,0,0,0,0,1,structuring
P00091080,C0122,Garcia and Sons,Shenzhen Sourcing,MY,13980.68,18541.19,USD,2026-05-21 02:36:00.000000,2026-05-21,0,0,1,0,0,0,0,1,structuring
P00053231,C0122,Garcia and Sons,Netherlands BV,MY,14199.44,19150.42,USD,2025-08-28 07:42:00.000000,2025-08-28,0,0,1,0,0,0,0,1,structuring
P00020340,C0122,Garcia and Sons,Netherlands BV,MY,14204.77,19313.84,USD,2024-12-31 08:39:00.000000,2024-12-31,0,0,1,0,0,0,0,1,structuring
P00049345,C0122,Garcia and Sons,UK Ltd,MY,14752.63,19709.85,USD,2025-07-31 08:30:00.000000,2025-07-31,0,0,1,0,0,0,0,1,structuring
P00093818,C0122,Garcia and Sons,Shanghai Mfg,MY,20703.92,3874.12,CNY,2026-06-09 04:22:00.000000,2026-06-09,0,0,0,0,0,1,0,1,burst
P00093825,C0122,Garcia and Sons,Shanghai Mfg,MY,22194.55,4153.04,CNY,2026-06-09 04:34:00.000000,2026-06-09,0,0,0,0,0,1,0,1,burst
P00077147,C0122,Garcia and Sons,Shenzhen Sourcing,MY,22664.03,30062.29,USD,2026-02-12 05:16:00.000000,2026-02-12,0,0,0,0,1,0,0,1,duplicate
P00077152,C0122,Garcia and Sons,Shenzhen Sourcing,MY,22664.03,30127.32,USD,2026-02-12 05:24:00.000000,2026-02-12,0,0,0,0,1,0,0,1,duplicate
P00093927,C0122,Garcia and Sons,India Services,MY,24045.75,389.73,INR,2026-06-09 10:23:00.000000,2026-06-09,0,0,0,0,0,1,0,1,burst
P00028910,C0122,Garcia and Sons,Shanghai Mfg,MY,25000.0,4683.32,CNY,2025-03-06 01:48:00.000000,2025-03-06,0,1,0,0,0,0,0,1,round amount
P00043362,C0122,Garcia and Sons,Shenzhen Sourcing,MY,25000.0,4659.15,CNY,2025-06-19 08:45:00.000000,2025-06-19,0,1,0,0,0,0,0,1,round amount
P00094125,C0122,Garcia and Sons,SG Operations,MY,25000.0,25000.0,SGD,2026-06-11 00:41:00.000000,2026-06-11,0,1,0,0,0,0,0,1,round amount
P00105993,C0122,Garcia and Sons,Shenzhen Sourcing,MY,28987.22,39146.95,USD,2026-08-27 03:45:00.000000,2026-08-27,0,0,0,0,1,0,0,1,duplicate
P00105994,C0122,Garcia and Sons,Shenzhen Sourcing,MY,28987.22,39084.48,USD,2026-08-27 03:47:00.000000,2026-08-27,0,0,0,0,1,0,0,1,duplicate
P00093832,C0122,Garcia and Sons,Shanghai Mfg,MY,41835.97,7820.9,CNY,2026-06-09 04:59:00.000000,2026-06-09,0,0,0,0,0,1,0,1,burst
P00093820,C0122,Garcia and Sons,Shanghai Mfg,MY,43557.76,8142.77,CNY,2026-06-09 04:27:00.000000,2026-06-09,0,0,0,0,0,1,0,1,burst
P00093831,C0122,Garcia and Sons,Shanghai Mfg,MY,45188.33,8447.6,CNY,2026-06-09 04:57:00.000000,2026-06-09,0,0,0,0,0,1,0,1,burst
P00013138,C0122,Garcia and Sons,US Inc,MY,50000.0,68287.5,USD,2024-11-05 17:55:00.000000,2024-11-05,0,1,0,0,0,0,0,1,round amount
P00027225,C0122,Garcia and Sons,SG Operations,MY,50000.0,50000.0,SGD,2025-02-20 08:08:00.000000,2025-02-20,0,1,0,0,0,0,0,1,round amount
P00060820,C0122,Garcia and Sons,Shenzhen Sourcing,MY,50000.0,9356.25,CNY,2025-10-21 06:58:00.000000,2025-10-21,0,1,0,0,0,0,0,1,round amount
P00093817,C0122,Garcia and Sons,Shanghai Mfg,MY,51351.14,9599.68,CNY,2026-06-09 04:20:00.000000,2026-06-09,0,0,0,0,0,1,0,1,burst
P00093829,C0122,Garcia and Sons,Shanghai Mfg,MY,56666.28,10593.31,CNY,2026-06-09 04:50:00.000000,2026-06-09,0,0,0,0,0,1,0,1,burst
P00093816,C0122,Garcia and Sons,Shanghai Mfg,MY,58416.31,10930.86,CNY,2026-06-09 04:17:00.000000,2026-06-09,0,0,0,0,0,1,0,1,burst
P00093813,C0122,Garcia and Sons,Shanghai Mfg,MY,58447.89,10936.77,CNY,2026-06-09 04:02:00.000000,2026-06-09,0,0,0,0,0,1,0,1,burst
P00093826,C0122,Garcia and Sons,Shanghai Mfg,MY,73793.93,13808.32,CNY,2026-06-09 04:42:00.000000,2026-06-09,0,0,0,0,0,1,0,1,burst
P00022874,C0122,Garcia and Sons,Shenzhen Sourcing,MY,98548.19,18163.32,CNY,2025-01-18 04:43:00.000000,2025-01-18,0,0,1,0,0,0,0,1,structuring
P00022876,C0122,Garcia and Sons,Shenzhen Sourcing,MY,101608.32,18727.33,CNY,2025-01-18 09:35:00.000000,2025-01-18,0,0,1,0,0,0,0,1,structuring
P00022558,C0122,Garcia and Sons,Shenzhen Sourcing,MY,103623.52,19085.9,CNY,2025-01-16 01:52:00.000000,2025-01-16,0,0,1,0,0,0,0,1,structuring
P00110653,C0123,"Shere, Chad and Raval",US Inc,IN,177.81,243.28,USD,2026-09-25 09:29:00.000000,2026-09-25,0,0,0,0,0,0,1,1,off-hours
P00034249,C0123,"Shere, Chad and Raval",US Inc,IN,261.68,348.09,USD,2025-04-14 10:54:00.000000,2025-04-14,0,0,0,0,0,0,1,1,off-hours
P00088785,C0123,"Shere, Chad and Raval",India Services,IN,4990.76,80.36,INR,2026-05-05 23:59:00.000000,2026-05-05,0,0,0,0,0,0,1,1,off-hours
P00056949,C0123,"Shere, Chad and Raval",India Services,IN,5659.24,92.11,INR,2025-09-23 22:21:00.000000,2025-09-23,0,0,0,0,0,0,1,1,off-hours
P00040268,C0123,"Shere, Chad and Raval",India Services,IN,5928.78,95.33,INR,2025-05-28 00:14:00.000000,2025-05-28,0,0,0,0,0,0,1,1,off-hours
P00036296,C0123,"Shere, Chad and Raval",India Services,IN,6312.63,102.49,INR,2025-04-28 18:29:00.000000,2025-04-28,0,0,0,0,0,0,1,1,off-hours
P00043978,C0123,"Shere, Chad and Raval",US Inc,IN,9140.08,12102.18,USD,2025-06-24 14:44:00.000000,2025-06-24,0,0,0,0,1,0,0,1,duplicate
P00043980,C0123,"Shere, Chad and Raval",US Inc,IN,9140.08,12102.18,USD,2025-06-24 14:56:00.000000,2025-06-24,0,0,0,0,1,0,0,1,duplicate
P00070036,C0123,"Shere, Chad and Raval",US West Distribution,IN,9930.36,12990.39,USD,2025-12-23 14:16:00.000000,2025-12-23,0,0,0,0,1,0,0,1,duplicate
P00070046,C0123,"Shere, Chad and Raval",US West Distribution,IN,9930.36,12990.39,USD,2025-12-23 14:36:00.000000,2025-12-23,0,0,0,0,1,0,0,1,duplicate
P00028866,C0123,"Shere, Chad and Raval",Shanghai Mfg,IN,10000.0,1869.96,CNY,2025-03-06 01:02:00.000000,2025-03-06,0,1,0,0,0,0,0,1,round amount
P00040257,C0123,"Shere, Chad and Raval",US Inc,IN,10000.0,13283.42,USD,2025-05-27 20:16:00.000000,2025-05-27,0,1,0,0,0,0,0,1,round amount
P00057173,C0123,"Shere, Chad and Raval",Netherlands BV,IN,10000.0,14450.44,EUR,2025-09-25 06:39:00.000000,2025-09-25,0,1,0,0,0,0,0,1,round amount
P00078347,C0123,"Shere, Chad and Raval",India Services,IN,11809.91,190.73,INR,2026-02-23 17:22:00.000000,2026-02-23,0,0,0,0,0,0,1,1,off-hours
P00086218,C0123,"Shere, Chad and Raval",US Inc,IN,11828.64,15655.09,USD,2026-04-16 13:04:00.000000,2026-04-16,0,0,0,0,1,0,0,1,duplicate
P00086229,C0123,"Shere, Chad and Raval",US Inc,IN,11828.64,15655.09,USD,2026-04-16 13:33:00.000000,2026-04-16,0,0,0,0,1,0,0,1,duplicate
P00037892,C0123,"Shere, Chad and Raval",Germany GmbH,IN,12861.41,18425.74,EUR,2025-05-10 09:11:00.000000,2025-05-10,0,0,1,0,0,0,0,1,structuring
P00037619,C0123,"Shere, Chad and Raval",Germany GmbH,IN,13340.5,18970.12,EUR,2025-05-08 06:21:00.000000,2025-05-08,0,0,1,0,0,0,0,1,structuring
P00038058,C0123,"Shere, Chad and Raval",Germany GmbH,IN,13497.27,19336.7,EUR,2025-05-12 15:45:00.000000,2025-05-12,0,0,1,0,0,0,0,1,structuring
P00086022,C0123,"Shere, Chad and Raval",US Inc,IN,13980.93,18503.62,USD,2026-04-15 21:15:00.000000,2026-04-15,0,0,1,0,0,0,0,1,structuring
P00062845,C0123,"Shere, Chad and Raval",India Services,IN,14049.63,227.34,INR,2025-11-03 21:37:00.000000,2025-11-03,0,0,0,0,0,0,1,1,off-hours
P00086407,C0123,"Shere, Chad and Raval",US Inc,IN,14196.5,18872.91,USD,2026-04-18 15:56:00.000000,2026-04-18,0,0,1,0,0,0,0,1,structuring
P00085873,C0123,"Shere, Chad and Raval",US Inc,IN,14338.39,18976.8,USD,2026-04-14 17:34:00.000000,2026-04-14,0,0,1,0,0,0,0,1,structuring
P00080810,C0123,"Shere, Chad and Raval",India Services,IN,22430.56,359.94,INR,2026-03-11 00:27:00.000000,2026-03-11,0,0,0,0,0,0,1,1,off-hours
P00097380,C0123,"Shere, Chad and Raval",Shanghai Mfg,IN,50000.0,9245.0,CNY,2026-07-02 01:24:00.000000,2026-07-02,0,1,0,0,0,0,0,1,round amount
P00056932,C0123,"Shere, Chad and Raval",US Inc,IN,86101.37,116275.94,USD,2025-09-23 16:43:00.000000,2025-09-23,0,0,0,0,1,0,0,1,duplicate
P00056934,C0123,"Shere, Chad and Raval",US Inc,IN,86101.37,116275.94,USD,2025-09-23 16:55:00.000000,2025-09-23,0,0,0,0,1,0,0,1,duplicate
P00060177,C0123,"Shere, Chad and Raval",India Services,IN,116256.86,1877.43,INR,2025-10-16 03:46:00.000000,2025-10-16,0,0,0,0,1,0,0,1,duplicate
P00060178,C0123,"Shere, Chad and Raval",India Services,IN,116256.86,1877.43,INR,2025-10-16 03:53:00.000000,2025-10-16,0,0,0,0,1,0,0,1,duplicate
P00020696,C0123,"Shere, Chad and Raval",India Services,IN,255022.78,4120.66,INR,2025-01-02 09:50:00.000000,2025-01-02,0,0,0,0,1,0,0,1,duplicate
P00020708,C0123,"Shere, Chad and Raval",India Services,IN,255022.78,4120.66,INR,2025-01-02 10:13:00.000000,2025-01-02,0,0,0,0,1,0,0,1,duplicate
P00030769,C0123,"Shere, Chad and Raval",India Services,IN,632541.17,10273.73,INR,2025-03-19 20:36:00.000000,2025-03-19,0,0,0,0,0,0,1,1,off-hours
P00104877,C0123,"Shere, Chad and Raval",India Services,IN,709289.19,11499.71,INR,2026-08-20 04:02:00.000000,2026-08-20,0,0,0,0,1,0,0,1,duplicate
P00104882,C0123,"Shere, Chad and Raval",India Services,IN,709289.19,11499.71,INR,2026-08-20 04:29:00.000000,2026-08-20,0,0,0,0,1,0,0,1,duplicate
P00069254,C0123,"Shere, Chad and Raval",India Services,IN,1020719.89,16273.34,INR,2025-12-18 08:48:00.000000,2025-12-18,0,0,0,0,1,0,0,1,duplicate
P00069275,C0123,"Shere, Chad and Raval",India Services,IN,1020719.89,16273.34,INR,2025-12-18 09:16:00.000000,2025-12-18,0,0,0,0,1,0,0,1,duplicate
P00094244,C0123,"Shere, Chad and Raval",India Services,IN,1137425.02,18435.38,INR,2026-06-11 05:26:00.000000,2026-06-11,0,0,1,0,0,0,0,1,structuring
P00053807,C0123,"Shere, Chad and Raval",India Services,IN,1145522.69,18352.42,INR,2025-09-02 05:07:00.000000,2025-09-02,0,0,1,0,0,0,0,1,structuring
P00106061,C0123,"Shere, Chad and Raval",India Services,IN,1146659.64,18580.47,INR,2026-08-27 08:13:00.000000,2026-08-27,0,0,1,0,1,0,0,2,"structuring, duplicate"
P00106087,C0123,"Shere, Chad and Raval",India Services,IN,1146659.64,18580.47,INR,2026-08-27 08:37:00.000000,2026-08-27,0,0,1,0,1,0,0,2,"structuring, duplicate"
P00067760,C0123,"Shere, Chad and Raval",India Services,IN,1205904.27,19284.82,INR,2025-12-09 04:03:00.000000,2025-12-09,0,0,1,0,0,0,0,1,structuring
P00108882,C0123,"Shere, Chad and Raval",India Services,IN,1225016.19,19859.96,INR,2026-09-15 04:47:00.000000,2026-09-15,0,0,1,0,0,0,0,1,structuring
P00052819,C0123,"Shere, Chad and Raval",India Services,IN,1229693.74,19741.5,INR,2025-08-26 03:37:00.000000,2025-08-26,0,0,1,0,0,0,0,1,structuring
P00081034,C0123,"Shere, Chad and Raval",India Services,IN,1235971.45,19806.44,INR,2026-03-12 05:16:00.000000,2026-03-12,0,0,1,0,0,0,0,1,structuring
P00016382,C0123,"Shere, Chad and Raval",India Services,IN,1247952.7,19882.38,INR,2024-11-30 06:21:00.000000,2024-11-30,0,0,1,0,0,0,0,1,structuring
P00051196,C0123,"Shere, Chad and Raval",India Services,IN,2514486.01,40795.02,INR,2025-08-14 06:31:00.000000,2025-08-14,0,0,0,0,1,0,0,1,duplicate
P00051200,C0123,"Shere, Chad and Raval",India Services,IN,2514486.01,40795.02,INR,2025-08-14 06:44:00.000000,2025-08-14,0,0,0,0,1,0,0,1,duplicate
P00008619,C0123,"Shere, Chad and Raval",India Services,IN,3144299.31,50132.71,INR,2024-10-01 05:05:00.000000,2024-10-01,0,0,0,1,0,0,0,1,new beneficiary
P00009352,C0123,"Shere, Chad and Raval",India Services,IN,14083701.4,225761.73,INR,2024-10-08 04:26:00.000000,2024-10-08,0,0,0,1,0,0,0,1,new beneficiary
P00028178,C0128,Colon-Rivera,Germany GmbH,XB,2378.62,3448.31,EUR,2025-02-27 10:06:00.000000,2025-02-27,1,0,0,0,0,0,0,1,high-risk country
P00098588,C0128,Colon-Rivera,UK Ltd,XB,2861.05,4909.62,GBP,2026-07-09 13:43:00.000000,2026-07-09,1,0,0,0,0,0,0,1,high-risk country
P00073930,C0128,Colon-Rivera,Netherlands BV,XB,4206.5,5987.81,EUR,2026-01-20 13:29:00.000000,2026-01-20,1,0,0,0,0,0,0,1,high-risk country
P00105074,C0128,Colon-Rivera,US Inc,XB,4549.32,6122.98,USD,2026-08-20 15:21:00.000000,2026-08-20,1,0,0,0,0,0,0,1,high-risk country
P00063277,C0128,Colon-Rivera,UK Ltd,XB,4668.82,8141.36,GBP,2025-11-06 09:47:00.000000,2025-11-06,1,0,0,0,0,0,0,1,high-risk country
P00009863,C0128,Colon-Rivera,Germany GmbH,XB,4751.46,7114.2,EUR,2024-10-10 14:38:00.000000,2024-10-10,1,0,0,0,0,0,0,1,high-risk country
P00058258,C0128,Colon-Rivera,SG Operations,XB,5478.8,5478.8,SGD,2025-10-02 02:50:00.000000,2025-10-02,1,0,0,0,0,0,0,1,high-risk country
P00041428,C0128,Colon-Rivera,UK Ltd,XB,6213.06,10956.44,GBP,2025-06-05 13:31:00.000000,2025-06-05,1,0,0,0,0,0,0,1,high-risk country
P00013365,C0128,Colon-Rivera,SG Operations,XB,6216.81,6216.81,SGD,2024-11-07 05:30:00.000000,2024-11-07,1,0,0,0,0,0,0,1,high-risk country
P00077273,C0128,Colon-Rivera,Netherlands BV,XB,6463.56,9316.87,EUR,2026-02-12 11:58:00.000000,2026-02-12,1,0,0,0,0,0,0,1,high-risk country
P00020668,C0128,Colon-Rivera,Germany Sales Office,XB,7356.19,10222.74,EUR,2025-01-02 09:19:00.000000,2025-01-02,1,0,0,0,0,0,0,1,high-risk country
P00105608,C0128,Colon-Rivera,Germany Sales Office,XB,7433.77,10759.12,EUR,2026-08-25 06:32:00.000000,2026-08-25,1,0,0,0,0,0,0,1,high-risk country
P00101797,C0128,Colon-Rivera,Germany GmbH,XB,8379.53,12208.84,EUR,2026-07-30 11:33:00.000000,2026-07-30,1,0,0,0,0,0,0,1,high-risk country
P00050864,C0128,Colon-Rivera,Germany GmbH,XB,8670.89,12591.56,EUR,2025-08-12 07:15:00.000000,2025-08-12,1,0,0,0,0,0,0,1,high-risk country
P00111187,C0128,Colon-Rivera,Netherlands BV,XB,9887.54,14062.59,EUR,2026-09-29 08:21:00.000000,2026-09-29,1,0,0,0,0,0,0,1,high-risk country
P00023606,C0128,Colon-Rivera,Netherlands BV,XB,10027.18,14109.94,EUR,2025-01-23 08:48:00.000000,2025-01-23,1,0,0,0,0,0,0,1,high-risk country
P00057855,C0128,Colon-Rivera,SG Operations,XB,12307.21,12307.21,SGD,2025-09-30 02:03:00.000000,2025-09-30,1,0,0,0,0,0,0,1,high-risk country
P00100281,C0128,Colon-Rivera,Germany Sales Office,XB,12613.67,18511.34,EUR,2026-07-21 12:41:00.000000,2026-07-21,1,0,1,0,0,0,0,2,"high-risk country, structuring"
P00085236,C0128,Colon-Rivera,US West Distribution,XB,12640.69,16690.01,USD,2026-04-09 21:24:00.000000,2026-04-09,1,0,0,0,0,0,0,1,high-risk country
P00059839,C0128,Colon-Rivera,Netherlands BV,XB,12700.45,18502.57,EUR,2025-10-14 08:22:00.000000,2025-10-14,1,0,1,0,0,0,0,2,"high-risk country, structuring"
P00054330,C0128,Colon-Rivera,Netherlands BV,XB,14779.86,21765.16,EUR,2025-09-04 10:39:00.000000,2025-09-04,1,0,0,0,0,0,0,1,high-risk country
P00025885,C0128,Colon-Rivera,SG Operations,XB,16378.1,16378.1,SGD,2025-02-11 08:14:00.000000,2025-02-11,1,0,0,0,0,0,0,1,high-risk country
P00012553,C0128,Colon-Rivera,UK Ltd,XB,16468.75,28043.17,GBP,2024-10-31 14:15:00.000000,2024-10-31,1,0,0,0,0,0,0,1,high-risk country
P00060819,C0128,Colon-Rivera,Germany GmbH,XB,16663.89,23792.67,EUR,2025-10-21 06:57:00.000000,2025-10-21,1,0,0,0,0,0,0,1,high-risk country
P00072868,C0128,Colon-Rivera,Netherlands BV,XB,19312.81,27908.32,EUR,2026-01-13 12:03:00.000000,2026-01-13,1,0,0,0,0,0,0,1,high-risk country
P00106899,C0128,Colon-Rivera,Germany GmbH,XB,21023.89,30760.37,EUR,2026-09-01 15:34:00.000000,2026-09-01,1,0,0,0,0,0,0,1,high-risk country
P00014037,C0128,Colon-Rivera,US West Distribution,XB,21083.57,28628.41,USD,2024-11-12 20:21:00.000000,2024-11-12,1,0,0,0,0,0,0,1,high-risk country
P00014947,C0128,Colon-Rivera,Germany GmbH,XB,22268.93,31519.33,EUR,2024-11-19 15:13:00.000000,2024-11-19,1,0,0,0,0,0,0,1,high-risk country
P00050814,C0128,Colon-Rivera,Shanghai Mfg,XB,28889.7,5414.88,CNY,2025-08-12 02:14:00.000000,2025-08-12,1,0,0,0,0,0,0,1,high-risk country
P00073409,C0128,Colon-Rivera,US Inc,XB,30210.61,39956.7,USD,2026-01-15 20:49:00.000000,2026-01-15,1,0,0,0,0,0,0,1,high-risk country
P00098623,C0128,Colon-Rivera,US Inc,XB,31552.52,42045.85,USD,2026-07-09 16:44:00.000000,2026-07-09,1,0,0,0,0,0,0,1,high-risk country
P00042400,C0128,Colon-Rivera,US West Distribution,XB,39031.47,51768.14,USD,2025-06-12 15:54:00.000000,2025-06-12,1,0,0,0,0,0,0,1,high-risk country
P00105991,C0128,Colon-Rivera,Shanghai Mfg,XB,39419.92,7417.76,CNY,2026-08-27 03:37:00.000000,2026-08-27,1,0,0,0,0,0,0,1,high-risk country
P00018516,C0128,Colon-Rivera,Shenzhen Sourcing,XB,57726.85,10603.79,CNY,2024-12-17 07:44:00.000000,2024-12-17,1,0,0,0,0,0,0,1,high-risk country
P00060294,C0128,Colon-Rivera,Shanghai Mfg,XB,63365.69,11836.65,CNY,2025-10-16 09:17:00.000000,2025-10-16,1,0,0,0,0,0,0,1,high-risk country
P00020600,C0128,Colon-Rivera,Shanghai Mfg,XB,72129.56,13213.77,CNY,2025-01-02 07:40:00.000000,2025-01-02,1,0,0,0,0,0,0,1,high-risk country
P00043912,C0128,Colon-Rivera,Shanghai Mfg,XB,75265.52,14030.47,CNY,2025-06-24 08:24:00.000000,2025-06-24,1,0,0,0,0,0,0,1,high-risk country
P00064809,C0128,Colon-Rivera,Shanghai Mfg,XB,114510.56,21319.81,CNY,2025-11-18 07:22:00.000000,2025-11-18,1,0,0,0,0,0,0,1,high-risk country
P00025355,C0128,Colon-Rivera,India Services,XB,193387.85,3157.06,INR,2025-02-06 12:28:00.000000,2025-02-06,1,0,0,0,0,0,0,1,high-risk country
P00088259,C0128,Colon-Rivera,Shenzhen Sourcing,XB,349851.41,65477.14,CNY,2026-04-30 08:40:00.000000,2026-04-30,1,0,0,0,0,0,0,1,high-risk country
P00057184,C0128,Colon-Rivera,India Services,XB,452900.83,7371.41,INR,2025-09-25 07:27:00.000000,2025-09-25,1,0,0,0,0,0,0,1,high-risk country
P00109450,C0128,Colon-Rivera,India Services,XB,504154.62,8186.46,INR,2026-09-17 12:17:00.000000,2026-09-17,1,0,0,0,0,0,0,1,high-risk country
P00095264,C0128,Colon-Rivera,India Services,XB,1705053.91,27666.2,INR,2026-06-18 04:07:00.000000,2026-06-18,1,0,0,0,0,0,0,1,high-risk country
P00058253,C0128,Colon-Rivera,India Services,XB,1997673.24,32404.26,INR,2025-10-02 02:43:00.000000,2025-10-02,1,0,0,0,0,0,0,1,high-risk country
P00102900,C0130,"Gopal, Apte and Bhalla",US West Distribution,IN,160.08,213.33,USD,2026-08-06 10:50:00.000000,2026-08-06,0,0,0,0,0,0,1,1,off-hours
P00033974,C0130,"Gopal, Apte and Bhalla",US West Distribution,IN,6352.46,8468.56,USD,2025-04-10 19:33:00.000000,2025-04-10,0,0,0,0,0,1,0,1,burst
P00033963,C0130,"Gopal, Apte and Bhalla",US West Distribution,IN,6737.72,8997.86,USD,2025-04-10 18:38:00.000000,2025-04-10,0,0,0,0,0,1,0,1,burst
P00033964,C0130,"Gopal, Apte and Bhalla",US West Distribution,IN,6742.47,8988.49,USD,2025-04-10 18:40:00.000000,2025-04-10,0,0,0,0,0,1,0,1,burst
P00033965,C0130,"Gopal, Apte and Bhalla",US West Distribution,IN,7926.87,10585.91,USD,2025-04-10 18:41:00.000000,2025-04-10,0,0,0,0,0,1,0,1,burst
P00033973,C0130,"Gopal, Apte and Bhalla",US West Distribution,IN,9693.91,12945.69,USD,2025-04-10 19:28:00.000000,2025-04-10,0,0,0,0,0,1,0,1,burst
P00066924,C0130,"Gopal, Apte and Bhalla",US Inc,IN,10000.0,13250.33,USD,2025-12-02 13:44:00.000000,2025-12-02,0,1,0,0,0,0,0,1,round amount
P00033968,C0130,"Gopal, Apte and Bhalla",US West Distribution,IN,10109.61,13477.27,USD,2025-04-10 18:59:00.000000,2025-04-10,0,0,0,0,0,1,0,1,burst
P00033971,C0130,"Gopal, Apte and Bhalla",US West Distribution,IN,11411.75,15239.78,USD,2025-04-10 19:25:00.000000,2025-04-10,0,0,0,0,0,1,0,1,burst
P00088982,C0130,"Gopal, Apte and Bhalla",India Services,IN,11418.62,184.42,INR,2026-05-07 00:08:00.000000,2026-05-07,0,0,0,0,0,0,1,1,off-hours
P00097358,C0130,"Gopal, Apte and Bhalla",India Services,IN,11727.62,190.28,INR,2026-07-01 18:29:00.000000,2026-07-01,0,0,0,0,0,0,1,1,off-hours
P00033966,C0130,"Gopal, Apte and Bhalla",US West Distribution,IN,11746.53,15686.86,USD,2025-04-10 18:47:00.000000,2025-04-10,0,0,0,0,0,1,0,1,burst
P00033969,C0130,"Gopal, Apte and Bhalla",US West Distribution,IN,12168.72,16250.67,USD,2025-04-10 19:13:00.000000,2025-04-10,0,0,0,0,0,1,0,1,burst
P00077645,C0130,"Gopal, Apte and Bhalla",India Services,IN,12439.28,200.96,INR,2026-02-16 17:13:00.000000,2026-02-16,0,0,0,0,0,0,1,1,off-hours
P00033970,C0130,"Gopal, Apte and Bhalla",US West Distribution,IN,13299.11,17729.24,USD,2025-04-10 19:14:00.000000,2025-04-10,0,0,0,0,0,1,0,1,burst
P00033941,C0130,"Gopal, Apte and Bhalla",US Inc,IN,13576.83,18131.12,USD,2025-04-10 14:44:00.000000,2025-04-10,0,0,1,0,0,1,0,2,"structuring, burst"
P00108514,C0130,"Gopal, Apte and Bhalla",US Inc,IN,14283.62,19539.32,USD,2026-09-12 16:51:00.000000,2026-09-12,0,0,1,0,0,0,0,1,structuring
P00108138,C0130,"Gopal, Apte and Bhalla",Shenzhen Sourcing,IN,14519.35,19773.1,USD,2026-09-10 02:37:00.000000,2026-09-10,0,0,1,0,0,0,0,1,structuring
P00033972,C0130,"Gopal, Apte and Bhalla",US West Distribution,IN,22741.92,30370.61,USD,2025-04-10 19:27:00.000000,2025-04-10,0,0,0,0,0,1,0,1,burst
P00090672,C0130,"Gopal, Apte and Bhalla",India Services,IN,121115.8,1962.08,INR,2026-05-18 21:02:00.000000,2026-05-18,0,0,0,0,0,0,1,1,off-hours
P00046762,C0130,"Gopal, Apte and Bhalla",India Services,IN,1131958.77,18252.84,INR,2025-07-15 04:20:00.000000,2025-07-15,0,0,1,0,0,0,0,1,structuring
P00036775,C0130,"Gopal, Apte and Bhalla",India Services,IN,1150815.51,18684.64,INR,2025-05-01 03:31:00.000000,2025-05-01,0,0,1,0,0,0,0,1,structuring
P00038394,C0130,"Gopal, Apte and Bhalla",India Services,IN,6511800.15,105002.78,INR,2025-05-14 19:55:00.000000,2025-05-14,0,0,0,0,0,0,1,1,off-hours
P00061233,C0130,"Gopal, Apte and Bhalla",India Services,IN,14971536.86,241326.2,INR,2025-10-23 07:23:00.000000,2025-10-23,0,0,0,0,1,0,0,1,duplicate
P00061254,C0130,"Gopal, Apte and Bhalla",India Services,IN,14971536.86,241326.2,INR,2025-10-23 07:51:00.000000,2025-10-23,0,0,0,0,1,0,0,1,duplicate
P00094647,C0132,Tax Authority DE (E06),Germany GmbH,DE,12880.1,19249.18,EUR,2026-06-15 08:11:00.000000,2026-06-15,0,0,1,0,0,0,0,1,structuring
P00104290,C0132,Tax Authority DE (E06),Germany GmbH,DE,13861.21,19888.91,EUR,2026-08-17 09:13:00.000000,2026-08-17,0,0,1,0,0,0,0,1,structuring
P00029216,C0133,雨林木风计算机传媒有限公司,US Inc,CN,51.7,71.09,USD,2025-03-07 10:18:00.000000,2025-03-07,0,0,0,0,0,0,1,1,off-hours
P00012735,C0133,雨林木风计算机传媒有限公司,SG Operations,CN,99.56,99.56,SGD,2024-11-03 21:13:00.000000,2024-11-03,0,0,0,0,0,0,1,1,off-hours
P00071578,C0133,雨林木风计算机传媒有限公司,US Inc,CN,117.57,154.84,USD,2026-01-05 10:43:00.000000,2026-01-05,0,0,0,0,0,0,1,1,off-hours
P00075413,C0133,雨林木风计算机传媒有限公司,Shenzhen Sourcing,CN,146.43,27.29,CNY,2026-02-01 21:58:00.000000,2026-02-01,0,0,0,0,0,0,1,1,off-hours
P00048431,C0133,雨林木风计算机传媒有限公司,UK Ltd,CN,146.8,244.39,GBP,2025-07-24 17:38:00.000000,2025-07-24,0,0,0,0,0,1,0,1,burst
P00048428,C0133,雨林木风计算机传媒有限公司,Germany GmbH,CN,152.7,220.81,EUR,2025-07-24 16:43:00.000000,2025-07-24,0,0,0,0,0,1,0,1,burst
P00013650,C0133,雨林木风计算机传媒有限公司,UK Ltd,CN,198.34,335.33,GBP,2024-11-08 22:59:00.000000,2024-11-08,0,0,0,0,0,0,1,1,off-hours
P00092261,C0133,雨林木风计算机传媒有限公司,US Inc,CN,201.62,270.45,USD,2026-05-28 10:42:00.000000,2026-05-28,0,0,0,0,0,0,1,1,off-hours
P00056417,C0133,雨林木风计算机传媒有限公司,US Inc,CN,260.84,352.58,USD,2025-09-19 03:47:00.000000,2025-09-19,0,0,0,0,0,0,1,1,off-hours
P00070871,C0133,雨林木风计算机传媒有限公司,SG Operations,CN,291.38,291.38,SGD,2025-12-30 07:46:00.000000,2025-12-30,0,0,0,0,0,1,0,1,burst
P00011464,C0133,雨林木风计算机传媒有限公司,SG Operations,CN,402.71,402.71,SGD,2024-10-24 05:49:00.000000,2024-10-24,0,0,0,0,0,1,0,1,burst
P00071127,C0133,雨林木风计算机传媒有限公司,US Inc,CN,422.5,557.87,USD,2025-12-30 17:55:00.000000,2025-12-30,0,0,0,0,0,1,0,1,burst
P00035419,C0133,雨林木风计算机传媒有限公司,Shanghai Mfg,CN,487.56,90.93,CNY,2025-04-22 14:50:00.000000,2025-04-22,0,0,0,0,0,0,1,1,off-hours
P00048276,C0133,雨林木风计算机传媒有限公司,Shenzhen Sourcing,CN,608.86,113.99,CNY,2025-07-24 07:21:00.000000,2025-07-24,0,0,0,0,0,1,0,1,burst
P00011447,C0133,雨林木风计算机传媒有限公司,SG Operations,CN,659.76,659.76,SGD,2024-10-24 03:38:00.000000,2024-10-24,0,0,0,0,0,1,0,1,burst
P00070816,C0133,雨林木风计算机传媒有限公司,Shanghai Mfg,CN,855.56,159.93,CNY,2025-12-30 04:09:00.000000,2025-12-30,0,0,0,0,0,1,0,1,burst
P00048239,C0133,雨林木风计算机传媒有限公司,Shanghai Mfg,CN,1346.17,252.03,CNY,2025-07-24 04:20:00.000000,2025-07-24,0,0,0,0,0,1,0,1,burst
P00111130,C0133,雨林木风计算机传媒有限公司,Shanghai Mfg,CN,1722.86,321.37,CNY,2026-09-29 04:21:00.000000,2026-09-29,0,0,0,0,0,1,0,1,burst
P00111234,C0133,雨林木风计算机传媒有限公司,Shanghai Mfg,CN,1776.74,331.42,CNY,2026-09-29 11:01:00.000000,2026-09-29,0,0,0,0,0,1,0,1,burst
P00070738,C0133,雨林木风计算机传媒有限公司,Shanghai Mfg,CN,1789.14,334.45,CNY,2025-12-30 01:53:00.000000,2025-12-30,0,0,0,0,0,1,0,1,burst
P00111225,C0133,雨林木风计算机传媒有限公司,Shanghai Mfg,CN,2565.59,478.57,CNY,2026-09-29 09:57:00.000000,2026-09-29,0,0,0,0,0,1,0,1,burst
P00011446,C0133,雨林木风计算机传媒有限公司,Shanghai Mfg,CN,3783.93,696.71,CNY,2024-10-24 03:28:00.000000,2024-10-24,0,0,0,0,0,1,0,1,burst
P00011599,C0133,雨林木风计算机传媒有限公司,US Inc,CN,4044.05,743.9,CNY,2024-10-24 14:22:00.000000,2024-10-24,0,0,0,0,0,1,0,1,burst
P00011406,C0133,雨林木风计算机传媒有限公司,Shenzhen Sourcing,CN,5767.34,1059.29,CNY,2024-10-24 02:04:00.000000,2024-10-24,0,0,0,0,0,1,0,1,burst
P00091996,C0133,雨林木风计算机传媒有限公司,Shanghai Mfg,CN,8687.24,1623.39,CNY,2026-05-27 18:51:00.000000,2026-05-27,0,0,0,0,0,0,1,1,off-hours
P00070741,C0133,雨林木风计算机传媒有限公司,SG Operations,CN,8691.83,1630.83,CNY,2025-12-30 01:57:00.000000,2025-12-30,0,0,0,0,0,1,0,1,burst
P00070834,C0133,雨林木风计算机传媒有限公司,Shenzhen Sourcing,CN,9977.8,1865.18,CNY,2025-12-30 05:08:00.000000,2025-12-30,0,0,0,0,0,1,0,1,burst
P00096423,C0133,雨林木风计算机传媒有限公司,Germany GmbH,CN,10000.0,14491.33,EUR,2026-06-25 11:07:00.000000,2026-06-25,0,1,0,0,0,1,0,2,"round amount, burst"
P00077269,C0133,雨林木风计算机传媒有限公司,UK Ltd,CN,10108.74,18080.34,GBP,2026-02-12 11:34:00.000000,2026-02-12,0,0,1,0,0,0,0,1,structuring
P00077481,C0133,雨林木风计算机传媒有限公司,UK Ltd,CN,10129.54,18150.0,GBP,2026-02-14 17:32:00.000000,2026-02-14,0,0,1,0,0,0,0,1,structuring
P00077454,C0133,雨林木风计算机传媒有限公司,UK Ltd,CN,10549.44,18902.37,GBP,2026-02-13 17:23:00.000000,2026-02-13,0,0,1,0,0,0,0,1,structuring
P00011427,C0133,雨林木风计算机传媒有限公司,Shanghai Mfg,CN,11416.51,2100.06,CNY,2024-10-24 02:43:00.000000,2024-10-24,0,0,0,0,0,1,0,1,burst
P00018717,C0133,雨林木风计算机传媒有限公司,Shanghai Mfg,CN,12994.12,2384.36,CNY,2024-12-18 20:22:00.000000,2024-12-18,0,0,0,0,0,0,1,1,off-hours
P00017098,C0133,雨林木风计算机传媒有限公司,Germany GmbH,CN,13536.95,18993.29,EUR,2024-12-05 13:16:00.000000,2024-12-05,0,0,1,0,0,0,0,1,structuring
P00017467,C0133,雨林木风计算机传媒有限公司,Germany GmbH,CN,13720.75,19239.51,EUR,2024-12-09 14:17:00.000000,2024-12-09,0,0,1,0,0,0,0,1,structuring
P00017260,C0133,雨林木风计算机传媒有限公司,Germany GmbH,CN,14005.31,19638.53,EUR,2024-12-07 10:54:00.000000,2024-12-07,0,0,1,0,0,0,0,1,structuring
P00043172,C0133,雨林木风计算机传媒有限公司,SG Operations,CN,14537.3,2712.79,CNY,2025-06-18 19:52:00.000000,2025-06-18,0,0,0,0,0,0,1,1,off-hours
P00011357,C0133,雨林木风计算机传媒有限公司,Shenzhen Sourcing,CN,14758.8,2710.75,CNY,2024-10-24 01:08:00.000000,2024-10-24,0,0,0,0,0,1,0,1,burst
P00070750,C0133,雨林木风计算机传媒有限公司,Shenzhen Sourcing,CN,15418.78,2892.99,CNY,2025-12-30 02:09:00.000000,2025-12-30,0,0,0,0,0,1,0,1,burst
P00048153,C0133,雨林木风计算机传媒有限公司,Shanghai Mfg,CN,15492.12,2897.88,CNY,2025-07-24 01:11:00.000000,2025-07-24,0,0,0,0,0,1,0,1,burst
P00043217,C0133,雨林木风计算机传媒有限公司,Shenzhen Sourcing,CN,18713.58,3492.12,CNY,2025-06-19 01:44:00.000000,2025-06-19,0,0,0,0,1,0,0,1,duplicate
P00043219,C0133,雨林木风计算机传媒有限公司,Shenzhen Sourcing,CN,18713.58,3492.12,CNY,2025-06-19 01:46:00.000000,2025-06-19,0,0,0,0,1,0,0,1,duplicate
P00070733,C0133,雨林木风计算机传媒有限公司,Shanghai Mfg,CN,20155.46,3781.73,CNY,2025-12-30 01:50:00.000000,2025-12-30,0,0,0,0,0,1,0,1,burst
P00062197,C0133,雨林木风计算机传媒有限公司,Shenzhen Sourcing,CN,21927.63,4087.79,CNY,2025-10-29 18:45:00.000000,2025-10-29,0,0,0,0,0,0,1,1,off-hours
P00096470,C0133,雨林木风计算机传媒有限公司,US Inc,CN,24637.41,4563.91,CNY,2026-06-25 14:01:00.000000,2026-06-25,0,0,0,0,0,1,0,1,burst
P00024307,C0133,雨林木风计算机传媒有限公司,Shenzhen Sourcing,CN,25000.0,4606.98,CNY,2025-01-30 07:57:00.000000,2025-01-30,0,1,0,0,0,0,0,1,round amount
P00011358,C0133,雨林木风计算机传媒有限公司,Shenzhen Sourcing,CN,25697.01,4719.77,CNY,2024-10-24 01:10:00.000000,2024-10-24,0,0,0,0,0,1,0,1,burst
P00011391,C0133,雨林木风计算机传媒有限公司,SG Operations,CN,25981.08,4771.94,CNY,2024-10-24 01:39:00.000000,2024-10-24,0,0,0,0,0,1,0,1,burst
P00011580,C0133,雨林木风计算机传媒有限公司,US Inc,CN,26803.95,4930.56,CNY,2024-10-24 13:41:00.000000,2024-10-24,0,0,0,0,0,1,0,1,burst
P00048305,C0133,雨林木风计算机传媒有限公司,Germany GmbH,CN,31974.12,5988.05,CNY,2025-07-24 08:09:00.000000,2025-07-24,0,0,0,0,0,1,0,1,burst
P00048180,C0133,雨林木风计算机传媒有限公司,Shanghai Mfg,CN,32974.72,6168.09,CNY,2025-07-24 01:45:00.000000,2025-07-24,0,0,0,0,0,1,0,1,burst
P00070707,C0133,雨林木风计算机传媒有限公司,SG Operations,CN,33099.15,6210.33,CNY,2025-12-30 01:33:00.000000,2025-12-30,0,0,0,0,0,1,0,1,burst
P00027868,C0133,雨林木风计算机传媒有限公司,US Inc,CN,37267.55,6937.5,CNY,2025-02-25 14:32:00.000000,2025-02-25,0,0,0,0,1,0,0,1,duplicate
P00027873,C0133,雨林木风计算机传媒有限公司,US Inc,CN,37267.55,6937.5,CNY,2025-02-25 14:46:00.000000,2025-02-25,0,0,0,0,1,0,0,1,duplicate
P00071100,C0133,雨林木风计算机传媒有限公司,US Inc,CN,37717.25,7061.08,CNY,2025-12-30 15:34:00.000000,2025-12-30,0,0,0,0,0,1,0,1,burst
P00071081,C0133,雨林木风计算机传媒有限公司,US Inc,CN,40645.03,7609.2,CNY,2025-12-30 15:09:00.000000,2025-12-30,0,0,0,0,0,1,0,1,burst
P00096209,C0133,雨林木风计算机传媒有限公司,Group Treasury HQ,CN,42017.02,7788.48,CNY,2026-06-25 01:41:00.000000,2026-06-25,0,0,0,0,0,1,0,1,burst
P00111013,C0133,雨林木风计算机传媒有限公司,SG Operations,CN,43853.85,8180.23,CNY,2026-09-29 01:25:00.000000,2026-09-29,0,0,0,0,0,1,0,1,burst
P00111035,C0133,雨林木风计算机传媒有限公司,Shanghai Mfg,CN,44098.35,8225.84,CNY,2026-09-29 01:45:00.000000,2026-09-29,0,0,0,0,0,1,0,1,burst
P00067119,C0133,雨林木风计算机传媒有限公司,SG Operations,CN,46129.27,8590.24,CNY,2025-12-04 01:51:00.000000,2025-12-04,0,0,0,0,1,0,0,1,duplicate
P00067121,C0133,雨林木风计算机传媒有限公司,SG Operations,CN,46129.27,8590.24,CNY,2025-12-04 01:55:00.000000,2025-12-04,0,0,0,0,1,0,0,1,duplicate
P00111064,C0133,雨林木风计算机传媒有限公司,Shenzhen Sourcing,CN,49987.36,9324.34,CNY,2026-09-29 02:11:00.000000,2026-09-29,0,0,0,0,0,1,0,1,burst
P00048150,C0133,雨林木风计算机传媒有限公司,SG Operations,CN,50012.23,9355.04,CNY,2025-07-24 01:09:00.000000,2025-07-24,0,0,0,0,0,1,0,1,burst
P00011578,C0133,雨林木风计算机传媒有限公司,US Inc,CN,58356.74,10734.66,CNY,2024-10-24 13:36:00.000000,2024-10-24,0,0,0,0,0,1,0,1,burst
P00111083,C0133,雨林木风计算机传媒有限公司,Shenzhen Sourcing,CN,61087.94,11394.98,CNY,2026-09-29 02:26:00.000000,2026-09-29,0,0,0,0,0,1,0,1,burst
P00096196,C0133,雨林木风计算机传媒有限公司,Shenzhen Sourcing,CN,61124.47,11330.34,CNY,2026-06-25 01:24:00.000000,2026-06-25,0,0,0,0,0,1,0,1,burst
P00111006,C0133,雨林木风计算机传媒有限公司,Shenzhen Sourcing,CN,66750.69,12451.27,CNY,2026-09-29 01:14:00.000000,2026-09-29,0,0,0,0,0,1,0,1,burst
P00096483,C0133,雨林木风计算机传媒有限公司,US Inc,CN,70906.26,13134.89,CNY,2026-06-25 14:22:00.000000,2026-06-25,0,0,0,0,0,1,0,1,burst
P00048179,C0133,雨林木风计算机传媒有限公司,Shanghai Mfg,CN,71052.21,13290.67,CNY,2025-07-24 01:42:00.000000,2025-07-24,0,0,0,0,0,1,0,1,burst
P00048140,C0133,雨林木风计算机传媒有限公司,SG Operations,CN,71860.24,13441.82,CNY,2025-07-24 01:01:00.000000,2025-07-24,0,0,0,0,0,1,0,1,burst
P00011396,C0133,雨林木风计算机传媒有限公司,Shanghai Mfg,CN,77711.27,14273.23,CNY,2024-10-24 01:51:00.000000,2024-10-24,0,0,0,0,0,1,0,1,burst
P00089106,C0133,雨林木风计算机传媒有限公司,SG Operations,CN,81834.77,15335.67,CNY,2026-05-07 06:52:00.000000,2026-05-07,0,0,0,0,1,0,0,1,duplicate
P00089107,C0133,雨林木风计算机传媒有限公司,SG Operations,CN,81834.77,15335.67,CNY,2026-05-07 06:58:00.000000,2026-05-07,0,0,0,0,1,0,0,1,duplicate
P00070794,C0133,雨林木风计算机传媒有限公司,Group Treasury HQ,CN,85087.6,15964.82,CNY,2025-12-30 02:43:00.000000,2025-12-30,0,0,0,0,0,1,0,1,burst
P00071103,C0133,雨林木风计算机传媒有限公司,US Inc,CN,90870.8,17012.01,CNY,2025-12-30 15:38:00.000000,2025-12-30,0,0,0,0,0,1,0,1,burst
P00096277,C0133,雨林木风计算机传媒有限公司,Shenzhen Sourcing,CN,95924.54,17781.05,CNY,2026-06-25 02:59:00.000000,2026-06-25,0,0,0,0,0,1,0,1,burst
P00050182,C0133,雨林木风计算机传媒有限公司,Shanghai Mfg,CN,96643.52,18124.82,CNY,2025-08-07 02:42:00.000000,2025-08-07,0,0,1,0,0,0,0,1,structuring
P00091429,C0133,雨林木风计算机传媒有限公司,Shanghai Mfg,CN,97068.84,18076.26,CNY,2026-05-23 05:50:00.000000,2026-05-23,0,0,1,0,0,0,0,1,structuring
P00032747,C0133,雨林木风计算机传媒有限公司,Shanghai Mfg,CN,97975.79,18205.18,CNY,2025-04-03 01:06:00.000000,2025-04-03,0,0,1,0,0,0,0,1,structuring
P00058245,C0133,雨林木风计算机传媒有限公司,SG Operations,CN,98327.17,18308.52,CNY,2025-10-02 02:24:00.000000,2025-10-02,0,0,1,0,0,0,0,1,structuring
P00096183,C0133,雨林木风计算机传媒有限公司,Shanghai Mfg,CN,98531.14,18264.22,CNY,2026-06-25 01:07:00.000000,2026-06-25,0,0,1,0,0,1,0,2,"structuring, burst"
P00016967,C0133,雨林木风计算机传媒有限公司,Shenzhen Sourcing,CN,98531.83,18258.15,CNY,2024-12-05 04:00:00.000000,2024-12-05,0,0,1,0,0,0,0,1,structuring
P00039933,C0133,雨林木风计算机传媒有限公司,Netherlands BV,CN,98547.72,18472.67,CNY,2025-05-26 15:07:00.000000,2025-05-26,0,0,1,0,0,0,0,1,structuring
P00069805,C0133,雨林木风计算机传媒有限公司,Group Treasury HQ,CN,99286.71,18559.66,CNY,2025-12-23 02:34:00.000000,2025-12-23,0,0,1,0,0,0,0,1,structuring
P00080631,C0133,雨林木风计算机传媒有限公司,Shenzhen Sourcing,CN,99832.67,18558.79,CNY,2026-03-10 02:35:00.000000,2026-03-10,0,0,1,0,0,0,0,1,structuring
P00098009,C0133,雨林木风计算机传媒有限公司,Shanghai Mfg,CN,100126.64,18589.81,CNY,2026-07-07 01:38:00.000000,2026-07-07,0,0,1,0,0,0,0,1,structuring
P00084059,C0133,雨林木风计算机传媒有限公司,SG Operations,CN,100526.4,18631.76,CNY,2026-04-02 02:09:00.000000,2026-04-02,0,0,1,0,0,0,0,1,structuring
P00091210,C0133,雨林木风计算机传媒有限公司,Shanghai Mfg,CN,100560.85,18746.96,CNY,2026-05-21 09:04:00.000000,2026-05-21,0,0,1,0,0,0,0,1,structuring
P00068948,C0133,雨林木风计算机传媒有限公司,US Inc,CN,100775.76,18751.65,CNY,2025-12-16 20:10:00.000000,2025-12-16,0,0,1,0,0,0,0,1,structuring
P00034848,C0133,雨林木风计算机传媒有限公司,UK Ltd,CN,100950.82,18738.09,CNY,2025-04-17 08:50:00.000000,2025-04-17,0,0,1,0,0,0,0,1,structuring
P00100225,C0133,雨林木风计算机传媒有限公司,Germany GmbH,CN,101705.61,18957.82,CNY,2026-07-21 08:06:00.000000,2026-07-21,0,0,1,0,0,0,0,1,structuring
P00096342,C0133,雨林木风计算机传媒有限公司,Netherlands BV,CN,102672.66,19019.39,CNY,2026-06-25 08:00:00.000000,2026-06-25,0,0,1,0,0,1,0,2,"structuring, burst"
P00091318,C0133,雨林木风计算机传媒有限公司,Shanghai Mfg,CN,102711.35,19147.86,CNY,2026-05-22 01:07:00.000000,2026-05-22,0,0,1,0,0,0,0,1,structuring
P00032983,C0133,雨林木风计算机传媒有限公司,US Inc,CN,102800.55,19101.68,CNY,2025-04-03 14:25:00.000000,2025-04-03,0,0,1,0,0,0,0,1,structuring
P00076682,C0133,雨林木风计算机传媒有限公司,Shanghai Mfg,CN,103119.98,19135.56,CNY,2026-02-10 02:10:00.000000,2026-02-10,0,0,1,0,0,0,0,1,structuring
P00091621,C0133,雨林木风计算机传媒有限公司,Group Treasury HQ,CN,103427.05,19270.63,CNY,2026-05-26 01:27:00.000000,2026-05-26,0,0,1,0,0,0,0,1,structuring
P00103950,C0133,雨林木风计算机传媒有限公司,US West Distribution,CN,103658.56,19406.33,CNY,2026-08-13 13:29:00.000000,2026-08-13,0,0,1,0,0,0,0,1,structuring
P00039949,C0133,雨林木风计算机传媒有限公司,SG Operations,CN,103663.69,19421.39,CNY,2025-05-27 01:13:00.000000,2025-05-27,0,0,1,0,0,0,0,1,structuring
P00017258,C0133,雨林木风计算机传媒有限公司,Shenzhen Sourcing,CN,103956.16,19152.47,CNY,2024-12-07 00:43:00.000000,2024-12-07,0,0,1,0,0,0,0,1,structuring
P00064089,C0133,雨林木风计算机传媒有限公司,Shanghai Mfg,CN,104025.07,19370.61,CNY,2025-11-13 02:23:00.000000,2025-11-13,0,0,1,0,0,0,0,1,structuring
P00100456,C0133,雨林木风计算机传媒有限公司,SG Operations,CN,104041.69,19472.34,CNY,2026-07-23 01:18:00.000000,2026-07-23,0,0,1,0,0,0,0,1,structuring
P00020484,C0133,雨林木风计算机传媒有限公司,Shenzhen Sourcing,CN,104057.51,19067.29,CNY,2025-01-02 01:07:00.000000,2025-01-02,0,0,1,0,0,0,0,1,structuring
P00099460,C0133,雨林木风计算机传媒有限公司,Group Treasury HQ,CN,104702.08,19415.74,CNY,2026-07-16 01:55:00.000000,2026-07-16,0,0,1,0,0,0,0,1,structuring
P00013274,C0133,雨林木风计算机传媒有限公司,SG Operations,CN,106019.48,19531.44,CNY,2024-11-07 01:19:00.000000,2024-11-07,0,0,1,0,0,0,0,1,structuring
P00008651,C0133,雨林木风计算机传媒有限公司,Germany GmbH,CN,106394.94,19650.83,CNY,2024-10-01 07:45:00.000000,2024-10-01,0,0,1,0,0,0,0,1,structuring
P00111100,C0133,雨林木风计算机传媒有限公司,Shenzhen Sourcing,CN,106493.66,19847.65,CNY,2026-09-29 02:45:00.000000,2026-09-29,0,0,1,0,0,1,0,2,"structuring, burst"
P00017404,C0133,雨林木风计算机传媒有限公司,Shenzhen Sourcing,CN,106790.58,19582.83,CNY,2024-12-09 09:33:00.000000,2024-12-09,0,0,1,0,0,0,0,1,structuring
P00081192,C0133,雨林木风计算机传媒有限公司,US Inc,CN,107393.58,19983.9,CNY,2026-03-12 14:25:00.000000,2026-03-12,0,0,1,0,0,0,0,1,structuring
P00077033,C0133,雨林木风计算机传媒有限公司,Shanghai Mfg,CN,107692.25,19919.73,CNY,2026-02-12 01:43:00.000000,2026-02-12,0,0,1,0,0,0,0,1,structuring
P00023090,C0133,雨林木风计算机传媒有限公司,SG Operations,CN,107782.65,19850.87,CNY,2025-01-21 02:22:00.000000,2025-01-21,0,0,1,0,0,0,0,1,structuring
P00111075,C0133,雨林木风计算机传媒有限公司,Shanghai Mfg,CN,110532.01,20617.98,CNY,2026-09-29 02:17:00.000000,2026-09-29,0,0,0,0,0,1,0,1,burst
P00070704,C0133,雨林木风计算机传媒有限公司,Shanghai Mfg,CN,114349.86,21455.24,CNY,2025-12-30 01:31:00.000000,2025-12-30,0,0,0,0,0,1,0,1,burst
P00111068,C0133,雨林木风计算机传媒有限公司,Shanghai Mfg,CN,115113.96,21472.67,CNY,2026-09-29 02:14:00.000000,2026-09-29,0,0,0,0,0,1,0,1,burst
P00111104,C0133,雨林木风计算机传媒有限公司,Shenzhen Sourcing,CN,118232.45,22054.37,CNY,2026-09-29 02:50:00.000000,2026-09-29,0,0,0,0,0,1,0,1,burst
P00111096,C0133,雨林木风计算机传媒有限公司,Shanghai Mfg,CN,121815.07,22722.65,CNY,2026-09-29 02:44:00.000000,2026-09-29,0,0,0,0,0,1,0,1,burst
P00111052,C0133,雨林木风计算机传媒有限公司,Shanghai Mfg,CN,128196.58,23913.02,CNY,2026-09-29 01:58:00.000000,2026-09-29,0,0,0,0,0,1,0,1,burst
P00043383,C0133,雨林木风计算机传媒有限公司,UK Ltd,CN,130860.1,24387.87,CNY,2025-06-19 09:35:00.000000,2025-06-19,0,0,0,0,1,0,0,1,duplicate
P00043390,C0133,雨林木风计算机传媒有限公司,UK Ltd,CN,130860.1,24387.87,CNY,2025-06-19 09:56:00.000000,2025-06-19,0,0,0,0,1,0,0,1,duplicate
P00111032,C0133,雨林木风计算机传媒有限公司,Shenzhen Sourcing,CN,137870.23,25717.49,CNY,2026-09-29 01:43:00.000000,2026-09-29,0,0,0,0,0,1,0,1,burst
P00096471,C0133,雨林木风计算机传媒有限公司,US Inc,CN,138779.81,25707.99,CNY,2026-06-25 14:02:00.000000,2026-06-25,0,0,0,0,0,1,0,1,burst
P00045112,C0133,雨林木风计算机传媒有限公司,SG Operations,CN,139264.56,26202.63,CNY,2025-07-02 17:42:00.000000,2025-07-02,0,0,0,0,0,0,1,1,off-hours
P00067324,C0133,雨林木风计算机传媒有限公司,US Inc,CN,140081.66,26088.67,CNY,2025-12-04 14:53:00.000000,2025-12-04,0,0,0,0,1,0,0,1,duplicate
P00067331,C0133,雨林木风计算机传媒有限公司,US Inc,CN,140081.66,26088.67,CNY,2025-12-04 15:15:00.000000,2025-12-04,0,0,0,0,1,0,0,1,duplicate
P00099154,C0133,雨林木风计算机传媒有限公司,Shanghai Mfg,CN,143762.23,26755.59,CNY,2026-07-14 07:14:00.000000,2026-07-14,0,0,0,0,1,0,0,1,duplicate
P00099160,C0133,雨林木风计算机传媒有限公司,Shanghai Mfg,CN,143762.23,26755.59,CNY,2026-07-14 07:20:00.000000,2026-07-14,0,0,0,0,1,0,0,1,duplicate
P00048156,C0133,雨林木风计算机传媒有限公司,Shanghai Mfg,CN,150459.29,28144.16,CNY,2025-07-24 01:16:00.000000,2025-07-24,0,0,0,0,0,1,0,1,burst
P00096312,C0133,雨林木风计算机传媒有限公司,Germany GmbH,CN,152484.18,28246.63,CNY,2026-06-25 07:04:00.000000,2026-06-25,0,0,0,0,0,1,0,1,burst
P00011425,C0133,雨林木风计算机传媒有限公司,Shanghai Mfg,CN,155064.83,28480.76,CNY,2024-10-24 02:42:00.000000,2024-10-24,0,0,0,0,0,1,0,1,burst
P00011372,C0133,雨林木风计算机传媒有限公司,Shenzhen Sourcing,CN,160041.68,29439.51,CNY,2024-10-24 01:21:00.000000,2024-10-24,0,0,0,0,0,1,0,1,burst
P00084919,C0133,雨林木风计算机传媒有限公司,Shenzhen Sourcing,CN,163674.13,30240.1,CNY,2026-04-08 20:28:00.000000,2026-04-08,0,0,0,0,0,0,1,1,off-hours
P00030455,C0133,雨林木风计算机传媒有限公司,Shenzhen Sourcing,CN,170198.12,31732.42,CNY,2025-03-17 17:32:00.000000,2025-03-17,0,0,0,0,0,0,1,1,off-hours
P00071071,C0133,雨林木风计算机传媒有限公司,US Inc,CN,182940.86,34248.54,CNY,2025-12-30 14:49:00.000000,2025-12-30,0,0,0,0,0,1,0,1,burst
P00048249,C0133,雨林木风计算机传媒有限公司,India Services,CN,185858.78,34765.81,CNY,2025-07-24 05:07:00.000000,2025-07-24,0,0,0,0,0,1,0,1,burst
P00035867,C0133,雨林木风计算机传媒有限公司,US Inc,CN,199465.56,37201.32,CNY,2025-04-24 18:40:00.000000,2025-04-24,0,0,0,0,1,0,0,1,duplicate
P00035870,C0133,雨林木风计算机传媒有限公司,US Inc,CN,199465.56,37253.78,CNY,2025-04-24 18:54:00.000000,2025-04-24,0,0,0,0,1,0,0,1,duplicate
P00052199,C0133,雨林木风计算机传媒有限公司,SG Operations,CN,215819.36,40458.36,CNY,2025-08-21 05:32:00.000000,2025-08-21,0,0,0,0,1,0,0,1,duplicate
P00052201,C0133,雨林木风计算机传媒有限公司,SG Operations,CN,215819.36,40420.38,CNY,2025-08-21 05:52:00.000000,2025-08-21,0,0,0,0,1,0,0,1,duplicate
P00111036,C0133,雨林木风计算机传媒有限公司,Shenzhen Sourcing,CN,216110.38,40311.93,CNY,2026-09-29 01:45:00.000000,2026-09-29,0,0,0,0,0,1,0,1,burst
P00096232,C0133,雨林木风计算机传媒有限公司,Shanghai Mfg,CN,228858.05,42422.27,CNY,2026-06-25 02:01:00.000000,2026-06-25,0,0,0,0,0,1,0,1,burst
P00070708,C0133,雨林木风计算机传媒有限公司,SG Operations,CN,231133.72,43367.16,CNY,2025-12-30 01:33:00.000000,2025-12-30,0,0,0,0,0,1,0,1,burst
P00070758,C0133,雨林木风计算机传媒有限公司,Group Treasury HQ,CN,285386.52,53546.5,CNY,2025-12-30 02:15:00.000000,2025-12-30,0,0,0,0,0,1,0,1,burst
P00048378,C0133,雨林木风计算机传媒有限公司,US Inc,CN,288642.16,54056.33,CNY,2025-07-24 13:01:00.000000,2025-07-24,0,0,0,0,0,1,0,1,burst
P00111080,C0133,雨林木风计算机传媒有限公司,Shenzhen Sourcing,CN,290526.26,54193.03,CNY,2026-09-29 02:19:00.000000,2026-09-29,0,0,0,0,0,1,0,1,burst
P00020256,C0133,雨林木风计算机传媒有限公司,Shenzhen Sourcing,CN,301845.58,55429.11,CNY,2024-12-31 02:27:00.000000,2024-12-31,0,0,0,0,1,0,0,1,duplicate
P00020265,C0133,雨林木风计算机传媒有限公司,Shenzhen Sourcing,CN,301845.58,55309.58,CNY,2024-12-31 02:46:00.000000,2024-12-31,0,0,0,0,1,0,0,1,duplicate
P00096230,C0133,雨林木风计算机传媒有限公司,SG Operations,CN,311105.27,57668.03,CNY,2026-06-25 02:01:00.000000,2026-06-25,0,0,0,0,0,1,0,1,burst
P00071093,C0133,雨林木风计算机传媒有限公司,US West Distribution,CN,318550.62,59636.18,CNY,2025-12-30 15:24:00.000000,2025-12-30,0,0,0,0,0,1,0,1,burst
P00048352,C0133,雨林木风计算机传媒有限公司,UK Ltd,CN,359142.92,67259.57,CNY,2025-07-24 09:49:00.000000,2025-07-24,0,0,0,0,0,1,0,1,burst
P00078934,C0133,雨林木风计算机传媒有限公司,Shanghai Mfg,CN,362618.51,67018.79,CNY,2026-02-26 05:55:00.000000,2026-02-26,0,0,0,0,1,0,0,1,duplicate
P00078935,C0133,雨林木风计算机传媒有限公司,Shanghai Mfg,CN,362618.51,67250.87,CNY,2026-02-26 05:57:00.000000,2026-02-26,0,0,0,0,1,0,0,1,duplicate
P00070782,C0133,雨林木风计算机传媒有限公司,Shenzhen Sourcing,CN,524802.79,98467.7,CNY,2025-12-30 02:34:00.000000,2025-12-30,0,0,0,0,0,1,0,1,burst
P00096188,C0133,雨林木风计算机传媒有限公司,SG Operations,CN,618683.23,114682.22,CNY,2026-06-25 01:12:00.000000,2026-06-25,0,0,0,0,0,1,0,1,burst
P00019789,C0133,雨林木风计算机传媒有限公司,SG Operations,CN,639268.55,117413.82,CNY,2024-12-26 07:06:00.000000,2024-12-26,0,0,0,0,1,0,0,1,duplicate
P00019790,C0133,雨林木风计算机传媒有限公司,SG Operations,CN,639268.55,117326.24,CNY,2024-12-26 07:18:00.000000,2024-12-26,0,0,0,0,1,0,0,1,duplicate
P00088970,C0133,雨林木风计算机传媒有限公司,Shanghai Mfg,CN,982253.44,183945.62,CNY,2026-05-06 17:07:00.000000,2026-05-06,0,0,0,0,0,0,1,1,off-hours
P00096414,C0133,雨林木风计算机传媒有限公司,UK Ltd,CN,1093386.39,202542.18,CNY,2026-06-25 09:50:00.000000,2026-06-25,0,0,0,0,0,1,0,1,burst
P00008853,C0134,Heidrich GmbH,Netherlands BV,DE,24.87,37.0,EUR,2024-10-02 21:59:00.000000,2024-10-02,0,0,0,0,0,0,1,1,off-hours
P00097717,C0134,Heidrich GmbH,SG Operations,DE,43.45,43.45,SGD,2026-07-05 20:08:00.000000,2026-07-05,0,0,0,0,0,0,1,1,off-hours
P00032444,C0134,Heidrich GmbH,Netherlands BV,DE,47.4,68.66,EUR,2025-04-01 04:01:00.000000,2025-04-01,0,0,0,0,0,0,1,1,off-hours
P00104169,C0134,Heidrich GmbH,Germany GmbH,DE,55.11,79.28,EUR,2026-08-17 04:23:00.000000,2026-08-17,0,0,0,0,0,0,1,1,off-hours
P00037796,C0134,Heidrich GmbH,Netherlands BV,DE,63.91,91.56,EUR,2025-05-09 04:44:00.000000,2025-05-09,0,0,0,0,0,0,1,1,off-hours
P00011279,C0134,Heidrich GmbH,Germany GmbH,DE,66.48,99.96,EUR,2024-10-23 04:34:00.000000,2024-10-23,0,0,0,0,0,0,1,1,off-hours
P00103601,C0134,Heidrich GmbH,Netherlands BV,DE,77.51,112.04,EUR,2026-08-12 04:42:00.000000,2026-08-12,0,0,0,0,0,0,1,1,off-hours
P00075069,C0134,Heidrich GmbH,Germany GmbH,DE,80.09,114.22,EUR,2026-01-29 04:54:00.000000,2026-01-29,0,0,0,0,0,0,1,1,off-hours
P00088185,C0134,Heidrich GmbH,Germany GmbH,DE,83.02,122.24,EUR,2026-04-30 04:47:00.000000,2026-04-30,0,0,0,0,0,0,1,1,off-hours
P00097036,C0134,Heidrich GmbH,Germany GmbH,DE,100.56,145.97,EUR,2026-06-30 04:58:00.000000,2026-06-30,0,0,0,0,0,0,1,1,off-hours
P00076710,C0134,Heidrich GmbH,Germany GmbH,DE,102.05,147.1,EUR,2026-02-10 04:54:00.000000,2026-02-10,0,0,0,0,0,0,1,1,off-hours
P00071024,C0134,Heidrich GmbH,UK Ltd,DE,110.28,186.33,GBP,2025-12-30 12:21:00.000000,2025-12-30,0,0,0,0,0,1,0,1,burst
P00042044,C0134,Heidrich GmbH,Germany GmbH,DE,120.48,175.48,EUR,2025-06-11 04:36:00.000000,2025-06-11,0,0,0,0,0,0,1,1,off-hours
P00108113,C0134,Heidrich GmbH,Germany GmbH,DE,138.02,201.37,EUR,2026-09-10 02:17:00.000000,2026-09-10,0,0,0,0,0,0,1,1,off-hours
P00071041,C0134,Heidrich GmbH,Germany GmbH,DE,139.56,197.89,EUR,2025-12-30 13:56:00.000000,2025-12-30,0,0,0,0,0,1,0,1,burst
P00035462,C0134,Heidrich GmbH,Germany Sales Office,DE,147.24,210.87,EUR,2025-04-23 04:00:00.000000,2025-04-23,0,0,0,0,0,0,1,1,off-hours
P00015189,C0134,Heidrich GmbH,Netherlands BV,DE,153.0,216.79,EUR,2024-11-21 03:57:00.000000,2024-11-21,0,0,0,0,0,0,1,1,off-hours
P00096680,C0134,Heidrich GmbH,Germany Sales Office,DE,182.0,263.12,EUR,2026-06-29 04:20:00.000000,2026-06-29,0,0,0,0,0,0,1,1,off-hours
P00062091,C0134,Heidrich GmbH,Netherlands BV,DE,211.45,300.38,EUR,2025-10-29 04:18:00.000000,2025-10-29,0,0,0,0,0,0,1,1,off-hours
P00107500,C0134,Heidrich GmbH,Germany GmbH,DE,214.57,313.48,EUR,2026-09-07 03:42:00.000000,2026-09-07,0,0,0,0,0,0,1,1,off-hours
P00071110,C0134,Heidrich GmbH,Germany Sales Office,DE,233.69,331.37,EUR,2025-12-30 15:50:00.000000,2025-12-30,0,0,0,0,0,1,0,1,burst
P00071008,C0134,Heidrich GmbH,Germany GmbH,DE,274.38,389.07,EUR,2025-12-30 10:50:00.000000,2025-12-30,0,0,0,0,0,1,0,1,burst
P00078071,C0134,Heidrich GmbH,Germany Sales Office,DE,274.87,391.97,EUR,2026-02-20 02:47:00.000000,2026-02-20,0,0,0,0,0,0,1,1,off-hours
P00086306,C0134,Heidrich GmbH,Germany GmbH,DE,398.46,576.32,EUR,2026-04-17 04:21:00.000000,2026-04-17,0,0,0,0,0,0,1,1,off-hours
P00080921,C0134,Heidrich GmbH,Shenzhen Sourcing,DE,400.21,74.59,CNY,2026-03-11 21:00:00.000000,2026-03-11,0,0,0,0,0,0,1,1,off-hours
P00083320,C0134,Heidrich GmbH,Shanghai Mfg,DE,708.18,130.76,CNY,2026-03-29 20:42:00.000000,2026-03-29,0,0,0,0,0,0,1,1,off-hours
P00062360,C0134,Heidrich GmbH,Germany GmbH,DE,829.55,1178.44,EUR,2025-10-30 09:26:00.000000,2025-10-30,0,0,0,0,1,0,0,1,duplicate
P00062378,C0134,Heidrich GmbH,Germany GmbH,DE,829.55,1178.44,EUR,2025-10-30 09:55:00.000000,2025-10-30,0,0,0,0,1,0,0,1,duplicate
P00009050,C0134,Heidrich GmbH,Group Treasury HQ,DE,870.75,870.75,SGD,2024-10-04 15:38:00.000000,2024-10-04,0,0,0,0,0,0,1,1,off-hours
P00095381,C0134,Heidrich GmbH,Germany GmbH,DE,905.9,1329.76,EUR,2026-06-18 09:19:00.000000,2026-06-18,0,0,0,0,1,0,0,1,duplicate
P00095383,C0134,Heidrich GmbH,Germany GmbH,DE,905.9,1329.76,EUR,2026-06-18 09:27:00.000000,2026-06-18,0,0,0,0,1,0,0,1,duplicate
P00103355,C0134,Heidrich GmbH,Shenzhen Sourcing,DE,906.74,169.86,CNY,2026-08-10 18:43:00.000000,2026-08-10,0,0,0,0,0,0,1,1,off-hours
P00035467,C0134,Heidrich GmbH,Netherlands BV,DE,930.9,1333.18,EUR,2025-04-23 04:29:00.000000,2025-04-23,0,0,0,0,0,0,1,1,off-hours
P00070904,C0134,Heidrich GmbH,Germany GmbH,DE,1125.66,1596.83,EUR,2025-12-30 08:30:00.000000,2025-12-30,0,0,0,0,0,1,0,1,burst
P00012184,C0134,Heidrich GmbH,Netherlands BV,DE,1323.95,1966.44,EUR,2024-10-29 10:07:00.000000,2024-10-29,0,0,0,0,1,0,0,1,duplicate
P00012189,C0134,Heidrich GmbH,Netherlands BV,DE,1323.95,1966.44,EUR,2024-10-29 10:25:00.000000,2024-10-29,0,0,0,0,1,0,0,1,duplicate
P00070806,C0134,Heidrich GmbH,Shenzhen Sourcing,DE,1479.06,276.49,CNY,2025-12-30 03:00:00.000000,2025-12-30,0,0,0,0,0,1,0,1,burst
P00070722,C0134,Heidrich GmbH,SG Operations,DE,1671.48,2372.24,EUR,2025-12-30 01:43:00.000000,2025-12-30,0,0,0,0,0,1,0,1,burst
P00036311,C0134,Heidrich GmbH,Shenzhen Sourcing,DE,1675.13,2407.99,EUR,2025-04-28 20:19:00.000000,2025-04-28,0,0,0,0,0,0,1,1,off-hours
P00070934,C0134,Heidrich GmbH,Netherlands BV,DE,1777.19,2522.26,EUR,2025-12-30 08:59:00.000000,2025-12-30,0,0,0,0,0,1,0,1,burst
P00088166,C0134,Heidrich GmbH,SG Operations,DE,1911.09,2816.55,EUR,2026-04-30 03:24:00.000000,2026-04-30,0,0,0,0,1,0,0,1,duplicate
P00088171,C0134,Heidrich GmbH,SG Operations,DE,1911.09,2816.55,EUR,2026-04-30 03:39:00.000000,2026-04-30,0,0,0,0,1,0,0,1,duplicate
P00026377,C0134,Heidrich GmbH,US Inc,DE,1917.85,2756.43,EUR,2025-02-13 14:38:00.000000,2025-02-13,0,0,0,0,1,0,0,1,duplicate
P00026382,C0134,Heidrich GmbH,US Inc,DE,1917.85,2766.74,EUR,2025-02-13 14:47:00.000000,2025-02-13,0,0,0,0,1,0,0,1,duplicate
P00018922,C0134,Heidrich GmbH,UK Ltd,DE,2064.74,2885.63,EUR,2024-12-19 10:55:00.000000,2024-12-19,0,0,0,0,1,0,0,1,duplicate
P00018924,C0134,Heidrich GmbH,UK Ltd,DE,2064.74,2885.63,EUR,2024-12-19 11:15:00.000000,2024-12-19,0,0,0,0,1,0,0,1,duplicate
P00012570,C0134,Heidrich GmbH,Germany GmbH,DE,2169.17,3158.91,EUR,2024-10-31 14:52:00.000000,2024-10-31,0,0,0,0,1,0,0,1,duplicate
P00012575,C0134,Heidrich GmbH,Germany GmbH,DE,2169.17,3158.91,EUR,2024-10-31 15:04:00.000000,2024-10-31,0,0,0,0,1,0,0,1,duplicate
P00070909,C0134,Heidrich GmbH,Germany Sales Office,DE,2212.79,3139.0,EUR,2025-12-30 08:34:00.000000,2025-12-30,0,0,0,0,0,1,0,1,burst
P00070965,C0134,Heidrich GmbH,UK Ltd,DE,2227.98,3162.05,EUR,2025-12-30 09:30:00.000000,2025-12-30,0,0,0,0,0,1,0,1,burst
P00024454,C0134,Heidrich GmbH,US West Distribution,DE,2441.12,3531.11,EUR,2025-01-30 19:17:00.000000,2025-01-30,0,0,0,0,1,0,0,1,duplicate
P00024458,C0134,Heidrich GmbH,US West Distribution,DE,2441.12,3531.11,EUR,2025-01-30 19:47:00.000000,2025-01-30,0,0,0,0,1,0,0,1,duplicate
P00064270,C0134,Heidrich GmbH,Netherlands BV,DE,2481.49,3535.71,EUR,2025-11-13 14:46:00.000000,2025-11-13,0,0,0,0,1,0,0,1,duplicate
P00064276,C0134,Heidrich GmbH,Netherlands BV,DE,2481.49,3542.45,EUR,2025-11-13 15:11:00.000000,2025-11-13,0,0,0,0,1,0,0,1,duplicate
P00111239,C0134,Heidrich GmbH,Netherlands BV,DE,2641.6,3757.03,EUR,2026-09-29 11:19:00.000000,2026-09-29,0,0,0,0,1,0,0,1,duplicate
P00111244,C0134,Heidrich GmbH,Netherlands BV,DE,2641.6,3751.33,EUR,2026-09-29 11:44:00.000000,2026-09-29,0,0,0,0,1,0,0,1,duplicate
P00070743,C0134,Heidrich GmbH,SG Operations,DE,2703.51,3836.94,EUR,2025-12-30 01:59:00.000000,2025-12-30,0,0,0,0,0,1,0,1,burst
P00051190,C0134,Heidrich GmbH,Shanghai Mfg,DE,2822.2,4083.26,EUR,2025-08-14 05:57:00.000000,2025-08-14,0,0,0,0,1,0,0,1,duplicate
P00051191,C0134,Heidrich GmbH,Shanghai Mfg,DE,2822.2,4083.26,EUR,2025-08-14 05:59:00.000000,2025-08-14,0,0,0,0,1,0,0,1,duplicate
P00070907,C0134,Heidrich GmbH,Netherlands BV,DE,2837.3,4026.82,EUR,2025-12-30 08:33:00.000000,2025-12-30,0,0,0,0,0,1,0,1,burst
P00070946,C0134,Heidrich GmbH,Germany GmbH,DE,2848.69,4041.06,EUR,2025-12-30 09:08:00.000000,2025-12-30,0,0,0,0,0,1,0,1,burst
P00070878,C0134,Heidrich GmbH,Netherlands BV,DE,2866.82,4068.71,EUR,2025-12-30 08:01:00.000000,2025-12-30,0,0,0,0,0,1,0,1,burst
P00070956,C0134,Heidrich GmbH,Germany Sales Office,DE,3510.9,4980.45,EUR,2025-12-30 09:19:00.000000,2025-12-30,0,0,0,0,0,1,0,1,burst
P00031919,C0134,Heidrich GmbH,Germany GmbH,DE,3522.73,5072.82,EUR,2025-03-27 10:29:00.000000,2025-03-27,0,0,0,0,1,0,0,1,duplicate
P00031925,C0134,Heidrich GmbH,Germany GmbH,DE,3522.73,5072.82,EUR,2025-03-27 10:57:00.000000,2025-03-27,0,0,0,0,1,0,0,1,duplicate
P00069830,C0134,Heidrich GmbH,Germany GmbH,DE,3533.73,4997.45,EUR,2025-12-23 03:53:00.000000,2025-12-23,0,0,0,0,0,0,1,1,off-hours
P00070922,C0134,Heidrich GmbH,Netherlands BV,DE,3818.19,5418.94,EUR,2025-12-30 08:41:00.000000,2025-12-30,0,0,0,0,0,1,0,1,burst
P00023097,C0134,Heidrich GmbH,Germany GmbH,DE,3972.44,5561.16,EUR,2025-01-21 02:36:00.000000,2025-01-21,0,0,0,0,0,0,1,1,off-hours
P00075191,C0134,Heidrich GmbH,Germany GmbH,DE,3982.12,5679.19,EUR,2026-01-29 13:39:00.000000,2026-01-29,0,0,0,0,1,0,0,1,duplicate
P00075193,C0134,Heidrich GmbH,Germany GmbH,DE,3982.12,5679.19,EUR,2026-01-29 13:57:00.000000,2026-01-29,0,0,0,0,1,0,0,1,duplicate
P00109185,C0134,Heidrich GmbH,UK Ltd,DE,4619.74,6647.39,EUR,2026-09-17 00:29:00.000000,2026-09-17,0,0,0,0,0,0,1,1,off-hours
P00087213,C0134,Heidrich GmbH,Germany GmbH,DE,4768.67,6920.12,EUR,2026-04-23 13:04:00.000000,2026-04-23,0,0,0,0,1,0,0,1,duplicate
P00087214,C0134,Heidrich GmbH,Germany GmbH,DE,4768.67,6920.12,EUR,2026-04-23 13:07:00.000000,2026-04-23,0,0,0,0,1,0,0,1,duplicate
P00094829,C0134,Heidrich GmbH,Germany GmbH,DE,4799.78,7112.07,EUR,2026-06-16 01:49:00.000000,2026-06-16,0,0,0,0,0,0,1,1,off-hours
P00070954,C0134,Heidrich GmbH,Germany GmbH,DE,4984.09,7067.35,EUR,2025-12-30 09:18:00.000000,2025-12-30,0,0,0,0,0,1,0,1,burst
P00070981,C0134,Heidrich GmbH,Netherlands BV,DE,5052.53,7170.77,EUR,2025-12-30 09:49:00.000000,2025-12-30,0,0,0,0,0,1,0,1,burst
P00071113,C0134,Heidrich GmbH,US Inc,DE,5623.92,7977.92,EUR,2025-12-30 15:55:00.000000,2025-12-30,0,0,0,0,0,1,0,1,burst
P00070886,C0134,Heidrich GmbH,Germany GmbH,DE,5624.7,7979.03,EUR,2025-12-30 08:12:00.000000,2025-12-30,0,0,0,0,0,1,0,1,burst
P00070843,C0134,Heidrich GmbH,SG Operations,DE,5773.77,5773.77,SGD,2025-12-30 06:22:00.000000,2025-12-30,0,0,0,0,0,1,0,1,burst
P00068261,C0134,Heidrich GmbH,Germany GmbH,DE,5775.02,8225.27,EUR,2025-12-11 13:47:00.000000,2025-12-11,0,0,0,0,1,0,0,1,duplicate
P00068273,C0134,Heidrich GmbH,Germany GmbH,DE,5775.02,8225.27,EUR,2025-12-11 14:16:00.000000,2025-12-11,0,0,0,0,1,0,0,1,duplicate
P00042212,C0134,Heidrich GmbH,Shenzhen Sourcing,DE,5806.68,8499.25,EUR,2025-06-12 03:33:00.000000,2025-06-12,0,0,0,0,1,0,0,1,duplicate
P00042215,C0134,Heidrich GmbH,Shenzhen Sourcing,DE,5806.68,8499.25,EUR,2025-06-12 03:42:00.000000,2025-06-12,0,0,0,0,1,0,0,1,duplicate
P00099616,C0134,Heidrich GmbH,Germany GmbH,DE,5812.53,8555.24,EUR,2026-07-16 09:26:00.000000,2026-07-16,0,0,0,0,1,0,0,1,duplicate
P00099618,C0134,Heidrich GmbH,Germany GmbH,DE,5812.53,8555.24,EUR,2026-07-16 09:34:00.000000,2026-07-16,0,0,0,0,1,0,0,1,duplicate
P00070988,C0134,Heidrich GmbH,Netherlands BV,DE,5908.61,8385.75,EUR,2025-12-30 09:56:00.000000,2025-12-30,0,0,0,0,0,1,0,1,burst
P00049346,C0134,Heidrich GmbH,US Inc,DE,6100.12,8769.58,EUR,2025-07-31 08:31:00.000000,2025-07-31,0,0,0,0,0,0,1,1,off-hours
P00103956,C0134,Heidrich GmbH,Germany GmbH,DE,6270.29,8996.39,EUR,2026-08-13 13:43:00.000000,2026-08-13,0,0,0,0,1,0,0,1,duplicate
P00103963,C0134,Heidrich GmbH,Germany GmbH,DE,6270.29,8996.39,EUR,2026-08-13 14:02:00.000000,2026-08-13,0,0,0,0,1,0,0,1,duplicate
P00070855,C0134,Heidrich GmbH,SG Operations,DE,6275.76,6275.76,SGD,2025-12-30 07:01:00.000000,2025-12-30,0,0,0,0,0,1,0,1,burst
P00092194,C0134,Heidrich GmbH,UK Ltd,DE,6570.24,9733.03,EUR,2026-05-28 08:05:00.000000,2026-05-28,0,0,0,0,1,0,0,1,duplicate
P00092205,C0134,Heidrich GmbH,UK Ltd,DE,6570.24,9733.03,EUR,2026-05-28 08:16:00.000000,2026-05-28,0,0,0,0,1,0,0,1,duplicate
P00074660,C0134,Heidrich GmbH,Germany Sales Office,DE,6723.91,9611.24,EUR,2026-01-27 00:23:00.000000,2026-01-27,0,0,0,0,0,0,1,1,off-hours
P00099421,C0134,Heidrich GmbH,Germany GmbH,DE,6768.27,9961.96,EUR,2026-07-16 00:46:00.000000,2026-07-16,0,0,0,0,0,0,1,1,off-hours
P00070856,C0134,Heidrich GmbH,SG Operations,DE,7364.1,7364.1,SGD,2025-12-30 07:03:00.000000,2025-12-30,0,0,0,0,0,1,0,1,burst
P00070842,C0134,Heidrich GmbH,SG Operations,DE,7380.84,7380.84,SGD,2025-12-30 06:20:00.000000,2025-12-30,0,0,0,0,0,1,0,1,burst
P00071827,C0134,Heidrich GmbH,Germany GmbH,DE,7438.34,10717.31,EUR,2026-01-06 09:18:00.000000,2026-01-06,0,0,0,0,1,0,0,1,duplicate
P00071830,C0134,Heidrich GmbH,Germany GmbH,DE,7438.34,10717.31,EUR,2026-01-06 09:22:00.000000,2026-01-06,0,0,0,0,1,0,0,1,duplicate
P00026930,C0134,Heidrich GmbH,Netherlands BV,DE,7517.47,10815.1,EUR,2025-02-18 11:56:00.000000,2025-02-18,0,0,0,0,1,0,0,1,duplicate
P00026931,C0134,Heidrich GmbH,Netherlands BV,DE,7517.47,10815.1,EUR,2025-02-18 12:04:00.000000,2025-02-18,0,0,0,0,1,0,0,1,duplicate
P00070967,C0134,Heidrich GmbH,Germany Sales Office,DE,7739.68,10979.27,EUR,2025-12-30 09:33:00.000000,2025-12-30,0,0,0,0,0,1,0,1,burst
P00070930,C0134,Heidrich GmbH,Germany GmbH,DE,8193.09,11622.46,EUR,2025-12-30 08:54:00.000000,2025-12-30,0,0,0,0,0,1,0,1,burst
P00053852,C0134,Heidrich GmbH,Germany GmbH,DE,8242.13,12157.97,EUR,2025-09-02 07:54:00.000000,2025-09-02,0,0,0,0,1,0,0,1,duplicate
P00053854,C0134,Heidrich GmbH,Germany GmbH,DE,8242.13,12157.97,EUR,2025-09-02 08:09:00.000000,2025-09-02,0,0,0,0,1,0,0,1,duplicate
P00070844,C0134,Heidrich GmbH,SG Operations,DE,8372.95,8372.95,SGD,2025-12-30 06:27:00.000000,2025-12-30,0,0,0,0,0,1,0,1,burst
P00028174,C0134,Heidrich GmbH,Germany GmbH,DE,8449.06,12248.69,EUR,2025-02-27 09:56:00.000000,2025-02-27,0,0,0,0,1,0,0,1,duplicate
P00028185,C0134,Heidrich GmbH,Germany GmbH,DE,8449.06,12248.69,EUR,2025-02-27 10:23:00.000000,2025-02-27,0,0,0,0,1,0,0,1,duplicate
P00084249,C0134,Heidrich GmbH,Germany GmbH,DE,8620.04,12425.51,EUR,2026-04-02 12:32:00.000000,2026-04-02,0,0,0,0,1,0,0,1,duplicate
P00084250,C0134,Heidrich GmbH,Germany GmbH,DE,8620.04,12425.51,EUR,2026-04-02 12:36:00.000000,2026-04-02,0,0,0,0,1,0,0,1,duplicate
P00037715,C0134,Heidrich GmbH,UK Ltd,DE,9241.86,13197.3,EUR,2025-05-08 12:06:00.000000,2025-05-08,0,0,0,0,1,0,0,1,duplicate
P00037716,C0134,Heidrich GmbH,UK Ltd,DE,9241.86,13141.88,EUR,2025-05-08 12:24:00.000000,2025-05-08,0,0,0,0,1,0,0,1,duplicate
P00070888,C0134,Heidrich GmbH,Netherlands BV,DE,9327.79,13238.4,EUR,2025-12-30 08:12:00.000000,2025-12-30,0,0,0,0,0,1,0,1,burst
P00026918,C0134,Heidrich GmbH,Germany GmbH,DE,9406.54,13519.08,EUR,2025-02-18 10:51:00.000000,2025-02-18,0,0,0,0,1,0,0,1,duplicate
P00026921,C0134,Heidrich GmbH,Germany GmbH,DE,9406.54,13519.08,EUR,2025-02-18 10:57:00.000000,2025-02-18,0,0,0,0,1,0,0,1,duplicate
P00070852,C0134,Heidrich GmbH,SG Operations,DE,9411.06,9411.06,SGD,2025-12-30 06:53:00.000000,2025-12-30,0,0,0,0,0,1,0,1,burst
P00070744,C0134,Heidrich GmbH,Group Treasury HQ,DE,9637.2,13677.53,EUR,2025-12-30 02:01:00.000000,2025-12-30,0,0,0,0,0,1,0,1,burst
P00030063,C0134,Heidrich GmbH,Netherlands BV,DE,9849.39,14262.68,EUR,2025-03-13 13:23:00.000000,2025-03-13,0,0,0,0,1,0,0,1,duplicate
P00030068,C0134,Heidrich GmbH,Netherlands BV,DE,9849.39,14314.17,EUR,2025-03-13 13:30:00.000000,2025-03-13,0,0,0,0,1,0,0,1,duplicate
P00053347,C0134,Heidrich GmbH,Netherlands BV,DE,10000.0,14633.79,EUR,2025-08-28 14:38:00.000000,2025-08-28,0,1,0,0,0,0,0,1,round amount
P00070857,C0134,Heidrich GmbH,SG Operations,DE,10225.7,10225.7,SGD,2025-12-30 07:03:00.000000,2025-12-30,0,0,0,0,0,1,0,1,burst
P00101790,C0134,Heidrich GmbH,Germany GmbH,DE,10415.89,15175.79,EUR,2026-07-30 11:02:00.000000,2026-07-30,0,0,0,0,1,0,0,1,duplicate
P00101793,C0134,Heidrich GmbH,Germany GmbH,DE,10415.89,15175.79,EUR,2026-07-30 11:10:00.000000,2026-07-30,0,0,0,0,1,0,0,1,duplicate
P00070854,C0134,Heidrich GmbH,SG Operations,DE,10952.41,10952.41,SGD,2025-12-30 06:55:00.000000,2025-12-30,0,0,0,0,0,1,0,1,burst
P00070850,C0134,Heidrich GmbH,SG Operations,DE,11175.32,11175.32,SGD,2025-12-30 06:51:00.000000,2025-12-30,0,0,0,0,0,1,0,1,burst
P00058057,C0134,Heidrich GmbH,Germany GmbH,DE,11192.17,16286.03,EUR,2025-09-30 11:51:00.000000,2025-09-30,0,0,0,0,1,0,0,1,duplicate
P00058061,C0134,Heidrich GmbH,Germany GmbH,DE,11192.17,16286.03,EUR,2025-09-30 12:16:00.000000,2025-09-30,0,0,0,0,1,0,0,1,duplicate
P00048134,C0134,Heidrich GmbH,Netherlands BV,DE,11514.21,16780.58,EUR,2025-07-23 23:04:00.000000,2025-07-23,0,0,0,0,0,0,1,1,off-hours
P00070858,C0134,Heidrich GmbH,SG Operations,DE,11762.89,11762.89,SGD,2025-12-30 07:05:00.000000,2025-12-30,0,0,0,0,0,1,0,1,burst
P00070851,C0134,Heidrich GmbH,SG Operations,DE,11791.86,11791.86,SGD,2025-12-30 06:53:00.000000,2025-12-30,0,0,0,0,0,1,0,1,burst
P00041190,C0134,Heidrich GmbH,India Services,DE,11868.22,189.9,INR,2025-06-04 16:40:00.000000,2025-06-04,0,0,0,0,0,0,1,1,off-hours
P00059860,C0134,Heidrich GmbH,Germany GmbH,DE,12014.95,17403.03,EUR,2025-10-14 09:11:00.000000,2025-10-14,0,0,0,0,1,0,0,1,duplicate
P00059861,C0134,Heidrich GmbH,Germany GmbH,DE,12014.95,17403.03,EUR,2025-10-14 09:33:00.000000,2025-10-14,0,0,0,0,1,0,0,1,duplicate
P00070993,C0134,Heidrich GmbH,Netherlands BV,DE,12111.93,17189.77,EUR,2025-12-30 09:58:00.000000,2025-12-30,0,0,0,0,0,1,0,1,burst
P00047272,C0134,Heidrich GmbH,Netherlands BV,DE,12304.73,18114.4,EUR,2025-07-17 08:59:00.000000,2025-07-17,0,0,1,0,0,0,0,1,structuring
P00097666,C0134,Heidrich GmbH,Germany GmbH,DE,12327.55,18064.35,EUR,2026-07-03 08:30:00.000000,2026-07-03,0,0,1,0,0,0,0,1,structuring
P00095343,C0134,Heidrich GmbH,Germany GmbH,DE,12327.88,18095.89,EUR,2026-06-18 08:23:00.000000,2026-06-18,0,0,1,0,0,0,0,1,structuring
P00070853,C0134,Heidrich GmbH,SG Operations,DE,12338.39,12338.39,SGD,2025-12-30 06:54:00.000000,2025-12-30,0,0,0,0,0,1,0,1,burst
P00089817,C0134,Heidrich GmbH,Germany GmbH,DE,12358.73,18100.18,EUR,2026-05-12 08:49:00.000000,2026-05-12,0,0,1,0,0,0,0,1,structuring
P00094881,C0134,Heidrich GmbH,Germany Sales Office,DE,12363.41,18319.48,EUR,2026-06-16 07:11:00.000000,2026-06-16,0,0,1,0,0,0,0,1,structuring
P00047799,C0134,Heidrich GmbH,SG Operations,DE,12364.75,18018.11,EUR,2025-07-22 01:10:00.000000,2025-07-22,0,0,1,0,0,0,0,1,structuring
P00053858,C0134,Heidrich GmbH,Netherlands BV,DE,12371.88,18218.16,EUR,2025-09-02 08:17:00.000000,2025-09-02,0,0,1,0,0,0,0,1,structuring
P00058338,C0134,Heidrich GmbH,Netherlands BV,DE,12435.93,18180.72,EUR,2025-10-02 08:35:00.000000,2025-10-02,0,0,1,0,0,0,0,1,structuring
P00054302,C0134,Heidrich GmbH,Netherlands BV,DE,12456.81,18344.18,EUR,2025-09-04 08:34:00.000000,2025-09-04,0,0,1,0,0,0,0,1,structuring
P00103833,C0134,Heidrich GmbH,Germany Sales Office,DE,12469.53,18024.24,EUR,2026-08-13 07:27:00.000000,2026-08-13,0,0,1,0,0,0,0,1,structuring
P00084184,C0134,Heidrich GmbH,Germany GmbH,DE,12482.43,18090.16,EUR,2026-04-02 08:20:00.000000,2026-04-02,0,0,1,0,0,0,0,1,structuring
P00024834,C0134,Heidrich GmbH,Netherlands BV,DE,12491.68,18136.43,EUR,2025-02-04 08:32:00.000000,2025-02-04,0,0,1,0,0,0,0,1,structuring
P00077245,C0134,Heidrich GmbH,Germany GmbH,DE,12493.47,18013.45,EUR,2026-02-12 09:50:00.000000,2026-02-12,0,0,1,0,0,0,0,1,structuring
P00043204,C0134,Heidrich GmbH,Netherlands BV,DE,12510.08,18154.42,EUR,2025-06-19 01:28:00.000000,2025-06-19,0,0,1,0,0,0,1,2,"structuring, off-hours"
P00085772,C0134,Heidrich GmbH,Germany GmbH,DE,12514.71,18090.2,EUR,2026-04-14 08:43:00.000000,2026-04-14,0,0,1,0,0,0,0,1,structuring
P00042307,C0134,Heidrich GmbH,Germany GmbH,DE,12536.98,18259.96,EUR,2025-06-12 08:52:00.000000,2025-06-12,0,0,1,0,0,0,0,1,structuring
P00047222,C0134,Heidrich GmbH,Germany Sales Office,DE,12544.15,18466.86,EUR,2025-07-17 07:46:00.000000,2025-07-17,0,0,1,0,0,0,0,1,structuring
P00083688,C0134,Heidrich GmbH,Shenzhen Sourcing,DE,12565.73,18106.53,EUR,2026-03-31 02:46:00.000000,2026-03-31,0,0,1,0,0,0,0,1,structuring
P00101343,C0134,Heidrich GmbH,US Inc,DE,12575.44,18257.84,EUR,2026-07-28 13:08:00.000000,2026-07-28,0,0,1,0,0,0,0,1,structuring
P00049344,C0134,Heidrich GmbH,Germany GmbH,DE,12621.82,18164.68,EUR,2025-07-31 08:30:00.000000,2025-07-31,0,0,1,0,0,0,0,1,structuring
P00070984,C0134,Heidrich GmbH,Germany GmbH,DE,12634.47,17922.87,EUR,2025-12-30 09:51:00.000000,2025-12-30,0,0,0,0,0,1,0,1,burst
P00035817,C0134,Heidrich GmbH,US Inc,DE,12651.93,18233.33,EUR,2025-04-24 13:47:00.000000,2025-04-24,0,0,1,0,0,0,0,1,structuring
P00034827,C0134,Heidrich GmbH,Germany GmbH,DE,12652.13,18184.56,EUR,2025-04-17 08:15:00.000000,2025-04-17,0,0,1,0,0,0,0,1,structuring
P00110432,C0134,Heidrich GmbH,Netherlands BV,DE,12678.95,18103.65,EUR,2026-09-24 07:24:00.000000,2026-09-24,0,0,1,0,0,0,0,1,structuring
P00045269,C0134,Heidrich GmbH,Germany GmbH,DE,12730.77,18437.44,EUR,2025-07-03 08:00:00.000000,2025-07-03,0,0,1,0,0,0,0,1,structuring
P00102868,C0134,Heidrich GmbH,Germany GmbH,DE,12740.04,18373.69,EUR,2026-08-06 08:41:00.000000,2026-08-06,0,0,1,0,0,0,0,1,structuring
P00012492,C0134,Heidrich GmbH,Netherlands BV,DE,12745.76,18757.73,EUR,2024-10-31 09:23:00.000000,2024-10-31,0,0,1,0,0,0,0,1,structuring
P00048933,C0134,Heidrich GmbH,Germany GmbH,DE,12753.11,18330.2,EUR,2025-07-29 08:56:00.000000,2025-07-29,0,0,1,0,0,0,0,1,structuring
P00042296,C0134,Heidrich GmbH,Germany GmbH,DE,12799.5,18642.32,EUR,2025-06-12 08:36:00.000000,2025-06-12,0,0,1,0,0,0,0,1,structuring
P00009759,C0134,Heidrich GmbH,Germany GmbH,DE,12836.05,19218.99,EUR,2024-10-10 08:02:00.000000,2024-10-10,0,0,1,0,0,0,0,1,structuring
P00065836,C0134,Heidrich GmbH,Netherlands BV,DE,12853.32,18092.99,EUR,2025-11-25 09:07:00.000000,2025-11-25,0,0,1,0,0,0,0,1,structuring
P00049858,C0134,Heidrich GmbH,SG Operations,DE,12853.35,18526.95,EUR,2025-08-05 02:41:00.000000,2025-08-05,0,0,1,0,0,0,0,1,structuring
P00040078,C0134,Heidrich GmbH,Netherlands BV,DE,12859.18,18890.38,EUR,2025-05-27 07:40:00.000000,2025-05-27,0,0,1,0,0,0,0,1,structuring
P00089863,C0134,Heidrich GmbH,US West Distribution,DE,12860.86,18835.58,EUR,2026-05-12 13:16:00.000000,2026-05-12,0,0,1,0,0,0,0,1,structuring
P00050881,C0134,Heidrich GmbH,Germany GmbH,DE,12875.54,18718.49,EUR,2025-08-12 08:09:00.000000,2025-08-12,0,0,1,0,0,0,0,1,structuring
P00063275,C0134,Heidrich GmbH,Germany GmbH,DE,12875.81,18355.06,EUR,2025-11-06 09:40:00.000000,2025-11-06,0,0,1,0,0,0,0,1,structuring
P00085744,C0134,Heidrich GmbH,Netherlands BV,DE,12890.85,18771.94,EUR,2026-04-14 07:26:00.000000,2026-04-14,0,0,1,0,0,0,0,1,structuring
P00040920,C0134,Heidrich GmbH,SG Operations,DE,12897.71,18895.48,EUR,2025-06-03 01:37:00.000000,2025-06-03,0,0,1,0,0,0,0,1,structuring
P00010596,C0134,Heidrich GmbH,Germany GmbH,DE,12917.63,19450.99,EUR,2024-10-17 07:13:00.000000,2024-10-17,0,0,1,0,0,0,0,1,structuring
P00061026,C0134,Heidrich GmbH,Group Treasury HQ,DE,12927.18,18349.33,EUR,2025-10-22 08:18:00.000000,2025-10-22,0,0,1,0,0,0,0,1,structuring
P00077181,C0134,Heidrich GmbH,Netherlands BV,DE,12933.26,18642.6,EUR,2026-02-12 08:10:00.000000,2026-02-12,0,0,1,0,0,0,0,1,structuring
P00066312,C0134,Heidrich GmbH,UK Ltd,DE,12936.51,18090.84,EUR,2025-11-27 10:03:00.000000,2025-11-27,0,0,1,0,0,0,0,1,structuring
P00096321,C0134,Heidrich GmbH,Germany GmbH,DE,12944.17,18757.72,EUR,2026-06-25 07:20:00.000000,2026-06-25,0,0,1,0,0,0,0,1,structuring
P00043242,C0134,Heidrich GmbH,Shanghai Mfg,DE,12952.63,18796.64,EUR,2025-06-19 02:23:00.000000,2025-06-19,0,0,1,0,0,0,0,1,structuring
P00010637,C0134,Heidrich GmbH,Germany GmbH,DE,12952.7,19503.8,EUR,2024-10-17 08:30:00.000000,2024-10-17,0,0,1,0,0,0,0,1,structuring
P00059241,C0134,Heidrich GmbH,Germany GmbH,DE,12961.87,18913.7,EUR,2025-10-09 08:15:00.000000,2025-10-09,0,0,1,0,0,0,0,1,structuring
P00080032,C0134,Heidrich GmbH,Germany Sales Office,DE,12973.16,18484.4,EUR,2026-03-05 09:03:00.000000,2026-03-05,0,0,1,0,0,0,0,1,structuring
P00010625,C0134,Heidrich GmbH,UK Ltd,DE,12980.02,19529.75,EUR,2024-10-17 08:06:00.000000,2024-10-17,0,0,1,0,0,0,0,1,structuring
P00053767,C0134,Heidrich GmbH,Shanghai Mfg,DE,12986.15,19122.7,EUR,2025-09-02 01:47:00.000000,2025-09-02,0,0,1,0,0,0,0,1,structuring
P00103649,C0134,Heidrich GmbH,Germany GmbH,DE,13000.51,18728.56,EUR,2026-08-12 10:44:00.000000,2026-08-12,0,0,1,0,0,0,0,1,structuring
P00041369,C0134,Heidrich GmbH,Germany GmbH,DE,13004.02,19126.7,EUR,2025-06-05 08:43:00.000000,2025-06-05,0,0,1,0,0,0,0,1,structuring
P00077222,C0134,Heidrich GmbH,Germany GmbH,DE,13037.8,18878.64,EUR,2026-02-12 09:19:00.000000,2026-02-12,0,0,1,0,0,0,0,1,structuring
P00039733,C0134,Heidrich GmbH,Group Treasury HQ,DE,13053.14,18980.98,EUR,2025-05-26 01:59:00.000000,2025-05-26,0,0,1,0,0,0,0,1,structuring
P00083063,C0134,Heidrich GmbH,Netherlands BV,DE,13054.51,18758.12,EUR,2026-03-26 09:30:00.000000,2026-03-26,0,0,1,0,0,0,0,1,structuring
P00101684,C0134,Heidrich GmbH,Germany Sales Office,DE,13070.85,18859.34,EUR,2026-07-30 07:16:00.000000,2026-07-30,0,0,1,0,0,0,0,1,structuring
P00086136,C0134,Heidrich GmbH,Germany GmbH,DE,13072.61,18815.56,EUR,2026-04-16 07:53:00.000000,2026-04-16,0,0,1,0,0,0,0,1,structuring
P00021636,C0134,Heidrich GmbH,Germany GmbH,DE,13074.1,18456.73,EUR,2025-01-09 08:00:00.000000,2025-01-09,0,0,1,0,0,0,0,1,structuring
P00069260,C0134,Heidrich GmbH,Germany GmbH,DE,13080.22,18399.37,EUR,2025-12-18 09:01:00.000000,2025-12-18,0,0,1,0,0,0,0,1,structuring
P00053851,C0134,Heidrich GmbH,Germany GmbH,DE,13103.63,19329.16,EUR,2025-09-02 07:53:00.000000,2025-09-02,0,0,1,0,0,0,0,1,structuring
P00027250,C0134,Heidrich GmbH,Germany GmbH,DE,13114.61,18921.65,EUR,2025-02-20 08:49:00.000000,2025-02-20,0,0,1,0,0,0,0,1,structuring
P00055277,C0134,Heidrich GmbH,Germany GmbH,DE,13154.23,19080.33,EUR,2025-09-11 08:37:00.000000,2025-09-11,0,0,1,0,0,0,0,1,structuring
P00035309,C0134,Heidrich GmbH,Netherlands BV,DE,13172.39,18932.32,EUR,2025-04-22 07:25:00.000000,2025-04-22,0,0,1,0,0,0,0,1,structuring
P00069250,C0134,Heidrich GmbH,Netherlands BV,DE,13199.65,18561.69,EUR,2025-12-18 08:42:00.000000,2025-12-18,0,0,1,0,0,0,0,1,structuring
P00019528,C0134,Heidrich GmbH,Netherlands BV,DE,13199.76,18423.47,EUR,2024-12-24 09:53:00.000000,2024-12-24,0,0,1,0,0,0,0,1,structuring
P00097508,C0134,Heidrich GmbH,Germany GmbH,DE,13212.68,19312.37,EUR,2026-07-02 08:14:00.000000,2026-07-02,0,0,1,0,0,0,0,1,structuring
P00081049,C0134,Heidrich GmbH,Netherlands BV,DE,13233.47,18918.62,EUR,2026-03-12 08:03:00.000000,2026-03-12,0,0,1,0,0,0,0,1,structuring
P00097609,C0134,Heidrich GmbH,Germany GmbH,DE,13255.84,19424.63,EUR,2026-07-02 15:21:00.000000,2026-07-02,0,0,1,0,0,0,0,1,structuring
P00079659,C0134,Heidrich GmbH,Germany GmbH,DE,13258.38,19004.4,EUR,2026-03-03 09:45:00.000000,2026-03-03,0,0,1,0,0,0,0,1,structuring
P00038529,C0134,Heidrich GmbH,Netherlands BV,DE,13271.5,19189.37,EUR,2025-05-15 07:28:00.000000,2025-05-15,0,0,1,0,0,0,0,1,structuring
P00094619,C0134,Heidrich GmbH,Germany GmbH,DE,13311.02,19815.38,EUR,2026-06-15 06:46:00.000000,2026-06-15,0,0,1,0,0,0,0,1,structuring
P00076760,C0134,Heidrich GmbH,Germany GmbH,DE,13328.28,19243.86,EUR,2026-02-10 09:07:00.000000,2026-02-10,0,0,1,0,0,0,0,1,structuring
P00068306,C0134,Heidrich GmbH,US Inc,DE,13333.1,18966.72,EUR,2025-12-11 16:32:00.000000,2025-12-11,0,0,1,0,0,0,0,1,structuring
P00049283,C0134,Heidrich GmbH,Germany GmbH,DE,13350.41,19213.23,EUR,2025-07-31 07:04:00.000000,2025-07-31,0,0,1,0,0,0,0,1,structuring
P00072175,C0134,Heidrich GmbH,Netherlands BV,DE,13373.42,19292.36,EUR,2026-01-08 09:05:00.000000,2026-01-08,0,0,1,0,0,0,0,1,structuring
P00027263,C0134,Heidrich GmbH,Germany GmbH,DE,13384.6,19311.19,EUR,2025-02-20 09:26:00.000000,2025-02-20,0,0,1,0,0,0,0,1,structuring
P00025274,C0134,Heidrich GmbH,Germany GmbH,DE,13393.41,19320.88,EUR,2025-02-06 08:09:00.000000,2025-02-06,0,0,1,0,0,0,0,1,structuring
P00052892,C0134,Heidrich GmbH,Germany GmbH,DE,13403.65,19798.17,EUR,2025-08-26 08:53:00.000000,2025-08-26,0,0,1,0,0,0,0,1,structuring
P00094890,C0134,Heidrich GmbH,Germany GmbH,DE,13406.12,19864.52,EUR,2026-06-16 07:39:00.000000,2026-06-16,0,0,1,0,0,0,0,1,structuring
P00084143,C0134,Heidrich GmbH,Germany Sales Office,DE,13449.23,19491.3,EUR,2026-04-02 07:24:00.000000,2026-04-02,0,0,1,0,0,0,0,1,structuring
P00059810,C0134,Heidrich GmbH,Netherlands BV,DE,13452.72,19598.51,EUR,2025-10-14 07:31:00.000000,2025-10-14,0,0,1,0,0,0,0,1,structuring
P00065835,C0134,Heidrich GmbH,Germany GmbH,DE,13459.29,18822.4,EUR,2025-11-25 09:07:00.000000,2025-11-25,0,0,1,0,0,0,0,1,structuring
P00047094,C0134,Heidrich GmbH,Group Treasury HQ,DE,13469.28,19698.8,EUR,2025-07-17 01:21:00.000000,2025-07-17,0,0,1,0,0,0,0,1,structuring
P00039452,C0134,Heidrich GmbH,Germany GmbH,DE,13472.4,19500.53,EUR,2025-05-22 07:28:00.000000,2025-05-22,0,0,1,0,0,0,0,1,structuring
P00016910,C0134,Heidrich GmbH,SG Operations,DE,13491.0,18887.95,EUR,2024-12-05 01:40:00.000000,2024-12-05,0,0,1,0,0,0,0,1,structuring
P00065773,C0134,Heidrich GmbH,India Services,DE,13493.24,18993.77,EUR,2025-11-25 03:43:00.000000,2025-11-25,0,0,1,0,0,0,0,1,structuring
P00097802,C0134,Heidrich GmbH,Germany GmbH,DE,13494.8,19821.5,EUR,2026-07-06 06:21:00.000000,2026-07-06,0,0,1,0,0,0,0,1,structuring
P00090023,C0134,Heidrich GmbH,SG Operations,DE,13501.37,19956.69,EUR,2026-05-14 01:06:00.000000,2026-05-14,0,0,1,0,0,0,0,1,structuring
P00049296,C0134,Heidrich GmbH,Germany Sales Office,DE,13509.66,19442.41,EUR,2025-07-31 07:16:00.000000,2025-07-31,0,0,1,0,0,0,0,1,structuring
P00086598,C0134,Heidrich GmbH,Germany GmbH,DE,13509.72,19577.95,EUR,2026-04-20 10:53:00.000000,2026-04-20,0,0,1,0,0,0,0,1,structuring
P00085275,C0134,Heidrich GmbH,Shenzhen Sourcing,DE,13521.95,19509.28,EUR,2026-04-10 05:47:00.000000,2026-04-10,0,0,1,0,0,0,0,1,structuring
P00059085,C0134,Heidrich GmbH,Shenzhen Sourcing,DE,13522.7,19776.61,EUR,2025-10-09 02:29:00.000000,2025-10-09,0,0,1,0,0,0,0,1,structuring
P00060315,C0134,Heidrich GmbH,Germany GmbH,DE,13534.96,19446.15,EUR,2025-10-16 10:40:00.000000,2025-10-16,0,0,1,0,0,0,0,1,structuring
P00020603,C0134,Heidrich GmbH,Netherlands BV,DE,13553.55,18851.24,EUR,2025-01-02 08:01:00.000000,2025-01-02,0,0,1,0,0,0,0,1,structuring
P00039468,C0134,Heidrich GmbH,Germany GmbH,DE,13580.32,19656.74,EUR,2025-05-22 07:59:00.000000,2025-05-22,0,0,1,0,0,0,0,1,structuring
P00019663,C0134,Heidrich GmbH,SG Operations,DE,13582.63,18842.86,EUR,2024-12-26 01:04:00.000000,2024-12-26,0,0,1,0,0,0,0,1,structuring
P00099836,C0134,Heidrich GmbH,UK Ltd,DE,13586.14,19972.32,EUR,2026-07-18 12:41:00.000000,2026-07-18,0,0,1,0,0,0,0,1,structuring
P00019467,C0134,Heidrich GmbH,Germany GmbH,DE,13603.71,18872.1,EUR,2024-12-24 08:48:00.000000,2024-12-24,0,0,1,0,0,0,0,1,structuring
P00070982,C0134,Heidrich GmbH,Netherlands BV,DE,13613.29,19320.57,EUR,2025-12-30 09:50:00.000000,2025-12-30,0,0,1,0,0,1,0,2,"structuring, burst"
P00076155,C0134,Heidrich GmbH,Germany GmbH,DE,13619.48,19645.81,EUR,2026-02-05 09:31:00.000000,2026-02-05,0,0,1,0,0,0,0,1,structuring
P00047091,C0134,Heidrich GmbH,Group Treasury HQ,DE,13635.12,19941.34,EUR,2025-07-17 01:20:00.000000,2025-07-17,0,0,1,0,0,0,0,1,structuring
P00038548,C0134,Heidrich GmbH,Germany GmbH,DE,13645.99,19730.85,EUR,2025-05-15 08:08:00.000000,2025-05-15,0,0,1,0,0,0,0,1,structuring
P00044274,C0134,Heidrich GmbH,Germany GmbH,DE,13672.55,19920.85,EUR,2025-06-26 08:18:00.000000,2025-06-26,0,0,1,0,0,0,0,1,structuring
P00044261,C0134,Heidrich GmbH,Germany GmbH,DE,13689.04,19944.88,EUR,2025-06-26 07:53:00.000000,2025-06-26,0,0,1,0,0,0,0,1,structuring
P00042262,C0134,Heidrich GmbH,Germany GmbH,DE,13692.03,19942.28,EUR,2025-06-12 07:30:00.000000,2025-06-12,0,0,1,0,0,0,0,1,structuring
P00029104,C0134,Heidrich GmbH,US Inc,DE,13695.12,19664.23,EUR,2025-03-06 14:11:00.000000,2025-03-06,0,0,1,0,0,0,0,1,structuring
P00066849,C0134,Heidrich GmbH,Germany GmbH,DE,13713.07,19324.84,EUR,2025-12-02 08:11:00.000000,2025-12-02,0,0,1,0,0,0,0,1,structuring
P00023544,C0134,Heidrich GmbH,India Services,DE,13723.94,19311.9,EUR,2025-01-23 04:21:00.000000,2025-01-23,0,0,1,0,0,0,0,1,structuring
P00027305,C0134,Heidrich GmbH,US Inc,DE,13745.27,19831.57,EUR,2025-02-20 14:07:00.000000,2025-02-20,0,0,1,0,0,0,0,1,structuring
P00078985,C0134,Heidrich GmbH,Germany GmbH,DE,13745.43,19607.84,EUR,2026-02-26 08:52:00.000000,2026-02-26,0,0,1,0,0,0,0,1,structuring
P00017056,C0134,Heidrich GmbH,Germany GmbH,DE,13750.24,19292.55,EUR,2024-12-05 09:44:00.000000,2024-12-05,0,0,1,0,0,0,0,1,structuring
P00028678,C0134,Heidrich GmbH,Germany GmbH,DE,13814.32,19980.81,EUR,2025-03-04 09:36:00.000000,2025-03-04,0,0,1,0,0,0,0,1,structuring
P00051241,C0134,Heidrich GmbH,Netherlands BV,DE,13817.8,19944.58,EUR,2025-08-14 07:59:00.000000,2025-08-14,0,0,1,0,0,0,0,1,structuring
P00021695,C0134,Heidrich GmbH,Netherlands BV,DE,13824.6,19336.3,EUR,2025-01-09 09:14:00.000000,2025-01-09,0,0,1,0,0,0,0,1,structuring
P00031971,C0134,Heidrich GmbH,US Inc,DE,13826.36,19910.3,EUR,2025-03-27 14:01:00.000000,2025-03-27,0,0,1,0,0,0,0,1,structuring
P00066249,C0134,Heidrich GmbH,Netherlands BV,DE,13829.26,19339.29,EUR,2025-11-27 09:00:00.000000,2025-11-27,0,0,1,0,0,0,0,1,structuring
P00049137,C0134,Heidrich GmbH,Germany GmbH,DE,13906.69,19988.25,EUR,2025-07-30 13:30:00.000000,2025-07-30,0,0,1,0,0,0,0,1,structuring
P00017063,C0134,Heidrich GmbH,Netherlands BV,DE,13958.58,19542.58,EUR,2024-12-05 09:49:00.000000,2024-12-05,0,0,1,0,0,0,0,1,structuring
P00069927,C0134,Heidrich GmbH,Germany GmbH,DE,14125.05,19975.83,EUR,2025-12-23 08:59:00.000000,2025-12-23,0,0,1,0,0,0,0,1,structuring
P00067237,C0134,Heidrich GmbH,Germany GmbH,DE,14157.04,19968.75,EUR,2025-12-04 09:19:00.000000,2025-12-04,0,0,1,0,0,0,0,1,structuring
P00070896,C0134,Heidrich GmbH,Netherlands BV,DE,14220.99,20183.04,EUR,2025-12-30 08:25:00.000000,2025-12-30,0,0,0,0,0,1,0,1,burst
P00101791,C0134,Heidrich GmbH,Germany Sales Office,DE,14317.35,20860.15,EUR,2026-07-30 11:05:00.000000,2026-07-30,0,0,0,0,1,0,0,1,duplicate
P00101795,C0134,Heidrich GmbH,Germany Sales Office,DE,14317.35,20860.15,EUR,2026-07-30 11:28:00.000000,2026-07-30,0,0,0,0,1,0,0,1,duplicate
P00038406,C0134,Heidrich GmbH,Germany Sales Office,DE,15091.72,21899.38,EUR,2025-05-15 01:06:00.000000,2025-05-15,0,0,0,0,0,0,1,1,off-hours
P00070986,C0134,Heidrich GmbH,Germany GmbH,DE,15451.42,21929.32,EUR,2025-12-30 09:55:00.000000,2025-12-30,0,0,0,0,0,1,0,1,burst
P00071019,C0134,Heidrich GmbH,UK Ltd,DE,15666.56,22234.66,EUR,2025-12-30 11:53:00.000000,2025-12-30,0,0,0,0,1,1,0,2,"duplicate, burst"
P00071021,C0134,Heidrich GmbH,UK Ltd,DE,15666.56,22234.66,EUR,2025-12-30 12:08:00.000000,2025-12-30,0,0,0,0,1,1,0,2,"duplicate, burst"
P00070943,C0134,Heidrich GmbH,Germany GmbH,DE,16053.97,22773.66,EUR,2025-12-30 09:05:00.000000,2025-12-30,0,0,0,0,0,1,0,1,burst
P00070880,C0134,Heidrich GmbH,Germany GmbH,DE,16532.23,23452.11,EUR,2025-12-30 08:03:00.000000,2025-12-30,0,0,0,0,0,1,0,1,burst
P00046063,C0134,Heidrich GmbH,Germany GmbH,DE,18368.29,26946.3,EUR,2025-07-09 23:31:00.000000,2025-07-09,0,0,0,0,0,0,1,1,off-hours
P00068225,C0134,Heidrich GmbH,UK Ltd,DE,18743.85,26517.69,EUR,2025-12-11 09:46:00.000000,2025-12-11,0,0,0,0,1,0,0,1,duplicate
P00068232,C0134,Heidrich GmbH,UK Ltd,DE,18743.85,26517.69,EUR,2025-12-11 10:06:00.000000,2025-12-11,0,0,0,0,1,0,0,1,duplicate
P00087800,C0134,Heidrich GmbH,Germany GmbH,DE,19148.13,28108.44,EUR,2026-04-28 10:46:00.000000,2026-04-28,0,0,0,0,1,0,0,1,duplicate
P00087801,C0134,Heidrich GmbH,Germany GmbH,DE,19148.13,28108.44,EUR,2026-04-28 10:56:00.000000,2026-04-28,0,0,0,0,1,0,0,1,duplicate
P00033337,C0134,Heidrich GmbH,India Services,DE,20382.1,29639.34,EUR,2025-04-07 22:38:00.000000,2025-04-07,0,0,0,0,0,0,1,1,off-hours
P00039473,C0134,Heidrich GmbH,Netherlands BV,DE,21204.82,30751.61,EUR,2025-05-22 08:14:00.000000,2025-05-22,0,0,0,0,1,0,0,1,duplicate
P00039482,C0134,Heidrich GmbH,Netherlands BV,DE,21204.82,30751.61,EUR,2025-05-22 08:32:00.000000,2025-05-22,0,0,0,0,1,0,0,1,duplicate
P00060204,C0134,Heidrich GmbH,US Inc,DE,21528.49,30930.74,EUR,2025-10-16 06:32:00.000000,2025-10-16,0,0,0,0,0,0,1,1,off-hours
P00077285,C0134,Heidrich GmbH,Germany GmbH,DE,22172.82,31969.41,EUR,2026-02-12 13:40:00.000000,2026-02-12,0,0,0,0,1,0,0,1,duplicate
P00077287,C0134,Heidrich GmbH,Germany GmbH,DE,22172.82,31969.41,EUR,2026-02-12 13:52:00.000000,2026-02-12,0,0,0,0,1,0,0,1,duplicate
P00039151,C0134,Heidrich GmbH,Netherlands BV,DE,22536.23,32742.35,EUR,2025-05-20 10:25:00.000000,2025-05-20,0,0,0,0,1,0,0,1,duplicate
P00039152,C0134,Heidrich GmbH,Netherlands BV,DE,22536.23,32742.35,EUR,2025-05-20 10:30:00.000000,2025-05-20,0,0,0,0,1,0,0,1,duplicate
P00105697,C0134,Heidrich GmbH,Germany GmbH,DE,22818.8,33224.7,EUR,2026-08-25 12:31:00.000000,2026-08-25,0,0,0,0,1,0,0,1,duplicate
P00105700,C0134,Heidrich GmbH,Germany GmbH,DE,22818.8,33228.81,EUR,2026-08-25 12:44:00.000000,2026-08-25,0,0,0,0,1,0,0,1,duplicate
P00028191,C0134,Heidrich GmbH,Germany GmbH,DE,23319.45,33926.6,EUR,2025-02-27 11:30:00.000000,2025-02-27,0,0,0,0,1,0,0,1,duplicate
P00028192,C0134,Heidrich GmbH,Germany GmbH,DE,23319.45,33926.6,EUR,2025-02-27 11:49:00.000000,2025-02-27,0,0,0,0,1,0,0,1,duplicate
P00070932,C0134,Heidrich GmbH,Germany GmbH,DE,24099.86,34187.31,EUR,2025-12-30 08:56:00.000000,2025-12-30,0,0,0,0,0,1,0,1,burst
P00108310,C0134,Heidrich GmbH,Germany GmbH,DE,24919.55,36585.54,EUR,2026-09-10 11:20:00.000000,2026-09-10,0,0,0,0,1,0,0,1,duplicate
P00108313,C0134,Heidrich GmbH,Germany GmbH,DE,24919.55,36585.54,EUR,2026-09-10 11:30:00.000000,2026-09-10,0,0,0,0,1,0,0,1,duplicate
P00051821,C0134,Heidrich GmbH,SG Operations,DE,25000.0,25000.0,SGD,2025-08-19 02:47:00.000000,2025-08-19,0,1,0,0,0,0,0,1,round amount
P00070969,C0134,Heidrich GmbH,SG Operations,DE,25000.0,25000.0,SGD,2025-12-30 09:37:00.000000,2025-12-30,0,1,0,0,0,1,0,2,"round amount, burst"
P00070900,C0134,Heidrich GmbH,Netherlands BV,DE,25408.9,36061.4,EUR,2025-12-30 08:27:00.000000,2025-12-30,0,0,0,0,0,1,0,1,burst
P00070963,C0134,Heidrich GmbH,Netherlands BV,DE,28456.21,40386.28,EUR,2025-12-30 09:26:00.000000,2025-12-30,0,0,0,0,0,1,0,1,burst
P00039398,C0134,Heidrich GmbH,Netherlands BV,DE,29368.64,42590.93,EUR,2025-05-22 02:52:00.000000,2025-05-22,0,0,0,0,0,0,1,1,off-hours
P00109328,C0134,Heidrich GmbH,Germany GmbH,DE,29464.2,42396.3,EUR,2026-09-17 07:23:00.000000,2026-09-17,0,0,0,0,1,0,0,1,duplicate
P00109350,C0134,Heidrich GmbH,Germany GmbH,DE,29464.2,42358.65,EUR,2026-09-17 07:42:00.000000,2026-09-17,0,0,0,0,1,0,0,1,duplicate
P00110280,C0134,Heidrich GmbH,Netherlands BV,DE,30826.71,44015.95,EUR,2026-09-23 23:50:00.000000,2026-09-23,0,0,0,0,0,0,1,1,off-hours
P00050818,C0134,Heidrich GmbH,Germany GmbH,DE,31258.16,45443.18,EUR,2025-08-12 02:32:00.000000,2025-08-12,0,0,0,0,0,0,1,1,off-hours
P00019553,C0134,Heidrich GmbH,Germany GmbH,DE,33103.15,45923.21,EUR,2024-12-24 11:23:00.000000,2024-12-24,0,0,0,0,1,0,0,1,duplicate
P00019555,C0134,Heidrich GmbH,Germany GmbH,DE,33103.15,45923.21,EUR,2024-12-24 11:44:00.000000,2024-12-24,0,0,0,0,1,0,0,1,duplicate
P00063089,C0134,Heidrich GmbH,Germany GmbH,DE,33569.34,47775.85,EUR,2025-11-05 13:56:00.000000,2025-11-05,0,0,0,0,1,0,0,1,duplicate
P00063091,C0134,Heidrich GmbH,Germany GmbH,DE,33569.34,47775.85,EUR,2025-11-05 14:21:00.000000,2025-11-05,0,0,0,0,1,0,0,1,duplicate
P00032939,C0134,Heidrich GmbH,Germany GmbH,DE,33778.87,48845.93,EUR,2025-04-03 11:36:00.000000,2025-04-03,0,0,0,0,1,0,0,1,duplicate
P00032940,C0134,Heidrich GmbH,Germany GmbH,DE,33778.87,48845.93,EUR,2025-04-03 11:41:00.000000,2025-04-03,0,0,0,0,1,0,0,1,duplicate
P00057952,C0134,Heidrich GmbH,India Services,DE,35313.18,51245.67,EUR,2025-09-30 06:01:00.000000,2025-09-30,0,0,0,0,1,0,0,1,duplicate
P00057959,C0134,Heidrich GmbH,India Services,DE,35313.18,51245.67,EUR,2025-09-30 06:17:00.000000,2025-09-30,0,0,0,0,1,0,0,1,duplicate
P00109383,C0134,Heidrich GmbH,Germany Sales Office,DE,36046.9,51822.14,EUR,2026-09-17 08:27:00.000000,2026-09-17,0,0,0,0,1,0,0,1,duplicate
P00109409,C0134,Heidrich GmbH,Germany Sales Office,DE,36046.9,51822.14,EUR,2026-09-17 08:55:00.000000,2026-09-17,0,0,0,0,1,0,0,1,duplicate
P00071078,C0134,Heidrich GmbH,US Inc,DE,36111.46,51226.6,EUR,2025-12-30 15:03:00.000000,2025-12-30,0,0,0,0,0,1,0,1,burst
P00031622,C0134,Heidrich GmbH,Netherlands BV,DE,37472.18,54027.13,EUR,2025-03-26 00:57:00.000000,2025-03-26,0,0,0,0,0,0,1,1,off-hours
P00070908,C0134,Heidrich GmbH,Germany GmbH,DE,38251.15,54261.9,EUR,2025-12-30 08:34:00.000000,2025-12-30,0,0,0,0,0,1,0,1,burst
P00071084,C0134,Heidrich GmbH,Germany GmbH,DE,39684.11,56321.4,EUR,2025-12-30 15:14:00.000000,2025-12-30,0,0,0,0,0,1,0,1,burst
P00070941,C0134,Heidrich GmbH,UK Ltd,DE,40860.01,57990.28,EUR,2025-12-30 09:02:00.000000,2025-12-30,0,0,0,0,0,1,0,1,burst
P00061117,C0134,Heidrich GmbH,Group Treasury HQ,DE,41038.28,58251.29,EUR,2025-10-23 01:34:00.000000,2025-10-23,0,0,0,0,1,0,0,1,duplicate
P00061125,C0134,Heidrich GmbH,Group Treasury HQ,DE,41038.28,58251.29,EUR,2025-10-23 01:46:00.000000,2025-10-23,0,0,0,0,1,0,0,1,duplicate
P00070979,C0134,Heidrich GmbH,UK Ltd,DE,44385.46,62993.75,EUR,2025-12-30 09:48:00.000000,2025-12-30,0,0,0,0,0,1,0,1,burst
P00070940,C0134,Heidrich GmbH,Netherlands BV,DE,47409.08,67285.0,EUR,2025-12-30 09:02:00.000000,2025-12-30,0,0,0,0,0,1,0,1,burst
P00008628,C0134,Heidrich GmbH,Germany Sales Office,DE,47485.63,70459.04,EUR,2024-10-01 07:09:00.000000,2024-10-01,0,0,0,1,0,0,0,1,new beneficiary
P00070808,C0134,Heidrich GmbH,India Services,DE,48669.55,69073.92,EUR,2025-12-30 03:40:00.000000,2025-12-30,0,0,0,0,0,1,0,1,burst
P00070901,C0134,Heidrich GmbH,Netherlands BV,DE,49516.82,70276.4,EUR,2025-12-30 08:28:00.000000,2025-12-30,0,0,0,0,0,1,0,1,burst
P00035785,C0134,Heidrich GmbH,US Inc,DE,50000.0,67095.35,USD,2025-04-24 12:14:00.000000,2025-04-24,0,1,0,0,0,0,0,1,round amount
P00042311,C0134,Heidrich GmbH,UK Ltd,DE,50318.98,73652.04,EUR,2025-06-12 08:54:00.000000,2025-06-12,0,0,0,0,1,0,0,1,duplicate
P00042319,C0134,Heidrich GmbH,UK Ltd,DE,50318.98,73652.04,EUR,2025-06-12 09:19:00.000000,2025-06-12,0,0,0,0,1,0,0,1,duplicate
P00105512,C0134,Heidrich GmbH,Germany GmbH,DE,55021.24,80112.19,EUR,2026-08-24 23:55:00.000000,2026-08-24,0,0,0,0,0,0,1,1,off-hours
P00008630,C0134,Heidrich GmbH,Germany GmbH,DE,58888.66,87378.82,EUR,2024-10-01 07:13:00.000000,2024-10-01,0,0,0,1,0,0,0,1,new beneficiary
P00044411,C0134,Heidrich GmbH,Germany GmbH,DE,60520.47,88178.08,EUR,2025-06-27 02:41:00.000000,2025-06-27,0,0,0,0,0,0,1,1,off-hours
P00087089,C0134,Heidrich GmbH,Germany GmbH,DE,62443.81,90234.86,EUR,2026-04-23 07:00:00.000000,2026-04-23,0,0,0,0,1,0,0,1,duplicate
P00087098,C0134,Heidrich GmbH,Germany GmbH,DE,62443.81,90234.86,EUR,2026-04-23 07:15:00.000000,2026-04-23,0,0,0,0,1,0,0,1,duplicate
P00009435,C0134,Heidrich GmbH,Germany GmbH,DE,65540.55,97880.75,EUR,2024-10-08 08:52:00.000000,2024-10-08,0,0,0,1,0,0,0,1,new beneficiary
P00008679,C0134,Heidrich GmbH,Germany GmbH,DE,67223.4,99745.88,EUR,2024-10-01 08:09:00.000000,2024-10-01,0,0,0,1,0,0,0,1,new beneficiary
P00008702,C0134,Heidrich GmbH,Germany GmbH,DE,69353.46,102906.46,EUR,2024-10-01 08:54:00.000000,2024-10-01,0,0,0,1,0,0,0,1,new beneficiary
P00012609,C0134,Heidrich GmbH,India Services,DE,72976.05,106501.54,EUR,2024-10-31 20:27:00.000000,2024-10-31,0,0,0,0,0,0,1,1,off-hours
P00070996,C0134,Heidrich GmbH,UK Ltd,DE,76495.01,108565.01,EUR,2025-12-30 10:05:00.000000,2025-12-30,0,0,0,0,0,1,0,1,burst
P00095412,C0134,Heidrich GmbH,Germany GmbH,DE,85182.47,124509.6,EUR,2026-06-18 12:52:00.000000,2026-06-18,0,0,0,0,1,0,0,1,duplicate
P00095420,C0134,Heidrich GmbH,Germany GmbH,DE,85182.47,124509.6,EUR,2026-06-18 13:19:00.000000,2026-06-18,0,0,0,0,1,0,0,1,duplicate
P00014302,C0134,Heidrich GmbH,Germany GmbH,DE,87756.31,123969.48,EUR,2024-11-14 09:35:00.000000,2024-11-14,0,0,0,0,1,0,0,1,duplicate
P00014317,C0134,Heidrich GmbH,Germany GmbH,DE,87756.31,123969.48,EUR,2024-11-14 10:00:00.000000,2024-11-14,0,0,0,0,1,0,0,1,duplicate
P00008978,C0134,Heidrich GmbH,US Inc,DE,89987.91,133893.1,EUR,2024-10-03 14:19:00.000000,2024-10-03,0,0,0,1,0,0,0,1,new beneficiary
P00008653,C0134,Heidrich GmbH,Germany GmbH,DE,103960.27,154255.94,EUR,2024-10-01 07:47:00.000000,2024-10-01,0,0,0,1,0,0,0,1,new beneficiary
P00038400,C0134,Heidrich GmbH,Germany GmbH,DE,106013.22,153834.3,EUR,2025-05-14 23:44:00.000000,2025-05-14,0,0,0,0,0,0,1,1,off-hours
P00033869,C0134,Heidrich GmbH,Netherlands BV,DE,114923.66,165300.79,EUR,2025-04-10 09:32:00.000000,2025-04-10,0,0,0,0,1,0,0,1,duplicate
P00033874,C0134,Heidrich GmbH,Netherlands BV,DE,114923.66,165300.79,EUR,2025-04-10 09:42:00.000000,2025-04-10,0,0,0,0,1,0,0,1,duplicate
P00009032,C0134,Heidrich GmbH,Netherlands BV,DE,123712.73,183573.24,EUR,2024-10-04 10:45:00.000000,2024-10-04,0,0,0,1,0,0,0,1,new beneficiary
P00094173,C0134,Heidrich GmbH,Netherlands BV,DE,126890.05,189251.18,EUR,2026-06-11 02:13:00.000000,2026-06-11,0,0,0,0,0,0,1,1,off-hours
P00008811,C0134,Heidrich GmbH,Netherlands BV,DE,148942.35,221010.64,EUR,2024-10-02 11:53:00.000000,2024-10-02,0,0,0,1,0,0,0,1,new beneficiary
P00031945,C0134,Heidrich GmbH,UK Ltd,DE,154430.25,222916.67,EUR,2025-03-27 13:09:00.000000,2025-03-27,0,0,0,0,1,0,0,1,duplicate
P00031958,C0134,Heidrich GmbH,UK Ltd,DE,154430.25,222916.67,EUR,2025-03-27 13:25:00.000000,2025-03-27,0,0,0,0,1,0,0,1,duplicate
P00107014,C0134,Heidrich GmbH,Germany GmbH,DE,218391.97,319123.3,EUR,2026-09-02 23:56:00.000000,2026-09-02,0,0,0,0,0,0,1,1,off-hours
P00067295,C0134,Heidrich GmbH,Germany GmbH,DE,311032.77,440242.63,EUR,2025-12-04 13:04:00.000000,2025-12-04,0,0,0,0,1,0,0,1,duplicate
P00067299,C0134,Heidrich GmbH,Germany GmbH,DE,311032.77,440242.63,EUR,2025-12-04 13:26:00.000000,2025-12-04,0,0,0,0,1,0,0,1,duplicate
P00071034,C0135,Tucker-Preston,Germany Sales Office,SG,25.2,35.73,EUR,2025-12-30 13:34:00.000000,2025-12-30,0,0,0,0,0,1,0,1,burst
P00057772,C0135,Tucker-Preston,SG Operations,SG,42.05,42.05,SGD,2025-09-29 21:54:00.000000,2025-09-29,0,0,0,0,0,0,1,1,off-hours
P00019582,C0135,Tucker-Preston,SG Operations,SG,51.93,51.93,SGD,2024-12-24 14:46:00.000000,2024-12-24,0,0,0,0,0,0,1,1,off-hours
P00010830,C0135,Tucker-Preston,SG Operations,SG,74.06,74.06,SGD,2024-10-18 14:18:00.000000,2024-10-18,0,0,0,0,0,0,1,1,off-hours
P00092916,C0135,Tucker-Preston,SG Operations,SG,76.97,76.97,SGD,2026-06-02 14:41:00.000000,2026-06-02,0,0,0,0,0,0,1,1,off-hours
P00049975,C0135,Tucker-Preston,Group Treasury HQ,SG,90.4,90.4,SGD,2025-08-05 15:17:00.000000,2025-08-05,0,0,0,0,0,0,1,1,off-hours
P00097985,C0135,Tucker-Preston,SG Operations,SG,156.12,156.12,SGD,2026-07-06 21:49:00.000000,2026-07-06,0,0,0,0,0,0,1,1,off-hours
P00070826,C0135,Tucker-Preston,SG Operations,SG,174.1,174.1,SGD,2025-12-30 04:42:00.000000,2025-12-30,0,0,0,0,0,1,0,1,burst
P00073068,C0135,Tucker-Preston,SG Operations,SG,202.32,202.32,SGD,2026-01-14 20:54:00.000000,2026-01-14,0,0,0,0,0,0,1,1,off-hours
P00080917,C0135,Tucker-Preston,SG Operations,SG,205.48,205.48,SGD,2026-03-11 19:37:00.000000,2026-03-11,0,0,0,0,0,0,1,1,off-hours
P00071112,C0135,Tucker-Preston,SG Operations,SG,303.59,303.59,SGD,2025-12-30 15:55:00.000000,2025-12-30,0,0,0,0,0,1,1,2,"burst, off-hours"
P00026207,C0135,Tucker-Preston,SG Operations,SG,626.37,626.37,SGD,2025-02-13 05:42:00.000000,2025-02-13,0,0,0,0,1,0,0,1,duplicate
P00026208,C0135,Tucker-Preston,SG Operations,SG,626.37,626.37,SGD,2025-02-13 05:56:00.000000,2025-02-13,0,0,0,0,1,0,0,1,duplicate
P00070873,C0135,Tucker-Preston,SG Operations,SG,8671.98,8671.98,SGD,2025-12-30 07:51:00.000000,2025-12-30,0,0,0,0,1,1,0,2,"duplicate, burst"
P00070874,C0135,Tucker-Preston,SG Operations,SG,8671.98,8671.98,SGD,2025-12-30 07:54:00.000000,2025-12-30,0,0,0,0,1,1,0,2,"duplicate, burst"
P00097454,C0135,Tucker-Preston,SG Operations,SG,9292.25,9292.25,SGD,2026-07-02 04:13:00.000000,2026-07-02,0,0,0,0,1,0,0,1,duplicate
P00097455,C0135,Tucker-Preston,SG Operations,SG,9292.25,9292.25,SGD,2026-07-02 04:25:00.000000,2026-07-02,0,0,0,0,1,0,0,1,duplicate
P00020424,C0135,Tucker-Preston,US Inc,SG,10000.0,13627.26,USD,2024-12-31 15:31:00.000000,2024-12-31,0,1,0,0,0,0,0,1,round amount
P00024046,C0135,Tucker-Preston,SG Operations,SG,18672.72,18672.72,SGD,2025-01-28 01:16:00.000000,2025-01-28,0,0,1,0,0,0,0,1,structuring
P00029897,C0135,Tucker-Preston,SG Operations,SG,18685.07,18685.07,SGD,2025-03-13 02:12:00.000000,2025-03-13,0,0,1,0,0,0,0,1,structuring
P00102524,C0135,Tucker-Preston,US West Distribution,SG,18698.46,18698.46,SGD,2026-08-04 14:39:00.000000,2026-08-04,0,0,1,0,0,0,0,1,structuring
P00017892,C0135,Tucker-Preston,Group Treasury HQ,SG,19158.02,19158.02,SGD,2024-12-12 02:40:00.000000,2024-12-12,0,0,1,0,0,0,0,1,structuring
P00066148,C0135,Tucker-Preston,SG Operations,SG,19271.48,19271.48,SGD,2025-11-27 02:34:00.000000,2025-11-27,0,0,1,0,0,0,0,1,structuring
P00068073,C0135,Tucker-Preston,SG Operations,SG,19435.72,19435.72,SGD,2025-12-11 01:45:00.000000,2025-12-11,0,0,1,0,0,0,0,1,structuring
P00109232,C0135,Tucker-Preston,Group Treasury HQ,SG,19727.08,19727.08,SGD,2026-09-17 02:01:00.000000,2026-09-17,0,0,1,0,0,0,0,1,structuring
P00102705,C0135,Tucker-Preston,SG Operations,SG,19733.0,19733.0,SGD,2026-08-06 02:18:00.000000,2026-08-06,0,0,1,0,0,0,0,1,structuring
P00016889,C0135,Tucker-Preston,Shenzhen Sourcing,SG,19895.21,19895.21,SGD,2024-12-05 01:10:00.000000,2024-12-05,0,0,1,0,0,0,0,1,structuring
P00074129,C0135,Tucker-Preston,SG Operations,SG,19972.12,19972.12,SGD,2026-01-22 01:25:00.000000,2026-01-22,0,0,1,0,0,0,0,1,structuring
P00060092,C0135,Tucker-Preston,SG Operations,SG,21470.47,21470.47,SGD,2025-10-15 19:11:00.000000,2025-10-15,0,0,0,0,0,0,1,1,off-hours
P00099032,C0135,Tucker-Preston,SG Operations,SG,21496.37,21496.37,SGD,2026-07-13 17:57:00.000000,2026-07-13,0,0,0,0,0,0,1,1,off-hours
P00098462,C0135,Tucker-Preston,SG Operations,SG,23918.05,23918.05,SGD,2026-07-09 06:43:00.000000,2026-07-09,0,0,0,0,1,0,0,1,duplicate
P00098472,C0135,Tucker-Preston,SG Operations,SG,23918.05,23918.05,SGD,2026-07-09 07:11:00.000000,2026-07-09,0,0,0,0,1,0,0,1,duplicate
P00091331,C0135,Tucker-Preston,SG Operations,SG,30921.64,30921.64,SGD,2026-05-22 04:39:00.000000,2026-05-22,0,0,0,0,1,0,0,1,duplicate
P00091334,C0135,Tucker-Preston,SG Operations,SG,30921.64,30921.64,SGD,2026-05-22 04:48:00.000000,2026-05-22,0,0,0,0,1,0,0,1,duplicate
P00089069,C0135,Tucker-Preston,SG Operations,SG,31252.94,31252.94,SGD,2026-05-07 02:42:00.000000,2026-05-07,0,0,0,0,1,0,0,1,duplicate
P00089085,C0135,Tucker-Preston,SG Operations,SG,31252.94,31252.94,SGD,2026-05-07 02:58:00.000000,2026-05-07,0,0,0,0,1,0,0,1,duplicate
P00070786,C0135,Tucker-Preston,SG Operations,SG,33697.66,33697.66,SGD,2025-12-30 02:37:00.000000,2025-12-30,0,0,0,0,0,1,0,1,burst
P00070771,C0135,Tucker-Preston,SG Operations,SG,35570.82,35570.82,SGD,2025-12-30 02:27:00.000000,2025-12-30,0,0,0,0,0,1,0,1,burst
P00036048,C0135,Tucker-Preston,SG Operations,SG,36335.76,36335.76,SGD,2025-04-28 04:41:00.000000,2025-04-28,0,0,0,0,1,0,0,1,duplicate
P00036056,C0135,Tucker-Preston,SG Operations,SG,36335.76,36335.76,SGD,2025-04-28 04:54:00.000000,2025-04-28,0,0,0,0,1,0,0,1,duplicate
P00019794,C0135,Tucker-Preston,SG Operations,SG,38161.38,38161.38,SGD,2024-12-26 07:52:00.000000,2024-12-26,0,0,0,0,1,0,0,1,duplicate
P00019796,C0135,Tucker-Preston,SG Operations,SG,38161.38,38161.38,SGD,2024-12-26 08:12:00.000000,2024-12-26,0,0,0,0,1,0,0,1,duplicate
P00079694,C0135,Tucker-Preston,UK Ltd,SG,50000.0,91104.5,GBP,2026-03-03 12:57:00.000000,2026-03-03,0,1,0,0,0,0,0,1,round amount
P00034793,C0135,Tucker-Preston,SG Operations,SG,80071.91,80071.91,SGD,2025-04-17 07:29:00.000000,2025-04-17,0,0,0,0,1,0,0,1,duplicate
P00034800,C0135,Tucker-Preston,SG Operations,SG,80071.91,80071.91,SGD,2025-04-17 07:37:00.000000,2025-04-17,0,0,0,0,1,0,0,1,duplicate
P00052207,C0135,Tucker-Preston,SG Operations,SG,90721.76,90721.76,SGD,2025-08-21 06:20:00.000000,2025-08-21,0,0,0,0,1,0,0,1,duplicate
P00052212,C0135,Tucker-Preston,SG Operations,SG,90721.76,90721.76,SGD,2025-08-21 06:46:00.000000,2025-08-21,0,0,0,0,1,0,0,1,duplicate
P00070798,C0135,Tucker-Preston,SG Operations,SG,106304.59,106304.59,SGD,2025-12-30 02:49:00.000000,2025-12-30,0,0,0,0,0,1,0,1,burst
P00105742,C0135,Tucker-Preston,US Inc,SG,148446.88,148446.88,SGD,2026-08-25 15:13:00.000000,2026-08-25,0,0,0,0,1,0,0,1,duplicate
P00105744,C0135,Tucker-Preston,US Inc,SG,148446.88,148446.88,SGD,2026-08-25 15:29:00.000000,2026-08-25,0,0,0,0,1,0,0,1,duplicate
P00035676,C0135,Tucker-Preston,SG Operations,SG,299432.57,299432.57,SGD,2025-04-24 05:47:00.000000,2025-04-24,0,0,0,0,1,0,0,1,duplicate
P00035680,C0135,Tucker-Preston,SG Operations,SG,299432.57,299432.57,SGD,2025-04-24 06:05:00.000000,2025-04-24,0,0,0,0,1,0,0,1,duplicate
P00070780,C0135,Tucker-Preston,SG Operations,SG,339287.12,339287.12,SGD,2025-12-30 02:34:00.000000,2025-12-30,0,0,0,0,0,1,0,1,burst
P00070774,C0135,Tucker-Preston,SG Operations,SG,630544.94,630544.94,SGD,2025-12-30 02:31:00.000000,2025-12-30,0,0,0,0,0,1,0,1,burst
P00022456,C0136,Tax Authority DE (E07),Germany Sales Office,DE,13575.9,19098.73,EUR,2025-01-15 08:10:00.000000,2025-01-15,0,0,1,0,0,0,0,1,structuring
P00063403,C0137,诺依曼软件传媒有限公司,US West Distribution,CN,12.37,16.54,USD,2025-11-07 03:35:00.000000,2025-11-07,0,0,0,0,0,0,1,1,off-hours
P00015360,C0137,诺依曼软件传媒有限公司,US Inc,CN,40.78,55.06,USD,2024-11-22 03:21:00.000000,2024-11-22,0,0,0,0,0,0,1,1,off-hours
P00066972,C0137,诺依曼软件传媒有限公司,Netherlands BV,CN,59.93,84.39,EUR,2025-12-02 21:24:00.000000,2025-12-02,0,0,0,0,0,0,1,1,off-hours
P00062060,C0137,诺依曼软件传媒有限公司,SG Operations,CN,66.79,66.79,SGD,2025-10-28 21:55:00.000000,2025-10-28,0,0,0,0,0,0,1,1,off-hours
P00012355,C0137,诺依曼软件传媒有限公司,US Inc,CN,96.43,131.64,USD,2024-10-30 10:36:00.000000,2024-10-30,0,0,0,0,0,0,1,1,off-hours
P00077483,C0137,诺依曼软件传媒有限公司,SG Operations,CN,102.82,102.82,SGD,2026-02-15 18:59:00.000000,2026-02-15,0,0,0,0,0,0,1,1,off-hours
P00102370,C0137,诺依曼软件传媒有限公司,US Inc,CN,107.97,144.38,USD,2026-08-04 03:59:00.000000,2026-08-04,0,0,0,0,0,0,1,1,off-hours
P00064382,C0137,诺依曼软件传媒有限公司,US Inc,CN,156.62,207.25,USD,2025-11-14 10:53:00.000000,2025-11-14,0,0,0,0,0,0,1,1,off-hours
P00094861,C0137,诺依曼软件传媒有限公司,Netherlands BV,CN,167.97,246.99,EUR,2026-06-16 04:22:00.000000,2026-06-16,0,0,0,0,0,0,1,1,off-hours
P00010811,C0137,诺依曼软件传媒有限公司,US West Distribution,CN,178.86,240.69,USD,2024-10-18 10:38:00.000000,2024-10-18,0,0,0,0,0,0,1,1,off-hours
P00009176,C0137,诺依曼软件传媒有限公司,US Inc,CN,199.1,264.57,USD,2024-10-07 10:50:00.000000,2024-10-07,0,0,0,0,0,0,1,1,off-hours
P00009978,C0137,诺依曼软件传媒有限公司,SG Operations,CN,214.55,214.55,SGD,2024-10-13 18:03:00.000000,2024-10-13,0,0,0,0,0,0,1,1,off-hours
P00084870,C0137,诺依曼软件传媒有限公司,US Inc,CN,226.97,299.68,USD,2026-04-08 10:22:00.000000,2026-04-08,0,0,0,0,0,0,1,1,off-hours
P00087261,C0137,诺依曼软件传媒有限公司,Shanghai Mfg,CN,230.07,42.95,CNY,2026-04-23 15:15:00.000000,2026-04-23,0,0,0,0,0,0,1,1,off-hours
P00009167,C0137,诺依曼软件传媒有限公司,US Inc,CN,260.46,346.11,USD,2024-10-07 10:08:00.000000,2024-10-07,0,0,0,0,0,0,1,1,off-hours
P00036922,C0137,诺依曼软件传媒有限公司,US Inc,CN,401.53,541.43,USD,2025-05-02 10:39:00.000000,2025-05-02,0,0,0,0,0,0,1,1,off-hours
P00050741,C0137,诺依曼软件传媒有限公司,Shenzhen Sourcing,CN,652.52,121.8,CNY,2025-08-11 14:02:00.000000,2025-08-11,0,0,0,0,0,0,1,1,off-hours
P00038061,C0137,诺依曼软件传媒有限公司,Shanghai Mfg,CN,693.15,129.68,CNY,2025-05-12 15:59:00.000000,2025-05-12,0,0,0,0,0,0,1,1,off-hours
P00027106,C0137,诺依曼软件传媒有限公司,Shanghai Mfg,CN,718.62,134.06,CNY,2025-02-19 21:56:00.000000,2025-02-19,0,0,0,0,0,0,1,1,off-hours
P00030429,C0137,诺依曼软件传媒有限公司,Shanghai Mfg,CN,781.2,145.61,CNY,2025-03-17 14:03:00.000000,2025-03-17,0,0,0,0,0,0,1,1,off-hours
P00098309,C0137,诺依曼软件传媒有限公司,Shanghai Mfg,CN,1075.37,199.9,CNY,2026-07-08 15:13:00.000000,2026-07-08,0,0,0,0,0,0,1,1,off-hours
P00102987,C0137,诺依曼软件传媒有限公司,Shenzhen Sourcing,CN,1118.62,209.49,CNY,2026-08-06 20:10:00.000000,2026-08-06,0,0,0,0,0,0,1,1,off-hours
P00037415,C0137,诺依曼软件传媒有限公司,Shanghai Mfg,CN,1138.21,212.36,CNY,2025-05-06 21:38:00.000000,2025-05-06,0,0,0,0,0,0,1,1,off-hours
P00027871,C0137,诺依曼软件传媒有限公司,Shanghai Mfg,CN,1179.65,219.94,CNY,2025-02-25 14:40:00.000000,2025-02-25,0,0,0,0,0,0,1,1,off-hours
P00040894,C0137,诺依曼软件传媒有限公司,Shenzhen Sourcing,CN,2357.16,441.23,CNY,2025-06-02 21:04:00.000000,2025-06-02,0,0,0,0,0,0,1,1,off-hours
P00091433,C0137,诺依曼软件传媒有限公司,Shenzhen Sourcing,CN,2513.97,470.06,CNY,2026-05-24 20:56:00.000000,2026-05-24,0,0,0,0,0,0,1,1,off-hours
P00057727,C0137,诺依曼软件传媒有限公司,Shenzhen Sourcing,CN,3002.25,559.4,CNY,2025-09-29 15:39:00.000000,2025-09-29,0,0,0,0,0,0,1,1,off-hours
P00057748,C0137,诺依曼软件传媒有限公司,Shenzhen Sourcing,CN,12045.67,2239.09,CNY,2025-09-29 17:27:00.000000,2025-09-29,0,0,0,0,0,0,1,1,off-hours
P00096412,C0137,诺依曼软件传媒有限公司,Netherlands BV,CN,12568.6,18213.57,EUR,2026-06-25 09:44:00.000000,2026-06-25,0,0,1,0,0,0,0,1,structuring
P00096592,C0137,诺依曼软件传媒有限公司,Netherlands BV,CN,13083.46,18959.57,EUR,2026-06-26 14:30:00.000000,2026-06-26,0,0,1,0,0,0,0,1,structuring
P00010685,C0137,诺依曼软件传媒有限公司,UK Ltd,CN,13324.34,2444.66,CNY,2024-10-17 12:56:00.000000,2024-10-17,0,0,0,0,1,0,0,1,duplicate
P00010691,C0137,诺依曼软件传媒有限公司,UK Ltd,CN,13324.34,2444.66,CNY,2024-10-17 13:15:00.000000,2024-10-17,0,0,0,0,1,0,0,1,duplicate
P00096618,C0137,诺依曼软件传媒有限公司,Netherlands BV,CN,13365.66,19368.51,EUR,2026-06-27 08:41:00.000000,2026-06-27,0,0,1,0,0,0,0,1,structuring
P00065039,C0137,诺依曼软件传媒有限公司,Shanghai Mfg,CN,15782.66,2939.17,CNY,2025-11-19 17:13:00.000000,2025-11-19,0,0,0,0,0,0,1,1,off-hours
P00075691,C0137,诺依曼软件传媒有限公司,Group Treasury HQ,CN,25471.0,4750.04,CNY,2026-02-03 04:17:00.000000,2026-02-03,0,0,0,0,1,0,0,1,duplicate
P00075692,C0137,诺依曼软件传媒有限公司,Group Treasury HQ,CN,25471.0,4750.04,CNY,2026-02-03 04:20:00.000000,2026-02-03,0,0,0,0,1,0,0,1,duplicate
P00102801,C0137,诺依曼软件传媒有限公司,Shenzhen Sourcing,CN,30496.98,5713.82,CNY,2026-08-06 06:35:00.000000,2026-08-06,0,0,0,0,1,0,0,1,duplicate
P00102805,C0137,诺依曼软件传媒有限公司,Shenzhen Sourcing,CN,30496.98,5713.82,CNY,2026-08-06 06:51:00.000000,2026-08-06,0,0,0,0,1,0,0,1,duplicate
P00021519,C0137,诺依曼软件传媒有限公司,Shanghai Mfg,CN,32709.71,5992.06,CNY,2025-01-08 19:08:00.000000,2025-01-08,0,0,0,0,0,0,1,1,off-hours
P00052095,C0137,诺依曼软件传媒有限公司,Shanghai Mfg,CN,37257.8,6984.5,CNY,2025-08-20 19:33:00.000000,2025-08-20,0,0,0,0,0,0,1,1,off-hours
P00094217,C0137,诺依曼软件传媒有限公司,Shanghai Mfg,CN,37431.18,7021.3,CNY,2026-06-11 03:25:00.000000,2026-06-11,0,0,0,0,1,0,0,1,duplicate
P00094221,C0137,诺依曼软件传媒有限公司,Shanghai Mfg,CN,37431.18,7021.3,CNY,2026-06-11 03:40:00.000000,2026-06-11,0,0,0,0,1,0,0,1,duplicate
P00019392,C0137,诺依曼软件传媒有限公司,India Services,CN,37810.15,6928.79,CNY,2024-12-24 03:34:00.000000,2024-12-24,0,0,0,0,1,0,0,1,duplicate
P00019393,C0137,诺依曼软件传媒有限公司,India Services,CN,37810.15,6936.84,CNY,2024-12-24 03:37:00.000000,2024-12-24,0,0,0,0,1,0,0,1,duplicate
P00044213,C0137,诺依曼软件传媒有限公司,Shanghai Mfg,CN,38359.35,7177.34,CNY,2025-06-26 04:58:00.000000,2025-06-26,0,0,0,0,1,0,0,1,duplicate
P00044215,C0137,诺依曼软件传媒有限公司,Shanghai Mfg,CN,38359.35,7177.34,CNY,2025-06-26 05:02:00.000000,2025-06-26,0,0,0,0,1,0,0,1,duplicate
P00045225,C0137,诺依曼软件传媒有限公司,Shenzhen Sourcing,CN,44596.13,8390.76,CNY,2025-07-03 05:26:00.000000,2025-07-03,0,0,0,0,1,0,0,1,duplicate
P00045226,C0137,诺依曼软件传媒有限公司,Shenzhen Sourcing,CN,44596.13,8367.39,CNY,2025-07-03 05:30:00.000000,2025-07-03,0,0,0,0,1,0,0,1,duplicate
P00076196,C0137,诺依曼软件传媒有限公司,UK Ltd,CN,44859.34,8331.37,CNY,2026-02-05 11:54:00.000000,2026-02-05,0,0,0,0,1,0,0,1,duplicate
P00076198,C0137,诺依曼软件传媒有限公司,UK Ltd,CN,44859.34,8341.5,CNY,2026-02-05 12:01:00.000000,2026-02-05,0,0,0,0,1,0,0,1,duplicate
P00052380,C0137,诺依曼软件传媒有限公司,US Inc,CN,45846.7,8586.54,CNY,2025-08-21 14:56:00.000000,2025-08-21,0,0,0,0,1,0,0,1,duplicate
P00052385,C0137,诺依曼软件传媒有限公司,US Inc,CN,45846.7,8586.54,CNY,2025-08-21 15:23:00.000000,2025-08-21,0,0,0,0,1,0,0,1,duplicate
P00050115,C0137,诺依曼软件传媒有限公司,Shanghai Mfg,CN,49608.94,9303.81,CNY,2025-08-07 01:02:00.000000,2025-08-07,0,0,0,0,1,0,0,1,duplicate
P00050121,C0137,诺依曼软件传媒有限公司,Shanghai Mfg,CN,49608.94,9303.81,CNY,2025-08-07 01:09:00.000000,2025-08-07,0,0,0,0,1,0,0,1,duplicate
P00097360,C0137,诺依曼软件传媒有限公司,Shenzhen Sourcing,CN,51983.69,9611.78,CNY,2026-07-01 18:55:00.000000,2026-07-01,0,0,0,0,0,0,1,1,off-hours
P00077145,C0137,诺依曼软件传媒有限公司,SG Operations,CN,52634.54,9721.7,CNY,2026-02-12 05:11:00.000000,2026-02-12,0,0,0,0,1,0,0,1,duplicate
P00077154,C0137,诺依曼软件传媒有限公司,SG Operations,CN,52634.54,9735.76,CNY,2026-02-12 05:37:00.000000,2026-02-12,0,0,0,0,1,0,0,1,duplicate
P00082985,C0137,诺依曼软件传媒有限公司,Shenzhen Sourcing,CN,54241.57,10088.82,CNY,2026-03-26 05:09:00.000000,2026-03-26,0,0,0,0,1,0,0,1,duplicate
P00082987,C0137,诺依曼软件传媒有限公司,Shenzhen Sourcing,CN,54241.57,10088.82,CNY,2026-03-26 05:36:00.000000,2026-03-26,0,0,0,0,1,0,0,1,duplicate
P00102975,C0137,诺依曼软件传媒有限公司,US Inc,CN,57136.17,10704.86,CNY,2026-08-06 17:35:00.000000,2026-08-06,0,0,0,0,1,0,0,1,duplicate
P00102978,C0137,诺依曼软件传媒有限公司,US Inc,CN,57136.17,10704.86,CNY,2026-08-06 18:04:00.000000,2026-08-06,0,0,0,0,1,0,0,1,duplicate
P00059952,C0137,诺依曼软件传媒有限公司,US Inc,CN,58466.71,10887.67,CNY,2025-10-14 17:33:00.000000,2025-10-14,0,0,0,0,1,0,0,1,duplicate
P00059957,C0137,诺依曼软件传媒有限公司,US Inc,CN,58466.71,10887.67,CNY,2025-10-14 17:54:00.000000,2025-10-14,0,0,0,0,1,0,0,1,duplicate
P00084915,C0137,诺依曼软件传媒有限公司,Shenzhen Sourcing,CN,58677.64,10841.16,CNY,2026-04-08 19:44:00.000000,2026-04-08,0,0,0,0,0,0,1,1,off-hours
P00037609,C0137,诺依曼软件传媒有限公司,SG Operations,CN,72015.54,13403.6,CNY,2025-05-08 04:15:00.000000,2025-05-08,0,0,0,0,1,0,0,1,duplicate
P00037611,C0137,诺依曼软件传媒有限公司,SG Operations,CN,72015.54,13403.6,CNY,2025-05-08 04:33:00.000000,2025-05-08,0,0,0,0,1,0,0,1,duplicate
P00090117,C0137,诺依曼软件传媒有限公司,SG Operations,CN,86923.27,16208.15,CNY,2026-05-14 04:54:00.000000,2026-05-14,0,0,0,0,1,0,0,1,duplicate
P00090120,C0137,诺依曼软件传媒有限公司,SG Operations,CN,86923.27,16208.15,CNY,2026-05-14 04:56:00.000000,2026-05-14,0,0,0,0,1,0,0,1,duplicate
P00030544,C0137,诺依曼软件传媒有限公司,Shanghai Mfg,CN,91664.12,17063.83,CNY,2025-03-18 06:46:00.000000,2025-03-18,0,0,0,0,1,0,0,1,duplicate
P00030549,C0137,诺依曼软件传媒有限公司,Shanghai Mfg,CN,91664.12,17063.83,CNY,2025-03-18 07:05:00.000000,2025-03-18,0,0,0,0,1,0,0,1,duplicate
P00105928,C0137,诺依曼软件传媒有限公司,Shenzhen Sourcing,CN,96440.87,18147.57,CNY,2026-08-27 01:55:00.000000,2026-08-27,0,0,1,0,0,0,0,1,structuring
P00029595,C0137,诺依曼软件传媒有限公司,Shenzhen Sourcing,CN,96861.37,18102.81,CNY,2025-03-11 02:38:00.000000,2025-03-11,0,0,1,0,0,0,0,1,structuring
P00059344,C0137,诺依曼软件传媒有限公司,US Inc,CN,97099.56,18092.17,CNY,2025-10-09 13:57:00.000000,2025-10-09,0,0,1,0,0,0,0,1,structuring
P00095433,C0137,诺依曼软件传媒有限公司,US Inc,CN,97350.6,18128.73,CNY,2026-06-18 13:38:00.000000,2026-06-18,0,0,1,0,0,0,0,1,structuring
P00033750,C0137,诺依曼软件传媒有限公司,SG Operations,CN,97362.51,18074.86,CNY,2025-04-10 02:26:00.000000,2025-04-10,0,0,1,0,0,0,0,1,structuring
P00105058,C0137,诺依曼软件传媒有限公司,US Inc,CN,97402.98,18313.32,CNY,2026-08-20 14:40:00.000000,2026-08-20,0,0,1,0,0,0,0,1,structuring
P00099651,C0137,诺依曼软件传媒有限公司,US Inc,CN,97432.19,18066.46,CNY,2026-07-16 13:19:00.000000,2026-07-16,0,0,1,0,0,0,0,1,structuring
P00093166,C0137,诺依曼软件传媒有限公司,Shenzhen Sourcing,CN,97618.62,18274.89,CNY,2026-06-04 02:36:00.000000,2026-06-04,0,0,1,0,0,0,0,1,structuring
P00057068,C0137,诺依曼软件传媒有限公司,Shanghai Mfg,CN,97738.15,18204.12,CNY,2025-09-25 01:20:00.000000,2025-09-25,0,0,1,0,0,0,0,1,structuring
P00061128,C0137,诺依曼软件传媒有限公司,Shanghai Mfg,CN,97824.62,18304.16,CNY,2025-10-23 01:48:00.000000,2025-10-23,0,0,1,0,0,0,0,1,structuring
P00081163,C0137,诺依曼软件传媒有限公司,US Inc,CN,97829.85,18204.28,CNY,2026-03-12 13:04:00.000000,2026-03-12,0,0,1,0,0,0,0,1,structuring
P00009326,C0137,诺依曼软件传媒有限公司,SG Operations,CN,97869.47,18089.41,CNY,2024-10-08 03:08:00.000000,2024-10-08,0,0,1,0,0,0,0,1,structuring
P00078826,C0137,诺依曼软件传媒有限公司,Shanghai Mfg,CN,97945.5,18164.87,CNY,2026-02-26 01:05:00.000000,2026-02-26,0,0,1,0,0,0,0,1,structuring
P00081856,C0137,诺依曼软件传媒有限公司,Shanghai Mfg,CN,98128.48,18274.37,CNY,2026-03-18 06:24:00.000000,2026-03-18,0,0,1,0,0,0,0,1,structuring
P00078823,C0137,诺依曼软件传媒有限公司,Shenzhen Sourcing,CN,98262.07,18223.59,CNY,2026-02-26 00:55:00.000000,2026-02-26,0,0,1,0,0,0,0,1,structuring
P00048549,C0137,诺依曼软件传媒有限公司,Shenzhen Sourcing,CN,98307.57,18405.44,CNY,2025-07-26 08:44:00.000000,2025-07-26,0,0,1,0,0,0,0,1,structuring
P00061253,C0137,诺依曼软件传媒有限公司,Netherlands BV,CN,98330.42,18388.08,CNY,2025-10-23 07:49:00.000000,2025-10-23,0,0,1,0,0,0,0,1,structuring
P00048233,C0137,诺依曼软件传媒有限公司,Shenzhen Sourcing,CN,98466.73,18418.69,CNY,2025-07-24 04:02:00.000000,2025-07-24,0,0,1,0,0,0,0,1,structuring
P00108133,C0137,诺依曼软件传媒有限公司,SG Operations,CN,98483.93,18523.15,CNY,2026-09-10 02:34:00.000000,2026-09-10,0,0,1,0,0,0,0,1,structuring
P00012444,C0137,诺依曼软件传媒有限公司,Shenzhen Sourcing,CN,98512.72,18094.32,CNY,2024-10-31 02:44:00.000000,2024-10-31,0,0,1,0,0,0,0,1,structuring
P00028053,C0137,诺依曼软件传媒有限公司,SG Operations,CN,98671.25,18396.47,CNY,2025-02-27 01:39:00.000000,2025-02-27,0,0,1,0,0,0,0,1,structuring
P00013511,C0137,诺依曼软件传媒有限公司,US Inc,CN,98866.38,18214.75,CNY,2024-11-07 15:14:00.000000,2024-11-07,0,0,1,0,0,0,0,1,structuring
P00009677,C0137,诺依曼软件传媒有限公司,SG Operations,CN,98887.93,18274.79,CNY,2024-10-10 02:36:00.000000,2024-10-10,0,0,1,0,0,0,0,1,structuring
P00097415,C0137,诺依曼软件传媒有限公司,Group Treasury HQ,CN,98891.15,18284.97,CNY,2026-07-02 02:16:00.000000,2026-07-02,0,0,1,0,0,0,0,1,structuring
P00106168,C0137,诺依曼软件传媒有限公司,US Inc,CN,98909.28,18683.47,CNY,2026-08-27 13:54:00.000000,2026-08-27,0,0,1,0,0,0,0,1,structuring
P00030996,C0137,诺依曼软件传媒有限公司,US Inc,CN,98913.91,18418.36,CNY,2025-03-20 13:30:00.000000,2025-03-20,0,0,1,0,0,0,0,1,structuring
P00083689,C0137,诺依曼软件传媒有限公司,Shenzhen Sourcing,CN,98935.63,18326.94,CNY,2026-03-31 02:48:00.000000,2026-03-31,0,0,1,0,0,0,0,1,structuring
P00079261,C0137,诺依曼软件传媒有限公司,Shenzhen Sourcing,CN,98954.83,18357.01,CNY,2026-02-28 04:38:00.000000,2026-02-28,0,0,1,0,0,0,0,1,structuring
P00034901,C0137,诺依曼软件传媒有限公司,US Inc,CN,99118.69,18398.01,CNY,2025-04-17 13:49:00.000000,2025-04-17,0,0,1,0,0,0,0,1,structuring
P00017862,C0137,诺依曼软件传媒有限公司,Shanghai Mfg,CN,99152.59,18210.86,CNY,2024-12-12 01:49:00.000000,2024-12-12,0,0,1,0,0,0,0,1,structuring
P00079545,C0137,诺依曼软件传媒有限公司,Shenzhen Sourcing,CN,99382.82,18422.0,CNY,2026-03-03 01:20:00.000000,2026-03-03,0,0,1,0,0,0,0,1,structuring
P00094826,C0137,诺依曼软件传媒有限公司,Shenzhen Sourcing,CN,99420.87,18618.35,CNY,2026-06-16 01:45:00.000000,2026-06-16,0,0,1,0,0,0,0,1,structuring
P00046735,C0137,诺依曼软件传媒有限公司,Group Treasury HQ,CN,99542.4,18628.56,CNY,2025-07-15 02:21:00.000000,2025-07-15,0,0,1,0,0,0,0,1,structuring
P00069100,C0137,诺依曼软件传媒有限公司,Shanghai Mfg,CN,100084.35,18676.54,CNY,2025-12-18 01:18:00.000000,2025-12-18,0,0,1,0,0,0,0,1,structuring
P00099052,C0137,诺依曼软件传媒有限公司,Shanghai Mfg,CN,100188.25,18659.86,CNY,2026-07-14 01:03:00.000000,2026-07-14,0,0,1,0,0,0,0,1,structuring
P00100142,C0137,诺依曼软件传媒有限公司,SG Operations,CN,100553.84,18700.9,CNY,2026-07-21 02:49:00.000000,2026-07-21,0,0,1,0,0,0,0,1,structuring
P00042176,C0137,诺依曼软件传媒有限公司,SG Operations,CN,100824.13,18892.32,CNY,2025-06-12 02:19:00.000000,2025-06-12,0,0,1,0,0,0,0,1,structuring
P00030099,C0137,诺依曼软件传媒有限公司,US Inc,CN,100829.47,18856.22,CNY,2025-03-13 14:59:00.000000,2025-03-13,0,0,1,0,0,0,0,1,structuring
P00094194,C0137,诺依曼软件传媒有限公司,Group Treasury HQ,CN,100916.31,18929.78,CNY,2026-06-11 02:38:00.000000,2026-06-11,0,0,1,0,0,0,0,1,structuring
P00088080,C0137,诺依曼软件传媒有限公司,Shanghai Mfg,CN,100984.26,18871.03,CNY,2026-04-30 01:26:00.000000,2026-04-30,0,0,1,0,0,0,0,1,structuring
P00074126,C0137,诺依曼软件传媒有限公司,Group Treasury HQ,CN,100999.79,18925.64,CNY,2026-01-22 01:21:00.000000,2026-01-22,0,0,1,0,0,0,0,1,structuring
P00100448,C0137,诺依曼软件传媒有限公司,SG Operations,CN,101082.44,18918.49,CNY,2026-07-23 01:03:00.000000,2026-07-23,0,0,1,0,0,0,0,1,structuring
P00077211,C0137,诺依曼软件传媒有限公司,Germany Sales Office,CN,101348.23,18719.22,CNY,2026-02-12 09:04:00.000000,2026-02-12,0,0,1,0,0,0,0,1,structuring
P00033738,C0137,诺依曼软件传媒有限公司,Shanghai Mfg,CN,101438.94,18831.63,CNY,2025-04-10 02:06:00.000000,2025-04-10,0,0,1,0,0,0,0,1,structuring
P00043206,C0137,诺依曼软件传媒有限公司,Shanghai Mfg,CN,101448.95,18931.29,CNY,2025-06-19 01:29:00.000000,2025-06-19,0,0,1,0,0,0,0,1,structuring
P00032973,C0137,诺依曼软件传媒有限公司,US Inc,CN,101779.37,18923.02,CNY,2025-04-03 14:00:00.000000,2025-04-03,0,0,1,0,0,0,0,1,structuring
P00079371,C0137,诺依曼软件传媒有限公司,Shenzhen Sourcing,CN,101804.48,18864.17,CNY,2026-03-02 07:23:00.000000,2026-03-02,0,0,1,0,0,0,0,1,structuring
P00101567,C0137,诺依曼软件传媒有限公司,Shenzhen Sourcing,CN,101856.51,19072.63,CNY,2026-07-30 01:21:00.000000,2026-07-30,0,0,1,0,0,0,0,1,structuring
P00060162,C0137,诺依曼软件传媒有限公司,Shenzhen Sourcing,CN,101901.41,19039.46,CNY,2025-10-16 02:39:00.000000,2025-10-16,0,0,1,0,0,0,0,1,structuring
P00019340,C0137,诺依曼软件传媒有限公司,US Inc,CN,101904.74,18674.25,CNY,2024-12-23 22:45:00.000000,2024-12-23,0,0,1,0,0,0,0,1,structuring
P00030827,C0137,诺依曼软件传媒有限公司,Shanghai Mfg,CN,102017.91,19015.83,CNY,2025-03-20 02:03:00.000000,2025-03-20,0,0,1,0,0,0,0,1,structuring
P00031874,C0137,诺依曼软件传媒有限公司,UK Ltd,CN,102107.17,19026.45,CNY,2025-03-27 09:03:00.000000,2025-03-27,0,0,1,0,0,0,0,1,structuring
P00040402,C0137,诺依曼软件传媒有限公司,Shenzhen Sourcing,CN,102188.74,19147.21,CNY,2025-05-29 01:39:00.000000,2025-05-29,0,0,1,0,0,0,0,1,structuring
P00061953,C0137,诺依曼软件传媒有限公司,Netherlands BV,CN,102248.23,19066.43,CNY,2025-10-28 09:21:00.000000,2025-10-28,0,0,1,0,0,0,0,1,structuring
P00048548,C0137,诺依曼软件传媒有限公司,Shenzhen Sourcing,CN,102254.13,19144.32,CNY,2025-07-26 01:02:00.000000,2025-07-26,0,0,1,0,0,0,0,1,structuring
P00047246,C0137,诺依曼软件传媒有限公司,Germany GmbH,CN,102316.51,19153.86,CNY,2025-07-17 08:17:00.000000,2025-07-17,0,0,1,0,0,0,0,1,structuring
P00063876,C0137,诺依曼软件传媒有限公司,Germany GmbH,CN,102361.45,19020.8,CNY,2025-11-11 09:19:00.000000,2025-11-11,0,0,1,0,0,0,0,1,structuring
P00042137,C0137,诺依曼软件传媒有限公司,Shanghai Mfg,CN,102497.8,19205.94,CNY,2025-06-12 01:20:00.000000,2025-06-12,0,0,1,0,0,0,0,1,structuring
P00024397,C0137,诺依曼软件传媒有限公司,US Inc,CN,102707.98,18926.92,CNY,2025-01-30 14:10:00.000000,2025-01-30,0,0,1,0,0,0,0,1,structuring
P00039046,C0137,诺依曼软件传媒有限公司,Shenzhen Sourcing,CN,102891.89,19264.14,CNY,2025-05-20 01:30:00.000000,2025-05-20,0,0,1,0,0,0,0,1,structuring
P00039288,C0137,诺依曼软件传媒有限公司,Netherlands BV,CN,103147.16,19262.11,CNY,2025-05-21 12:51:00.000000,2025-05-21,0,0,1,0,0,0,0,1,structuring
P00105046,C0137,诺依曼软件传媒有限公司,US Inc,CN,103209.88,19405.11,CNY,2026-08-20 14:13:00.000000,2026-08-20,0,0,1,0,0,0,0,1,structuring
P00097192,C0137,诺依曼软件传媒有限公司,US Inc,CN,103212.13,19081.34,CNY,2026-06-30 14:14:00.000000,2026-06-30,0,0,1,0,0,0,0,1,structuring
P00087145,C0137,诺依曼软件传媒有限公司,Netherlands BV,CN,103492.48,19318.01,CNY,2026-04-23 08:24:00.000000,2026-04-23,0,0,1,0,0,0,0,1,structuring
P00097483,C0137,诺依曼软件传媒有限公司,Netherlands BV,CN,103583.9,19177.21,CNY,2026-07-02 07:24:00.000000,2026-07-02,0,0,1,0,0,0,0,1,structuring
P00098346,C0137,诺依曼软件传媒有限公司,Shanghai Mfg,CN,103738.25,19329.76,CNY,2026-07-09 01:28:00.000000,2026-07-09,0,0,1,0,0,0,0,1,structuring
P00048211,C0137,诺依曼软件传媒有限公司,Shanghai Mfg,CN,103782.06,19412.95,CNY,2025-07-24 02:27:00.000000,2025-07-24,0,0,1,0,0,0,0,1,structuring
P00074678,C0137,诺依曼软件传媒有限公司,Shanghai Mfg,CN,103807.88,19382.49,CNY,2026-01-27 01:40:00.000000,2026-01-27,0,0,1,0,0,0,0,1,structuring
P00026462,C0137,诺依曼软件传媒有限公司,Shenzhen Sourcing,CN,103842.12,19236.96,CNY,2025-02-14 05:28:00.000000,2025-02-14,0,0,1,0,0,0,0,1,structuring
P00085733,C0137,诺依曼软件传媒有限公司,Shenzhen Sourcing,CN,103887.45,19388.72,CNY,2026-04-14 07:04:00.000000,2026-04-14,0,0,1,0,0,0,0,1,structuring
P00105969,C0137,诺依曼软件传媒有限公司,Shanghai Mfg,CN,103910.11,19553.08,CNY,2026-08-27 02:46:00.000000,2026-08-27,0,0,1,0,1,0,0,2,"structuring, duplicate"
P00105986,C0137,诺依曼软件传媒有限公司,Shanghai Mfg,CN,103910.11,19553.08,CNY,2026-08-27 03:07:00.000000,2026-08-27,0,0,1,0,1,0,0,2,"structuring, duplicate"
P00023428,C0137,诺依曼软件传媒有限公司,Shenzhen Sourcing,CN,103938.22,19121.2,CNY,2025-01-23 01:42:00.000000,2025-01-23,0,0,1,0,0,0,0,1,structuring
P00061112,C0137,诺依曼软件传媒有限公司,Shenzhen Sourcing,CN,103967.49,19453.56,CNY,2025-10-23 01:28:00.000000,2025-10-23,0,0,1,0,0,0,0,1,structuring
P00047058,C0137,诺依曼软件传媒有限公司,Group Treasury HQ,CN,104141.87,19524.0,CNY,2025-07-16 19:13:00.000000,2025-07-16,0,0,1,0,0,0,1,2,"structuring, off-hours"
P00016105,C0137,诺依曼软件传媒有限公司,Shanghai Mfg,CN,104287.53,19337.72,CNY,2024-11-28 02:52:00.000000,2024-11-28,0,0,1,0,0,0,0,1,structuring
P00069205,C0137,诺依曼软件传媒有限公司,Shenzhen Sourcing,CN,104895.91,19581.23,CNY,2025-12-18 06:46:00.000000,2025-12-18,0,0,1,0,1,0,0,2,"structuring, duplicate"
P00069206,C0137,诺依曼软件传媒有限公司,Shenzhen Sourcing,CN,104895.91,19581.23,CNY,2025-12-18 06:58:00.000000,2025-12-18,0,0,1,0,1,0,0,2,"structuring, duplicate"
P00071897,C0137,诺依曼软件传媒有限公司,US Inc,CN,105198.01,19637.0,CNY,2026-01-06 15:20:00.000000,2026-01-06,0,0,1,0,0,0,0,1,structuring
P00089679,C0137,诺依曼软件传媒有限公司,Shanghai Mfg,CN,105385.11,19716.5,CNY,2026-05-12 01:53:00.000000,2026-05-12,0,0,1,0,0,0,0,1,structuring
P00027763,C0137,诺依曼软件传媒有限公司,SG Operations,CN,105499.0,19707.42,CNY,2025-02-25 02:49:00.000000,2025-02-25,0,0,1,0,0,0,0,1,structuring
P00052159,C0137,诺依曼软件传媒有限公司,Shenzhen Sourcing,CN,105533.36,19783.71,CNY,2025-08-21 02:30:00.000000,2025-08-21,0,0,1,0,0,0,0,1,structuring
P00087027,C0137,诺依曼软件传媒有限公司,Shanghai Mfg,CN,105577.43,19707.19,CNY,2026-04-23 02:17:00.000000,2026-04-23,0,0,1,0,0,0,0,1,structuring
P00077006,C0137,诺依曼软件传媒有限公司,Shenzhen Sourcing,CN,105717.79,19526.29,CNY,2026-02-12 01:22:00.000000,2026-02-12,0,0,1,0,0,0,0,1,structuring
P00098473,C0137,诺依曼软件传媒有限公司,Netherlands BV,CN,105724.56,19629.56,CNY,2026-07-09 07:11:00.000000,2026-07-09,0,0,1,0,0,0,0,1,structuring
P00035609,C0137,诺依曼软件传媒有限公司,Group Treasury HQ,CN,105921.79,19763.42,CNY,2025-04-24 01:56:00.000000,2025-04-24,0,0,1,0,0,0,0,1,structuring
P00054205,C0137,诺依曼软件传媒有限公司,SG Operations,CN,106042.44,19798.34,CNY,2025-09-04 02:32:00.000000,2025-09-04,0,0,1,0,0,0,0,1,structuring
P00055150,C0137,诺依曼软件传媒有限公司,Shenzhen Sourcing,CN,106152.65,19806.39,CNY,2025-09-11 01:56:00.000000,2025-09-11,0,0,1,0,0,0,0,1,structuring
P00011401,C0137,诺依曼软件传媒有限公司,Shenzhen Sourcing,CN,106162.42,19498.85,CNY,2024-10-24 01:58:00.000000,2024-10-24,0,0,1,0,0,0,0,1,structuring
P00034371,C0137,诺依曼软件传媒有限公司,Shanghai Mfg,CN,106201.55,19712.28,CNY,2025-04-15 02:26:00.000000,2025-04-15,0,0,1,0,0,0,0,1,structuring
P00022634,C0137,诺依曼软件传媒有限公司,Germany GmbH,CN,106208.54,19572.0,CNY,2025-01-16 08:00:00.000000,2025-01-16,0,0,1,0,0,0,0,1,structuring
P00095256,C0137,诺依曼软件传媒有限公司,Shenzhen Sourcing,CN,106367.67,19812.57,CNY,2026-06-18 02:49:00.000000,2026-06-18,0,0,1,0,0,0,0,1,structuring
P00066127,C0137,诺依曼软件传媒有限公司,Shenzhen Sourcing,CN,106745.27,19865.94,CNY,2025-11-27 01:56:00.000000,2025-11-27,0,0,1,0,0,0,0,1,structuring
P00043246,C0137,诺依曼软件传媒有限公司,SG Operations,CN,107164.06,19997.78,CNY,2025-06-19 02:24:00.000000,2025-06-19,0,0,1,0,0,0,0,1,structuring
P00023094,C0137,诺依曼软件传媒有限公司,Shenzhen Sourcing,CN,107413.62,19782.9,CNY,2025-01-21 02:31:00.000000,2025-01-21,0,0,1,0,0,0,0,1,structuring
P00103719,C0137,诺依曼软件传媒有限公司,Shenzhen Sourcing,CN,109806.63,20570.63,CNY,2026-08-13 01:57:00.000000,2026-08-13,0,0,0,0,1,0,0,1,duplicate
P00103738,C0137,诺依曼软件传媒有限公司,Shenzhen Sourcing,CN,109806.63,20570.63,CNY,2026-08-13 02:21:00.000000,2026-08-13,0,0,0,0,1,0,0,1,duplicate
P00035283,C0137,诺依曼软件传媒有限公司,Shanghai Mfg,CN,118562.58,22138.24,CNY,2025-04-22 06:46:00.000000,2025-04-22,0,0,0,0,1,0,0,1,duplicate
P00035290,C0137,诺依曼软件传媒有限公司,Shanghai Mfg,CN,118562.58,22138.24,CNY,2025-04-22 07:00:00.000000,2025-04-22,0,0,0,0,1,0,0,1,duplicate
P00064935,C0137,诺依曼软件传媒有限公司,US Inc,CN,137614.25,25621.3,CNY,2025-11-18 18:18:00.000000,2025-11-18,0,0,0,0,1,0,0,1,duplicate
P00064936,C0137,诺依曼软件传媒有限公司,US Inc,CN,137614.25,25621.3,CNY,2025-11-18 18:21:00.000000,2025-11-18,0,0,0,0,1,0,0,1,duplicate
P00088141,C0137,诺依曼软件传媒有限公司,SG Operations,CN,150110.24,28051.25,CNY,2026-04-30 02:27:00.000000,2026-04-30,0,0,0,0,1,0,0,1,duplicate
P00088157,C0137,诺依曼软件传媒有限公司,SG Operations,CN,150110.24,28051.25,CNY,2026-04-30 02:48:00.000000,2026-04-30,0,0,0,0,1,0,0,1,duplicate
P00057834,C0137,诺依曼软件传媒有限公司,Shenzhen Sourcing,CN,153284.63,28493.01,CNY,2025-09-30 01:42:00.000000,2025-09-30,0,0,0,0,1,0,0,1,duplicate
P00057839,C0137,诺依曼软件传媒有限公司,Shenzhen Sourcing,CN,153284.63,28493.01,CNY,2025-09-30 01:45:00.000000,2025-09-30,0,0,0,0,1,0,0,1,duplicate
P00053810,C0137,诺依曼软件传媒有限公司,Shanghai Mfg,CN,158502.29,29554.18,CNY,2025-09-02 05:20:00.000000,2025-09-02,0,0,0,0,1,0,0,1,duplicate
P00053815,C0137,诺依曼软件传媒有限公司,Shanghai Mfg,CN,158502.29,29554.18,CNY,2025-09-02 05:41:00.000000,2025-09-02,0,0,0,0,1,0,0,1,duplicate
P00057767,C0137,诺依曼软件传媒有限公司,Shenzhen Sourcing,CN,173389.3,32230.12,CNY,2025-09-29 20:28:00.000000,2025-09-29,0,0,0,0,0,0,1,1,off-hours
P00015757,C0137,诺依曼软件传媒有限公司,Shanghai Mfg,CN,178488.23,33022.46,CNY,2024-11-26 04:00:00.000000,2024-11-26,0,0,0,0,1,0,0,1,duplicate
P00015759,C0137,诺依曼软件传媒有限公司,Shanghai Mfg,CN,178488.23,33022.46,CNY,2024-11-26 04:15:00.000000,2024-11-26,0,0,0,0,1,0,0,1,duplicate
P00102462,C0137,诺依曼软件传媒有限公司,India Services,CN,178574.91,33431.54,CNY,2026-08-04 08:52:00.000000,2026-08-04,0,0,0,0,1,0,0,1,duplicate
P00102467,C0137,诺依曼软件传媒有限公司,India Services,CN,178574.91,33431.54,CNY,2026-08-04 09:08:00.000000,2026-08-04,0,0,0,0,1,0,0,1,duplicate
P00085028,C0137,诺依曼软件传媒有限公司,Shanghai Mfg,CN,211430.3,39063.44,CNY,2026-04-09 04:34:00.000000,2026-04-09,0,0,0,0,1,0,0,1,duplicate
P00085034,C0137,诺依曼软件传媒有限公司,Shanghai Mfg,CN,211430.3,39119.47,CNY,2026-04-09 05:04:00.000000,2026-04-09,0,0,0,0,1,0,0,1,duplicate
P00035797,C0137,诺依曼软件传媒有限公司,US Inc,CN,229646.72,42830.26,CNY,2025-04-24 13:03:00.000000,2025-04-24,0,0,0,0,1,0,0,1,duplicate
P00035803,C0137,诺依曼软件传媒有限公司,US Inc,CN,229646.72,42830.26,CNY,2025-04-24 13:19:00.000000,2025-04-24,0,0,0,0,1,0,0,1,duplicate
P00047377,C0137,诺依曼软件传媒有限公司,US West Distribution,CN,231491.53,43335.68,CNY,2025-07-17 15:32:00.000000,2025-07-17,0,0,0,0,1,0,0,1,duplicate
P00047380,C0137,诺依曼软件传媒有限公司,US West Distribution,CN,231491.53,43335.68,CNY,2025-07-17 15:49:00.000000,2025-07-17,0,0,0,0,1,0,0,1,duplicate
P00110164,C0137,诺依曼软件传媒有限公司,SG Operations,CN,237027.99,44396.53,CNY,2026-09-23 02:02:00.000000,2026-09-23,0,0,0,0,1,0,0,1,duplicate
P00110166,C0137,诺依曼软件传媒有限公司,SG Operations,CN,237027.99,44396.53,CNY,2026-09-23 02:14:00.000000,2026-09-23,0,0,0,0,1,0,0,1,duplicate
P00076079,C0137,诺依曼软件传媒有限公司,SG Operations,CN,263789.68,49084.93,CNY,2026-02-05 06:12:00.000000,2026-02-05,0,0,0,0,1,0,0,1,duplicate
P00076082,C0137,诺依曼软件传媒有限公司,SG Operations,CN,263789.68,49051.16,CNY,2026-02-05 06:36:00.000000,2026-02-05,0,0,0,0,1,0,0,1,duplicate
P00104777,C0137,诺依曼软件传媒有限公司,Shanghai Mfg,CN,283582.38,53282.58,CNY,2026-08-19 18:55:00.000000,2026-08-19,0,0,0,0,0,0,1,1,off-hours
P00068156,C0137,诺依曼软件传媒有限公司,SG Operations,CN,327515.93,60926.48,CNY,2025-12-11 07:40:00.000000,2025-12-11,0,0,0,0,1,0,0,1,duplicate
P00068165,C0137,诺依曼软件传媒有限公司,SG Operations,CN,327515.93,60926.48,CNY,2025-12-11 08:10:00.000000,2025-12-11,0,0,0,0,1,0,0,1,duplicate
P00008589,C0137,诺依曼软件传媒有限公司,SG Operations,CN,338958.55,62650.39,CNY,2024-10-01 01:39:00.000000,2024-10-01,0,0,0,1,0,0,0,1,new beneficiary
P00038498,C0137,诺依曼软件传媒有限公司,Shenzhen Sourcing,CN,384056.48,71854.66,CNY,2025-05-15 04:40:00.000000,2025-05-15,0,0,0,0,1,0,0,1,duplicate
P00038502,C0137,诺依曼软件传媒有限公司,Shenzhen Sourcing,CN,384056.48,71861.58,CNY,2025-05-15 05:01:00.000000,2025-05-15,0,0,0,0,1,0,0,1,duplicate
P00091110,C0137,诺依曼软件传媒有限公司,Shanghai Mfg,CN,398764.36,74512.31,CNY,2026-05-21 04:56:00.000000,2026-05-21,0,0,0,0,1,0,0,1,duplicate
P00091115,C0137,诺依曼软件传媒有限公司,Shanghai Mfg,CN,398764.36,74339.25,CNY,2026-05-21 05:09:00.000000,2026-05-21,0,0,0,0,1,0,0,1,duplicate
P00048793,C0137,诺依曼软件传媒有限公司,Shanghai Mfg,CN,515994.03,96653.94,CNY,2025-07-28 18:09:00.000000,2025-07-28,0,0,0,0,0,0,1,1,off-hours
P00009403,C0137,诺依曼软件传媒有限公司,Netherlands BV,CN,609097.16,112498.42,CNY,2024-10-08 07:34:00.000000,2024-10-08,0,0,0,1,0,0,0,1,new beneficiary
P00059156,C0137,诺依曼软件传媒有限公司,India Services,CN,727132.96,135392.16,CNY,2025-10-09 05:27:00.000000,2025-10-09,0,0,0,0,1,0,0,1,duplicate
P00059157,C0137,诺依曼软件传媒有限公司,India Services,CN,727132.96,135392.16,CNY,2025-10-09 05:32:00.000000,2025-10-09,0,0,0,0,1,0,0,1,duplicate
P00035182,C0137,诺依曼软件传媒有限公司,Shanghai Mfg,CN,835175.66,155798.68,CNY,2025-04-21 18:07:00.000000,2025-04-21,0,0,0,0,0,0,1,1,off-hours
P00103810,C0137,诺依曼软件传媒有限公司,Shanghai Mfg,CN,1079500.04,202097.52,CNY,2026-08-13 06:31:00.000000,2026-08-13,0,0,0,0,1,0,0,1,duplicate
P00103815,C0137,诺依曼软件传媒有限公司,Shanghai Mfg,CN,1079500.04,202097.52,CNY,2026-08-13 06:58:00.000000,2026-08-13,0,0,0,0,1,0,0,1,duplicate
P00049962,C0137,诺依曼软件传媒有限公司,Germany GmbH,CN,1288985.99,240943.71,CNY,2025-08-05 13:33:00.000000,2025-08-05,0,0,0,0,1,0,0,1,duplicate
P00049966,C0137,诺依曼软件传媒有限公司,Germany GmbH,CN,1288985.99,241740.3,CNY,2025-08-05 13:48:00.000000,2025-08-05,0,0,0,0,1,0,0,1,duplicate
P00099299,C0137,诺依曼软件传媒有限公司,US Inc,CN,1438172.89,266691.9,CNY,2026-07-14 18:24:00.000000,2026-07-14,0,0,0,0,1,0,0,1,duplicate
P00099301,C0137,诺依曼软件传媒有限公司,US Inc,CN,1438172.89,267658.36,CNY,2026-07-14 18:53:00.000000,2026-07-14,0,0,0,0,1,0,0,1,duplicate
P00065873,C0137,诺依曼软件传媒有限公司,Netherlands BV,CN,2523307.52,468807.83,CNY,2025-11-25 12:12:00.000000,2025-11-25,0,0,0,0,1,0,0,1,duplicate
P00065876,C0137,诺依曼软件传媒有限公司,Netherlands BV,CN,2523307.52,468807.83,CNY,2025-11-25 12:18:00.000000,2025-11-25,0,0,0,0,1,0,0,1,duplicate
P00102020,C0138,开发区世创科技有限公司,SG Operations,CN,56.52,56.52,SGD,2026-08-02 21:14:00.000000,2026-08-02,0,0,0,0,0,0,1,1,off-hours
P00058053,C0138,开发区世创科技有限公司,Shenzhen Sourcing,CN,72.65,13.54,CNY,2025-09-30 11:39:00.000000,2025-09-30,0,0,0,0,0,1,0,1,burst
P00057907,C0138,开发区世创科技有限公司,SG Operations,CN,105.87,105.87,SGD,2025-09-30 03:02:00.000000,2025-09-30,0,0,0,0,0,1,0,1,burst
P00047312,C0138,开发区世创科技有限公司,Netherlands BV,CN,111.77,163.22,EUR,2025-07-17 10:57:00.000000,2025-07-17,0,0,0,0,0,1,0,1,burst
P00029086,C0138,开发区世创科技有限公司,Netherlands BV,CN,143.12,205.38,EUR,2025-03-06 11:56:00.000000,2025-03-06,0,0,0,0,0,1,0,1,burst
P00057947,C0138,开发区世创科技有限公司,Shanghai Mfg,CN,191.97,35.77,CNY,2025-09-30 05:45:00.000000,2025-09-30,0,0,0,0,0,1,0,1,burst
P00050039,C0138,开发区世创科技有限公司,US West Distribution,CN,242.98,327.17,USD,2025-08-06 08:39:00.000000,2025-08-06,0,0,0,0,0,0,1,1,off-hours
P00084922,C0138,开发区世创科技有限公司,SG Operations,CN,320.14,320.14,SGD,2026-04-08 21:41:00.000000,2026-04-08,0,0,0,0,0,0,1,1,off-hours
P00028961,C0138,开发区世创科技有限公司,Shanghai Mfg,CN,642.66,120.41,CNY,2025-03-06 03:06:00.000000,2025-03-06,0,0,0,0,0,1,0,1,burst
P00057918,C0138,开发区世创科技有限公司,SG Operations,CN,835.55,835.55,SGD,2025-09-30 04:22:00.000000,2025-09-30,0,0,0,0,0,1,0,1,burst
P00084310,C0138,开发区世创科技有限公司,Netherlands BV,CN,976.6,1407.74,EUR,2026-04-02 21:12:00.000000,2026-04-02,0,0,0,0,0,0,1,1,off-hours
P00057936,C0138,开发区世创科技有限公司,Shanghai Mfg,CN,1384.17,257.91,CNY,2025-09-30 05:05:00.000000,2025-09-30,0,0,0,0,0,1,0,1,burst
P00047178,C0138,开发区世创科技有限公司,Shanghai Mfg,CN,1396.06,261.34,CNY,2025-07-17 04:29:00.000000,2025-07-17,0,0,0,0,0,1,0,1,burst
P00028962,C0138,开发区世创科技有限公司,SG Operations,CN,1885.42,1885.42,SGD,2025-03-06 03:14:00.000000,2025-03-06,0,0,0,0,0,1,0,1,burst
P00029018,C0138,开发区世创科技有限公司,Shenzhen Sourcing,CN,5012.13,939.11,CNY,2025-03-06 08:41:00.000000,2025-03-06,0,0,0,0,0,1,0,1,burst
P00047074,C0138,开发区世创科技有限公司,Shanghai Mfg,CN,9149.02,1715.21,CNY,2025-07-17 01:04:00.000000,2025-07-17,0,0,0,0,0,1,0,1,burst
P00034751,C0138,开发区世创科技有限公司,Shanghai Mfg,CN,10324.75,1911.76,CNY,2025-04-17 03:43:00.000000,2025-04-17,0,0,0,0,1,0,0,1,duplicate
P00034754,C0138,开发区世创科技有限公司,Shanghai Mfg,CN,10324.75,1911.76,CNY,2025-04-17 03:49:00.000000,2025-04-17,0,0,0,0,1,0,0,1,duplicate
P00057799,C0138,开发区世创科技有限公司,Shenzhen Sourcing,CN,12559.18,2334.54,CNY,2025-09-30 01:15:00.000000,2025-09-30,0,0,0,0,0,1,0,1,burst
P00047230,C0138,开发区世创科技有限公司,Netherlands BV,CN,18033.45,3375.9,CNY,2025-07-17 08:03:00.000000,2025-07-17,0,0,0,0,0,1,0,1,burst
P00057852,C0138,开发区世创科技有限公司,Shanghai Mfg,CN,20424.0,3796.47,CNY,2025-09-30 02:01:00.000000,2025-09-30,0,0,0,0,0,1,0,1,burst
P00091095,C0138,开发区世创科技有限公司,Shanghai Mfg,CN,25000.0,4671.45,CNY,2026-05-21 03:12:00.000000,2026-05-21,0,1,0,0,0,0,0,1,round amount
P00028928,C0138,开发区世创科技有限公司,Shanghai Mfg,CN,28694.64,5365.78,CNY,2025-03-06 02:14:00.000000,2025-03-06,0,0,0,0,0,1,0,1,burst
P00013284,C0138,开发区世创科技有限公司,Netherlands BV,CN,33444.67,6161.34,CNY,2024-11-07 01:30:00.000000,2024-11-07,0,0,0,0,0,0,1,1,off-hours
P00109246,C0138,开发区世创科技有限公司,Shanghai Mfg,CN,35522.31,6638.66,CNY,2026-09-17 02:24:00.000000,2026-09-17,0,0,0,0,1,0,0,1,duplicate
P00109267,C0138,开发区世创科技有限公司,Shanghai Mfg,CN,35522.31,6638.66,CNY,2026-09-17 02:51:00.000000,2026-09-17,0,0,0,0,1,0,0,1,duplicate
P00029047,C0138,开发区世创科技有限公司,Netherlands BV,CN,62465.09,11701.77,CNY,2025-03-06 09:29:00.000000,2025-03-06,0,0,0,0,0,1,0,1,burst
P00057783,C0138,开发区世创科技有限公司,Shanghai Mfg,CN,64358.78,11983.6,CNY,2025-09-30 01:03:00.000000,2025-09-30,0,0,0,0,0,1,0,1,burst
P00029052,C0138,开发区世创科技有限公司,Netherlands BV,CN,66513.56,12460.18,CNY,2025-03-06 09:39:00.000000,2025-03-06,0,0,0,0,0,1,0,1,burst
P00028927,C0138,开发区世创科技有限公司,Shanghai Mfg,CN,72545.6,13565.74,CNY,2025-03-06 02:12:00.000000,2025-03-06,0,0,0,0,0,1,0,1,burst
P00029013,C0138,开发区世创科技有限公司,Germany GmbH,CN,84951.91,15914.3,CNY,2025-03-06 08:29:00.000000,2025-03-06,0,0,0,0,1,1,0,2,"duplicate, burst"
P00029021,C0138,开发区世创科技有限公司,Germany GmbH,CN,84951.91,15914.3,CNY,2025-03-06 08:47:00.000000,2025-03-06,0,0,0,0,1,1,0,2,"duplicate, burst"
P00047075,C0138,开发区世创科技有限公司,Shanghai Mfg,CN,89550.94,16788.56,CNY,2025-07-17 01:05:00.000000,2025-07-17,0,0,0,0,0,1,0,1,burst
P00103394,C0138,开发区世创科技有限公司,Shenzhen Sourcing,CN,96246.3,18024.14,CNY,2026-08-11 01:51:00.000000,2026-08-11,0,0,1,0,0,0,0,1,structuring
P00045803,C0138,开发区世创科技有限公司,Shenzhen Sourcing,CN,96846.53,18228.45,CNY,2025-07-08 02:40:00.000000,2025-07-08,0,0,1,0,0,0,0,1,structuring
P00065733,C0138,开发区世创科技有限公司,Group Treasury HQ,CN,97230.31,18111.19,CNY,2025-11-25 01:50:00.000000,2025-11-25,0,0,1,0,0,0,0,1,structuring
P00099091,C0138,开发区世创科技有限公司,Shanghai Mfg,CN,100076.23,18625.19,CNY,2026-07-14 02:28:00.000000,2026-07-14,0,0,1,0,0,0,0,1,structuring
P00051930,C0138,开发区世创科技有限公司,UK Ltd,CN,103752.02,19423.31,CNY,2025-08-19 09:59:00.000000,2025-08-19,0,0,1,0,0,0,0,1,structuring
P00064747,C0138,开发区世创科技有限公司,Shanghai Mfg,CN,103839.21,19340.78,CNY,2025-11-18 01:32:00.000000,2025-11-18,0,0,1,0,0,0,0,1,structuring
P00020672,C0138,开发区世创科技有限公司,Netherlands BV,CN,104052.48,19061.89,CNY,2025-01-02 09:23:00.000000,2025-01-02,0,0,1,0,0,0,0,1,structuring
P00066158,C0138,开发区世创科技有限公司,Group Treasury HQ,CN,106938.33,19901.86,CNY,2025-11-27 02:45:00.000000,2025-11-27,0,0,1,0,0,0,0,1,structuring
P00059089,C0138,开发区世创科技有限公司,SG Operations,CN,107025.65,19928.18,CNY,2025-10-09 02:34:00.000000,2025-10-09,0,0,1,0,0,0,0,1,structuring
P00057795,C0138,开发区世创科技有限公司,Shenzhen Sourcing,CN,107291.13,19943.6,CNY,2025-09-30 01:14:00.000000,2025-09-30,0,0,1,0,0,1,0,2,"structuring, burst"
P00017867,C0138,开发区世创科技有限公司,Shanghai Mfg,CN,143520.7,26359.73,CNY,2024-12-12 01:54:00.000000,2024-12-12,0,0,0,0,1,0,0,1,duplicate
P00017882,C0138,开发区世创科技有限公司,Shanghai Mfg,CN,143520.7,26318.25,CNY,2024-12-12 02:19:00.000000,2024-12-12,0,0,0,0,1,0,0,1,duplicate
P00101782,C0138,开发区世创科技有限公司,Netherlands BV,CN,165203.95,30977.06,CNY,2026-07-30 10:16:00.000000,2026-07-30,0,0,0,0,1,0,0,1,duplicate
P00101784,C0138,开发区世创科技有限公司,Netherlands BV,CN,165203.95,30977.06,CNY,2026-07-30 10:19:00.000000,2026-07-30,0,0,0,0,1,0,0,1,duplicate
P00028894,C0138,开发区世创科技有限公司,SG Operations,CN,195596.57,36575.78,CNY,2025-03-06 01:35:00.000000,2025-03-06,0,0,0,0,0,1,0,1,burst
P00047128,C0138,开发区世创科技有限公司,Shanghai Mfg,CN,229742.26,43008.21,CNY,2025-07-17 02:18:00.000000,2025-07-17,0,0,0,0,0,1,0,1,burst
P00029964,C0138,开发区世创科技有限公司,SG Operations,CN,255021.98,47691.92,CNY,2025-03-13 07:46:00.000000,2025-03-13,0,0,0,0,1,0,0,1,duplicate
P00029968,C0138,开发区世创科技有限公司,SG Operations,CN,255021.98,47691.92,CNY,2025-03-13 07:58:00.000000,2025-03-13,0,0,0,0,1,0,0,1,duplicate
P00047298,C0138,开发区世创科技有限公司,India Services,CN,255772.0,4118.95,INR,2025-07-17 09:52:00.000000,2025-07-17,0,0,0,0,0,1,0,1,burst
P00043353,C0138,开发区世创科技有限公司,Netherlands BV,CN,258867.87,48244.17,CNY,2025-06-19 08:33:00.000000,2025-06-19,0,0,0,0,1,0,0,1,duplicate
P00043374,C0138,开发区世创科技有限公司,Netherlands BV,CN,258867.87,48244.17,CNY,2025-06-19 09:00:00.000000,2025-06-19,0,0,0,0,1,0,0,1,duplicate
P00047296,C0138,开发区世创科技有限公司,India Services,CN,324465.91,5225.2,INR,2025-07-17 09:50:00.000000,2025-07-17,0,0,0,0,0,1,0,1,burst
P00057953,C0138,开发区世创科技有限公司,Netherlands BV,CN,329765.19,61297.74,CNY,2025-09-30 06:04:00.000000,2025-09-30,0,0,0,0,0,1,0,1,burst
P00047283,C0138,开发区世创科技有限公司,India Services,CN,387158.7,6234.8,INR,2025-07-17 09:24:00.000000,2025-07-17,0,0,0,0,0,1,0,1,burst
P00047277,C0138,开发区世创科技有限公司,India Services,CN,414385.03,6673.26,INR,2025-07-17 09:12:00.000000,2025-07-17,0,0,0,0,0,1,0,1,burst
P00047291,C0138,开发区世创科技有限公司,India Services,CN,419975.3,6763.28,INR,2025-07-17 09:41:00.000000,2025-07-17,0,0,0,0,0,1,0,1,burst
P00047285,C0138,开发区世创科技有限公司,India Services,CN,440070.48,7086.9,INR,2025-07-17 09:29:00.000000,2025-07-17,0,0,0,0,0,1,0,1,burst
P00047295,C0138,开发区世创科技有限公司,India Services,CN,442457.42,7125.33,INR,2025-07-17 09:48:00.000000,2025-07-17,0,0,0,0,0,1,0,1,burst
P00047342,C0138,开发区世创科技有限公司,US Inc,CN,497828.02,93194.4,CNY,2025-07-17 13:31:00.000000,2025-07-17,0,0,0,0,0,1,0,1,burst
P00047276,C0138,开发区世创科技有限公司,India Services,CN,562935.11,9065.51,INR,2025-07-17 09:10:00.000000,2025-07-17,0,0,0,0,0,1,0,1,burst
P00047286,C0138,开发区世创科技有限公司,India Services,CN,614963.83,9903.38,INR,2025-07-17 09:31:00.000000,2025-07-17,0,0,0,0,0,1,0,1,burst
P00047292,C0138,开发区世创科技有限公司,India Services,CN,638867.54,10288.32,INR,2025-07-17 09:41:00.000000,2025-07-17,0,0,0,0,0,1,0,1,burst
P00050783,C0138,开发区世创科技有限公司,Shanghai Mfg,CN,664487.39,124546.86,CNY,2025-08-11 18:24:00.000000,2025-08-11,0,0,0,0,0,0,1,1,off-hours
P00047290,C0138,开发区世创科技有限公司,India Services,CN,753923.74,12141.19,INR,2025-07-17 09:40:00.000000,2025-07-17,0,0,0,0,0,1,0,1,burst
P00047281,C0138,开发区世创科技有限公司,India Services,CN,831872.0,13429.74,INR,2025-07-17 09:20:00.000000,2025-07-17,0,0,0,0,0,1,0,1,burst
P00044356,C0138,开发区世创科技有限公司,Netherlands BV,CN,1335121.71,249586.32,CNY,2025-06-26 13:44:00.000000,2025-06-26,0,0,0,0,1,0,0,1,duplicate
P00044362,C0138,开发区世创科技有限公司,Netherlands BV,CN,1335121.71,249917.43,CNY,2025-06-26 14:08:00.000000,2025-06-26,0,0,0,0,1,0,0,1,duplicate
P00108015,C0140,Stadelmann GbR,US Inc,DE,62.07,84.91,USD,2026-09-09 10:32:00.000000,2026-09-09,0,0,0,0,0,0,1,1,off-hours
P00088291,C0140,Stadelmann GbR,Germany GmbH,DE,2232.09,3273.54,EUR,2026-04-30 10:04:00.000000,2026-04-30,0,0,0,0,1,0,0,1,duplicate
P00088292,C0140,Stadelmann GbR,Germany GmbH,DE,2232.09,3273.54,EUR,2026-04-30 10:15:00.000000,2026-04-30,0,0,0,0,1,0,0,1,duplicate
P00088981,C0140,Stadelmann GbR,Germany GmbH,DE,3102.81,4525.09,EUR,2026-05-07 00:03:00.000000,2026-05-07,0,0,0,0,0,0,1,1,off-hours
P00088375,C0140,Stadelmann GbR,US West Distribution,DE,3713.71,5446.45,EUR,2026-04-30 15:05:00.000000,2026-04-30,0,0,0,0,1,0,0,1,duplicate
P00088378,C0140,Stadelmann GbR,US West Distribution,DE,3713.71,5446.45,EUR,2026-04-30 15:24:00.000000,2026-04-30,0,0,0,0,1,0,0,1,duplicate
P00044325,C0140,Stadelmann GbR,Germany GmbH,DE,6448.3,9395.15,EUR,2025-06-26 12:06:00.000000,2025-06-26,0,0,0,0,1,0,0,1,duplicate
P00044328,C0140,Stadelmann GbR,Germany GmbH,DE,6448.3,9395.15,EUR,2025-06-26 12:21:00.000000,2025-06-26,0,0,0,0,1,0,0,1,duplicate
P00025775,C0140,Stadelmann GbR,Shanghai Mfg,DE,8969.23,12951.48,EUR,2025-02-10 17:30:00.000000,2025-02-10,0,0,0,0,0,0,1,1,off-hours
P00015320,C0140,Stadelmann GbR,Germany Sales Office,DE,10000.0,14169.22,EUR,2024-11-21 14:45:00.000000,2024-11-21,0,1,0,0,0,0,0,1,round amount
P00052180,C0140,Stadelmann GbR,India Services,DE,10000.0,161.89,INR,2025-08-21 03:49:00.000000,2025-08-21,0,1,0,0,0,0,0,1,round amount
P00051325,C0140,Stadelmann GbR,US Inc,DE,12458.72,18025.72,EUR,2025-08-14 13:20:00.000000,2025-08-14,0,0,1,0,0,0,0,1,structuring
P00101208,C0140,Stadelmann GbR,Shenzhen Sourcing,DE,12596.3,18426.51,EUR,2026-07-28 02:59:00.000000,2026-07-28,0,0,1,0,0,0,0,1,structuring
P00103875,C0140,Stadelmann GbR,Netherlands BV,DE,12971.61,18771.77,EUR,2026-08-13 08:27:00.000000,2026-08-13,0,0,1,0,0,0,0,1,structuring
P00018052,C0140,Stadelmann GbR,Germany GmbH,DE,13043.7,18361.6,EUR,2024-12-12 13:45:00.000000,2024-12-12,0,0,1,0,1,0,0,2,"structuring, duplicate"
P00018055,C0140,Stadelmann GbR,Germany GmbH,DE,13043.7,18361.6,EUR,2024-12-12 14:12:00.000000,2024-12-12,0,0,1,0,1,0,0,2,"structuring, duplicate"
P00070937,C0140,Stadelmann GbR,Germany GmbH,DE,13091.6,18571.34,EUR,2025-12-30 09:02:00.000000,2025-12-30,0,0,1,0,0,0,0,1,structuring
P00098156,C0140,Stadelmann GbR,Netherlands BV,DE,13239.38,19446.33,EUR,2026-07-07 10:38:00.000000,2026-07-07,0,0,1,0,0,0,0,1,structuring
P00079397,C0140,Stadelmann GbR,Germany GmbH,DE,13322.23,19155.55,EUR,2026-03-02 08:40:00.000000,2026-03-02,0,0,1,0,0,0,0,1,structuring
P00008671,C0140,Stadelmann GbR,Germany GmbH,DE,13376.86,19848.54,EUR,2024-10-01 08:02:00.000000,2024-10-01,0,0,1,0,0,0,0,1,structuring
P00077200,C0140,Stadelmann GbR,Germany GmbH,DE,13405.02,19410.38,EUR,2026-02-12 08:53:00.000000,2026-02-12,0,0,1,0,0,0,0,1,structuring
P00106184,C0140,Stadelmann GbR,US Inc,DE,13430.03,19499.44,EUR,2026-08-27 14:28:00.000000,2026-08-27,0,0,1,0,0,0,0,1,structuring
P00050859,C0140,Stadelmann GbR,Germany GmbH,DE,13555.47,19706.97,EUR,2025-08-12 07:03:00.000000,2025-08-12,0,0,1,0,0,0,0,1,structuring
P00048319,C0140,Stadelmann GbR,Germany GmbH,DE,13643.3,19829.88,EUR,2025-07-24 08:37:00.000000,2025-07-24,0,0,1,0,0,0,0,1,structuring
P00036503,C0140,Stadelmann GbR,Germany Sales Office,DE,13760.39,19783.01,EUR,2025-04-29 07:47:00.000000,2025-04-29,0,0,1,0,0,0,0,1,structuring
P00083313,C0140,Stadelmann GbR,US West Distribution,DE,14168.58,18690.26,USD,2026-03-27 21:42:00.000000,2026-03-27,0,0,1,0,0,0,0,1,structuring
P00083562,C0140,Stadelmann GbR,US West Distribution,DE,14789.23,19508.98,USD,2026-03-30 12:46:00.000000,2026-03-30,0,0,1,0,0,0,0,1,structuring
P00083197,C0140,Stadelmann GbR,US West Distribution,DE,15073.35,19969.39,USD,2026-03-26 20:43:00.000000,2026-03-26,0,0,1,0,0,0,0,1,structuring
P00029078,C0140,Stadelmann GbR,Germany GmbH,DE,19755.16,28365.58,EUR,2025-03-06 10:45:00.000000,2025-03-06,0,0,0,0,1,0,0,1,duplicate
P00029080,C0140,Stadelmann GbR,Germany GmbH,DE,19755.16,28349.52,EUR,2025-03-06 10:56:00.000000,2025-03-06,0,0,0,0,1,0,0,1,duplicate
P00086063,C0140,Stadelmann GbR,Germany Sales Office,DE,22321.03,32126.93,EUR,2026-04-16 02:46:00.000000,2026-04-16,0,0,0,0,0,0,1,1,off-hours
P00055010,C0143,Winkler Junk AG,Germany GmbH,DE,125.16,181.55,EUR,2025-09-10 04:21:00.000000,2025-09-10,0,0,0,0,0,0,1,1,off-hours
P00090722,C0143,Winkler Junk AG,Germany Sales Office,DE,151.32,224.2,EUR,2026-05-19 03:25:00.000000,2026-05-19,0,0,0,0,0,0,1,1,off-hours
P00081845,C0143,Winkler Junk AG,Germany GmbH,DE,235.71,336.69,EUR,2026-03-18 04:52:00.000000,2026-03-18,0,0,0,0,0,0,1,1,off-hours
P00078815,C0143,Winkler Junk AG,Shanghai Mfg,DE,421.17,78.13,CNY,2026-02-25 20:36:00.000000,2026-02-25,0,0,0,0,0,0,1,1,off-hours
P00076801,C0143,Winkler Junk AG,Shanghai Mfg,DE,525.5,97.2,CNY,2026-02-10 14:02:00.000000,2026-02-10,0,0,0,0,0,0,1,1,off-hours
P00018437,C0143,Winkler Junk AG,Shanghai Mfg,DE,1510.97,277.26,CNY,2024-12-16 21:30:00.000000,2024-12-16,0,0,0,0,0,0,1,1,off-hours
P00105085,C0143,Winkler Junk AG,US Inc,DE,1545.68,2215.82,EUR,2026-08-20 17:59:00.000000,2026-08-20,0,0,0,0,1,0,0,1,duplicate
P00105086,C0143,Winkler Junk AG,US Inc,DE,1545.68,2215.82,EUR,2026-08-20 18:14:00.000000,2026-08-20,0,0,0,0,1,0,0,1,duplicate
P00031726,C0143,Winkler Junk AG,Shanghai Mfg,DE,2661.02,3841.12,EUR,2025-03-26 20:56:00.000000,2025-03-26,0,0,0,0,0,0,1,1,off-hours
P00054247,C0143,Winkler Junk AG,Germany GmbH,DE,12636.59,18470.36,EUR,2025-09-04 07:09:00.000000,2025-09-04,0,0,1,0,0,0,0,1,structuring
P00070745,C0143,Winkler Junk AG,Shanghai Mfg,DE,12685.25,18003.45,EUR,2025-12-30 02:01:00.000000,2025-12-30,0,0,1,0,0,0,0,1,structuring
P00066408,C0143,Winkler Junk AG,Germany GmbH,DE,13020.81,18353.55,EUR,2025-11-28 08:58:00.000000,2025-11-28,0,0,1,0,0,0,0,1,structuring
P00070885,C0143,Winkler Junk AG,Germany GmbH,DE,13129.34,18624.87,EUR,2025-12-30 08:11:00.000000,2025-12-30,0,0,1,0,0,0,0,1,structuring
P00051221,C0143,Winkler Junk AG,Germany GmbH,DE,13385.09,19366.03,EUR,2025-08-14 07:31:00.000000,2025-08-14,0,0,1,0,0,0,0,1,structuring
P00075199,C0143,Winkler Junk AG,Germany GmbH,DE,13486.95,19269.7,EUR,2026-01-29 14:20:00.000000,2026-01-29,0,0,1,0,0,0,0,1,structuring
P00089760,C0143,Winkler Junk AG,Netherlands BV,DE,13560.5,19856.41,EUR,2026-05-12 07:30:00.000000,2026-05-12,0,0,1,0,0,0,0,1,structuring
P00016140,C0143,Winkler Junk AG,Germany GmbH,DE,13621.32,19098.08,EUR,2024-11-28 08:00:00.000000,2024-11-28,0,0,1,0,0,0,0,1,structuring
P00037631,C0143,Winkler Junk AG,Germany GmbH,DE,13888.71,19749.68,EUR,2025-05-08 07:07:00.000000,2025-05-08,0,0,1,0,0,0,0,1,structuring
P00031929,C0143,Winkler Junk AG,Germany GmbH,DE,17882.39,25751.09,EUR,2025-03-27 11:11:00.000000,2025-03-27,0,0,0,0,1,0,0,1,duplicate
P00031931,C0143,Winkler Junk AG,Germany GmbH,DE,17882.39,25802.41,EUR,2025-03-27 11:20:00.000000,2025-03-27,0,0,0,0,1,0,0,1,duplicate
P00017962,C0143,Winkler Junk AG,Germany GmbH,DE,20000.0,28173.44,EUR,2024-12-12 08:22:00.000000,2024-12-12,0,1,0,0,0,0,0,1,round amount
P00030515,C0143,Winkler Junk AG,Shanghai Mfg,DE,20000.0,3728.88,CNY,2025-03-18 04:19:00.000000,2025-03-18,0,1,0,0,0,0,0,1,round amount
P00098135,C0143,Winkler Junk AG,SG Operations,DE,25000.0,25000.0,SGD,2026-07-07 09:06:00.000000,2026-07-07,0,1,0,0,0,0,0,1,round amount
P00008706,C0143,Winkler Junk AG,Germany GmbH,DE,37227.84,55505.33,EUR,2024-10-01 09:11:00.000000,2024-10-01,0,0,0,1,0,0,0,1,new beneficiary
P00008952,C0143,Winkler Junk AG,India Services,DE,1176558.82,18817.88,INR,2024-10-03 10:59:00.000000,2024-10-03,0,0,1,0,0,0,0,1,structuring
P00008734,C0143,Winkler Junk AG,India Services,DE,1213179.66,19403.6,INR,2024-10-01 12:17:00.000000,2024-10-01,0,0,1,0,0,0,0,1,structuring
P00008902,C0143,Winkler Junk AG,India Services,DE,1221736.27,19540.45,INR,2024-10-03 06:02:00.000000,2024-10-03,0,0,1,0,0,0,0,1,structuring
P00047840,C0144,Reinhardt,Germany Sales Office,DE,51.97,75.74,EUR,2025-07-22 04:13:00.000000,2025-07-22,0,0,0,0,0,0,1,1,off-hours
P00081187,C0144,Reinhardt,Shenzhen Sourcing,DE,109.61,20.39,CNY,2026-03-12 14:14:00.000000,2026-03-12,0,0,0,0,0,0,1,1,off-hours
P00087607,C0144,Reinhardt,Germany GmbH,DE,309.55,456.21,EUR,2026-04-27 21:28:00.000000,2026-04-27,0,0,0,0,0,0,1,1,off-hours
P00083787,C0144,Reinhardt,Netherlands BV,DE,2731.2,3922.29,EUR,2026-03-31 09:07:00.000000,2026-03-31,0,0,0,0,1,0,0,1,duplicate
P00083796,C0144,Reinhardt,Netherlands BV,DE,2731.2,3922.29,EUR,2026-03-31 09:35:00.000000,2026-03-31,0,0,0,0,1,0,0,1,duplicate
P00068246,C0144,Reinhardt,Germany GmbH,DE,3019.98,4296.01,EUR,2025-12-11 11:39:00.000000,2025-12-11,0,0,0,0,1,0,0,1,duplicate
P00068248,C0144,Reinhardt,Germany GmbH,DE,3019.98,4296.01,EUR,2025-12-11 12:03:00.000000,2025-12-11,0,0,0,0,1,0,0,1,duplicate
P00102543,C0144,Reinhardt,Shanghai Mfg,DE,3939.73,738.14,CNY,2026-08-04 18:47:00.000000,2026-08-04,0,0,0,0,0,0,1,1,off-hours
P00030058,C0144,Reinhardt,Germany GmbH,DE,10000.0,14531.76,EUR,2025-03-13 13:16:00.000000,2025-03-13,0,1,0,0,0,0,0,1,round amount
P00099834,C0144,Reinhardt,UK Ltd,DE,10721.54,18214.67,GBP,2026-07-18 08:59:00.000000,2026-07-18,0,0,1,0,0,0,0,1,structuring
P00105219,C0144,Reinhardt,UK Ltd,DE,10798.47,18306.44,GBP,2026-08-22 10:07:00.000000,2026-08-22,0,0,1,0,0,0,0,1,structuring
P00099587,C0144,Reinhardt,UK Ltd,DE,10890.39,18510.72,GBP,2026-07-16 08:21:00.000000,2026-07-16,0,0,1,0,0,0,0,1,structuring
P00099779,C0144,Reinhardt,UK Ltd,DE,11051.28,18784.19,GBP,2026-07-17 10:04:00.000000,2026-07-17,0,0,1,0,0,0,0,1,structuring
P00105047,C0144,Reinhardt,UK Ltd,DE,11139.6,18899.71,GBP,2026-08-20 14:14:00.000000,2026-08-20,0,0,1,0,0,0,0,1,structuring
P00105223,C0144,Reinhardt,UK Ltd,DE,11336.28,19218.18,GBP,2026-08-22 15:16:00.000000,2026-08-22,0,0,1,0,0,0,0,1,structuring
P00094820,C0144,Reinhardt,Shanghai Mfg,DE,12060.64,18024.51,EUR,2026-06-16 01:25:00.000000,2026-06-16,0,0,1,0,0,0,0,1,structuring
P00009766,C0144,Reinhardt,Germany GmbH,DE,12367.82,18517.93,EUR,2024-10-10 08:11:00.000000,2024-10-10,0,0,1,0,0,0,0,1,structuring
P00027813,C0144,Reinhardt,Germany GmbH,DE,12678.87,18169.33,EUR,2025-02-25 08:17:00.000000,2025-02-25,0,0,1,0,0,0,0,1,structuring
P00067328,C0144,Reinhardt,US Inc,DE,12980.5,18278.96,EUR,2025-12-04 15:05:00.000000,2025-12-04,0,0,1,0,0,0,0,1,structuring
P00023346,C0144,Reinhardt,US Inc,DE,13264.06,18664.77,EUR,2025-01-22 15:35:00.000000,2025-01-22,0,0,1,0,0,0,0,1,structuring
P00026872,C0144,Reinhardt,Germany GmbH,DE,13507.46,19412.92,EUR,2025-02-18 08:34:00.000000,2025-02-18,0,0,1,0,0,0,0,1,structuring
P00018404,C0144,Reinhardt,Germany GmbH,DE,13755.98,19364.28,EUR,2024-12-16 15:10:00.000000,2024-12-16,0,0,1,0,0,0,0,1,structuring
P00015239,C0144,Reinhardt,Netherlands BV,DE,14044.88,19883.21,EUR,2024-11-21 08:39:00.000000,2024-11-21,0,0,1,0,0,0,0,1,structuring
P00018887,C0144,Reinhardt,Netherlands BV,DE,14187.54,19828.14,EUR,2024-12-19 09:09:00.000000,2024-12-19,0,0,1,0,0,0,0,1,structuring
P00057924,C0144,Reinhardt,SG Operations,DE,20000.0,20000.0,SGD,2025-09-30 04:35:00.000000,2025-09-30,0,1,0,0,0,0,0,1,round amount
P00094246,C0144,Reinhardt,Shanghai Mfg,DE,50000.0,9374.45,CNY,2026-06-11 05:48:00.000000,2026-06-11,0,1,0,0,0,0,0,1,round amount
P00104001,C0144,Reinhardt,US Inc,DE,50000.0,67206.5,USD,2026-08-13 17:50:00.000000,2026-08-13,0,1,0,0,0,0,0,1,round amount
P00032932,C0145,Hornig,Netherlands BV,DE,35.27,51.11,EUR,2025-04-03 10:14:00.000000,2025-04-03,0,0,0,0,0,1,0,1,burst
P00051171,C0145,Hornig,Germany GmbH,DE,35.82,52.13,EUR,2025-08-14 03:40:00.000000,2025-08-14,0,0,0,0,0,0,1,1,off-hours
P00102890,C0145,Hornig,Germany GmbH,DE,40.63,58.16,EUR,2026-08-06 09:42:00.000000,2026-08-06,0,0,0,0,0,1,0,1,burst
P00041468,C0145,Hornig,US Inc,DE,44.46,58.57,USD,2025-06-05 16:31:00.000000,2025-06-05,0,0,0,0,0,1,0,1,burst
P00102985,C0145,Hornig,US Inc,DE,52.59,70.08,USD,2026-08-06 19:39:00.000000,2026-08-06,0,0,0,0,0,1,0,1,burst
P00032924,C0145,Hornig,Germany GmbH,DE,59.21,85.81,EUR,2025-04-03 09:22:00.000000,2025-04-03,0,0,0,0,0,1,0,1,burst
P00102921,C0145,Hornig,Germany GmbH,DE,69.63,99.67,EUR,2026-08-06 13:24:00.000000,2026-08-06,0,0,0,0,0,1,0,1,burst
P00062537,C0145,Hornig,US West Distribution,DE,72.43,98.2,USD,2025-10-31 10:59:00.000000,2025-10-31,0,0,0,0,0,0,1,1,off-hours
P00032994,C0145,Hornig,Germany GmbH,DE,77.54,112.37,EUR,2025-04-03 15:13:00.000000,2025-04-03,0,0,0,0,0,1,0,1,burst
P00041455,C0145,Hornig,UK Ltd,DE,81.13,142.13,GBP,2025-06-05 14:47:00.000000,2025-06-05,0,0,0,0,0,1,0,1,burst
P00032980,C0145,Hornig,US West Distribution,DE,95.24,127.4,USD,2025-04-03 14:21:00.000000,2025-04-03,0,0,0,0,0,1,0,1,burst
P00061570,C0145,Hornig,Germany Sales Office,DE,108.41,154.25,EUR,2025-10-27 04:52:00.000000,2025-10-27,0,0,0,0,0,0,1,1,off-hours
P00052470,C0145,Hornig,US Inc,DE,115.28,157.16,USD,2025-08-22 09:52:00.000000,2025-08-22,0,0,0,0,0,0,1,1,off-hours
P00041481,C0145,Hornig,US Inc,DE,131.89,173.73,USD,2025-06-05 21:00:00.000000,2025-06-05,0,0,0,0,0,1,0,1,burst
P00079304,C0145,Hornig,Germany GmbH,DE,157.39,225.6,EUR,2026-03-02 03:52:00.000000,2026-03-02,0,0,0,0,0,0,1,1,off-hours
P00072306,C0145,Hornig,US Inc,DE,183.25,242.23,USD,2026-01-08 16:45:00.000000,2026-01-08,0,0,0,0,0,1,0,1,burst
P00081628,C0145,Hornig,Germany GmbH,DE,232.38,330.84,EUR,2026-03-16 22:59:00.000000,2026-03-16,0,0,0,0,0,0,1,1,off-hours
P00088735,C0145,Hornig,Germany GmbH,DE,1298.26,1895.16,EUR,2026-05-05 12:47:00.000000,2026-05-05,0,0,0,0,1,0,0,1,duplicate
P00088736,C0145,Hornig,Germany GmbH,DE,1298.26,1895.16,EUR,2026-05-05 13:08:00.000000,2026-05-05,0,0,0,0,1,0,0,1,duplicate
P00044389,C0145,Hornig,India Services,DE,1726.4,27.48,INR,2025-06-26 16:39:00.000000,2025-06-26,0,0,0,0,0,0,1,1,off-hours
P00041441,C0145,Hornig,US Inc,DE,1786.64,2627.84,EUR,2025-06-05 14:17:00.000000,2025-06-05,0,0,0,0,0,1,0,1,burst
P00102789,C0145,Hornig,India Services,DE,2168.33,35.2,INR,2026-08-06 05:10:00.000000,2026-08-06,0,0,0,0,0,1,0,1,burst
P00072295,C0145,Hornig,UK Ltd,DE,2295.18,3899.89,GBP,2026-01-08 15:51:00.000000,2026-01-08,0,0,0,0,0,1,0,1,burst
P00072279,C0145,Hornig,UK Ltd,DE,2389.48,4060.13,GBP,2026-01-08 15:20:00.000000,2026-01-08,0,0,0,0,0,1,0,1,burst
P00024366,C0145,Hornig,Germany GmbH,DE,3185.95,4608.51,EUR,2025-01-30 09:54:00.000000,2025-01-30,0,0,0,0,1,0,0,1,duplicate
P00024368,C0145,Hornig,Germany GmbH,DE,3185.95,4608.51,EUR,2025-01-30 10:04:00.000000,2025-01-30,0,0,0,0,1,0,0,1,duplicate
P00072296,C0145,Hornig,UK Ltd,DE,3208.59,5451.93,GBP,2026-01-08 15:52:00.000000,2026-01-08,0,0,0,0,0,1,0,1,burst
P00072160,C0145,Hornig,Germany GmbH,DE,3990.97,5774.22,EUR,2026-01-08 08:29:00.000000,2026-01-08,0,0,0,0,0,1,0,1,burst
P00041351,C0145,Hornig,Germany GmbH,DE,4014.55,5904.72,EUR,2025-06-05 08:07:00.000000,2025-06-05,0,0,0,0,0,1,0,1,burst
P00072300,C0145,Hornig,UK Ltd,DE,4138.9,7032.68,GBP,2026-01-08 15:56:00.000000,2026-01-08,0,0,0,0,0,1,0,1,burst
P00072272,C0145,Hornig,US Inc,DE,4340.14,6279.41,EUR,2026-01-08 14:54:00.000000,2026-01-08,0,0,0,0,0,1,0,1,burst
P00032917,C0145,Hornig,Germany GmbH,DE,4492.49,6496.37,EUR,2025-04-03 08:56:00.000000,2025-04-03,0,0,0,0,0,1,0,1,burst
P00032863,C0145,Hornig,Germany GmbH,DE,4689.69,6781.53,EUR,2025-04-03 07:14:00.000000,2025-04-03,0,0,0,0,0,1,0,1,burst
P00102756,C0145,Hornig,SG Operations,DE,5067.95,5067.95,SGD,2026-08-06 03:52:00.000000,2026-08-06,0,0,0,0,0,1,0,1,burst
P00072303,C0145,Hornig,UK Ltd,DE,5324.42,9110.3,GBP,2026-01-08 16:04:00.000000,2026-01-08,0,0,0,0,0,1,0,1,burst
P00072283,C0145,Hornig,UK Ltd,DE,5462.1,9281.02,GBP,2026-01-08 15:25:00.000000,2026-01-08,0,0,0,0,0,1,0,1,burst
P00041460,C0145,Hornig,US Inc,DE,5464.76,8037.73,EUR,2025-06-05 14:59:00.000000,2025-06-05,0,0,0,0,0,1,0,1,burst
P00072278,C0145,Hornig,UK Ltd,DE,6047.57,10275.83,GBP,2026-01-08 15:19:00.000000,2026-01-08,0,0,0,0,0,1,0,1,burst
P00041328,C0145,Hornig,Germany GmbH,DE,6186.59,9099.42,EUR,2025-06-05 07:16:00.000000,2025-06-05,0,0,0,0,0,1,0,1,burst
P00102749,C0145,Hornig,SG Operations,DE,6261.52,6261.52,SGD,2026-08-06 03:39:00.000000,2026-08-06,0,0,0,0,0,1,0,1,burst
P00102762,C0145,Hornig,SG Operations,DE,6270.34,6270.34,SGD,2026-08-06 04:03:00.000000,2026-08-06,0,0,0,0,0,1,0,1,burst
P00102757,C0145,Hornig,SG Operations,DE,6279.75,6279.75,SGD,2026-08-06 03:52:00.000000,2026-08-06,0,0,0,0,0,1,0,1,burst
P00102760,C0145,Hornig,SG Operations,DE,6877.43,6877.43,SGD,2026-08-06 03:57:00.000000,2026-08-06,0,0,0,0,0,1,0,1,burst
P00072281,C0145,Hornig,US Inc,DE,6976.28,10093.44,EUR,2026-01-08 15:21:00.000000,2026-01-08,0,0,0,0,0,1,0,1,burst
P00032875,C0145,Hornig,Germany GmbH,DE,7192.53,10400.76,EUR,2025-04-03 07:41:00.000000,2025-04-03,0,0,0,0,0,1,0,1,burst
P00072286,C0145,Hornig,UK Ltd,DE,7287.48,12382.65,GBP,2026-01-08 15:36:00.000000,2026-01-08,0,0,0,0,0,1,0,1,burst
P00102752,C0145,Hornig,SG Operations,DE,7296.38,7296.38,SGD,2026-08-06 03:44:00.000000,2026-08-06,0,0,0,0,0,1,0,1,burst
P00102773,C0145,Hornig,SG Operations,DE,7711.71,7711.71,SGD,2026-08-06 04:14:00.000000,2026-08-06,0,0,0,0,0,1,0,1,burst
P00097214,C0145,Hornig,US Inc,DE,8045.77,11631.68,EUR,2026-06-30 17:13:00.000000,2026-06-30,0,0,0,0,1,0,0,1,duplicate
P00097215,C0145,Hornig,US Inc,DE,8045.77,11631.68,EUR,2026-06-30 17:24:00.000000,2026-06-30,0,0,0,0,1,0,0,1,duplicate
P00032752,C0145,Hornig,SG Operations,DE,9472.99,13722.25,EUR,2025-04-03 01:14:00.000000,2025-04-03,0,0,0,0,0,1,0,1,burst
P00041259,C0145,Hornig,Shanghai Mfg,DE,10337.82,15113.75,EUR,2025-06-05 02:04:00.000000,2025-06-05,0,0,0,0,0,1,0,1,burst
P00102747,C0145,Hornig,SG Operations,DE,11279.96,11279.96,SGD,2026-08-06 03:33:00.000000,2026-08-06,0,0,0,0,0,1,0,1,burst
P00105880,C0145,Hornig,Germany GmbH,DE,11335.68,16458.59,EUR,2026-08-27 00:39:00.000000,2026-08-27,0,0,0,0,0,0,1,1,off-hours
P00102738,C0145,Hornig,SG Operations,DE,11375.79,11375.79,SGD,2026-08-06 03:25:00.000000,2026-08-06,0,0,0,0,0,1,0,1,burst
P00032982,C0145,Hornig,US Inc,DE,11428.69,16526.46,EUR,2025-04-03 14:24:00.000000,2025-04-03,0,0,0,0,0,1,0,1,burst
P00102758,C0145,Hornig,SG Operations,DE,12145.21,12145.21,SGD,2026-08-06 03:53:00.000000,2026-08-06,0,0,0,0,0,1,0,1,burst
P00048275,C0145,Hornig,Germany GmbH,DE,12482.55,18142.79,EUR,2025-07-24 07:20:00.000000,2025-07-24,0,0,1,0,0,0,0,1,structuring
P00042303,C0145,Hornig,Germany GmbH,DE,12542.74,18268.35,EUR,2025-06-12 08:45:00.000000,2025-06-12,0,0,1,0,0,0,0,1,structuring
P00026159,C0145,Hornig,SG Operations,DE,12586.3,18157.32,EUR,2025-02-13 02:22:00.000000,2025-02-13,0,0,1,0,0,0,0,1,structuring
P00093851,C0145,Hornig,Germany GmbH,DE,12717.02,18960.24,EUR,2026-06-09 07:01:00.000000,2026-06-09,0,0,1,0,0,0,0,1,structuring
P00077967,C0145,Hornig,Germany GmbH,DE,12762.43,18285.95,EUR,2026-02-19 09:44:00.000000,2026-02-19,0,0,1,0,0,0,0,1,structuring
P00038544,C0145,Hornig,Germany Sales Office,DE,12797.0,18569.55,EUR,2025-05-15 07:55:00.000000,2025-05-15,0,0,1,0,0,0,0,1,structuring
P00063284,C0145,Hornig,Netherlands BV,DE,12849.43,18332.89,EUR,2025-11-06 09:59:00.000000,2025-11-06,0,0,1,0,0,0,0,1,structuring
P00077182,C0145,Hornig,Germany GmbH,DE,13007.57,18834.87,EUR,2026-02-12 08:14:00.000000,2026-02-12,0,0,1,0,0,0,0,1,structuring
P00032810,C0145,Hornig,SG Operations,DE,13025.5,18868.3,EUR,2025-04-03 02:57:00.000000,2025-04-03,0,0,1,0,0,1,0,2,"structuring, burst"
P00055333,C0145,Hornig,US Inc,DE,13036.65,19002.42,EUR,2025-09-11 13:29:00.000000,2025-09-11,0,0,1,0,0,0,0,1,structuring
P00041349,C0145,Hornig,UK Ltd,DE,13042.34,19067.72,EUR,2025-06-05 08:02:00.000000,2025-06-05,0,0,1,0,0,1,0,2,"structuring, burst"
P00016858,C0145,Hornig,Germany GmbH,DE,13118.75,18366.37,EUR,2024-12-04 16:55:00.000000,2024-12-04,0,0,1,0,0,0,0,1,structuring
P00034899,C0145,Hornig,US Inc,DE,13236.48,19024.44,EUR,2025-04-17 13:45:00.000000,2025-04-17,0,0,1,0,0,0,0,1,structuring
P00041436,C0145,Hornig,US Inc,DE,13262.53,19506.93,EUR,2025-06-05 13:55:00.000000,2025-06-05,0,0,1,0,0,1,0,2,"structuring, burst"
P00054382,C0145,Hornig,US Inc,DE,13333.0,19488.27,EUR,2025-09-04 14:42:00.000000,2025-09-04,0,0,1,0,0,0,0,1,structuring
P00045295,C0145,Hornig,Germany GmbH,DE,13362.65,19352.56,EUR,2025-07-03 08:32:00.000000,2025-07-03,0,0,1,0,0,0,0,1,structuring
P00040102,C0145,Hornig,Germany GmbH,DE,13371.27,19524.11,EUR,2025-05-27 08:03:00.000000,2025-05-27,0,0,1,0,0,0,0,1,structuring
P00046192,C0145,Hornig,Germany GmbH,DE,13415.95,19681.21,EUR,2025-07-10 07:23:00.000000,2025-07-10,0,0,1,0,0,0,0,1,structuring
P00041443,C0145,Hornig,US Inc,DE,13424.08,19625.82,EUR,2025-06-05 14:21:00.000000,2025-06-05,0,0,1,0,0,1,0,2,"structuring, burst"
P00073364,C0145,Hornig,US Inc,DE,13432.46,19151.06,EUR,2026-01-15 15:13:00.000000,2026-01-15,0,0,1,0,0,0,0,1,structuring
P00038530,C0145,Hornig,Germany GmbH,DE,13511.62,19606.52,EUR,2025-05-15 07:31:00.000000,2025-05-15,0,0,1,0,0,0,0,1,structuring
P00095453,C0145,Hornig,US Inc,DE,13523.2,19850.48,EUR,2026-06-18 14:38:00.000000,2026-06-18,0,0,1,0,0,0,0,1,structuring
P00064189,C0145,Hornig,Germany GmbH,DE,13546.06,19337.65,EUR,2025-11-13 08:46:00.000000,2025-11-13,0,0,1,0,0,0,0,1,structuring
P00029072,C0145,Hornig,UK Ltd,DE,13548.74,19586.6,EUR,2025-03-06 10:09:00.000000,2025-03-06,0,0,1,0,0,0,0,1,structuring
P00102455,C0145,Hornig,Germany GmbH,DE,13552.13,19542.85,EUR,2026-08-04 08:39:00.000000,2026-08-04,0,0,1,0,0,0,0,1,structuring
P00077207,C0145,Hornig,Germany GmbH,DE,13668.43,19791.79,EUR,2026-02-12 08:59:00.000000,2026-02-12,0,0,1,0,0,0,0,1,structuring
P00075226,C0145,Hornig,US West Distribution,DE,13671.84,19461.74,EUR,2026-01-29 15:49:00.000000,2026-01-29,0,0,1,0,0,0,0,1,structuring
P00037647,C0145,Hornig,Germany GmbH,DE,13686.3,19461.85,EUR,2025-05-08 07:33:00.000000,2025-05-08,0,0,1,0,0,0,0,1,structuring
P00097524,C0145,Hornig,UK Ltd,DE,13688.22,19869.14,EUR,2026-07-02 08:26:00.000000,2026-07-02,0,0,1,0,0,0,0,1,structuring
P00063318,C0145,Hornig,US Inc,DE,13990.84,19961.39,EUR,2025-11-06 14:03:00.000000,2025-11-06,0,0,1,0,0,0,0,1,structuring
P00063926,C0145,Hornig,Germany GmbH,DE,14000.22,19973.09,EUR,2025-11-11 14:34:00.000000,2025-11-11,0,0,1,0,0,0,0,1,structuring
P00041334,C0145,Hornig,Germany GmbH,DE,14140.27,20797.93,EUR,2025-06-05 07:28:00.000000,2025-06-05,0,0,0,0,0,1,0,1,burst
P00069304,C0145,Hornig,Germany Sales Office,DE,14203.03,19978.78,EUR,2025-12-18 09:56:00.000000,2025-12-18,0,0,1,0,0,0,0,1,structuring
P00066130,C0145,Hornig,Shanghai Mfg,DE,14226.81,19895.24,EUR,2025-11-27 02:05:00.000000,2025-11-27,0,0,1,0,0,0,0,1,structuring
P00072263,C0145,Hornig,US Inc,DE,16536.51,23925.39,EUR,2026-01-08 14:31:00.000000,2026-01-08,0,0,0,0,0,1,0,1,burst
P00041326,C0145,Hornig,Germany GmbH,DE,18769.0,27606.01,EUR,2025-06-05 07:16:00.000000,2025-06-05,0,0,0,0,0,1,0,1,burst
P00054800,C0145,Hornig,Germany GmbH,DE,19368.96,28196.4,EUR,2025-09-08 23:43:00.000000,2025-09-08,0,0,0,0,0,0,1,1,off-hours
P00102741,C0145,Hornig,SG Operations,DE,19941.07,19941.07,SGD,2026-08-06 03:30:00.000000,2026-08-06,0,0,1,0,0,1,0,2,"structuring, burst"
P00078014,C0145,Hornig,US West Distribution,DE,20000.0,26819.64,USD,2026-02-19 14:21:00.000000,2026-02-19,0,1,0,0,0,0,0,1,round amount
P00081160,C0145,Hornig,US Inc,DE,20000.0,26019.28,USD,2026-03-12 12:59:00.000000,2026-03-12,0,1,0,0,0,0,0,1,round amount
P00021718,C0145,Hornig,Germany Sales Office,DE,21346.58,30135.01,EUR,2025-01-09 10:01:00.000000,2025-01-09,0,0,0,0,1,0,0,1,duplicate
P00021720,C0145,Hornig,Germany Sales Office,DE,21346.58,30135.01,EUR,2025-01-09 10:05:00.000000,2025-01-09,0,0,0,0,1,0,0,1,duplicate
P00032904,C0145,Hornig,Germany GmbH,DE,23378.59,33806.61,EUR,2025-04-03 08:37:00.000000,2025-04-03,0,0,0,0,0,1,0,1,burst
P00064779,C0145,Hornig,Shenzhen Sourcing,DE,23911.05,34049.36,EUR,2025-11-18 03:21:00.000000,2025-11-18,0,0,0,0,1,0,0,1,duplicate
P00064782,C0145,Hornig,Shenzhen Sourcing,DE,23911.05,34049.36,EUR,2025-11-18 03:29:00.000000,2025-11-18,0,0,0,0,1,0,0,1,duplicate
P00067301,C0145,Hornig,UK Ltd,DE,25000.0,43890.8,GBP,2025-12-04 13:57:00.000000,2025-12-04,0,1,0,0,0,0,0,1,round amount
P00072153,C0145,Hornig,Germany GmbH,DE,25468.5,36848.39,EUR,2026-01-08 08:18:00.000000,2026-01-08,0,0,0,0,0,1,0,1,burst
P00032902,C0145,Hornig,UK Ltd,DE,27509.42,39849.21,EUR,2025-04-03 08:31:00.000000,2025-04-03,0,0,0,0,0,1,0,1,burst
P00041426,C0145,Hornig,US Inc,DE,27934.17,40839.37,EUR,2025-06-05 13:29:00.000000,2025-06-05,0,0,0,0,0,1,0,1,burst
P00102838,C0145,Hornig,Germany GmbH,DE,32640.92,47074.73,EUR,2026-08-06 08:02:00.000000,2026-08-06,0,0,0,0,0,1,0,1,burst
P00056271,C0145,Hornig,Germany Sales Office,DE,35504.11,51621.45,EUR,2025-09-18 07:39:00.000000,2025-09-18,0,0,0,0,1,0,0,1,duplicate
P00056278,C0145,Hornig,Germany Sales Office,DE,35504.11,51621.45,EUR,2025-09-18 07:54:00.000000,2025-09-18,0,0,0,0,1,0,0,1,duplicate
P00010493,C0145,Hornig,Germany GmbH,DE,41855.63,63024.99,EUR,2024-10-17 00:35:00.000000,2024-10-17,0,0,0,0,0,0,1,1,off-hours
P00102938,C0145,Hornig,US Inc,DE,44809.73,64882.79,EUR,2026-08-06 14:10:00.000000,2026-08-06,0,0,0,0,0,1,0,1,burst
P00009400,C0145,Hornig,Germany GmbH,DE,47162.63,70434.46,EUR,2024-10-08 07:33:00.000000,2024-10-08,0,0,0,1,0,0,0,1,new beneficiary
P00018944,C0145,Hornig,UK Ltd,DE,50000.0,84192.75,GBP,2024-12-19 14:11:00.000000,2024-12-19,0,1,0,0,0,0,0,1,round amount
P00039939,C0145,Hornig,Germany Sales Office,DE,50157.44,73237.59,EUR,2025-05-27 00:09:00.000000,2025-05-27,0,0,0,0,0,0,1,1,off-hours
P00022400,C0145,Hornig,US Inc,DE,50765.34,71442.88,EUR,2025-01-14 20:10:00.000000,2025-01-14,0,0,0,0,1,0,0,1,duplicate
P00022401,C0145,Hornig,US Inc,DE,50765.34,71442.88,EUR,2025-01-14 20:20:00.000000,2025-01-14,0,0,0,0,1,0,0,1,duplicate
P00072154,C0145,Hornig,Germany GmbH,DE,52151.85,75454.44,EUR,2026-01-08 08:20:00.000000,2026-01-08,0,0,0,0,0,1,0,1,burst
P00008662,C0145,Hornig,Germany GmbH,DE,56783.44,84255.1,EUR,2024-10-01 07:52:00.000000,2024-10-01,0,0,0,1,0,0,0,1,new beneficiary
P00032784,C0145,Hornig,Group Treasury HQ,DE,83715.24,121267.05,EUR,2025-04-03 02:20:00.000000,2025-04-03,0,0,0,0,0,1,0,1,burst
P00008680,C0145,Hornig,Germany GmbH,DE,93141.77,138203.48,EUR,2024-10-01 08:11:00.000000,2024-10-01,0,0,0,1,0,0,0,1,new beneficiary
P00037567,C0145,Hornig,Germany GmbH,DE,131400.24,186850.48,EUR,2025-05-08 01:59:00.000000,2025-05-08,0,0,0,0,0,0,1,1,off-hours
P00032960,C0145,Hornig,US West Distribution,DE,244900.29,354138.06,EUR,2025-04-03 13:28:00.000000,2025-04-03,0,0,0,0,0,1,0,1,burst
P00033567,C0145,Hornig,US Inc,DE,562848.1,813283.99,EUR,2025-04-08 17:59:00.000000,2025-04-08,0,0,0,0,1,0,0,1,duplicate
P00033569,C0145,Hornig,US Inc,DE,562848.1,813283.99,EUR,2025-04-08 18:19:00.000000,2025-04-08,0,0,0,0,1,0,0,1,duplicate
P00062014,C0146,Stevens and Sons,UK Ltd,GB,2323.65,4090.16,GBP,2025-10-28 14:11:00.000000,2025-10-28,0,0,0,0,1,0,0,1,duplicate
P00062020,C0146,Stevens and Sons,UK Ltd,GB,2323.65,4083.18,GBP,2025-10-28 14:19:00.000000,2025-10-28,0,0,0,0,1,0,0,1,duplicate
P00051891,C0146,Stevens and Sons,UK Ltd,GB,10889.8,18450.88,GBP,2025-08-19 08:09:00.000000,2025-08-19,0,0,1,0,0,0,0,1,structuring
P00101727,C0146,Stevens and Sons,UK Ltd,GB,10905.13,18506.75,GBP,2026-07-30 08:06:00.000000,2026-07-30,0,0,1,0,0,0,0,1,structuring
P00026552,C0146,Stevens and Sons,US Inc,GB,13050.86,18152.55,USD,2025-02-15 21:40:00.000000,2025-02-15,0,0,1,0,0,0,0,1,structuring
P00026396,C0146,Stevens and Sons,US Inc,GB,13654.49,18990.27,USD,2025-02-13 15:19:00.000000,2025-02-13,0,0,1,0,0,0,0,1,structuring
P00026551,C0146,Stevens and Sons,US Inc,GB,14212.61,19768.43,USD,2025-02-15 13:47:00.000000,2025-02-15,0,0,1,0,0,0,0,1,structuring
P00089041,C0146,Stevens and Sons,SG Operations,GB,18590.63,18590.63,SGD,2026-05-07 02:13:00.000000,2026-05-07,0,0,1,0,0,0,0,1,structuring
P00089367,C0146,Stevens and Sons,SG Operations,GB,19240.07,19240.07,SGD,2026-05-09 04:01:00.000000,2026-05-09,0,0,1,0,0,0,0,1,structuring
P00089381,C0146,Stevens and Sons,SG Operations,GB,19660.77,19660.77,SGD,2026-05-11 01:16:00.000000,2026-05-11,0,0,1,0,0,0,0,1,structuring
P00055346,C0146,Stevens and Sons,US Inc,GB,20000.0,27185.76,USD,2025-09-11 13:55:00.000000,2025-09-11,0,1,0,0,0,0,0,1,round amount
P00094373,C0146,Stevens and Sons,Germany Sales Office,GB,25000.0,37286.45,EUR,2026-06-11 14:10:00.000000,2026-06-11,0,1,0,0,0,0,0,1,round amount
P00040080,C0146,Stevens and Sons,Netherlands BV,GB,32734.23,57479.44,GBP,2025-05-27 07:46:00.000000,2025-05-27,0,0,0,0,1,0,0,1,duplicate
P00040099,C0146,Stevens and Sons,Netherlands BV,GB,32734.23,57479.44,GBP,2025-05-27 08:01:00.000000,2025-05-27,0,0,0,0,1,0,0,1,duplicate
P00021228,C0146,Stevens and Sons,UK Ltd,GB,49476.5,85716.95,GBP,2025-01-07 02:12:00.000000,2025-01-07,0,0,0,0,0,0,1,1,off-hours
P00032566,C0146,Stevens and Sons,UK Ltd,GB,50000.0,87421.55,GBP,2025-04-01 11:45:00.000000,2025-04-01,0,1,0,0,0,0,0,1,round amount
P00022752,C0153,网新恒天网络有限公司,Germany Sales Office,CN,10000.0,14077.83,EUR,2025-01-16 15:39:00.000000,2025-01-16,0,1,0,0,0,0,0,1,round amount
P00023637,C0153,网新恒天网络有限公司,India Services,CN,10000.0,162.39,INR,2025-01-23 11:33:00.000000,2025-01-23,0,1,0,0,0,0,0,1,round amount
P00093098,C0153,网新恒天网络有限公司,SG Operations,CN,18300.0,18300.0,SGD,2026-06-04 00:45:00.000000,2026-06-04,0,0,1,0,0,0,0,1,structuring
P00093510,C0153,网新恒天网络有限公司,SG Operations,CN,19025.13,19025.13,SGD,2026-06-08 03:59:00.000000,2026-06-08,0,0,1,0,0,0,0,1,structuring
P00093453,C0153,网新恒天网络有限公司,SG Operations,CN,19842.28,19842.28,SGD,2026-06-06 09:04:00.000000,2026-06-06,0,0,1,0,0,0,0,1,structuring
P00084101,C0153,网新恒天网络有限公司,Shanghai Mfg,CN,20000.0,3706.84,CNY,2026-04-02 03:52:00.000000,2026-04-02,0,1,0,0,0,0,0,1,round amount
P00091034,C0153,网新恒天网络有限公司,Shenzhen Sourcing,CN,20000.0,3728.48,CNY,2026-05-21 01:43:00.000000,2026-05-21,0,1,0,0,0,0,0,1,round amount
P00093359,C0153,网新恒天网络有限公司,US West Distribution,CN,20000.0,26840.22,USD,2026-06-04 19:03:00.000000,2026-06-04,0,1,0,0,0,0,0,1,round amount
P00023271,C0153,网新恒天网络有限公司,Shenzhen Sourcing,CN,83653.04,15401.95,CNY,2025-01-22 02:26:00.000000,2025-01-22,0,0,0,0,1,0,0,1,duplicate
P00023272,C0153,网新恒天网络有限公司,Shenzhen Sourcing,CN,83653.04,15401.95,CNY,2025-01-22 02:29:00.000000,2025-01-22,0,0,0,0,1,0,0,1,duplicate
P00044189,C0153,网新恒天网络有限公司,SG Operations,CN,97490.43,18241.24,CNY,2025-06-26 02:57:00.000000,2025-06-26,0,0,1,0,0,0,0,1,structuring
P00056798,C0153,网新恒天网络有限公司,Shenzhen Sourcing,CN,98696.0,18402.26,CNY,2025-09-23 02:08:00.000000,2025-09-23,0,0,1,0,0,0,0,1,structuring
P00091613,C0153,网新恒天网络有限公司,Shanghai Mfg,CN,102737.39,19209.94,CNY,2026-05-26 01:10:00.000000,2026-05-26,0,0,1,0,0,0,0,1,structuring
P00015263,C0153,网新恒天网络有限公司,Netherlands BV,CN,105303.63,19404.09,CNY,2024-11-21 09:30:00.000000,2024-11-21,0,0,1,0,0,0,0,1,structuring
P00092359,C0153,网新恒天网络有限公司,Shenzhen Sourcing,CN,106738.13,19967.18,CNY,2026-05-29 00:52:00.000000,2026-05-29,0,0,1,0,0,0,0,1,structuring
P00058387,C0153,网新恒天网络有限公司,Netherlands BV,CN,208555.36,38859.29,CNY,2025-10-02 13:03:00.000000,2025-10-02,0,0,0,0,1,0,0,1,duplicate
P00058390,C0153,网新恒天网络有限公司,Netherlands BV,CN,208555.36,38859.29,CNY,2025-10-02 13:15:00.000000,2025-10-02,0,0,0,0,1,0,0,1,duplicate
P00033576,C0154,Bumb-Srinivas,SG Operations,IN,95.84,95.84,SGD,2025-04-08 21:44:00.000000,2025-04-08,0,0,0,0,0,0,1,1,off-hours
P00010796,C0154,Bumb-Srinivas,US Inc,IN,217.11,292.16,USD,2024-10-18 09:05:00.000000,2024-10-18,0,0,0,0,0,0,1,1,off-hours
P00077353,C0154,Bumb-Srinivas,US West Distribution,IN,1906.39,2537.91,USD,2026-02-12 19:11:00.000000,2026-02-12,0,0,0,0,0,1,0,1,burst
P00077346,C0154,Bumb-Srinivas,US West Distribution,IN,4620.46,6151.06,USD,2026-02-12 18:46:00.000000,2026-02-12,0,0,0,0,0,1,0,1,burst
P00077354,C0154,Bumb-Srinivas,US West Distribution,IN,5135.65,6836.91,USD,2026-02-12 19:16:00.000000,2026-02-12,0,0,0,0,0,1,0,1,burst
P00077349,C0154,Bumb-Srinivas,US West Distribution,IN,5286.42,7027.24,USD,2026-02-12 19:01:00.000000,2026-02-12,0,0,0,0,0,1,0,1,burst
P00077347,C0154,Bumb-Srinivas,US West Distribution,IN,5737.74,7610.72,USD,2026-02-12 18:51:00.000000,2026-02-12,0,0,0,0,0,1,0,1,burst
P00077332,C0154,Bumb-Srinivas,US West Distribution,IN,5766.7,7649.14,USD,2026-02-12 15:57:00.000000,2026-02-12,0,0,0,0,0,1,0,1,burst
P00077350,C0154,Bumb-Srinivas,US West Distribution,IN,6456.39,8563.96,USD,2026-02-12 19:06:00.000000,2026-02-12,0,0,0,0,0,1,0,1,burst
P00077352,C0154,Bumb-Srinivas,US West Distribution,IN,7173.87,9515.65,USD,2026-02-12 19:11:00.000000,2026-02-12,0,0,0,0,0,1,0,1,burst
P00077345,C0154,Bumb-Srinivas,US West Distribution,IN,10173.9,13494.99,USD,2026-02-12 18:45:00.000000,2026-02-12,0,0,0,0,0,1,0,1,burst
P00077348,C0154,Bumb-Srinivas,US West Distribution,IN,11262.42,14938.83,USD,2026-02-12 18:53:00.000000,2026-02-12,0,0,0,0,0,1,0,1,burst
P00077343,C0154,Bumb-Srinivas,US West Distribution,IN,11560.8,15390.49,USD,2026-02-12 18:19:00.000000,2026-02-12,0,0,0,0,0,1,0,1,burst
P00077071,C0154,Bumb-Srinivas,Shanghai Mfg,IN,12098.54,16082.6,USD,2026-02-12 02:13:00.000000,2026-02-12,0,0,0,0,0,1,0,1,burst
P00016706,C0154,Bumb-Srinivas,UK Ltd,IN,13440.49,18329.09,USD,2024-12-03 09:33:00.000000,2024-12-03,0,0,1,0,0,0,0,1,structuring
P00058430,C0154,Bumb-Srinivas,US Inc,IN,13542.01,18346.97,USD,2025-10-02 14:48:00.000000,2025-10-02,0,0,1,0,0,0,0,1,structuring
P00061115,C0154,Bumb-Srinivas,Shenzhen Sourcing,IN,14126.61,19239.04,USD,2025-10-23 01:32:00.000000,2025-10-23,0,0,1,0,0,0,0,1,structuring
P00018733,C0154,Bumb-Srinivas,SG Operations,IN,14494.4,19781.36,USD,2024-12-19 01:25:00.000000,2024-12-19,0,0,1,0,0,0,0,1,structuring
P00009833,C0154,Bumb-Srinivas,US Inc,IN,14912.01,19781.44,USD,2024-10-10 13:16:00.000000,2024-10-10,0,0,1,0,0,0,0,1,structuring
P00077302,C0154,Bumb-Srinivas,US Inc,IN,16807.8,22294.4,USD,2026-02-12 14:39:00.000000,2026-02-12,0,0,0,0,0,1,0,1,burst
P00056864,C0154,Bumb-Srinivas,India Services,IN,25000.0,405.5,INR,2025-09-23 08:24:00.000000,2025-09-23,0,1,0,0,0,0,0,1,round amount
P00106032,C0154,Bumb-Srinivas,UK Ltd,IN,25000.0,42241.48,GBP,2026-08-27 07:24:00.000000,2026-08-27,0,1,0,0,0,0,0,1,round amount
P00077344,C0154,Bumb-Srinivas,US West Distribution,IN,30479.11,40428.47,USD,2026-02-12 18:25:00.000000,2026-02-12,0,0,0,0,0,1,0,1,burst
P00077214,C0154,Bumb-Srinivas,UK Ltd,IN,34566.57,45949.38,USD,2026-02-12 09:05:00.000000,2026-02-12,0,0,0,0,0,1,0,1,burst
P00032844,C0154,Bumb-Srinivas,Shanghai Mfg,IN,35955.27,48097.69,USD,2025-04-03 06:37:00.000000,2025-04-03,0,0,0,0,1,0,0,1,duplicate
P00032847,C0154,Bumb-Srinivas,Shanghai Mfg,IN,35955.27,48097.69,USD,2025-04-03 06:53:00.000000,2025-04-03,0,0,0,0,1,0,0,1,duplicate
P00013153,C0154,Bumb-Srinivas,India Services,IN,38368.43,613.63,INR,2024-11-06 00:15:00.000000,2024-11-06,0,0,0,0,0,0,1,1,off-hours
P00101839,C0154,Bumb-Srinivas,UK Ltd,IN,122144.12,163422.97,USD,2026-07-30 14:36:00.000000,2026-07-30,0,0,0,0,1,0,0,1,duplicate
P00101845,C0154,Bumb-Srinivas,UK Ltd,IN,122144.12,163422.97,USD,2026-07-30 14:52:00.000000,2026-07-30,0,0,0,0,1,0,0,1,duplicate
P00060305,C0154,Bumb-Srinivas,India Services,IN,211405.64,3413.99,INR,2025-10-16 09:56:00.000000,2025-10-16,0,0,0,0,1,0,0,1,duplicate
P00060310,C0154,Bumb-Srinivas,India Services,IN,211405.64,3413.99,INR,2025-10-16 10:11:00.000000,2025-10-16,0,0,0,0,1,0,0,1,duplicate
P00081996,C0154,Bumb-Srinivas,India Services,IN,1129159.68,18071.07,INR,2026-03-19 04:20:00.000000,2026-03-19,0,0,1,0,0,0,0,1,structuring
P00038153,C0154,Bumb-Srinivas,India Services,IN,1154017.4,18618.92,INR,2025-05-13 05:11:00.000000,2025-05-13,0,0,1,0,0,0,0,1,structuring
P00025142,C0154,Bumb-Srinivas,India Services,IN,1948276.76,31805.62,INR,2025-02-05 23:07:00.000000,2025-02-05,0,0,0,0,0,0,1,1,off-hours
P00078930,C0154,Bumb-Srinivas,India Services,IN,2361559.75,38139.19,INR,2026-02-26 05:29:00.000000,2026-02-26,0,0,0,0,1,0,0,1,duplicate
P00078931,C0154,Bumb-Srinivas,India Services,IN,2361559.75,38139.19,INR,2026-02-26 05:32:00.000000,2026-02-26,0,0,0,0,1,0,0,1,duplicate
P00092113,C0158,立信电子科技有限公司,SG Operations,CN,264.77,264.77,SGD,2026-05-28 03:19:00.000000,2026-05-28,0,0,0,0,0,1,0,1,burst
P00077173,C0158,立信电子科技有限公司,Shanghai Mfg,CN,276.84,51.2,CNY,2026-02-12 07:30:00.000000,2026-02-12,0,0,0,0,0,1,0,1,burst
P00037527,C0158,立信电子科技有限公司,Shenzhen Sourcing,CN,1214.87,226.72,CNY,2025-05-07 21:38:00.000000,2025-05-07,0,0,0,0,0,0,1,1,off-hours
P00077150,C0158,立信电子科技有限公司,Shenzhen Sourcing,CN,1222.16,226.02,CNY,2026-02-12 05:20:00.000000,2026-02-12,0,0,0,0,0,1,0,1,burst
P00026003,C0158,立信电子科技有限公司,Shenzhen Sourcing,CN,1278.04,236.76,CNY,2025-02-11 21:18:00.000000,2025-02-11,0,0,0,0,0,0,1,1,off-hours
P00054130,C0158,立信电子科技有限公司,Shenzhen Sourcing,CN,1364.62,254.6,CNY,2025-09-03 21:19:00.000000,2025-09-03,0,0,0,0,0,0,1,1,off-hours
P00092264,C0158,立信电子科技有限公司,Shanghai Mfg,CN,1509.77,282.72,CNY,2026-05-28 11:47:00.000000,2026-05-28,0,0,0,0,0,1,0,1,burst
P00092112,C0158,立信电子科技有限公司,Shenzhen Sourcing,CN,2952.97,552.98,CNY,2026-05-28 03:18:00.000000,2026-05-28,0,0,0,0,0,1,0,1,burst
P00062256,C0158,立信电子科技有限公司,Group Treasury HQ,CN,8348.01,1556.25,CNY,2025-10-30 02:12:00.000000,2025-10-30,0,0,0,0,1,0,0,1,duplicate
P00062267,C0158,立信电子科技有限公司,Group Treasury HQ,CN,8348.01,1556.25,CNY,2025-10-30 02:32:00.000000,2025-10-30,0,0,0,0,1,0,0,1,duplicate
P00092078,C0158,立信电子科技有限公司,Shanghai Mfg,CN,11578.22,2163.63,CNY,2026-05-28 02:23:00.000000,2026-05-28,0,0,0,0,0,1,0,1,burst
P00077247,C0158,立信电子科技有限公司,Germany GmbH,CN,12165.93,2247.07,CNY,2026-02-12 09:56:00.000000,2026-02-12,0,0,0,0,0,1,0,1,burst
P00077480,C0158,立信电子科技有限公司,Netherlands BV,CN,12868.52,18350.65,EUR,2026-02-14 09:19:00.000000,2026-02-14,0,0,1,0,0,0,0,1,structuring
P00076930,C0158,立信电子科技有限公司,Netherlands BV,CN,13149.84,18954.78,EUR,2026-02-11 15:05:00.000000,2026-02-11,0,0,1,0,0,0,0,1,structuring
P00076729,C0158,立信电子科技有限公司,Netherlands BV,CN,13479.26,19461.85,EUR,2026-02-10 07:35:00.000000,2026-02-10,0,0,1,0,0,0,0,1,structuring
P00077055,C0158,立信电子科技有限公司,Shenzhen Sourcing,CN,18060.34,3340.6,CNY,2026-02-12 02:01:00.000000,2026-02-12,0,0,0,0,0,1,0,1,burst
P00092024,C0158,立信电子科技有限公司,Shenzhen Sourcing,CN,20000.0,3737.42,CNY,2026-05-28 01:24:00.000000,2026-05-28,0,1,0,0,0,1,0,2,"round amount, burst"
P00086232,C0158,立信电子科技有限公司,UK Ltd,CN,25000.0,44525.85,GBP,2026-04-16 13:38:00.000000,2026-04-16,0,1,0,0,0,0,0,1,round amount
P00094138,C0158,立信电子科技有限公司,Shenzhen Sourcing,CN,34582.4,6486.93,CNY,2026-06-11 01:12:00.000000,2026-06-11,0,0,0,0,1,0,0,1,duplicate
P00094155,C0158,立信电子科技有限公司,Shenzhen Sourcing,CN,34582.4,6486.93,CNY,2026-06-11 01:35:00.000000,2026-06-11,0,0,0,0,1,0,0,1,duplicate
P00092036,C0158,立信电子科技有限公司,Shanghai Mfg,CN,34860.19,6514.36,CNY,2026-05-28 01:39:00.000000,2026-05-28,0,0,0,0,0,1,0,1,burst
P00013878,C0158,立信电子科技有限公司,Shanghai Mfg,CN,42386.8,7811.17,CNY,2024-11-12 02:25:00.000000,2024-11-12,0,0,0,0,1,0,0,1,duplicate
P00013879,C0158,立信电子科技有限公司,Shanghai Mfg,CN,42386.8,7811.17,CNY,2024-11-12 02:28:00.000000,2024-11-12,0,0,0,0,1,0,0,1,duplicate
P00077065,C0158,立信电子科技有限公司,Group Treasury HQ,CN,46635.72,8626.16,CNY,2026-02-12 02:08:00.000000,2026-02-12,0,0,0,0,0,1,0,1,burst
P00047270,C0158,立信电子科技有限公司,Germany Sales Office,CN,50000.0,73607.45,EUR,2025-07-17 08:58:00.000000,2025-07-17,0,1,0,0,0,0,0,1,round amount
P00109026,C0158,立信电子科技有限公司,US Inc,CN,50000.0,68007.9,USD,2026-09-15 17:43:00.000000,2026-09-15,0,1,0,0,0,0,0,1,round amount
P00100705,C0158,立信电子科技有限公司,US Inc,CN,51799.18,9694.37,CNY,2026-07-23 13:31:00.000000,2026-07-23,0,0,0,0,1,0,0,1,duplicate
P00100714,C0158,立信电子科技有限公司,US Inc,CN,51799.18,9694.37,CNY,2026-07-23 13:47:00.000000,2026-07-23,0,0,0,0,1,0,0,1,duplicate
P00077306,C0158,立信电子科技有限公司,US Inc,CN,54968.26,10152.75,CNY,2026-02-12 14:44:00.000000,2026-02-12,0,0,0,0,0,1,0,1,burst
P00077044,C0158,立信电子科技有限公司,Shenzhen Sourcing,CN,57633.68,10645.06,CNY,2026-02-12 01:54:00.000000,2026-02-12,0,0,0,0,0,1,0,1,burst
P00076988,C0158,立信电子科技有限公司,Shanghai Mfg,CN,68114.66,12599.1,CNY,2026-02-12 01:10:00.000000,2026-02-12,0,0,0,0,0,1,0,1,burst
P00015211,C0158,立信电子科技有限公司,Shenzhen Sourcing,CN,72612.89,13380.23,CNY,2024-11-21 07:35:00.000000,2024-11-21,0,0,0,0,1,0,0,1,duplicate
P00015212,C0158,立信电子科技有限公司,Shenzhen Sourcing,CN,72612.89,13380.23,CNY,2024-11-21 07:44:00.000000,2024-11-21,0,0,0,0,1,0,0,1,duplicate
P00092305,C0158,立信电子科技有限公司,US West Distribution,CN,93909.09,17567.29,CNY,2026-05-28 14:15:00.000000,2026-05-28,0,0,0,0,0,1,0,1,burst
P00053442,C0158,立信电子科技有限公司,SG Operations,CN,96667.14,18048.72,CNY,2025-08-29 08:59:00.000000,2025-08-29,0,0,1,0,0,0,0,1,structuring
P00063840,C0158,立信电子科技有限公司,Group Treasury HQ,CN,97108.6,18044.72,CNY,2025-11-11 07:10:00.000000,2025-11-11,0,0,1,0,0,0,0,1,structuring
P00072056,C0158,立信电子科技有限公司,Shanghai Mfg,CN,97162.19,18152.71,CNY,2026-01-08 01:31:00.000000,2026-01-08,0,0,1,0,0,0,0,1,structuring
P00083739,C0158,立信电子科技有限公司,Germany GmbH,CN,99003.2,18339.45,CNY,2026-03-31 07:14:00.000000,2026-03-31,0,0,1,0,0,0,0,1,structuring
P00041048,C0158,立信电子科技有限公司,Shanghai Mfg,CN,99383.8,18621.74,CNY,2025-06-03 09:35:00.000000,2025-06-03,0,0,1,0,0,0,0,1,structuring
P00070248,C0158,立信电子科技有限公司,Shanghai Mfg,CN,99643.34,18659.71,CNY,2025-12-25 01:59:00.000000,2025-12-25,0,0,1,0,0,0,0,1,structuring
P00049194,C0158,立信电子科技有限公司,Shanghai Mfg,CN,100283.56,18772.38,CNY,2025-07-31 01:33:00.000000,2025-07-31,0,0,1,0,0,0,0,1,structuring
P00072059,C0158,立信电子科技有限公司,Shanghai Mfg,CN,100430.28,18763.29,CNY,2026-01-08 01:32:00.000000,2026-01-08,0,0,1,0,0,0,0,1,structuring
P00046224,C0158,立信电子科技有限公司,Germany GmbH,CN,100484.67,18831.73,CNY,2025-07-10 08:06:00.000000,2025-07-10,0,0,1,0,0,0,0,1,structuring
P00041223,C0158,立信电子科技有限公司,Shanghai Mfg,CN,101115.11,18927.43,CNY,2025-06-05 01:17:00.000000,2025-06-05,0,0,1,0,0,0,0,1,structuring
P00011601,C0158,立信电子科技有限公司,US Inc,CN,101674.79,18702.98,CNY,2024-10-24 14:23:00.000000,2024-10-24,0,0,1,0,0,0,0,1,structuring
P00018788,C0158,立信电子科技有限公司,SG Operations,CN,102283.57,18768.52,CNY,2024-12-19 02:44:00.000000,2024-12-19,0,0,1,0,0,0,0,1,structuring
P00041269,C0158,立信电子科技有限公司,Shanghai Mfg,CN,102511.33,19188.79,CNY,2025-06-05 02:29:00.000000,2025-06-05,0,0,1,0,0,0,0,1,structuring
P00046217,C0158,立信电子科技有限公司,Shenzhen Sourcing,CN,103732.62,19440.43,CNY,2025-07-10 07:56:00.000000,2025-07-10,0,0,1,0,0,0,0,1,structuring
P00072145,C0158,立信电子科技有限公司,Shenzhen Sourcing,CN,104137.71,19477.81,CNY,2026-01-08 07:59:00.000000,2026-01-08,0,0,1,0,0,0,0,1,structuring
P00069903,C0158,立信电子科技有限公司,Germany GmbH,CN,104786.39,19599.98,CNY,2025-12-23 08:37:00.000000,2025-12-23,0,0,1,0,0,0,0,1,structuring
P00046132,C0158,立信电子科技有限公司,Shanghai Mfg,CN,104871.85,19639.25,CNY,2025-07-10 02:38:00.000000,2025-07-10,0,0,1,0,0,0,0,1,structuring
P00041371,C0158,立信电子科技有限公司,Germany GmbH,CN,105086.97,19710.11,CNY,2025-06-05 08:46:00.000000,2025-06-05,0,0,1,0,0,0,0,1,structuring
P00090063,C0158,立信电子科技有限公司,Group Treasury HQ,CN,105985.19,19762.53,CNY,2026-05-14 02:13:00.000000,2026-05-14,0,0,1,0,0,0,0,1,structuring
P00061271,C0158,立信电子科技有限公司,Netherlands BV,CN,106675.55,19948.65,CNY,2025-10-23 08:11:00.000000,2025-10-23,0,0,1,0,0,0,0,1,structuring
P00029590,C0158,立信电子科技有限公司,Shenzhen Sourcing,CN,106884.41,19976.05,CNY,2025-03-11 02:18:00.000000,2025-03-11,0,0,1,0,0,0,0,1,structuring
P00087429,C0158,立信电子科技有限公司,Shanghai Mfg,CN,107241.89,19984.85,CNY,2026-04-27 05:21:00.000000,2026-04-27,0,0,1,0,0,0,0,1,structuring
P00084091,C0158,立信电子科技有限公司,Group Treasury HQ,CN,107898.59,19998.14,CNY,2026-04-02 02:56:00.000000,2026-04-02,0,0,1,0,0,0,0,1,structuring
P00077084,C0158,立信电子科技有限公司,Shanghai Mfg,CN,184711.16,34165.84,CNY,2026-02-12 02:24:00.000000,2026-02-12,0,0,0,0,0,1,0,1,burst
P00092348,C0158,立信电子科技有限公司,Shanghai Mfg,CN,353571.92,66141.64,CNY,2026-05-28 20:24:00.000000,2026-05-28,0,0,0,0,0,1,1,2,"burst, off-hours"
P00077103,C0158,立信电子科技有限公司,Shanghai Mfg,CN,366010.99,67700.69,CNY,2026-02-12 02:40:00.000000,2026-02-12,0,0,0,0,0,1,0,1,burst
P00058233,C0158,立信电子科技有限公司,SG Operations,CN,445744.51,82997.63,CNY,2025-10-02 01:52:00.000000,2025-10-02,0,0,0,0,1,0,0,1,duplicate
P00058242,C0158,立信电子科技有限公司,SG Operations,CN,445744.51,82997.63,CNY,2025-10-02 02:19:00.000000,2025-10-02,0,0,0,0,1,0,0,1,duplicate
P00092057,C0158,立信电子科技有限公司,Shanghai Mfg,CN,500265.88,93485.19,CNY,2026-05-28 01:55:00.000000,2026-05-28,0,0,0,0,0,1,0,1,burst
P00092315,C0158,立信电子科技有限公司,US Inc,CN,631973.94,118221.47,CNY,2026-05-28 14:37:00.000000,2026-05-28,0,0,0,0,0,1,0,1,burst
P00012284,C0161,戴硕电子科技有限公司,Shanghai Mfg,CN,199.48,36.57,CNY,2024-10-29 21:58:00.000000,2024-10-29,0,0,0,0,0,0,1,1,off-hours
P00047482,C0161,戴硕电子科技有限公司,Shanghai Mfg,CN,1445.3,270.04,CNY,2025-07-18 14:28:00.000000,2025-07-18,0,0,0,0,0,0,1,1,off-hours
P00018518,C0161,戴硕电子科技有限公司,India Services,CN,10000.0,160.21,INR,2024-12-17 07:56:00.000000,2024-12-17,0,1,0,0,0,0,0,1,round amount
P00039925,C0161,戴硕电子科技有限公司,UK Ltd,CN,10462.6,18213.95,GBP,2025-05-26 14:11:00.000000,2025-05-26,0,0,1,0,0,0,0,1,structuring
P00039590,C0161,戴硕电子科技有限公司,UK Ltd,CN,11039.54,19467.15,GBP,2025-05-22 16:16:00.000000,2025-05-22,0,0,1,0,0,0,0,1,structuring
P00087164,C0161,戴硕电子科技有限公司,Shenzhen Sourcing,CN,20000.0,3733.22,CNY,2026-04-23 08:46:00.000000,2026-04-23,0,1,0,0,0,0,0,1,round amount
P00050139,C0161,戴硕电子科技有限公司,Group Treasury HQ,CN,20951.36,3929.28,CNY,2025-08-07 01:27:00.000000,2025-08-07,0,0,0,0,1,0,0,1,duplicate
P00050144,C0161,戴硕电子科技有限公司,Group Treasury HQ,CN,20951.36,3929.28,CNY,2025-08-07 01:40:00.000000,2025-08-07,0,0,0,0,1,0,0,1,duplicate
P00098485,C0161,戴硕电子科技有限公司,Shanghai Mfg,CN,25000.0,4658.3,CNY,2026-07-09 07:29:00.000000,2026-07-09,0,1,0,0,0,0,0,1,round amount
P00095311,C0161,戴硕电子科技有限公司,SG Operations,CN,39636.73,7381.19,CNY,2026-06-18 07:35:00.000000,2026-06-18,0,0,0,0,1,0,0,1,duplicate
P00095319,C0161,戴硕电子科技有限公司,SG Operations,CN,39636.73,7382.94,CNY,2026-06-18 07:43:00.000000,2026-06-18,0,0,0,0,1,0,0,1,duplicate
P00029757,C0161,戴硕电子科技有限公司,US Inc,CN,50000.0,68553.3,USD,2025-03-11 21:08:00.000000,2025-03-11,0,1,0,0,0,0,0,1,round amount
P00062058,C0161,戴硕电子科技有限公司,US West Distribution,CN,50000.0,68023.65,USD,2025-10-28 21:07:00.000000,2025-10-28,0,1,0,0,0,0,0,1,round amount
P00069138,C0161,戴硕电子科技有限公司,Shanghai Mfg,CN,50000.0,9330.4,CNY,2025-12-18 02:01:00.000000,2025-12-18,0,1,0,0,0,0,0,1,round amount
P00086116,C0161,戴硕电子科技有限公司,Netherlands BV,CN,50000.0,72289.25,EUR,2026-04-16 07:27:00.000000,2026-04-16,0,1,0,0,0,0,0,1,round amount
P00102553,C0161,戴硕电子科技有限公司,US Inc,CN,50000.0,66860.4,USD,2026-08-04 21:46:00.000000,2026-08-04,0,1,0,0,0,0,0,1,round amount
P00041234,C0161,戴硕电子科技有限公司,Shenzhen Sourcing,CN,99233.85,18575.29,CNY,2025-06-05 01:31:00.000000,2025-06-05,0,0,1,0,0,0,0,1,structuring
P00082563,C0161,戴硕电子科技有限公司,SG Operations,CN,100702.72,18734.23,CNY,2026-03-24 02:08:00.000000,2026-03-24,0,0,1,0,0,0,0,1,structuring
P00020844,C0161,戴硕电子科技有限公司,Shenzhen Sourcing,CN,101918.15,18670.9,CNY,2025-01-03 02:49:00.000000,2025-01-03,0,0,1,0,0,0,0,1,structuring
P00012422,C0161,戴硕电子科技有限公司,Shenzhen Sourcing,CN,102471.01,18821.36,CNY,2024-10-31 01:20:00.000000,2024-10-31,0,0,1,0,0,0,0,1,structuring
P00020940,C0161,戴硕电子科技有限公司,Shenzhen Sourcing,CN,102529.78,18733.52,CNY,2025-01-04 06:20:00.000000,2025-01-04,0,0,1,0,0,0,0,1,structuring
P00052297,C0161,戴硕电子科技有限公司,UK Ltd,CN,102846.3,19261.88,CNY,2025-08-21 09:15:00.000000,2025-08-21,0,0,1,0,0,0,0,1,structuring
P00020565,C0161,戴硕电子科技有限公司,Shenzhen Sourcing,CN,105680.03,19364.6,CNY,2025-01-02 03:09:00.000000,2025-01-02,0,0,1,0,0,0,0,1,structuring
P00089249,C0161,戴硕电子科技有限公司,US West Distribution,CN,119367.72,22369.39,CNY,2026-05-07 15:46:00.000000,2026-05-07,0,0,0,0,1,0,0,1,duplicate
P00089252,C0161,戴硕电子科技有限公司,US West Distribution,CN,119367.72,22369.27,CNY,2026-05-07 16:01:00.000000,2026-05-07,0,0,0,0,1,0,0,1,duplicate
P00056587,C0161,戴硕电子科技有限公司,Shanghai Mfg,CN,132425.75,24691.31,CNY,2025-09-22 06:18:00.000000,2025-09-22,0,0,0,0,1,0,0,1,duplicate
P00056594,C0161,戴硕电子科技有限公司,Shanghai Mfg,CN,132425.75,24699.92,CNY,2025-09-22 06:37:00.000000,2025-09-22,0,0,0,0,1,0,0,1,duplicate
P00073805,C0161,戴硕电子科技有限公司,Shanghai Mfg,CN,332042.24,62025.49,CNY,2026-01-20 03:05:00.000000,2026-01-20,0,0,0,0,1,0,0,1,duplicate
P00073813,C0161,戴硕电子科技有限公司,Shanghai Mfg,CN,332042.24,62025.49,CNY,2026-01-20 03:28:00.000000,2026-01-20,0,0,0,0,1,0,0,1,duplicate
P00103699,C0161,戴硕电子科技有限公司,Shenzhen Sourcing,CN,484085.11,90686.08,CNY,2026-08-13 01:16:00.000000,2026-08-13,0,0,0,0,1,0,0,1,duplicate
P00103713,C0161,戴硕电子科技有限公司,Shenzhen Sourcing,CN,484085.11,90686.08,CNY,2026-08-13 01:39:00.000000,2026-08-13,0,0,0,0,1,0,0,1,duplicate
P00095143,C0161,戴硕电子科技有限公司,Shanghai Mfg,CN,489094.54,91101.19,CNY,2026-06-17 18:10:00.000000,2026-06-17,0,0,0,0,0,0,1,1,off-hours
P00091290,C0162,Harrington Inc,US Inc,SG,2738.16,3632.02,USD,2026-05-21 16:41:00.000000,2026-05-21,0,0,0,0,0,1,0,1,burst
P00091301,C0162,Harrington Inc,US Inc,SG,3446.56,4571.68,USD,2026-05-21 17:24:00.000000,2026-05-21,0,0,0,0,0,1,0,1,burst
P00091291,C0162,Harrington Inc,US Inc,SG,3509.07,4654.59,USD,2026-05-21 16:41:00.000000,2026-05-21,0,0,0,0,0,1,0,1,burst
P00091300,C0162,Harrington Inc,US Inc,SG,3591.3,4763.67,USD,2026-05-21 17:22:00.000000,2026-05-21,0,0,0,0,0,1,0,1,burst
P00091295,C0162,Harrington Inc,US Inc,SG,5036.07,6680.07,USD,2026-05-21 17:09:00.000000,2026-05-21,0,0,0,0,0,1,0,1,burst
P00091296,C0162,Harrington Inc,US Inc,SG,5717.72,7584.25,USD,2026-05-21 17:15:00.000000,2026-05-21,0,0,0,0,0,1,0,1,burst
P00091298,C0162,Harrington Inc,US Inc,SG,8271.79,10972.08,USD,2026-05-21 17:16:00.000000,2026-05-21,0,0,0,0,0,1,0,1,burst
P00091289,C0162,Harrington Inc,US Inc,SG,8801.72,11675.01,USD,2026-05-21 16:40:00.000000,2026-05-21,0,0,0,0,0,1,0,1,burst
P00091288,C0162,Harrington Inc,US Inc,SG,9418.68,12493.37,USD,2026-05-21 16:37:00.000000,2026-05-21,0,0,0,0,0,1,0,1,burst
P00091294,C0162,Harrington Inc,US Inc,SG,10007.71,13274.69,USD,2026-05-21 17:07:00.000000,2026-05-21,0,0,0,0,0,1,0,1,burst
P00091293,C0162,Harrington Inc,US Inc,SG,11134.37,14769.14,USD,2026-05-21 16:58:00.000000,2026-05-21,0,0,0,0,0,1,0,1,burst
P00047307,C0162,Harrington Inc,Germany Sales Office,SG,13359.49,19667.16,EUR,2025-07-17 10:31:00.000000,2025-07-17,0,0,1,0,0,0,0,1,structuring
P00047508,C0162,Harrington Inc,Germany Sales Office,SG,13417.74,19552.55,EUR,2025-07-19 11:13:00.000000,2025-07-19,0,0,1,0,0,0,0,1,structuring
P00042371,C0162,Harrington Inc,UK Ltd,SG,20000.0,34577.06,GBP,2025-06-12 14:10:00.000000,2025-06-12,0,1,0,0,0,0,0,1,round amount
P00030807,C0165,"Robles, Hernandez and Williams",SG Operations,SG,10000.0,10000.0,SGD,2025-03-20 01:32:00.000000,2025-03-20,0,1,0,0,0,0,0,1,round amount
P00052518,C0165,"Robles, Hernandez and Williams",US West Distribution,SG,13801.67,18815.71,USD,2025-08-23 21:17:00.000000,2025-08-23,0,0,1,0,0,0,0,1,structuring
P00102751,C0165,"Robles, Hernandez and Williams",Shenzhen Sourcing,SG,14096.29,2639.47,CNY,2026-08-06 03:42:00.000000,2026-08-06,0,0,0,0,0,1,0,1,burst
P00052396,C0165,"Robles, Hernandez and Williams",US West Distribution,SG,14569.92,19912.33,USD,2025-08-21 18:46:00.000000,2025-08-21,0,0,1,0,0,0,0,1,structuring
P00102742,C0165,"Robles, Hernandez and Williams",Shenzhen Sourcing,SG,14600.71,2735.55,CNY,2026-08-06 03:30:00.000000,2026-08-06,0,0,0,0,0,1,0,1,burst
P00052517,C0165,"Robles, Hernandez and Williams",US West Distribution,SG,14638.55,19956.62,USD,2025-08-23 19:54:00.000000,2025-08-23,0,0,1,0,0,0,0,1,structuring
P00018928,C0165,"Robles, Hernandez and Williams",Germany Sales Office,SG,20000.0,27849.7,EUR,2024-12-19 11:52:00.000000,2024-12-19,0,1,0,0,0,0,0,1,round amount
P00102777,C0165,"Robles, Hernandez and Williams",Shenzhen Sourcing,SG,21539.37,4033.16,CNY,2026-08-06 04:22:00.000000,2026-08-06,0,0,0,0,0,1,0,1,burst
P00102767,C0165,"Robles, Hernandez and Williams",Shenzhen Sourcing,SG,23574.03,4414.14,CNY,2026-08-06 04:06:00.000000,2026-08-06,0,0,0,0,0,1,0,1,burst
P00102746,C0165,"Robles, Hernandez and Williams",Shenzhen Sourcing,SG,34384.52,6442.18,CNY,2026-08-06 03:32:00.000000,2026-08-06,0,0,0,0,0,1,0,1,burst
P00102778,C0165,"Robles, Hernandez and Williams",Shenzhen Sourcing,SG,35317.34,6616.95,CNY,2026-08-06 04:26:00.000000,2026-08-06,0,0,0,0,0,1,0,1,burst
P00102770,C0165,"Robles, Hernandez and Williams",Shenzhen Sourcing,SG,38237.7,7164.1,CNY,2026-08-06 04:10:00.000000,2026-08-06,0,0,0,0,0,1,0,1,burst
P00102748,C0165,"Robles, Hernandez and Williams",Shenzhen Sourcing,SG,39462.38,7393.55,CNY,2026-08-06 03:37:00.000000,2026-08-06,0,0,0,0,0,1,0,1,burst
P00102753,C0165,"Robles, Hernandez and Williams",Shenzhen Sourcing,SG,43792.07,8204.75,CNY,2026-08-06 03:46:00.000000,2026-08-06,0,0,0,0,0,1,0,1,burst
P00102740,C0165,"Robles, Hernandez and Williams",Shenzhen Sourcing,SG,45634.98,8544.97,CNY,2026-08-06 03:29:00.000000,2026-08-06,0,0,0,0,0,1,0,1,burst
P00103526,C0165,"Robles, Hernandez and Williams",Netherlands BV,SG,50000.0,72030.1,EUR,2026-08-11 11:29:00.000000,2026-08-11,0,1,0,0,0,0,0,1,round amount
P00102750,C0165,"Robles, Hernandez and Williams",Shenzhen Sourcing,SG,50441.3,9444.93,CNY,2026-08-06 03:41:00.000000,2026-08-06,0,0,0,0,0,1,0,1,burst
P00102744,C0165,"Robles, Hernandez and Williams",Shenzhen Sourcing,SG,84440.53,15820.52,CNY,2026-08-06 03:31:00.000000,2026-08-06,0,0,0,0,0,1,0,1,burst
P00039667,C0169,浙大万朋信息有限公司,US Inc,CN,26.94,35.82,USD,2025-05-23 10:50:00.000000,2025-05-23,0,0,0,0,0,0,1,1,off-hours
P00066815,C0169,浙大万朋信息有限公司,US Inc,CN,31.24,41.05,USD,2025-12-02 04:08:00.000000,2025-12-02,0,0,0,0,0,0,1,1,off-hours
P00028976,C0169,浙大万朋信息有限公司,SG Operations,CN,121.86,121.86,SGD,2025-03-06 04:43:00.000000,2025-03-06,0,0,0,0,0,1,0,1,burst
P00032114,C0169,浙大万朋信息有限公司,SG Operations,CN,140.48,140.48,SGD,2025-03-28 14:44:00.000000,2025-03-28,0,0,0,0,0,0,1,1,off-hours
P00109437,C0169,浙大万朋信息有限公司,US Inc,CN,164.11,223.79,USD,2026-09-17 10:27:00.000000,2026-09-17,0,0,0,0,0,0,1,1,off-hours
P00060977,C0169,浙大万朋信息有限公司,SG Operations,CN,177.58,177.58,SGD,2025-10-21 21:46:00.000000,2025-10-21,0,0,0,0,0,0,1,1,off-hours
P00076185,C0169,浙大万朋信息有限公司,US Inc,CN,201.62,266.85,USD,2026-02-05 10:53:00.000000,2026-02-05,0,0,0,0,0,0,1,1,off-hours
P00030382,C0169,浙大万朋信息有限公司,US West Distribution,CN,224.87,310.22,USD,2025-03-17 10:46:00.000000,2025-03-17,0,0,0,0,0,0,1,1,off-hours
P00029127,C0169,浙大万朋信息有限公司,UK Ltd,CN,330.35,563.76,GBP,2025-03-06 15:12:00.000000,2025-03-06,0,0,0,0,0,1,0,1,burst
P00010179,C0169,浙大万朋信息有限公司,Shenzhen Sourcing,CN,650.86,119.65,CNY,2024-10-14 21:35:00.000000,2024-10-14,0,0,0,0,0,0,1,1,off-hours
P00105094,C0169,浙大万朋信息有限公司,Shenzhen Sourcing,CN,781.24,146.57,CNY,2026-08-20 21:39:00.000000,2026-08-20,0,0,0,0,0,0,1,1,off-hours
P00029135,C0169,浙大万朋信息有限公司,US West Distribution,CN,1760.19,329.74,CNY,2025-03-06 15:37:00.000000,2025-03-06,0,0,0,0,0,1,0,1,burst
P00028968,C0169,浙大万朋信息有限公司,Shenzhen Sourcing,CN,1839.14,344.6,CNY,2025-03-06 04:09:00.000000,2025-03-06,0,0,0,0,0,1,0,1,burst
P00079716,C0169,浙大万朋信息有限公司,Shenzhen Sourcing,CN,2028.58,376.12,CNY,2026-03-03 15:08:00.000000,2026-03-03,0,0,0,0,0,0,1,1,off-hours
P00034771,C0169,浙大万朋信息有限公司,Shenzhen Sourcing,CN,2358.38,437.75,CNY,2025-04-17 05:44:00.000000,2025-04-17,0,0,0,0,1,0,0,1,duplicate
P00034772,C0169,浙大万朋信息有限公司,Shenzhen Sourcing,CN,2358.38,436.68,CNY,2025-04-17 06:00:00.000000,2025-04-17,0,0,0,0,1,0,0,1,duplicate
P00045512,C0169,浙大万朋信息有限公司,Shanghai Mfg,CN,3598.74,674.59,CNY,2025-07-06 21:05:00.000000,2025-07-06,0,0,0,0,0,0,1,1,off-hours
P00063743,C0169,浙大万朋信息有限公司,Shanghai Mfg,CN,3917.12,729.41,CNY,2025-11-10 19:38:00.000000,2025-11-10,0,0,0,0,0,0,1,1,off-hours
P00012439,C0169,浙大万朋信息有限公司,Shanghai Mfg,CN,5017.08,921.51,CNY,2024-10-31 02:33:00.000000,2024-10-31,0,0,0,0,1,0,0,1,duplicate
P00012446,C0169,浙大万朋信息有限公司,Shanghai Mfg,CN,5017.08,921.51,CNY,2024-10-31 02:45:00.000000,2024-10-31,0,0,0,0,1,0,0,1,duplicate
P00086019,C0169,浙大万朋信息有限公司,Shanghai Mfg,CN,8857.7,1652.01,CNY,2026-04-15 20:18:00.000000,2026-04-15,0,0,0,0,0,0,1,1,off-hours
P00070307,C0169,浙大万朋信息有限公司,Shenzhen Sourcing,CN,10000.0,1872.65,CNY,2025-12-25 08:15:00.000000,2025-12-25,0,1,0,0,0,0,0,1,round amount
P00029114,C0169,浙大万朋信息有限公司,US Inc,CN,10251.28,1920.4,CNY,2025-03-06 14:44:00.000000,2025-03-06,0,0,0,0,0,1,0,1,burst
P00022624,C0169,浙大万朋信息有限公司,SG Operations,CN,20000.0,20000.0,SGD,2025-01-16 06:35:00.000000,2025-01-16,0,1,0,0,0,0,0,1,round amount
P00052206,C0169,浙大万朋信息有限公司,India Services,CN,20000.0,323.56,INR,2025-08-21 06:10:00.000000,2025-08-21,0,1,0,0,0,0,0,1,round amount
P00072081,C0169,浙大万朋信息有限公司,SG Operations,CN,20000.0,20000.0,SGD,2026-01-08 02:07:00.000000,2026-01-08,0,1,0,0,0,0,0,1,round amount
P00028899,C0169,浙大万朋信息有限公司,Shanghai Mfg,CN,22444.43,4197.02,CNY,2025-03-06 01:37:00.000000,2025-03-06,0,0,0,0,0,1,0,1,burst
P00028873,C0169,浙大万朋信息有限公司,Shenzhen Sourcing,CN,24650.38,4609.52,CNY,2025-03-06 01:07:00.000000,2025-03-06,0,0,0,0,0,1,0,1,burst
P00022514,C0169,浙大万朋信息有限公司,Shanghai Mfg,CN,24846.48,4576.35,CNY,2025-01-15 18:24:00.000000,2025-01-15,0,0,0,0,0,0,1,1,off-hours
P00030545,C0169,浙大万朋信息有限公司,Group Treasury HQ,CN,25159.6,4690.86,CNY,2025-03-18 06:51:00.000000,2025-03-18,0,0,0,0,1,0,0,1,duplicate
P00030550,C0169,浙大万朋信息有限公司,Group Treasury HQ,CN,25159.6,4690.86,CNY,2025-03-18 07:19:00.000000,2025-03-18,0,0,0,0,1,0,0,1,duplicate
P00032737,C0169,浙大万朋信息有限公司,Shanghai Mfg,CN,29698.47,5518.36,CNY,2025-04-02 18:53:00.000000,2025-04-02,0,0,0,0,0,0,1,1,off-hours
P00028954,C0169,浙大万朋信息有限公司,SG Operations,CN,30430.54,5690.39,CNY,2025-03-06 02:53:00.000000,2025-03-06,0,0,0,0,0,1,0,1,burst
P00029119,C0169,浙大万朋信息有限公司,US Inc,CN,38884.66,7284.38,CNY,2025-03-06 14:54:00.000000,2025-03-06,0,0,0,0,0,1,0,1,burst
P00064897,C0169,浙大万朋信息有限公司,Netherlands BV,CN,50000.0,70853.55,EUR,2025-11-18 13:56:00.000000,2025-11-18,0,1,0,0,0,0,0,1,round amount
P00105872,C0169,浙大万朋信息有限公司,Shenzhen Sourcing,CN,54055.19,10171.73,CNY,2026-08-26 18:02:00.000000,2026-08-26,0,0,0,0,0,0,1,1,off-hours
P00063105,C0169,浙大万朋信息有限公司,Shanghai Mfg,CN,59111.45,11019.67,CNY,2025-11-05 17:50:00.000000,2025-11-05,0,0,0,0,0,0,1,1,off-hours
P00028950,C0169,浙大万朋信息有限公司,Shanghai Mfg,CN,59404.35,11108.38,CNY,2025-03-06 02:43:00.000000,2025-03-06,0,0,0,0,0,1,0,1,burst
P00104774,C0169,浙大万朋信息有限公司,SG Operations,CN,65674.85,12339.71,CNY,2026-08-19 18:11:00.000000,2026-08-19,0,0,0,0,0,0,1,1,off-hours
P00029129,C0169,浙大万朋信息有限公司,US Inc,CN,65713.93,12310.39,CNY,2025-03-06 15:25:00.000000,2025-03-06,0,0,0,0,0,1,0,1,burst
P00010481,C0169,浙大万朋信息有限公司,Shanghai Mfg,CN,66322.25,12192.55,CNY,2024-10-16 19:00:00.000000,2024-10-16,0,0,0,0,0,0,1,1,off-hours
P00101174,C0169,浙大万朋信息有限公司,Shanghai Mfg,CN,71528.35,13392.4,CNY,2026-07-28 01:54:00.000000,2026-07-28,0,0,0,0,1,0,0,1,duplicate
P00101186,C0169,浙大万朋信息有限公司,Shanghai Mfg,CN,71528.35,13392.4,CNY,2026-07-28 02:09:00.000000,2026-07-28,0,0,0,0,1,0,0,1,duplicate
P00082015,C0169,浙大万朋信息有限公司,Shenzhen Sourcing,CN,71636.47,13349.53,CNY,2026-03-19 05:49:00.000000,2026-03-19,0,0,0,0,1,0,0,1,duplicate
P00082019,C0169,浙大万朋信息有限公司,Shenzhen Sourcing,CN,71636.47,13340.79,CNY,2026-03-19 06:08:00.000000,2026-03-19,0,0,0,0,1,0,0,1,duplicate
P00028881,C0169,浙大万朋信息有限公司,SG Operations,CN,72904.5,13632.85,CNY,2025-03-06 01:19:00.000000,2025-03-06,0,0,0,0,0,1,0,1,burst
P00058397,C0169,浙大万朋信息有限公司,US Inc,CN,86939.79,16199.14,CNY,2025-10-02 13:26:00.000000,2025-10-02,0,0,0,0,1,0,0,1,duplicate
P00058415,C0169,浙大万朋信息有限公司,US Inc,CN,86939.79,16188.19,CNY,2025-10-02 13:53:00.000000,2025-10-02,0,0,0,0,1,0,0,1,duplicate
P00029022,C0169,浙大万朋信息有限公司,Germany GmbH,CN,94235.32,17653.39,CNY,2025-03-06 08:50:00.000000,2025-03-06,0,0,0,0,0,1,0,1,burst
P00054840,C0169,浙大万朋信息有限公司,Shanghai Mfg,CN,97722.09,18249.7,CNY,2025-09-09 02:55:00.000000,2025-09-09,0,0,1,0,0,0,0,1,structuring
P00051782,C0169,浙大万朋信息有限公司,Shenzhen Sourcing,CN,98126.42,18370.15,CNY,2025-08-19 01:05:00.000000,2025-08-19,0,0,1,0,0,0,0,1,structuring
P00069753,C0169,浙大万朋信息有限公司,Group Treasury HQ,CN,98201.99,18356.9,CNY,2025-12-23 01:05:00.000000,2025-12-23,0,0,1,0,0,0,0,1,structuring
P00030018,C0169,浙大万朋信息有限公司,UK Ltd,CN,98682.23,18454.66,CNY,2025-03-13 09:37:00.000000,2025-03-13,0,0,1,0,0,0,0,1,structuring
P00053103,C0169,浙大万朋信息有限公司,Group Treasury HQ,CN,98773.75,18501.71,CNY,2025-08-28 01:52:00.000000,2025-08-28,0,0,1,0,0,0,0,1,structuring
P00030159,C0169,浙大万朋信息有限公司,Shenzhen Sourcing,CN,99427.09,18593.96,CNY,2025-03-14 06:52:00.000000,2025-03-14,0,0,1,0,0,0,0,1,structuring
P00065301,C0169,浙大万朋信息有限公司,US Inc,CN,99824.27,18564.12,CNY,2025-11-20 14:40:00.000000,2025-11-20,0,0,1,0,0,0,0,1,structuring
P00111027,C0169,浙大万朋信息有限公司,Shenzhen Sourcing,CN,100414.47,18730.71,CNY,2026-09-29 01:37:00.000000,2026-09-29,0,0,1,0,0,0,0,1,structuring
P00068111,C0169,浙大万朋信息有限公司,Shenzhen Sourcing,CN,101027.2,18815.71,CNY,2025-12-11 02:52:00.000000,2025-12-11,0,0,1,0,0,0,0,1,structuring
P00019384,C0169,浙大万朋信息有限公司,Shenzhen Sourcing,CN,101247.23,18575.32,CNY,2024-12-24 02:46:00.000000,2024-12-24,0,0,1,0,0,0,0,1,structuring
P00051103,C0169,浙大万朋信息有限公司,Shenzhen Sourcing,CN,101540.23,18952.99,CNY,2025-08-14 01:23:00.000000,2025-08-14,0,0,1,0,0,0,0,1,structuring
P00035421,C0169,浙大万朋信息有限公司,US Inc,CN,101869.87,19021.35,CNY,2025-04-22 14:51:00.000000,2025-04-22,0,0,1,0,0,0,0,1,structuring
P00029143,C0169,浙大万朋信息有限公司,US West Distribution,CN,102433.01,19189.08,CNY,2025-03-06 15:48:00.000000,2025-03-06,0,0,1,0,0,1,0,2,"structuring, burst"
P00100283,C0169,浙大万朋信息有限公司,US Inc,CN,102437.89,19094.32,CNY,2026-07-21 13:00:00.000000,2026-07-21,0,0,1,0,0,0,0,1,structuring
P00106706,C0169,浙大万朋信息有限公司,Shenzhen Sourcing,CN,102683.91,19385.08,CNY,2026-09-01 02:45:00.000000,2026-09-01,0,0,1,0,0,0,0,1,structuring
P00102920,C0169,浙大万朋信息有限公司,US Inc,CN,102870.9,19273.58,CNY,2026-08-06 13:22:00.000000,2026-08-06,0,0,1,0,0,0,0,1,structuring
P00038404,C0169,浙大万朋信息有限公司,Shenzhen Sourcing,CN,103268.4,19320.9,CNY,2025-05-15 01:01:00.000000,2025-05-15,0,0,1,0,0,0,0,1,structuring
P00012551,C0169,浙大万朋信息有限公司,US Inc,CN,103625.54,18995.6,CNY,2024-10-31 14:11:00.000000,2024-10-31,0,0,1,0,0,0,0,1,structuring
P00036339,C0169,浙大万朋信息有限公司,SG Operations,CN,103832.2,19369.27,CNY,2025-04-29 01:19:00.000000,2025-04-29,0,0,1,0,0,0,0,1,structuring
P00025411,C0169,浙大万朋信息有限公司,US Inc,CN,103862.19,19208.69,CNY,2025-02-06 15:43:00.000000,2025-02-06,0,0,1,0,0,0,0,1,structuring
P00066109,C0169,浙大万朋信息有限公司,Group Treasury HQ,CN,104156.45,19384.14,CNY,2025-11-27 01:27:00.000000,2025-11-27,0,0,1,0,0,0,0,1,structuring
P00018789,C0169,浙大万朋信息有限公司,SG Operations,CN,104752.6,19221.58,CNY,2024-12-19 02:46:00.000000,2024-12-19,0,0,1,0,0,0,0,1,structuring
P00105278,C0169,浙大万朋信息有限公司,Group Treasury HQ,CN,104810.81,19672.46,CNY,2026-08-24 04:57:00.000000,2026-08-24,0,0,1,0,0,0,0,1,structuring
P00054805,C0169,浙大万朋信息有限公司,Shenzhen Sourcing,CN,105079.93,19623.78,CNY,2025-09-09 01:00:00.000000,2025-09-09,0,0,1,0,0,0,0,1,structuring
P00075032,C0169,浙大万朋信息有限公司,Shenzhen Sourcing,CN,105090.11,19606.56,CNY,2026-01-29 02:25:00.000000,2026-01-29,0,0,1,0,0,0,0,1,structuring
P00026123,C0169,浙大万朋信息有限公司,Shenzhen Sourcing,CN,105559.25,19558.12,CNY,2025-02-13 01:18:00.000000,2025-02-13,0,0,1,0,0,0,0,1,structuring
P00079705,C0169,浙大万朋信息有限公司,US Inc,CN,105973.67,19643.7,CNY,2026-03-03 14:20:00.000000,2026-03-03,0,0,1,0,0,0,0,1,structuring
P00021750,C0169,浙大万朋信息有限公司,UK Ltd,CN,106386.73,19459.84,CNY,2025-01-09 12:57:00.000000,2025-01-09,0,0,1,0,1,0,0,2,"structuring, duplicate"
P00021755,C0169,浙大万朋信息有限公司,UK Ltd,CN,106386.73,19459.84,CNY,2025-01-09 13:23:00.000000,2025-01-09,0,0,1,0,1,0,0,2,"structuring, duplicate"
P00073097,C0169,浙大万朋信息有限公司,Shanghai Mfg,CN,106670.44,19898.09,CNY,2026-01-15 01:30:00.000000,2026-01-15,0,0,1,0,0,0,0,1,structuring
P00028207,C0169,浙大万朋信息有限公司,US Inc,CN,106993.72,19996.27,CNY,2025-02-27 14:03:00.000000,2025-02-27,0,0,1,0,0,0,0,1,structuring
P00099495,C0169,浙大万朋信息有限公司,Shanghai Mfg,CN,107114.62,19863.12,CNY,2026-07-16 02:56:00.000000,2026-07-16,0,0,1,0,0,0,0,1,structuring
P00020498,C0169,浙大万朋信息有限公司,Shanghai Mfg,CN,107606.62,19712.99,CNY,2025-01-02 01:19:00.000000,2025-01-02,0,0,1,0,0,0,0,1,structuring
P00018803,C0169,浙大万朋信息有限公司,Shanghai Mfg,CN,120200.48,22056.19,CNY,2024-12-19 03:20:00.000000,2024-12-19,0,0,0,0,1,0,0,1,duplicate
P00018805,C0169,浙大万朋信息有限公司,Shanghai Mfg,CN,120200.48,22056.19,CNY,2024-12-19 03:37:00.000000,2024-12-19,0,0,0,0,1,0,0,1,duplicate
P00056366,C0169,浙大万朋信息有限公司,US Inc,CN,122589.32,22878.84,CNY,2025-09-18 14:29:00.000000,2025-09-18,0,0,0,0,1,0,0,1,duplicate
P00056376,C0169,浙大万朋信息有限公司,US Inc,CN,122589.32,22878.84,CNY,2025-09-18 14:54:00.000000,2025-09-18,0,0,0,0,1,0,0,1,duplicate
P00071031,C0169,浙大万朋信息有限公司,UK Ltd,CN,138909.93,26005.47,CNY,2025-12-30 13:12:00.000000,2025-12-30,0,0,0,0,1,0,0,1,duplicate
P00071035,C0169,浙大万朋信息有限公司,UK Ltd,CN,138909.93,25966.85,CNY,2025-12-30 13:41:00.000000,2025-12-30,0,0,0,0,1,0,0,1,duplicate
P00050401,C0169,浙大万朋信息有限公司,US Inc,CN,172252.43,32275.97,CNY,2025-08-07 15:03:00.000000,2025-08-07,0,0,0,0,1,0,0,1,duplicate
P00050405,C0169,浙大万朋信息有限公司,US Inc,CN,172252.43,32275.97,CNY,2025-08-07 15:31:00.000000,2025-08-07,0,0,0,0,1,0,0,1,duplicate
P00028918,C0169,浙大万朋信息有限公司,Shenzhen Sourcing,CN,180919.18,33892.13,CNY,2025-03-06 02:02:00.000000,2025-03-06,0,0,0,0,0,1,0,1,burst
P00096174,C0169,浙大万朋信息有限公司,Shenzhen Sourcing,CN,201058.47,37269.2,CNY,2026-06-24 18:33:00.000000,2026-06-24,0,0,0,0,0,0,1,1,off-hours
P00029131,C0169,浙大万朋信息有限公司,US Inc,CN,279475.05,52354.9,CNY,2025-03-06 15:30:00.000000,2025-03-06,0,0,0,0,0,1,0,1,burst
P00028944,C0169,浙大万朋信息有限公司,Shenzhen Sourcing,CN,304158.23,56876.37,CNY,2025-03-06 02:37:00.000000,2025-03-06,0,0,0,0,0,1,0,1,burst
P00018715,C0169,浙大万朋信息有限公司,Shanghai Mfg,CN,307467.34,56418.72,CNY,2024-12-18 18:30:00.000000,2024-12-18,0,0,0,0,0,0,1,1,off-hours
P00029631,C0169,浙大万朋信息有限公司,Shanghai Mfg,CN,328162.02,61399.44,CNY,2025-03-11 07:09:00.000000,2025-03-11,0,0,0,0,1,0,0,1,duplicate
P00029632,C0169,浙大万朋信息有限公司,Shanghai Mfg,CN,328162.02,61399.44,CNY,2025-03-11 07:14:00.000000,2025-03-11,0,0,0,0,1,0,0,1,duplicate
P00009311,C0169,浙大万朋信息有限公司,Shanghai Mfg,CN,356666.35,65923.35,CNY,2024-10-08 02:22:00.000000,2024-10-08,0,0,0,1,0,0,0,1,new beneficiary
P00028886,C0169,浙大万朋信息有限公司,Shanghai Mfg,CN,369910.44,69171.77,CNY,2025-03-06 01:25:00.000000,2025-03-06,0,0,0,0,0,1,0,1,burst
P00106776,C0169,浙大万朋信息有限公司,Shenzhen Sourcing,CN,408327.36,77163.66,CNY,2026-09-01 07:25:00.000000,2026-09-01,0,0,0,0,1,0,0,1,duplicate
P00106779,C0169,浙大万朋信息有限公司,Shenzhen Sourcing,CN,408327.36,77163.66,CNY,2026-09-01 07:33:00.000000,2026-09-01,0,0,0,0,1,0,0,1,duplicate
P00110956,C0169,浙大万朋信息有限公司,Shenzhen Sourcing,CN,413649.22,77159.64,CNY,2026-09-28 17:38:00.000000,2026-09-28,0,0,0,0,0,0,1,1,off-hours
P00011600,C0169,浙大万朋信息有限公司,US Inc,CN,539154.69,99176.97,CNY,2024-10-24 14:23:00.000000,2024-10-24,0,0,0,0,1,0,0,1,duplicate
P00011610,C0169,浙大万朋信息有限公司,US Inc,CN,539154.69,99176.97,CNY,2024-10-24 14:46:00.000000,2024-10-24,0,0,0,0,1,0,0,1,duplicate
P00072128,C0169,浙大万朋信息有限公司,Shenzhen Sourcing,CN,594242.31,111146.49,CNY,2026-01-08 05:22:00.000000,2026-01-08,0,0,0,0,1,0,0,1,duplicate
P00072132,C0169,浙大万朋信息有限公司,Shenzhen Sourcing,CN,594242.31,111146.49,CNY,2026-01-08 05:28:00.000000,2026-01-08,0,0,0,0,1,0,0,1,duplicate
P00063819,C0169,浙大万朋信息有限公司,Shenzhen Sourcing,CN,745988.38,138626.27,CNY,2025-11-11 04:48:00.000000,2025-11-11,0,0,0,0,1,0,0,1,duplicate
P00063823,C0169,浙大万朋信息有限公司,Shenzhen Sourcing,CN,745988.38,138626.27,CNY,2025-11-11 05:12:00.000000,2025-11-11,0,0,0,0,1,0,0,1,duplicate
P00085748,C0169,浙大万朋信息有限公司,Shanghai Mfg,CN,758552.16,141348.61,CNY,2026-04-14 07:34:00.000000,2026-04-14,0,0,0,0,1,0,0,1,duplicate
P00085751,C0169,浙大万朋信息有限公司,Shanghai Mfg,CN,758552.16,141348.61,CNY,2026-04-14 07:42:00.000000,2026-04-14,0,0,0,0,1,0,0,1,duplicate
P00071139,C0169,浙大万朋信息有限公司,US Inc,CN,828322.1,155071.01,CNY,2025-12-30 20:14:00.000000,2025-12-30,0,0,0,0,1,0,0,1,duplicate
P00071140,C0169,浙大万朋信息有限公司,US Inc,CN,828322.1,155071.01,CNY,2025-12-30 20:21:00.000000,2025-12-30,0,0,0,0,1,0,0,1,duplicate
P00017931,C0169,浙大万朋信息有限公司,Shanghai Mfg,CN,1068161.93,196183.96,CNY,2024-12-12 06:23:00.000000,2024-12-12,0,0,0,0,1,0,0,1,duplicate
P00017934,C0169,浙大万朋信息有限公司,Shanghai Mfg,CN,1068161.93,195875.26,CNY,2024-12-12 06:30:00.000000,2024-12-12,0,0,0,0,1,0,0,1,duplicate
P00029125,C0169,浙大万朋信息有限公司,US Inc,CN,1151252.1,215667.51,CNY,2025-03-06 15:02:00.000000,2025-03-06,0,0,0,0,0,1,0,1,burst
P00050216,C0169,浙大万朋信息有限公司,Shanghai Mfg,CN,1285986.39,241177.75,CNY,2025-08-07 04:25:00.000000,2025-08-07,0,0,0,0,1,0,0,1,duplicate
P00050218,C0169,浙大万朋信息有限公司,Shanghai Mfg,CN,1285986.39,241177.75,CNY,2025-08-07 04:35:00.000000,2025-08-07,0,0,0,0,1,0,0,1,duplicate
P00052383,C0171,泰麒麟网络有限公司,US West Distribution,CN,10000.0,13584.53,USD,2025-08-21 15:18:00.000000,2025-08-21,0,1,0,0,0,0,0,1,round amount
P00018718,C0171,泰麒麟网络有限公司,SG Operations,CN,50399.59,9248.07,CNY,2024-12-18 20:35:00.000000,2024-12-18,0,0,0,0,0,0,1,1,off-hours
P00012042,C0171,泰麒麟网络有限公司,SG Operations,CN,98275.04,18087.32,CNY,2024-10-29 02:21:00.000000,2024-10-29,0,0,1,0,0,0,0,1,structuring
P00061151,C0171,泰麒麟网络有限公司,SG Operations,CN,100587.27,18821.09,CNY,2025-10-23 02:20:00.000000,2025-10-23,0,0,1,0,0,0,0,1,structuring
P00039380,C0171,泰麒麟网络有限公司,SG Operations,CN,100996.72,18860.53,CNY,2025-05-22 02:26:00.000000,2025-05-22,0,0,1,0,0,0,0,1,structuring
P00040370,C0171,泰麒麟网络有限公司,SG Operations,CN,108050.39,20245.51,CNY,2025-05-28 17:34:00.000000,2025-05-28,0,0,0,0,0,0,1,1,off-hours
P00085026,C0172,超艺传媒有限公司,Germany Sales Office,CN,62.85,90.68,EUR,2026-04-09 04:26:00.000000,2026-04-09,0,0,0,0,0,0,1,1,off-hours
P00080922,C0172,超艺传媒有限公司,SG Operations,CN,69.78,69.78,SGD,2026-03-11 21:34:00.000000,2026-03-11,0,0,0,0,0,0,1,1,off-hours
P00069179,C0172,超艺传媒有限公司,US West Distribution,CN,88.38,116.08,USD,2025-12-18 03:31:00.000000,2025-12-18,0,0,0,0,0,0,1,1,off-hours
P00083025,C0172,超艺传媒有限公司,Shenzhen Sourcing,CN,101.82,18.91,CNY,2026-03-26 08:30:00.000000,2026-03-26,0,0,0,0,0,1,0,1,burst
P00083008,C0172,超艺传媒有限公司,Shanghai Mfg,CN,126.98,23.58,CNY,2026-03-26 07:53:00.000000,2026-03-26,0,0,0,0,0,1,0,1,burst
P00082992,C0172,超艺传媒有限公司,Shanghai Mfg,CN,139.92,25.98,CNY,2026-03-26 05:50:00.000000,2026-03-26,0,0,0,0,0,1,0,1,burst
P00010422,C0172,超艺传媒有限公司,US West Distribution,CN,195.1,262.32,USD,2024-10-16 08:53:00.000000,2024-10-16,0,0,0,0,0,0,1,1,off-hours
P00056503,C0172,超艺传媒有限公司,Shenzhen Sourcing,CN,261.23,48.73,CNY,2025-09-21 21:05:00.000000,2025-09-21,0,0,0,0,0,0,1,1,off-hours
P00110592,C0172,超艺传媒有限公司,Shanghai Mfg,CN,359.81,67.06,CNY,2026-09-24 15:19:00.000000,2026-09-24,0,0,0,0,0,0,1,1,off-hours
P00109156,C0172,超艺传媒有限公司,Shanghai Mfg,CN,670.77,125.6,CNY,2026-09-16 14:51:00.000000,2026-09-16,0,0,0,0,0,0,1,1,off-hours
P00089242,C0172,超艺传媒有限公司,Shenzhen Sourcing,CN,1560.06,292.35,CNY,2026-05-07 14:34:00.000000,2026-05-07,0,0,0,0,0,0,1,1,off-hours
P00083119,C0172,超艺传媒有限公司,US West Distribution,CN,5092.6,947.21,CNY,2026-03-26 13:13:00.000000,2026-03-26,0,0,0,0,0,1,0,1,burst
P00066202,C0172,超艺传媒有限公司,SG Operations,CN,5258.75,978.68,CNY,2025-11-27 06:47:00.000000,2025-11-27,0,0,0,0,1,0,0,1,duplicate
P00066204,C0172,超艺传媒有限公司,SG Operations,CN,5258.75,978.68,CNY,2025-11-27 06:53:00.000000,2025-11-27,0,0,0,0,1,0,0,1,duplicate
P00082914,C0172,超艺传媒有限公司,Shanghai Mfg,CN,5712.94,1065.46,CNY,2026-03-26 01:54:00.000000,2026-03-26,0,0,0,0,0,1,0,1,burst
P00107743,C0172,超艺传媒有限公司,Shenzhen Sourcing,CN,8903.23,1678.26,CNY,2026-09-08 04:29:00.000000,2026-09-08,0,0,0,0,1,0,0,1,duplicate
P00107744,C0172,超艺传媒有限公司,Shenzhen Sourcing,CN,8903.23,1678.26,CNY,2026-09-08 04:32:00.000000,2026-09-08,0,0,0,0,1,0,0,1,duplicate
P00078140,C0172,超艺传媒有限公司,UK Ltd,CN,10593.36,18981.07,GBP,2026-02-21 08:48:00.000000,2026-02-21,0,0,1,0,0,0,0,1,structuring
P00078234,C0172,超艺传媒有限公司,UK Ltd,CN,10743.5,19250.09,GBP,2026-02-23 08:15:00.000000,2026-02-23,0,0,1,0,0,0,0,1,structuring
P00083111,C0172,超艺传媒有限公司,US West Distribution,CN,11819.35,2198.38,CNY,2026-03-26 13:06:00.000000,2026-03-26,0,0,0,0,0,1,0,1,burst
P00101378,C0172,超艺传媒有限公司,Netherlands BV,CN,12442.58,18064.95,EUR,2026-07-28 15:42:00.000000,2026-07-28,0,0,1,0,0,0,0,1,structuring
P00101449,C0172,超艺传媒有限公司,Netherlands BV,CN,12634.61,18398.57,EUR,2026-07-29 07:14:00.000000,2026-07-29,0,0,1,0,0,0,0,1,structuring
P00101801,C0172,超艺传媒有限公司,Netherlands BV,CN,13620.34,19844.62,EUR,2026-07-30 12:09:00.000000,2026-07-30,0,0,1,0,0,0,0,1,structuring
P00049314,C0172,超艺传媒有限公司,Shenzhen Sourcing,CN,17389.02,3250.29,CNY,2025-07-31 07:46:00.000000,2025-07-31,0,0,0,0,1,0,0,1,duplicate
P00049323,C0172,超艺传媒有限公司,Shenzhen Sourcing,CN,17389.02,3250.29,CNY,2025-07-31 07:57:00.000000,2025-07-31,0,0,0,0,1,0,0,1,duplicate
P00044489,C0172,超艺传媒有限公司,SG Operations,CN,18614.96,18614.96,SGD,2025-06-28 01:05:00.000000,2025-06-28,0,0,1,0,0,0,0,1,structuring
P00051073,C0172,超艺传媒有限公司,Shenzhen Sourcing,CN,18830.77,3514.86,CNY,2025-08-13 19:31:00.000000,2025-08-13,0,0,0,0,0,0,1,1,off-hours
P00044492,C0172,超艺传媒有限公司,SG Operations,CN,19328.06,19328.06,SGD,2025-06-28 08:22:00.000000,2025-06-28,0,0,1,0,0,0,0,1,structuring
P00044224,C0172,超艺传媒有限公司,SG Operations,CN,19389.33,19389.33,SGD,2025-06-26 05:44:00.000000,2025-06-26,0,0,1,0,0,0,0,1,structuring
P00107196,C0172,超艺传媒有限公司,Germany GmbH,CN,20000.0,29224.82,EUR,2026-09-03 07:39:00.000000,2026-09-03,0,1,0,0,0,0,0,1,round amount
P00075681,C0172,超艺传媒有限公司,Shenzhen Sourcing,CN,20199.09,3766.89,CNY,2026-02-03 02:56:00.000000,2026-02-03,0,0,0,0,1,0,0,1,duplicate
P00075683,C0172,超艺传媒有限公司,Shenzhen Sourcing,CN,20199.09,3766.89,CNY,2026-02-03 03:07:00.000000,2026-02-03,0,0,0,0,1,0,0,1,duplicate
P00015083,C0172,超艺传媒有限公司,Shenzhen Sourcing,CN,37971.87,6995.63,CNY,2024-11-20 18:38:00.000000,2024-11-20,0,0,0,0,0,0,1,1,off-hours
P00082879,C0172,超艺传媒有限公司,Shanghai Mfg,CN,39633.38,7391.63,CNY,2026-03-26 01:18:00.000000,2026-03-26,0,0,0,0,0,1,0,1,burst
P00061248,C0172,超艺传媒有限公司,SG Operations,CN,45806.61,8565.97,CNY,2025-10-23 07:42:00.000000,2025-10-23,0,0,0,0,1,0,0,1,duplicate
P00061261,C0172,超艺传媒有限公司,SG Operations,CN,45806.61,8565.97,CNY,2025-10-23 08:00:00.000000,2025-10-23,0,0,0,0,1,0,0,1,duplicate
P00082958,C0172,超艺传媒有限公司,SG Operations,CN,47951.53,8942.96,CNY,2026-03-26 02:40:00.000000,2026-03-26,0,0,0,0,0,1,0,1,burst
P00055209,C0172,超艺传媒有限公司,Shanghai Mfg,CN,52144.71,9729.37,CNY,2025-09-11 04:20:00.000000,2025-09-11,0,0,0,0,1,0,0,1,duplicate
P00055212,C0172,超艺传媒有限公司,Shanghai Mfg,CN,52144.71,9721.6,CNY,2025-09-11 04:36:00.000000,2025-09-11,0,0,0,0,1,0,0,1,duplicate
P00082919,C0172,超艺传媒有限公司,Shanghai Mfg,CN,56643.81,10564.07,CNY,2026-03-26 01:59:00.000000,2026-03-26,0,0,0,0,0,1,0,1,burst
P00083027,C0172,超艺传媒有限公司,Netherlands BV,CN,63026.91,11722.88,CNY,2026-03-26 08:31:00.000000,2026-03-26,0,0,0,0,0,1,0,1,burst
P00081993,C0172,超艺传媒有限公司,SG Operations,CN,79180.94,14745.79,CNY,2026-03-19 03:35:00.000000,2026-03-19,0,0,0,0,1,0,0,1,duplicate
P00081994,C0172,超艺传媒有限公司,SG Operations,CN,79180.94,14745.79,CNY,2026-03-19 03:53:00.000000,2026-03-19,0,0,0,0,1,0,0,1,duplicate
P00082874,C0172,超艺传媒有限公司,Shanghai Mfg,CN,91409.06,17047.79,CNY,2026-03-26 01:13:00.000000,2026-03-26,0,0,0,0,0,1,0,1,burst
P00070272,C0172,超艺传媒有限公司,Shanghai Mfg,CN,96439.06,18025.91,CNY,2025-12-25 02:29:00.000000,2025-12-25,0,0,1,0,0,0,0,1,structuring
P00054166,C0172,超艺传媒有限公司,SG Operations,CN,96700.19,18054.12,CNY,2025-09-04 01:48:00.000000,2025-09-04,0,0,1,0,0,0,0,1,structuring
P00057054,C0172,超艺传媒有限公司,SG Operations,CN,96732.29,18016.78,CNY,2025-09-25 01:04:00.000000,2025-09-25,0,0,1,0,0,0,0,1,structuring
P00053764,C0172,超艺传媒有限公司,Shanghai Mfg,CN,96847.64,18058.11,CNY,2025-09-02 01:39:00.000000,2025-09-02,0,0,1,0,0,0,0,1,structuring
P00068178,C0172,超艺传媒有限公司,Netherlands BV,CN,96882.16,18022.6,CNY,2025-12-11 08:31:00.000000,2025-12-11,0,0,1,0,0,0,0,1,structuring
P00034380,C0172,超艺传媒有限公司,SG Operations,CN,97008.93,18006.02,CNY,2025-04-15 02:47:00.000000,2025-04-15,0,0,1,0,0,0,0,1,structuring
P00043222,C0172,超艺传媒有限公司,Shanghai Mfg,CN,97170.36,18132.86,CNY,2025-06-19 01:55:00.000000,2025-06-19,0,0,1,0,0,0,0,1,structuring
P00104801,C0172,超艺传媒有限公司,Shenzhen Sourcing,CN,98654.69,18548.66,CNY,2026-08-20 01:21:00.000000,2026-08-20,0,0,1,0,0,0,0,1,structuring
P00094209,C0172,超艺传媒有限公司,Shanghai Mfg,CN,99009.69,18572.14,CNY,2026-06-11 02:54:00.000000,2026-06-11,0,0,1,0,0,0,0,1,structuring
P00059753,C0172,超艺传媒有限公司,SG Operations,CN,99088.15,18448.43,CNY,2025-10-14 02:31:00.000000,2025-10-14,0,0,1,0,0,0,0,1,structuring
P00091006,C0172,超艺传媒有限公司,Shenzhen Sourcing,CN,99986.93,18683.36,CNY,2026-05-21 01:11:00.000000,2026-05-21,0,0,1,0,0,0,0,1,structuring
P00104206,C0172,超艺传媒有限公司,SG Operations,CN,100032.01,18745.6,CNY,2026-08-17 05:53:00.000000,2026-08-17,0,0,1,0,0,0,0,1,structuring
P00070761,C0172,超艺传媒有限公司,Shenzhen Sourcing,CN,100039.81,18770.27,CNY,2025-12-30 02:16:00.000000,2025-12-30,0,0,1,0,0,0,0,1,structuring
P00063140,C0172,超艺传媒有限公司,Shenzhen Sourcing,CN,100548.04,18744.37,CNY,2025-11-06 01:30:00.000000,2025-11-06,0,0,1,0,0,0,0,1,structuring
P00050127,C0172,超艺传媒有限公司,Shenzhen Sourcing,CN,101221.96,18983.47,CNY,2025-08-07 01:13:00.000000,2025-08-07,0,0,1,0,0,0,0,1,structuring
P00016935,C0172,超艺传媒有限公司,Shenzhen Sourcing,CN,101483.13,18805.03,CNY,2024-12-05 02:32:00.000000,2024-12-05,0,0,1,0,0,0,0,1,structuring
P00066778,C0172,超艺传媒有限公司,Shenzhen Sourcing,CN,101632.68,18952.36,CNY,2025-12-02 01:41:00.000000,2025-12-02,0,0,1,0,0,0,0,1,structuring
P00096254,C0172,超艺传媒有限公司,Shanghai Mfg,CN,102344.05,18958.52,CNY,2026-06-25 02:27:00.000000,2026-06-25,0,0,1,0,0,0,0,1,structuring
P00081947,C0172,超艺传媒有限公司,Shanghai Mfg,CN,103452.56,19265.87,CNY,2026-03-19 01:46:00.000000,2026-03-19,0,0,1,0,0,0,0,1,structuring
P00108110,C0172,超艺传媒有限公司,Shanghai Mfg,CN,103823.17,19527.37,CNY,2026-09-10 02:12:00.000000,2026-09-10,0,0,1,0,0,0,0,1,structuring
P00072940,C0172,超艺传媒有限公司,Shanghai Mfg,CN,103912.76,19425.97,CNY,2026-01-14 00:44:00.000000,2026-01-14,0,0,1,0,0,0,0,1,structuring
P00095907,C0172,超艺传媒有限公司,Shanghai Mfg,CN,104736.07,19482.69,CNY,2026-06-23 02:07:00.000000,2026-06-23,0,0,1,0,0,0,0,1,structuring
P00087625,C0172,超艺传媒有限公司,SG Operations,CN,104928.09,19587.56,CNY,2026-04-28 01:22:00.000000,2026-04-28,0,0,1,0,0,0,0,1,structuring
P00061819,C0172,超艺传媒有限公司,Shanghai Mfg,CN,106689.64,19894.63,CNY,2025-10-28 01:49:00.000000,2025-10-28,0,0,1,0,0,0,0,1,structuring
P00084293,C0172,超艺传媒有限公司,US Inc,CN,107245.35,19863.66,CNY,2026-04-02 14:44:00.000000,2026-04-02,0,0,1,0,0,0,0,1,structuring
P00082883,C0172,超艺传媒有限公司,SG Operations,CN,109687.12,20456.65,CNY,2026-03-26 01:22:00.000000,2026-03-26,0,0,0,0,0,1,0,1,burst
P00082922,C0172,超艺传媒有限公司,Shenzhen Sourcing,CN,151408.98,28161.77,CNY,2026-03-26 02:00:00.000000,2026-03-26,0,0,0,0,0,1,0,1,burst
P00037529,C0172,超艺传媒有限公司,UK Ltd,CN,267338.45,49757.3,CNY,2025-05-08 00:10:00.000000,2025-05-08,0,0,0,0,0,0,1,1,off-hours
P00027909,C0172,超艺传媒有限公司,Shenzhen Sourcing,CN,284817.95,53020.0,CNY,2025-02-25 18:59:00.000000,2025-02-25,0,0,0,0,0,0,1,1,off-hours
P00065690,C0172,超艺传媒有限公司,Shenzhen Sourcing,CN,350461.86,65280.88,CNY,2025-11-24 18:38:00.000000,2025-11-24,0,0,0,0,0,0,1,1,off-hours
P00082955,C0172,超艺传媒有限公司,Shenzhen Sourcing,CN,400709.49,74531.16,CNY,2026-03-26 02:37:00.000000,2026-03-26,0,0,0,0,0,1,0,1,burst
P00042837,C0172,超艺传媒有限公司,SG Operations,CN,466749.63,87488.95,CNY,2025-06-17 02:32:00.000000,2025-06-17,0,0,0,0,1,0,0,1,duplicate
P00042839,C0172,超艺传媒有限公司,SG Operations,CN,466749.63,87488.95,CNY,2025-06-17 02:34:00.000000,2025-06-17,0,0,0,0,1,0,0,1,duplicate
P00031458,C0172,超艺传媒有限公司,Group Treasury HQ,CN,509216.8,94883.89,CNY,2025-03-25 04:05:00.000000,2025-03-25,0,0,0,0,1,0,0,1,duplicate
P00031462,C0172,超艺传媒有限公司,Group Treasury HQ,CN,509216.8,94883.89,CNY,2025-03-25 04:32:00.000000,2025-03-25,0,0,0,0,1,0,0,1,duplicate
P00083166,C0172,超艺传媒有限公司,US West Distribution,CN,532280.66,99003.14,CNY,2026-03-26 14:35:00.000000,2026-03-26,0,0,0,0,0,1,0,1,burst
P00082900,C0172,超艺传媒有限公司,Shenzhen Sourcing,CN,1719013.41,320596.0,CNY,2026-03-26 01:36:00.000000,2026-03-26,0,0,0,0,0,1,0,1,burst
P00025776,C0172,超艺传媒有限公司,SG Operations,CN,4342210.44,802479.57,CNY,2025-02-10 17:42:00.000000,2025-02-10,0,0,0,0,0,0,1,1,off-hours
P00094857,C0173,Wilson-Cuevas,US Inc,US,42.57,56.89,USD,2026-06-16 03:46:00.000000,2026-06-16,0,0,0,0,0,0,1,1,off-hours
P00075281,C0173,Wilson-Cuevas,US Inc,US,46.78,62.26,USD,2026-01-30 03:36:00.000000,2026-01-30,0,0,0,0,0,0,1,1,off-hours
P00067432,C0173,Wilson-Cuevas,US Inc,US,75.31,98.97,USD,2025-12-05 10:48:00.000000,2025-12-05,0,0,0,0,0,0,1,1,off-hours
P00034035,C0173,Wilson-Cuevas,US Inc,US,138.77,185.32,USD,2025-04-11 08:55:00.000000,2025-04-11,0,0,0,0,0,0,1,1,off-hours
P00049942,C0173,Wilson-Cuevas,US Inc,US,204.22,273.26,USD,2025-08-05 10:41:00.000000,2025-08-05,0,0,0,0,0,0,1,1,off-hours
P00095471,C0173,Wilson-Cuevas,US Inc,US,266.07,354.07,USD,2026-06-18 17:44:00.000000,2026-06-18,0,0,0,0,0,1,0,1,burst
P00107358,C0173,Wilson-Cuevas,Germany Sales Office,US,268.59,392.23,EUR,2026-09-04 02:38:00.000000,2026-09-04,0,0,0,0,0,0,1,1,off-hours
P00095472,C0173,Wilson-Cuevas,US Inc,US,380.24,506.0,USD,2026-06-18 17:48:00.000000,2026-06-18,0,0,0,0,0,1,0,1,burst
P00095469,C0173,Wilson-Cuevas,US Inc,US,1092.88,1454.32,USD,2026-06-18 16:41:00.000000,2026-06-18,0,0,0,0,0,1,0,1,burst
P00082077,C0173,Wilson-Cuevas,Netherlands BV,US,2772.42,3643.18,USD,2026-03-19 09:01:00.000000,2026-03-19,0,0,0,0,1,0,0,1,duplicate
P00082101,C0173,Wilson-Cuevas,Netherlands BV,US,2772.42,3647.83,USD,2026-03-19 09:30:00.000000,2026-03-19,0,0,0,0,1,0,0,1,duplicate
P00068143,C0173,Wilson-Cuevas,US Inc,US,2978.04,3868.59,USD,2025-12-11 06:35:00.000000,2025-12-11,0,0,0,0,0,0,1,1,off-hours
P00068106,C0173,Wilson-Cuevas,Germany Sales Office,US,3381.81,4408.76,USD,2025-12-11 02:46:00.000000,2025-12-11,0,0,0,0,0,0,1,1,off-hours
P00095451,C0173,Wilson-Cuevas,US Inc,US,4014.21,5352.46,USD,2026-06-18 14:30:00.000000,2026-06-18,0,0,0,0,0,1,0,1,burst
P00074759,C0173,Wilson-Cuevas,US Inc,US,4257.52,5635.97,USD,2026-01-27 07:44:00.000000,2026-01-27,0,0,0,0,0,0,1,1,off-hours
P00098568,C0173,Wilson-Cuevas,Netherlands BV,US,6054.98,8081.44,USD,2026-07-09 13:03:00.000000,2026-07-09,0,0,0,0,1,0,0,1,duplicate
P00098576,C0173,Wilson-Cuevas,Netherlands BV,US,6054.98,8081.44,USD,2026-07-09 13:16:00.000000,2026-07-09,0,0,0,0,1,0,0,1,duplicate
P00095445,C0173,Wilson-Cuevas,US Inc,US,7507.05,10009.73,USD,2026-06-18 14:09:00.000000,2026-06-18,0,0,0,0,0,1,0,1,burst
P00015886,C0173,Wilson-Cuevas,US West Distribution,US,11058.73,14983.13,USD,2024-11-26 15:00:00.000000,2024-11-26,0,0,0,0,1,0,0,1,duplicate
P00015899,C0173,Wilson-Cuevas,US West Distribution,US,11058.73,14983.13,USD,2024-11-26 15:24:00.000000,2024-11-26,0,0,0,0,1,0,0,1,duplicate
P00095438,C0173,Wilson-Cuevas,US West Distribution,US,11399.14,15234.43,USD,2026-06-18 13:53:00.000000,2026-06-18,0,0,0,0,0,1,0,1,burst
P00108326,C0173,Wilson-Cuevas,Germany Sales Office,US,12798.3,18789.77,EUR,2026-09-10 13:19:00.000000,2026-09-10,0,0,1,0,0,0,0,1,structuring
P00045775,C0173,Wilson-Cuevas,US Inc,US,13610.28,18015.17,USD,2025-07-07 21:11:00.000000,2025-07-07,0,0,1,0,0,0,0,1,structuring
P00027297,C0173,Wilson-Cuevas,UK Ltd,US,13739.85,19121.1,USD,2025-02-20 12:49:00.000000,2025-02-20,0,0,1,0,1,0,0,2,"structuring, duplicate"
P00027300,C0173,Wilson-Cuevas,UK Ltd,US,13739.85,19121.1,USD,2025-02-20 13:18:00.000000,2025-02-20,0,0,1,0,1,0,0,2,"structuring, duplicate"
P00110540,C0173,Wilson-Cuevas,US Inc,US,13772.1,18770.5,USD,2026-09-24 13:15:00.000000,2026-09-24,0,0,1,0,0,0,0,1,structuring
P00074297,C0173,Wilson-Cuevas,US Inc,US,13871.29,18387.85,USD,2026-01-22 15:10:00.000000,2026-01-22,0,0,1,0,0,0,0,1,structuring
P00033919,C0173,Wilson-Cuevas,US Inc,US,13887.88,18514.14,USD,2025-04-10 13:42:00.000000,2025-04-10,0,0,1,0,0,0,0,1,structuring
P00044380,C0173,Wilson-Cuevas,US West Distribution,US,13986.15,18552.71,USD,2025-06-26 14:40:00.000000,2025-06-26,0,0,1,0,0,0,0,1,structuring
P00034913,C0173,Wilson-Cuevas,US West Distribution,US,14016.96,18731.16,USD,2025-04-17 14:28:00.000000,2025-04-17,0,0,1,0,0,0,0,1,structuring
P00041985,C0173,Wilson-Cuevas,US West Distribution,US,14329.45,18908.77,USD,2025-06-10 14:11:00.000000,2025-06-10,0,0,1,0,0,0,0,1,structuring
P00041424,C0173,Wilson-Cuevas,US Inc,US,14414.05,18885.25,USD,2025-06-05 13:26:00.000000,2025-06-05,0,0,1,0,0,0,0,1,structuring
P00011584,C0173,Wilson-Cuevas,US West Distribution,US,14419.94,19537.14,USD,2024-10-24 13:45:00.000000,2024-10-24,0,0,1,0,0,0,0,1,structuring
P00085168,C0173,Wilson-Cuevas,US West Distribution,US,14592.6,19267.19,USD,2026-04-09 13:13:00.000000,2026-04-09,0,0,1,0,0,0,0,1,structuring
P00080118,C0173,Wilson-Cuevas,US Inc,US,15037.68,19712.4,USD,2026-03-05 14:36:00.000000,2026-03-05,0,0,1,0,0,0,0,1,structuring
P00045465,C0173,Wilson-Cuevas,SG Operations,US,18475.06,18475.06,SGD,2025-07-04 06:57:00.000000,2025-07-04,0,0,1,0,0,0,0,1,structuring
P00045510,C0173,Wilson-Cuevas,SG Operations,US,19522.19,19522.19,SGD,2025-07-05 04:49:00.000000,2025-07-05,0,0,1,0,0,0,0,1,structuring
P00045123,C0173,Wilson-Cuevas,SG Operations,US,19640.46,19640.46,SGD,2025-07-03 01:01:00.000000,2025-07-03,0,0,1,0,0,0,0,1,structuring
P00030910,C0173,Wilson-Cuevas,SG Operations,US,20000.0,20000.0,SGD,2025-03-20 08:02:00.000000,2025-03-20,0,1,0,0,0,0,0,1,round amount
P00049273,C0173,Wilson-Cuevas,India Services,US,25000.0,403.65,INR,2025-07-31 06:41:00.000000,2025-07-31,0,1,0,0,0,0,0,1,round amount
P00058436,C0173,Wilson-Cuevas,US Inc,US,25631.4,34673.49,USD,2025-10-02 15:50:00.000000,2025-10-02,0,0,0,0,1,0,0,1,duplicate
P00058437,C0173,Wilson-Cuevas,US Inc,US,25631.4,34673.49,USD,2025-10-02 15:55:00.000000,2025-10-02,0,0,0,0,1,0,0,1,duplicate
P00095422,C0173,Wilson-Cuevas,US Inc,US,28565.45,38088.51,USD,2026-06-18 13:23:00.000000,2026-06-18,0,0,0,0,0,1,0,1,burst
P00095426,C0173,Wilson-Cuevas,US Inc,US,40194.56,53594.5,USD,2026-06-18 13:29:00.000000,2026-06-18,0,0,0,0,0,1,0,1,burst
P00064832,C0173,Wilson-Cuevas,US Inc,US,46143.91,60764.52,USD,2025-11-18 08:48:00.000000,2025-11-18,0,0,0,0,0,0,1,1,off-hours
P00017018,C0173,Wilson-Cuevas,Netherlands BV,US,50000.0,70002.05,EUR,2024-12-05 08:59:00.000000,2024-12-05,0,1,0,0,0,0,0,1,round amount
P00087795,C0173,Wilson-Cuevas,Germany Sales Office,US,50000.0,73002.45,EUR,2026-04-28 10:27:00.000000,2026-04-28,0,1,0,0,0,0,0,1,round amount
P00100444,C0173,Wilson-Cuevas,SG Operations,US,50000.0,50000.0,SGD,2026-07-23 00:38:00.000000,2026-07-23,0,1,0,0,0,0,0,1,round amount
P00095459,C0173,Wilson-Cuevas,US West Distribution,US,62650.68,83536.98,USD,2026-06-18 14:46:00.000000,2026-06-18,0,0,0,0,0,1,0,1,burst
P00045953,C0173,Wilson-Cuevas,US West Distribution,US,84004.11,111063.35,USD,2025-07-08 16:51:00.000000,2025-07-08,0,0,0,0,1,0,0,1,duplicate
P00045956,C0173,Wilson-Cuevas,US West Distribution,US,84004.11,111090.56,USD,2025-07-08 17:09:00.000000,2025-07-08,0,0,0,0,1,0,0,1,duplicate
P00095350,C0173,Wilson-Cuevas,Germany Sales Office,US,134445.76,179680.57,USD,2026-06-18 08:32:00.000000,2026-06-18,0,0,0,0,0,1,0,1,burst
P00025878,C0174,"Phillips, Bishop and Blair",Germany GmbH,US,10000.0,14439.9,EUR,2025-02-11 07:56:00.000000,2025-02-11,0,1,0,0,0,0,0,1,round amount
P00044262,C0174,"Phillips, Bishop and Blair",Germany GmbH,US,10000.0,14597.18,EUR,2025-06-26 07:54:00.000000,2025-06-26,0,1,0,0,0,0,0,1,round amount
P00087798,C0174,"Phillips, Bishop and Blair",UK Ltd,US,10000.0,17567.16,GBP,2026-04-28 10:42:00.000000,2026-04-28,0,1,0,0,0,0,0,1,round amount
P00033104,C0174,"Phillips, Bishop and Blair",Netherlands BV,US,13151.63,19059.18,EUR,2025-04-05 06:14:00.000000,2025-04-05,0,0,1,0,0,0,0,1,structuring
P00032918,C0174,"Phillips, Bishop and Blair",Netherlands BV,US,13247.2,19189.44,EUR,2025-04-03 08:57:00.000000,2025-04-03,0,0,1,0,0,0,0,1,structuring
P00033106,C0174,"Phillips, Bishop and Blair",Netherlands BV,US,13445.26,19484.71,EUR,2025-04-05 14:37:00.000000,2025-04-05,0,0,1,0,0,0,0,1,structuring
P00019109,C0174,"Phillips, Bishop and Blair",US West Distribution,US,13578.19,18543.64,USD,2024-12-21 18:51:00.000000,2024-12-21,0,0,1,0,0,0,0,1,structuring
P00018996,C0174,"Phillips, Bishop and Blair",US West Distribution,US,14014.48,19093.38,USD,2024-12-19 16:46:00.000000,2024-12-19,0,0,1,0,0,0,0,1,structuring
P00013990,C0174,"Phillips, Bishop and Blair",US West Distribution,US,14095.2,19071.0,USD,2024-11-12 13:41:00.000000,2024-11-12,0,0,1,0,0,0,0,1,structuring
P00019107,C0174,"Phillips, Bishop and Blair",US West Distribution,US,14451.1,19735.77,USD,2024-12-21 17:52:00.000000,2024-12-21,0,0,1,0,0,0,0,1,structuring
P00032837,C0174,"Phillips, Bishop and Blair",US West Distribution,US,60900.79,81285.44,USD,2025-04-03 05:41:00.000000,2025-04-03,0,0,0,0,0,0,1,1,off-hours
P00073208,C0174,"Phillips, Bishop and Blair",Shenzhen Sourcing,US,96993.38,18117.88,CNY,2026-01-15 05:49:00.000000,2026-01-15,0,0,1,0,0,0,0,1,structuring
P00073528,C0174,"Phillips, Bishop and Blair",Shenzhen Sourcing,US,103442.92,19340.83,CNY,2026-01-17 08:29:00.000000,2026-01-17,0,0,1,0,0,0,0,1,structuring
P00073526,C0174,"Phillips, Bishop and Blair",Shenzhen Sourcing,US,104953.9,19623.34,CNY,2026-01-17 01:53:00.000000,2026-01-17,0,0,1,0,0,0,0,1,structuring
P00017265,C0175,飞利信科技有限公司,SG Operations,CN,49.02,49.02,SGD,2024-12-08 21:42:00.000000,2024-12-08,0,0,0,0,0,0,1,1,off-hours
P00069406,C0175,飞利信科技有限公司,SG Operations,CN,82.77,82.77,SGD,2025-12-18 22:06:00.000000,2025-12-18,0,0,0,0,0,1,0,1,burst
P00057899,C0175,飞利信科技有限公司,SG Operations,CN,111.93,111.93,SGD,2025-09-30 02:55:00.000000,2025-09-30,0,0,0,0,0,1,0,1,burst
P00069184,C0175,飞利信科技有限公司,SG Operations,CN,130.29,130.29,SGD,2025-12-18 04:15:00.000000,2025-12-18,0,0,0,0,0,1,0,1,burst
P00069198,C0175,飞利信科技有限公司,Shanghai Mfg,CN,244.26,45.69,CNY,2025-12-18 05:42:00.000000,2025-12-18,0,0,0,0,0,1,0,1,burst
P00083033,C0175,飞利信科技有限公司,Shanghai Mfg,CN,288.96,53.65,CNY,2026-03-26 08:48:00.000000,2026-03-26,0,0,0,0,0,1,0,1,burst
P00056399,C0175,飞利信科技有限公司,US Inc,CN,369.29,499.17,USD,2025-09-18 21:51:00.000000,2025-09-18,0,0,0,0,0,1,0,1,burst
P00083104,C0175,飞利信科技有限公司,Shanghai Mfg,CN,445.0,82.62,CNY,2026-03-26 11:58:00.000000,2026-03-26,0,0,0,0,0,1,0,1,burst
P00097191,C0175,飞利信科技有限公司,Shanghai Mfg,CN,567.2,105.01,CNY,2026-06-30 14:14:00.000000,2026-06-30,0,0,0,0,0,0,1,1,off-hours
P00039347,C0175,飞利信科技有限公司,Shanghai Mfg,CN,575.95,107.74,CNY,2025-05-22 01:34:00.000000,2025-05-22,0,0,0,0,0,1,0,1,burst
P00056141,C0175,飞利信科技有限公司,Shanghai Mfg,CN,673.72,125.66,CNY,2025-09-18 00:44:00.000000,2025-09-18,0,0,0,0,0,1,0,1,burst
P00111142,C0175,飞利信科技有限公司,Shanghai Mfg,CN,743.21,138.63,CNY,2026-09-29 05:28:00.000000,2026-09-29,0,0,0,0,0,1,0,1,burst
P00039425,C0175,飞利信科技有限公司,Shanghai Mfg,CN,1040.87,194.72,CNY,2025-05-22 05:55:00.000000,2025-05-22,0,0,0,0,0,1,0,1,burst
P00089109,C0175,飞利信科技有限公司,Shanghai Mfg,CN,1132.31,212.19,CNY,2026-05-07 07:00:00.000000,2026-05-07,0,0,0,0,0,1,0,1,burst
P00111144,C0175,飞利信科技有限公司,Shanghai Mfg,CN,1169.57,218.16,CNY,2026-09-29 05:33:00.000000,2026-09-29,0,0,0,0,0,1,0,1,burst
P00056187,C0175,飞利信科技有限公司,Shanghai Mfg,CN,1207.31,225.19,CNY,2025-09-18 02:13:00.000000,2025-09-18,0,0,0,0,0,1,0,1,burst
P00057781,C0175,飞利信科技有限公司,Shenzhen Sourcing,CN,1299.19,242.07,CNY,2025-09-30 00:58:00.000000,2025-09-30,0,0,0,0,0,1,0,1,burst
P00111173,C0175,飞利信科技有限公司,Shanghai Mfg,CN,1339.48,249.86,CNY,2026-09-29 07:26:00.000000,2026-09-29,0,0,0,0,0,1,0,1,burst
P00069178,C0175,飞利信科技有限公司,Shanghai Mfg,CN,1573.67,294.36,CNY,2025-12-18 03:02:00.000000,2025-12-18,0,0,0,0,0,1,0,1,burst
P00039414,C0175,飞利信科技有限公司,Shanghai Mfg,CN,1651.56,308.96,CNY,2025-05-22 04:35:00.000000,2025-05-22,0,0,0,0,0,1,0,1,burst
P00057864,C0175,飞利信科技有限公司,Shenzhen Sourcing,CN,1701.09,316.96,CNY,2025-09-30 02:13:00.000000,2025-09-30,0,0,0,0,0,1,0,1,burst
P00111156,C0175,飞利信科技有限公司,Shanghai Mfg,CN,1755.71,327.5,CNY,2026-09-29 05:59:00.000000,2026-09-29,0,0,0,0,0,1,0,1,burst
P00058011,C0175,飞利信科技有限公司,Shanghai Mfg,CN,1941.82,361.81,CNY,2025-09-30 08:42:00.000000,2025-09-30,0,0,0,0,0,1,0,1,burst
P00037414,C0175,飞利信科技有限公司,Shanghai Mfg,CN,1996.99,372.59,CNY,2025-05-06 21:34:00.000000,2025-05-06,0,0,0,0,0,0,1,1,off-hours
P00039536,C0175,飞利信科技有限公司,Shanghai Mfg,CN,2353.8,440.98,CNY,2025-05-22 10:04:00.000000,2025-05-22,0,0,0,0,0,1,0,1,burst
P00088997,C0175,飞利信科技有限公司,Shanghai Mfg,CN,2943.5,551.23,CNY,2026-05-07 01:23:00.000000,2026-05-07,0,0,0,0,0,1,0,1,burst
P00089201,C0175,飞利信科技有限公司,Shanghai Mfg,CN,3476.72,650.46,CNY,2026-05-07 11:54:00.000000,2026-05-07,0,0,0,0,0,1,0,1,burst
P00056841,C0175,飞利信科技有限公司,Shanghai Mfg,CN,3667.04,683.73,CNY,2025-09-23 06:57:00.000000,2025-09-23,0,0,0,0,1,0,0,1,duplicate
P00056843,C0175,飞利信科技有限公司,Shanghai Mfg,CN,3667.04,684.02,CNY,2025-09-23 07:11:00.000000,2025-09-23,0,0,0,0,1,0,0,1,duplicate
P00056248,C0175,飞利信科技有限公司,Shanghai Mfg,CN,6073.26,1132.78,CNY,2025-09-18 06:45:00.000000,2025-09-18,0,0,0,0,0,1,0,1,burst
P00069143,C0175,飞利信科技有限公司,Group Treasury HQ,CN,10949.18,2043.2,CNY,2025-12-18 02:05:00.000000,2025-12-18,0,0,0,0,0,1,0,1,burst
P00069159,C0175,飞利信科技有限公司,Shanghai Mfg,CN,14396.83,2686.56,CNY,2025-12-18 02:35:00.000000,2025-12-18,0,0,0,0,0,1,0,1,burst
P00057888,C0175,飞利信科技有限公司,Shanghai Mfg,CN,17676.65,3285.79,CNY,2025-09-30 02:38:00.000000,2025-09-30,0,0,0,0,0,1,0,1,burst
P00025235,C0175,飞利信科技有限公司,SG Operations,CN,18437.7,18437.7,SGD,2025-02-06 04:22:00.000000,2025-02-06,0,0,1,0,0,0,0,1,structuring
P00025541,C0175,飞利信科技有限公司,SG Operations,CN,18506.7,18506.7,SGD,2025-02-08 02:35:00.000000,2025-02-08,0,0,1,0,0,0,0,1,structuring
P00025447,C0175,飞利信科技有限公司,SG Operations,CN,19538.43,19538.43,SGD,2025-02-07 02:16:00.000000,2025-02-07,0,0,1,0,0,0,0,1,structuring
P00041462,C0175,飞利信科技有限公司,UK Ltd,CN,25000.0,43898.25,GBP,2025-06-05 15:23:00.000000,2025-06-05,0,1,0,0,0,0,0,1,round amount
P00025265,C0175,飞利信科技有限公司,Shanghai Mfg,CN,27392.13,5066.01,CNY,2025-02-06 07:57:00.000000,2025-02-06,0,0,0,0,1,0,0,1,duplicate
P00025272,C0175,飞利信科技有限公司,Shanghai Mfg,CN,27392.13,5066.01,CNY,2025-02-06 08:08:00.000000,2025-02-06,0,0,0,0,1,0,0,1,duplicate
P00088996,C0175,飞利信科技有限公司,Shanghai Mfg,CN,27657.54,5179.4,CNY,2026-05-07 01:23:00.000000,2026-05-07,0,0,0,0,0,1,0,1,burst
P00057825,C0175,飞利信科技有限公司,Shanghai Mfg,CN,28454.49,5289.21,CNY,2025-09-30 01:36:00.000000,2025-09-30,0,0,0,0,0,1,0,1,burst
P00023424,C0175,飞利信科技有限公司,Shenzhen Sourcing,CN,29836.97,5489.02,CNY,2025-01-23 01:39:00.000000,2025-01-23,0,0,0,0,0,1,0,1,burst
P00070637,C0175,飞利信科技有限公司,Shanghai Mfg,CN,30133.5,5653.89,CNY,2025-12-29 17:06:00.000000,2025-12-29,0,0,0,0,0,0,1,1,off-hours
P00069126,C0175,飞利信科技有限公司,SG Operations,CN,31722.88,5919.74,CNY,2025-12-18 01:46:00.000000,2025-12-18,0,0,0,0,0,1,0,1,burst
P00057885,C0175,飞利信科技有限公司,Shanghai Mfg,CN,32760.51,6089.62,CNY,2025-09-30 02:35:00.000000,2025-09-30,0,0,0,0,0,1,0,1,burst
P00039358,C0175,飞利信科技有限公司,Shanghai Mfg,CN,34445.76,6432.54,CNY,2025-05-22 02:00:00.000000,2025-05-22,0,0,0,0,0,1,0,1,burst
P00056159,C0175,飞利信科技有限公司,Shenzhen Sourcing,CN,35442.65,6620.01,CNY,2025-09-18 01:24:00.000000,2025-09-18,0,0,0,0,0,1,0,1,burst
P00023417,C0175,飞利信科技有限公司,Shanghai Mfg,CN,37191.73,6842.05,CNY,2025-01-23 01:33:00.000000,2025-01-23,0,0,0,0,0,1,0,1,burst
P00082957,C0175,飞利信科技有限公司,Shanghai Mfg,CN,39743.51,7412.16,CNY,2026-03-26 02:39:00.000000,2026-03-26,0,0,0,0,0,1,0,1,burst
P00089001,C0175,飞利信科技有限公司,Shanghai Mfg,CN,42273.5,7916.52,CNY,2026-05-07 01:30:00.000000,2026-05-07,0,0,0,0,0,1,0,1,burst
P00057880,C0175,飞利信科技有限公司,Shanghai Mfg,CN,45380.79,8435.52,CNY,2025-09-30 02:29:00.000000,2025-09-30,0,0,0,0,0,1,0,1,burst
P00111029,C0175,飞利信科技有限公司,Shanghai Mfg,CN,46613.65,8695.03,CNY,2026-09-29 01:39:00.000000,2026-09-29,0,0,0,0,0,1,0,1,burst
P00082936,C0175,飞利信科技有限公司,Shanghai Mfg,CN,48079.17,8966.77,CNY,2026-03-26 02:17:00.000000,2026-03-26,0,0,0,0,0,1,0,1,burst
P00057891,C0175,飞利信科技有限公司,Shanghai Mfg,CN,50491.08,9385.43,CNY,2025-09-30 02:42:00.000000,2025-09-30,0,0,0,0,0,1,0,1,burst
P00056212,C0175,飞利信科技有限公司,Shanghai Mfg,CN,50922.63,9511.38,CNY,2025-09-18 02:52:00.000000,2025-09-18,0,0,0,0,0,1,0,1,burst
P00039390,C0175,飞利信科技有限公司,Shanghai Mfg,CN,54333.51,10154.39,CNY,2025-05-22 02:43:00.000000,2025-05-22,0,0,0,0,0,1,0,1,burst
P00082964,C0175,飞利信科技有限公司,Shanghai Mfg,CN,55210.12,10296.69,CNY,2026-03-26 02:46:00.000000,2026-03-26,0,0,0,0,0,1,0,1,burst
P00089076,C0175,飞利信科技有限公司,Shenzhen Sourcing,CN,57083.43,10689.96,CNY,2026-05-07 02:47:00.000000,2026-05-07,0,0,0,0,0,1,0,1,burst
P00056158,C0175,飞利信科技有限公司,Shanghai Mfg,CN,58069.49,10846.28,CNY,2025-09-18 01:24:00.000000,2025-09-18,0,0,0,0,0,1,0,1,burst
P00023478,C0175,飞利信科技有限公司,Shanghai Mfg,CN,63622.53,11704.45,CNY,2025-01-23 02:26:00.000000,2025-01-23,0,0,0,0,0,1,0,1,burst
P00039382,C0175,飞利信科技有限公司,Shanghai Mfg,CN,64139.86,11987.1,CNY,2025-05-22 02:29:00.000000,2025-05-22,0,0,0,0,0,1,0,1,burst
P00089100,C0175,飞利信科技有限公司,India Services,CN,71930.19,13470.29,CNY,2026-05-07 05:17:00.000000,2026-05-07,0,0,0,0,0,1,0,1,burst
P00057820,C0175,飞利信科技有限公司,Shanghai Mfg,CN,76049.01,14136.22,CNY,2025-09-30 01:31:00.000000,2025-09-30,0,0,0,0,0,1,0,1,burst
P00034808,C0175,飞利信科技有限公司,US Inc,CN,76053.75,14116.79,CNY,2025-04-17 07:45:00.000000,2025-04-17,0,0,0,0,0,0,1,1,off-hours
P00023477,C0175,飞利信科技有限公司,Shanghai Mfg,CN,80765.12,14858.12,CNY,2025-01-23 02:26:00.000000,2025-01-23,0,0,0,0,0,1,0,1,burst
P00111180,C0175,飞利信科技有限公司,Shanghai Mfg,CN,81530.7,15195.2,CNY,2026-09-29 07:49:00.000000,2026-09-29,0,0,0,0,1,1,0,2,"duplicate, burst"
P00111182,C0175,飞利信科技有限公司,Shanghai Mfg,CN,81530.7,15195.2,CNY,2026-09-29 07:52:00.000000,2026-09-29,0,0,0,0,1,1,0,2,"duplicate, burst"
P00023501,C0175,飞利信科技有限公司,Shenzhen Sourcing,CN,85876.53,15798.45,CNY,2025-01-23 02:44:00.000000,2025-01-23,0,0,0,0,0,1,0,1,burst
P00031732,C0175,飞利信科技有限公司,Netherlands BV,CN,88253.98,16439.51,CNY,2025-03-27 00:46:00.000000,2025-03-27,0,0,0,0,0,0,1,1,off-hours
P00069122,C0175,飞利信科技有限公司,Shanghai Mfg,CN,88881.39,16591.76,CNY,2025-12-18 01:42:00.000000,2025-12-18,0,0,0,0,0,1,0,1,burst
P00082982,C0175,飞利信科技有限公司,Shanghai Mfg,CN,90196.88,16821.72,CNY,2026-03-26 04:37:00.000000,2026-03-26,0,0,0,0,1,1,0,2,"duplicate, burst"
P00082984,C0175,飞利信科技有限公司,Shanghai Mfg,CN,90196.88,16821.72,CNY,2026-03-26 04:55:00.000000,2026-03-26,0,0,0,0,1,1,0,2,"duplicate, burst"
P00023507,C0175,飞利信科技有限公司,Shanghai Mfg,CN,93935.72,17281.07,CNY,2025-01-23 02:48:00.000000,2025-01-23,0,0,0,0,0,1,0,1,burst
P00109913,C0175,飞利信科技有限公司,Shanghai Mfg,CN,95333.24,17865.64,CNY,2026-09-21 17:48:00.000000,2026-09-21,0,0,0,0,0,0,1,1,off-hours
P00109206,C0175,飞利信科技有限公司,Shanghai Mfg,CN,97044.67,18136.39,CNY,2026-09-17 01:31:00.000000,2026-09-17,0,0,1,0,0,0,0,1,structuring
P00035645,C0175,飞利信科技有限公司,Shanghai Mfg,CN,97157.89,18128.2,CNY,2025-04-24 02:49:00.000000,2025-04-24,0,0,1,0,0,0,0,1,structuring
P00056160,C0175,飞利信科技有限公司,SG Operations,CN,97780.74,18248.82,CNY,2025-09-18 01:26:00.000000,2025-09-18,0,0,1,0,0,1,0,2,"structuring, burst"
P00009643,C0175,飞利信科技有限公司,Shanghai Mfg,CN,98301.96,18166.5,CNY,2024-10-10 01:45:00.000000,2024-10-10,0,0,1,0,0,0,0,1,structuring
P00098648,C0175,飞利信科技有限公司,Shanghai Mfg,CN,98662.03,18318.28,CNY,2026-07-10 01:28:00.000000,2026-07-10,0,0,1,0,0,0,0,1,structuring
P00089133,C0175,飞利信科技有限公司,Germany GmbH,CN,99190.52,18588.11,CNY,2026-05-07 07:52:00.000000,2026-05-07,0,0,1,0,0,1,0,2,"structuring, burst"
P00016888,C0175,飞利信科技有限公司,Shanghai Mfg,CN,99397.54,18390.14,CNY,2024-12-05 01:08:00.000000,2024-12-05,0,0,1,0,0,0,0,1,structuring
P00069151,C0175,飞利信科技有限公司,Shanghai Mfg,CN,99914.97,18651.43,CNY,2025-12-18 02:27:00.000000,2025-12-18,0,0,1,0,0,1,0,2,"structuring, burst"
P00021210,C0175,飞利信科技有限公司,Shanghai Mfg,CN,99996.54,18303.57,CNY,2025-01-07 01:21:00.000000,2025-01-07,0,0,1,0,0,0,0,1,structuring
P00101557,C0175,飞利信科技有限公司,Shenzhen Sourcing,CN,101630.13,19030.24,CNY,2026-07-30 01:07:00.000000,2026-07-30,0,0,1,0,0,0,0,1,structuring
P00102691,C0175,飞利信科技有限公司,Group Treasury HQ,CN,103134.88,19311.59,CNY,2026-08-06 01:58:00.000000,2026-08-06,0,0,1,0,0,0,0,1,structuring
P00018203,C0175,飞利信科技有限公司,SG Operations,CN,103819.76,19004.21,CNY,2024-12-14 05:12:00.000000,2024-12-14,0,0,1,0,0,0,0,1,structuring
P00109202,C0175,飞利信科技有限公司,Shanghai Mfg,CN,104197.94,19473.24,CNY,2026-09-17 01:20:00.000000,2026-09-17,0,0,1,0,0,0,0,1,structuring
P00031401,C0175,飞利信科技有限公司,Shanghai Mfg,CN,104422.4,19457.34,CNY,2025-03-25 01:12:00.000000,2025-03-25,0,0,1,0,0,0,0,1,structuring
P00023392,C0175,飞利信科技有限公司,Shanghai Mfg,CN,104482.67,19221.36,CNY,2025-01-23 01:16:00.000000,2025-01-23,0,0,1,0,0,1,0,2,"structuring, burst"
P00108269,C0175,飞利信科技有限公司,Germany Sales Office,CN,104969.35,19694.35,CNY,2026-09-10 08:49:00.000000,2026-09-10,0,0,1,0,0,0,0,1,structuring
P00030987,C0175,飞利信科技有限公司,US Inc,CN,105021.54,19555.64,CNY,2025-03-20 13:04:00.000000,2025-03-20,0,0,1,0,0,0,0,1,structuring
P00012024,C0175,飞利信科技有限公司,Shanghai Mfg,CN,105037.67,19331.97,CNY,2024-10-29 01:31:00.000000,2024-10-29,0,0,1,0,0,0,0,1,structuring
P00057809,C0175,飞利信科技有限公司,Shanghai Mfg,CN,108524.87,20172.93,CNY,2025-09-30 01:22:00.000000,2025-09-30,0,0,0,0,0,1,0,1,burst
P00068800,C0175,飞利信科技有限公司,UK Ltd,CN,110889.21,20609.54,CNY,2025-12-16 04:50:00.000000,2025-12-16,0,0,0,0,0,0,1,1,off-hours
P00082945,C0175,飞利信科技有限公司,SG Operations,CN,115597.19,21558.88,CNY,2026-03-26 02:30:00.000000,2026-03-26,0,0,0,0,0,1,0,1,burst
P00057837,C0175,飞利信科技有限公司,Shanghai Mfg,CN,129457.43,24063.94,CNY,2025-09-30 01:44:00.000000,2025-09-30,0,0,0,0,0,1,0,1,burst
P00111070,C0175,飞利信科技有限公司,Shanghai Mfg,CN,134070.06,24987.17,CNY,2026-09-29 02:16:00.000000,2026-09-29,0,0,0,0,0,1,0,1,burst
P00023496,C0175,飞利信科技有限公司,SG Operations,CN,137979.83,25383.74,CNY,2025-01-23 02:40:00.000000,2025-01-23,0,0,0,0,0,1,0,1,burst
P00111069,C0175,飞利信科技有限公司,Shenzhen Sourcing,CN,145777.7,27192.5,CNY,2026-09-29 02:15:00.000000,2026-09-29,0,0,0,0,0,1,0,1,burst
P00069176,C0175,飞利信科技有限公司,Shanghai Mfg,CN,151604.81,28290.67,CNY,2025-12-18 02:56:00.000000,2025-12-18,0,0,0,0,0,1,0,1,burst
P00082942,C0175,飞利信科技有限公司,Shanghai Mfg,CN,156905.05,29262.79,CNY,2026-03-26 02:29:00.000000,2026-03-26,0,0,0,0,0,1,0,1,burst
P00076732,C0175,飞利信科技有限公司,SG Operations,CN,159398.05,29531.84,CNY,2026-02-10 07:48:00.000000,2026-02-10,0,0,0,0,1,0,0,1,duplicate
P00076735,C0175,飞利信科技有限公司,SG Operations,CN,159398.05,29531.84,CNY,2026-02-10 08:06:00.000000,2026-02-10,0,0,0,0,1,0,0,1,duplicate
P00023398,C0175,飞利信科技有限公司,Shanghai Mfg,CN,164353.41,30235.6,CNY,2025-01-23 01:22:00.000000,2025-01-23,0,0,0,0,0,1,0,1,burst
P00089014,C0175,飞利信科技有限公司,Shanghai Mfg,CN,174981.82,32768.67,CNY,2026-05-07 01:52:00.000000,2026-05-07,0,0,0,0,0,1,0,1,burst
P00082869,C0175,飞利信科技有限公司,Shanghai Mfg,CN,184428.99,34396.01,CNY,2026-03-26 01:02:00.000000,2026-03-26,0,0,0,0,0,1,0,1,burst
P00057987,C0175,飞利信科技有限公司,Group Treasury HQ,CN,184753.72,34401.14,CNY,2025-09-30 07:57:00.000000,2025-09-30,0,0,0,0,0,1,0,1,burst
P00111099,C0175,飞利信科技有限公司,Shanghai Mfg,CN,217206.82,40516.46,CNY,2026-09-29 02:45:00.000000,2026-09-29,0,0,0,0,0,1,0,1,burst
P00056214,C0175,飞利信科技有限公司,Shanghai Mfg,CN,218746.86,40824.73,CNY,2025-09-18 02:55:00.000000,2025-09-18,0,0,0,0,0,1,0,1,burst
P00023374,C0175,飞利信科技有限公司,Shanghai Mfg,CN,220064.22,40484.55,CNY,2025-01-23 01:05:00.000000,2025-01-23,0,0,0,0,0,1,0,1,burst
P00039340,C0175,飞利信科技有限公司,Shanghai Mfg,CN,309842.18,57861.17,CNY,2025-05-22 01:25:00.000000,2025-05-22,0,0,0,0,0,1,0,1,burst
P00039348,C0175,飞利信科技有限公司,Shanghai Mfg,CN,321768.42,60088.32,CNY,2025-05-22 01:35:00.000000,2025-05-22,0,0,0,0,0,1,0,1,burst
P00039335,C0175,飞利信科技有限公司,Shanghai Mfg,CN,325889.79,60857.96,CNY,2025-05-22 01:19:00.000000,2025-05-22,0,0,0,0,0,1,0,1,burst
P00057893,C0175,飞利信科技有限公司,Shanghai Mfg,CN,358395.87,66619.7,CNY,2025-09-30 02:46:00.000000,2025-09-30,0,0,0,0,0,1,0,1,burst
P00101537,C0175,飞利信科技有限公司,Shanghai Mfg,CN,377814.4,70745.75,CNY,2026-07-29 19:05:00.000000,2026-07-29,0,0,0,0,0,0,1,1,off-hours
P00057798,C0175,飞利信科技有限公司,Shanghai Mfg,CN,414744.07,77093.87,CNY,2025-09-30 01:15:00.000000,2025-09-30,0,0,0,0,0,1,0,1,burst
P00023455,C0175,飞利信科技有限公司,Shanghai Mfg,CN,434438.75,79922.39,CNY,2025-01-23 02:00:00.000000,2025-01-23,0,0,0,0,0,1,0,1,burst
P00111067,C0175,飞利信科技有限公司,Shanghai Mfg,CN,463795.25,86513.58,CNY,2026-09-29 02:13:00.000000,2026-09-29,0,0,0,0,0,1,0,1,burst
P00037769,C0175,飞利信科技有限公司,Shanghai Mfg,CN,571973.31,106715.35,CNY,2025-05-08 18:48:00.000000,2025-05-08,0,0,0,0,0,0,1,1,off-hours
P00082929,C0175,飞利信科技有限公司,Shanghai Mfg,CN,611371.92,114020.86,CNY,2026-03-26 02:08:00.000000,2026-03-26,0,0,0,0,0,1,0,1,burst
P00018827,C0175,飞利信科技有限公司,Shanghai Mfg,CN,804098.63,147486.97,CNY,2024-12-19 07:02:00.000000,2024-12-19,0,0,0,0,1,0,0,1,duplicate
P00018829,C0175,飞利信科技有限公司,Shanghai Mfg,CN,804098.63,147486.97,CNY,2024-12-19 07:31:00.000000,2024-12-19,0,0,0,0,1,0,0,1,duplicate
P00056166,C0175,飞利信科技有限公司,Shanghai Mfg,CN,1736393.75,324063.17,CNY,2025-09-18 01:39:00.000000,2025-09-18,0,0,0,0,0,1,0,1,burst
P00089067,C0175,飞利信科技有限公司,Shanghai Mfg,CN,2819584.97,528020.86,CNY,2026-05-07 02:40:00.000000,2026-05-07,0,0,0,0,0,1,0,1,burst
P00092480,C0178,"Ferguson, White and Butler",US West Distribution,XB,12.86,17.3,USD,2026-05-29 17:40:00.000000,2026-05-29,1,0,0,0,0,0,0,1,high-risk country
P00065413,C0178,"Ferguson, White and Butler",US West Distribution,XB,15.69,20.88,USD,2025-11-21 14:59:00.000000,2025-11-21,1,0,0,0,0,0,0,1,high-risk country
P00046688,C0178,"Ferguson, White and Butler",US West Distribution,XB,15.87,21.15,USD,2025-07-14 17:43:00.000000,2025-07-14,1,0,0,0,0,0,0,1,high-risk country
P00074872,C0178,"Ferguson, White and Butler",US West Distribution,XB,16.1,21.25,USD,2026-01-27 22:43:00.000000,2026-01-27,1,0,0,0,0,0,0,1,high-risk country
P00048125,C0178,"Ferguson, White and Butler",US West Distribution,XB,17.35,23.05,USD,2025-07-23 17:15:00.000000,2025-07-23,1,0,0,0,0,0,0,1,high-risk country
P00101524,C0178,"Ferguson, White and Butler",US West Distribution,XB,18.38,24.59,USD,2026-07-29 16:16:00.000000,2026-07-29,1,0,0,0,0,0,0,1,high-risk country
P00079886,C0178,"Ferguson, White and Butler",US West Distribution,XB,20.17,26.44,USD,2026-03-05 01:15:00.000000,2026-03-05,1,0,0,0,0,0,0,1,high-risk country
P00042493,C0178,"Ferguson, White and Butler",UK Ltd,XB,24.86,43.16,GBP,2025-06-13 13:06:00.000000,2025-06-13,1,0,0,0,0,0,0,1,high-risk country
P00025123,C0178,"Ferguson, White and Butler",US West Distribution,XB,25.61,35.59,USD,2025-02-05 16:05:00.000000,2025-02-05,1,0,0,0,0,0,0,1,high-risk country
P00054759,C0178,"Ferguson, White and Butler",US West Distribution,XB,26.53,36.29,USD,2025-09-08 15:25:00.000000,2025-09-08,1,0,0,0,0,0,0,1,high-risk country
P00045948,C0178,"Ferguson, White and Butler",UK Ltd,XB,28.86,48.48,GBP,2025-07-08 16:05:00.000000,2025-07-08,1,0,0,0,0,0,0,1,high-risk country
P00108043,C0178,"Ferguson, White and Butler",US West Distribution,XB,31.99,43.76,USD,2026-09-09 13:55:00.000000,2026-09-09,1,0,0,0,0,0,0,1,high-risk country
P00040376,C0178,"Ferguson, White and Butler",US West Distribution,XB,32.62,42.96,USD,2025-05-28 20:34:00.000000,2025-05-28,1,0,0,0,0,0,0,1,high-risk country
P00051020,C0178,"Ferguson, White and Butler",SG Operations,XB,32.71,32.71,SGD,2025-08-13 07:06:00.000000,2025-08-13,1,0,0,0,0,0,0,1,high-risk country
P00039019,C0178,"Ferguson, White and Butler",US West Distribution,XB,33.26,45.0,USD,2025-05-19 18:25:00.000000,2025-05-19,1,0,0,0,0,0,0,1,high-risk country
P00102977,C0178,"Ferguson, White and Butler",Netherlands BV,XB,34.28,49.07,EUR,2026-08-06 17:59:00.000000,2026-08-06,1,0,0,0,0,0,0,1,high-risk country
P00021368,C0178,"Ferguson, White and Butler",Netherlands BV,XB,34.73,48.58,EUR,2025-01-07 14:21:00.000000,2025-01-07,1,0,0,0,0,0,0,1,high-risk country
P00061369,C0178,"Ferguson, White and Butler",UK Ltd,XB,35.42,62.66,GBP,2025-10-23 15:11:00.000000,2025-10-23,1,0,0,0,0,0,0,1,high-risk country
P00048974,C0178,"Ferguson, White and Butler",Germany GmbH,XB,36.86,52.99,EUR,2025-07-29 12:12:00.000000,2025-07-29,1,0,0,0,0,0,0,1,high-risk country
P00108308,C0178,"Ferguson, White and Butler",UK Ltd,XB,37.77,65.75,GBP,2026-09-10 10:56:00.000000,2026-09-10,1,0,0,0,0,0,0,1,high-risk country
P00081813,C0178,"Ferguson, White and Butler",US West Distribution,XB,38.16,50.21,USD,2026-03-17 20:57:00.000000,2026-03-17,1,0,0,0,0,0,0,1,high-risk country
P00056728,C0178,"Ferguson, White and Butler",US Inc,XB,38.52,52.02,USD,2025-09-22 16:38:00.000000,2025-09-22,1,0,0,0,0,0,0,1,high-risk country
P00069405,C0178,"Ferguson, White and Butler",US West Distribution,XB,38.86,50.76,USD,2025-12-18 21:59:00.000000,2025-12-18,1,0,0,0,0,0,0,1,high-risk country
P00101865,C0178,"Ferguson, White and Butler",US West Distribution,XB,40.64,54.28,USD,2026-07-30 19:22:00.000000,2026-07-30,1,0,0,0,0,0,0,1,high-risk country
P00022099,C0178,"Ferguson, White and Butler",UK Ltd,XB,40.92,71.56,GBP,2025-01-13 10:45:00.000000,2025-01-13,1,0,0,0,0,0,0,1,high-risk country
P00068723,C0178,"Ferguson, White and Butler",US West Distribution,XB,43.59,56.78,USD,2025-12-15 18:06:00.000000,2025-12-15,1,0,0,0,0,0,0,1,high-risk country
P00064650,C0178,"Ferguson, White and Butler",Germany Sales Office,XB,44.17,62.59,EUR,2025-11-17 11:38:00.000000,2025-11-17,1,0,0,0,0,0,0,1,high-risk country
P00057448,C0178,"Ferguson, White and Butler",US Inc,XB,45.03,60.91,USD,2025-09-26 20:29:00.000000,2025-09-26,1,0,0,0,0,0,0,1,high-risk country
P00096044,C0178,"Ferguson, White and Butler",UK Ltd,XB,46.46,79.52,GBP,2026-06-23 16:39:00.000000,2026-06-23,1,0,0,0,0,0,0,1,high-risk country
P00024025,C0178,"Ferguson, White and Butler",US West Distribution,XB,50.1,68.86,USD,2025-01-27 18:53:00.000000,2025-01-27,1,0,0,0,0,0,0,1,high-risk country
P00021507,C0178,"Ferguson, White and Butler",Germany Sales Office,XB,50.21,70.88,EUR,2025-01-08 15:41:00.000000,2025-01-08,1,0,0,0,0,0,0,1,high-risk country
P00107677,C0178,"Ferguson, White and Butler",Netherlands BV,XB,50.39,73.62,EUR,2026-09-07 14:35:00.000000,2026-09-07,1,0,0,0,0,0,0,1,high-risk country
P00068398,C0178,"Ferguson, White and Butler",Netherlands BV,XB,51.4,72.96,EUR,2025-12-12 11:18:00.000000,2025-12-12,1,0,0,0,0,0,0,1,high-risk country
P00088014,C0178,"Ferguson, White and Butler",UK Ltd,XB,51.87,90.69,GBP,2026-04-29 13:01:00.000000,2026-04-29,1,0,0,0,0,0,0,1,high-risk country
P00030203,C0178,"Ferguson, White and Butler",Netherlands BV,XB,52.47,75.96,EUR,2025-03-14 16:43:00.000000,2025-03-14,1,0,0,0,0,0,0,1,high-risk country
P00105677,C0178,"Ferguson, White and Butler",Germany Sales Office,XB,53.0,77.18,EUR,2026-08-25 10:22:00.000000,2026-08-25,1,0,0,0,0,0,0,1,high-risk country
P00082273,C0178,"Ferguson, White and Butler",US Inc,XB,53.76,70.8,USD,2026-03-20 12:29:00.000000,2026-03-20,1,0,0,0,0,0,0,1,high-risk country
P00019276,C0178,"Ferguson, White and Butler",Netherlands BV,XB,55.87,77.51,EUR,2024-12-23 13:18:00.000000,2024-12-23,1,0,0,0,0,0,0,1,high-risk country
P00083619,C0178,"Ferguson, White and Butler",US Inc,XB,56.15,73.79,USD,2026-03-30 18:37:00.000000,2026-03-30,1,0,0,0,0,0,0,1,high-risk country
P00011270,C0178,"Ferguson, White and Butler",US West Distribution,XB,58.34,78.95,USD,2024-10-22 20:41:00.000000,2024-10-22,1,0,0,0,0,0,0,1,high-risk country
P00084618,C0178,"Ferguson, White and Butler",UK Ltd,XB,59.03,104.19,GBP,2026-04-07 07:21:00.000000,2026-04-07,1,0,0,0,0,0,0,1,high-risk country
P00046421,C0178,"Ferguson, White and Butler",Germany Sales Office,XB,59.24,86.67,EUR,2025-07-11 13:54:00.000000,2025-07-11,1,0,0,0,0,0,0,1,high-risk country
P00093640,C0178,"Ferguson, White and Butler",Germany GmbH,XB,59.54,88.77,EUR,2026-06-08 10:36:00.000000,2026-06-08,1,0,0,0,0,0,0,1,high-risk country
P00020875,C0178,"Ferguson, White and Butler",Group Treasury HQ,XB,59.59,59.59,SGD,2025-01-03 08:22:00.000000,2025-01-03,1,0,0,0,0,0,0,1,high-risk country
P00037887,C0178,"Ferguson, White and Butler",US West Distribution,XB,59.72,80.88,USD,2025-05-09 20:46:00.000000,2025-05-09,1,0,0,0,0,0,0,1,high-risk country
P00035866,C0178,"Ferguson, White and Butler",US West Distribution,XB,61.36,82.9,USD,2025-04-24 18:37:00.000000,2025-04-24,1,0,0,0,0,0,0,1,high-risk country
P00012223,C0178,"Ferguson, White and Butler",US Inc,XB,61.52,84.09,USD,2024-10-29 13:26:00.000000,2024-10-29,1,0,0,0,0,0,0,1,high-risk country
P00082755,C0178,"Ferguson, White and Butler",US West Distribution,XB,62.21,82.1,USD,2026-03-24 19:04:00.000000,2026-03-24,1,0,0,0,0,0,0,1,high-risk country
P00070364,C0178,"Ferguson, White and Butler",US West Distribution,XB,63.97,84.52,USD,2025-12-26 14:11:00.000000,2025-12-26,1,0,0,0,0,0,0,1,high-risk country
P00025520,C0178,"Ferguson, White and Butler",US West Distribution,XB,64.91,90.49,USD,2025-02-07 16:11:00.000000,2025-02-07,1,0,0,0,0,0,0,1,high-risk country
P00073967,C0178,"Ferguson, White and Butler",UK Ltd,XB,65.61,114.04,GBP,2026-01-20 16:12:00.000000,2026-01-20,1,0,0,0,0,0,0,1,high-risk country
P00024726,C0178,"Ferguson, White and Butler",Netherlands BV,XB,66.71,96.27,EUR,2025-02-03 13:50:00.000000,2025-02-03,1,0,0,0,0,0,0,1,high-risk country
P00083315,C0178,"Ferguson, White and Butler",US West Distribution,XB,68.26,90.04,USD,2026-03-27 22:34:00.000000,2026-03-27,1,0,0,0,0,0,0,1,high-risk country
P00104643,C0178,"Ferguson, White and Butler",US West Distribution,XB,72.19,97.22,USD,2026-08-18 17:07:00.000000,2026-08-18,1,0,0,0,0,0,0,1,high-risk country
P00035889,C0178,"Ferguson, White and Butler",SG Operations,XB,72.96,72.96,SGD,2025-04-25 01:51:00.000000,2025-04-25,1,0,0,0,0,0,0,1,high-risk country
P00092459,C0178,"Ferguson, White and Butler",Germany GmbH,XB,75.47,111.91,EUR,2026-05-29 13:33:00.000000,2026-05-29,1,0,0,0,0,0,0,1,high-risk country
P00098618,C0178,"Ferguson, White and Butler",US West Distribution,XB,79.7,106.41,USD,2026-07-09 16:03:00.000000,2026-07-09,1,0,0,0,0,0,0,1,high-risk country
P00056682,C0178,"Ferguson, White and Butler",US Inc,XB,82.38,111.25,USD,2025-09-22 12:37:00.000000,2025-09-22,1,0,0,0,0,0,0,1,high-risk country
P00086381,C0178,"Ferguson, White and Butler",US West Distribution,XB,82.58,109.78,USD,2026-04-17 15:39:00.000000,2026-04-17,1,0,0,0,0,0,0,1,high-risk country
P00058998,C0178,"Ferguson, White and Butler",US West Distribution,XB,83.84,114.2,USD,2025-10-08 20:18:00.000000,2025-10-08,1,0,0,0,0,0,0,1,high-risk country
P00028011,C0178,"Ferguson, White and Butler",US West Distribution,XB,84.68,117.86,USD,2025-02-26 16:06:00.000000,2025-02-26,1,0,0,0,0,0,0,1,high-risk country
P00054000,C0178,"Ferguson, White and Butler",US Inc,XB,86.75,118.01,USD,2025-09-02 23:27:00.000000,2025-09-02,1,0,0,0,0,0,0,1,high-risk country
P00024204,C0178,"Ferguson, White and Butler",US West Distribution,XB,89.76,123.15,USD,2025-01-29 00:29:00.000000,2025-01-29,1,0,0,0,0,0,0,1,high-risk country
P00101319,C0178,"Ferguson, White and Butler",UK Ltd,XB,89.89,151.79,GBP,2026-07-28 11:05:00.000000,2026-07-28,1,0,0,0,0,0,0,1,high-risk country
P00050084,C0178,"Ferguson, White and Butler",UK Ltd,XB,93.06,157.7,GBP,2025-08-06 15:26:00.000000,2025-08-06,1,0,0,0,0,0,0,1,high-risk country
P00072687,C0178,"Ferguson, White and Butler",US West Distribution,XB,98.56,129.88,USD,2026-01-12 16:46:00.000000,2026-01-12,1,0,0,0,0,0,0,1,high-risk country
P00083605,C0178,"Ferguson, White and Butler",US West Distribution,XB,98.75,129.77,USD,2026-03-30 16:41:00.000000,2026-03-30,1,0,0,0,0,0,0,1,high-risk country
P00045019,C0178,"Ferguson, White and Butler",US West Distribution,XB,99.89,132.07,USD,2025-07-01 18:51:00.000000,2025-07-01,1,0,0,0,0,0,0,1,high-risk country
P00056946,C0178,"Ferguson, White and Butler",US West Distribution,XB,101.4,137.41,USD,2025-09-23 21:31:00.000000,2025-09-23,1,0,0,0,0,0,0,1,high-risk country
P00015879,C0178,"Ferguson, White and Butler",US West Distribution,XB,101.89,137.82,USD,2024-11-26 14:56:00.000000,2024-11-26,1,0,0,0,0,0,0,1,high-risk country
P00027104,C0178,"Ferguson, White and Butler",US West Distribution,XB,102.07,141.64,USD,2025-02-19 20:50:00.000000,2025-02-19,1,0,0,0,0,0,0,1,high-risk country
P00084466,C0178,"Ferguson, White and Butler",US West Distribution,XB,102.65,134.25,USD,2026-04-06 12:40:00.000000,2026-04-06,1,0,0,0,0,0,0,1,high-risk country
P00106322,C0178,"Ferguson, White and Butler",UK Ltd,XB,103.06,174.06,GBP,2026-08-28 17:43:00.000000,2026-08-28,1,0,0,0,0,0,0,1,high-risk country
P00085797,C0178,"Ferguson, White and Butler",Netherlands BV,XB,108.04,156.2,EUR,2026-04-14 09:55:00.000000,2026-04-14,1,0,0,0,0,0,0,1,high-risk country
P00090879,C0178,"Ferguson, White and Butler",Germany Sales Office,XB,108.23,160.36,EUR,2026-05-19 16:18:00.000000,2026-05-19,1,0,0,0,0,0,0,1,high-risk country
P00071673,C0178,"Ferguson, White and Butler",US West Distribution,XB,109.13,143.73,USD,2026-01-05 21:12:00.000000,2026-01-05,1,0,0,0,0,0,0,1,high-risk country
P00046668,C0178,"Ferguson, White and Butler",UK Ltd,XB,109.71,184.81,GBP,2025-07-14 15:09:00.000000,2025-07-14,1,0,0,0,0,0,0,1,high-risk country
P00022715,C0178,"Ferguson, White and Butler",Netherlands BV,XB,111.14,156.46,EUR,2025-01-16 13:15:00.000000,2025-01-16,1,0,0,0,0,0,0,1,high-risk country
P00098320,C0178,"Ferguson, White and Butler",US West Distribution,XB,111.32,148.34,USD,2026-07-08 19:35:00.000000,2026-07-08,1,0,0,0,0,0,0,1,high-risk country
P00092487,C0178,"Ferguson, White and Butler",US West Distribution,XB,115.12,154.88,USD,2026-05-29 21:05:00.000000,2026-05-29,1,0,0,0,0,0,0,1,high-risk country
P00009973,C0178,"Ferguson, White and Butler",US West Distribution,XB,115.41,153.79,USD,2024-10-11 22:49:00.000000,2024-10-11,1,0,0,0,0,0,0,1,high-risk country
P00075240,C0178,"Ferguson, White and Butler",US Inc,XB,115.48,153.7,USD,2026-01-29 17:26:00.000000,2026-01-29,1,0,0,0,0,0,0,1,high-risk country
P00093097,C0178,"Ferguson, White and Butler",US West Distribution,XB,115.88,155.59,USD,2026-06-03 23:01:00.000000,2026-06-03,1,0,0,0,0,0,0,1,high-risk country
P00030469,C0178,"Ferguson, White and Butler",US West Distribution,XB,118.22,163.09,USD,2025-03-17 21:05:00.000000,2025-03-17,1,0,0,0,0,0,0,1,high-risk country
P00032615,C0178,"Ferguson, White and Butler",Netherlands BV,XB,119.35,172.89,EUR,2025-04-01 17:07:00.000000,2025-04-01,1,0,0,0,0,0,0,1,high-risk country
P00091401,C0178,"Ferguson, White and Butler",UK Ltd,XB,120.06,214.14,GBP,2026-05-22 12:09:00.000000,2026-05-22,1,0,0,0,0,0,0,1,high-risk country
P00017220,C0178,"Ferguson, White and Butler",Germany GmbH,XB,121.41,170.24,EUR,2024-12-06 13:14:00.000000,2024-12-06,1,0,0,0,0,0,0,1,high-risk country
P00096769,C0178,"Ferguson, White and Butler",Germany GmbH,XB,122.51,177.11,EUR,2026-06-29 08:18:00.000000,2026-06-29,1,0,0,0,0,0,0,1,high-risk country
P00063471,C0178,"Ferguson, White and Butler",UK Ltd,XB,123.57,215.03,GBP,2025-11-07 15:26:00.000000,2025-11-07,1,0,0,0,0,0,0,1,high-risk country
P00046030,C0178,"Ferguson, White and Butler",UK Ltd,XB,127.75,213.53,GBP,2025-07-09 10:53:00.000000,2025-07-09,1,0,0,0,0,0,0,1,high-risk country
P00044094,C0178,"Ferguson, White and Butler",US Inc,XB,129.04,171.17,USD,2025-06-25 18:18:00.000000,2025-06-25,1,0,0,0,0,0,0,1,high-risk country
P00013645,C0178,"Ferguson, White and Butler",US West Distribution,XB,129.54,175.9,USD,2024-11-08 20:55:00.000000,2024-11-08,1,0,0,0,0,0,0,1,high-risk country
P00097916,C0178,"Ferguson, White and Butler",US West Distribution,XB,130.77,174.28,USD,2026-07-06 13:10:00.000000,2026-07-06,1,0,0,0,0,0,0,1,high-risk country
P00019085,C0178,"Ferguson, White and Butler",Netherlands BV,XB,132.95,185.56,EUR,2024-12-20 14:35:00.000000,2024-12-20,1,0,0,0,0,0,0,1,high-risk country
P00092733,C0178,"Ferguson, White and Butler",US Inc,XB,138.32,185.44,USD,2026-06-01 19:29:00.000000,2026-06-01,1,0,0,0,0,0,0,1,high-risk country
P00018770,C0178,"Ferguson, White and Butler",SG Operations,XB,139.89,139.89,SGD,2024-12-19 02:21:00.000000,2024-12-19,1,0,0,0,0,0,0,1,high-risk country
P00028782,C0178,"Ferguson, White and Butler",SG Operations,XB,143.58,143.58,SGD,2025-03-05 05:51:00.000000,2025-03-05,1,0,0,0,0,0,0,1,high-risk country
P00030660,C0178,"Ferguson, White and Butler",US Inc,XB,145.17,200.2,USD,2025-03-18 18:39:00.000000,2025-03-18,1,0,0,0,0,0,0,1,high-risk country
P00032823,C0178,"Ferguson, White and Butler",UK Ltd,XB,147.47,257.37,GBP,2025-04-03 04:29:00.000000,2025-04-03,1,0,0,0,0,0,1,2,"high-risk country, off-hours"
P00008979,C0178,"Ferguson, White and Butler",Netherlands BV,XB,148.53,221.0,EUR,2024-10-03 14:20:00.000000,2024-10-03,1,0,0,0,0,0,0,1,high-risk country
P00097943,C0178,"Ferguson, White and Butler",US Inc,XB,150.05,199.97,USD,2026-07-06 15:38:00.000000,2026-07-06,1,0,0,0,0,0,0,1,high-risk country
P00041099,C0178,"Ferguson, White and Butler",US West Distribution,XB,152.59,199.52,USD,2025-06-03 15:49:00.000000,2025-06-03,1,0,0,0,0,0,0,1,high-risk country
P00079514,C0178,"Ferguson, White and Butler",US West Distribution,XB,157.04,207.13,USD,2026-03-02 20:23:00.000000,2026-03-02,1,0,0,0,0,0,0,1,high-risk country
P00058854,C0178,"Ferguson, White and Butler",US Inc,XB,157.24,213.55,USD,2025-10-07 12:53:00.000000,2025-10-07,1,0,0,0,0,0,0,1,high-risk country
P00057685,C0178,"Ferguson, White and Butler",UK Ltd,XB,158.53,269.49,GBP,2025-09-29 13:09:00.000000,2025-09-29,1,0,0,0,0,0,0,1,high-risk country
P00060969,C0178,"Ferguson, White and Butler",US West Distribution,XB,160.29,218.3,USD,2025-10-21 19:09:00.000000,2025-10-21,1,0,0,0,0,0,0,1,high-risk country
P00062462,C0178,"Ferguson, White and Butler",US Inc,XB,162.56,220.01,USD,2025-10-30 18:06:00.000000,2025-10-30,1,0,0,0,0,0,0,1,high-risk country
P00081593,C0178,"Ferguson, White and Butler",US West Distribution,XB,162.86,212.89,USD,2026-03-16 17:05:00.000000,2026-03-16,1,0,0,0,0,0,0,1,high-risk country
P00097948,C0178,"Ferguson, White and Butler",UK Ltd,XB,167.78,287.17,GBP,2026-07-06 15:50:00.000000,2026-07-06,1,0,0,0,0,0,0,1,high-risk country
P00041783,C0178,"Ferguson, White and Butler",SG Operations,XB,169.08,169.08,SGD,2025-06-09 23:57:00.000000,2025-06-09,1,0,0,0,0,0,0,1,high-risk country
P00084377,C0178,"Ferguson, White and Butler",SG Operations,XB,169.12,169.12,SGD,2026-04-06 01:16:00.000000,2026-04-06,1,0,0,0,0,0,0,1,high-risk country
P00066718,C0178,"Ferguson, White and Butler",UK Ltd,XB,173.29,301.37,GBP,2025-12-01 16:10:00.000000,2025-12-01,1,0,0,0,0,0,0,1,high-risk country
P00018993,C0178,"Ferguson, White and Butler",UK Ltd,XB,176.03,297.14,GBP,2024-12-19 15:59:00.000000,2024-12-19,1,0,0,0,0,0,0,1,high-risk country
P00081793,C0178,"Ferguson, White and Butler",UK Ltd,XB,177.37,320.91,GBP,2026-03-17 15:38:00.000000,2026-03-17,1,0,0,0,0,0,0,1,high-risk country
P00085235,C0178,"Ferguson, White and Butler",US West Distribution,XB,178.48,237.02,USD,2026-04-09 20:23:00.000000,2026-04-09,1,0,0,0,0,0,0,1,high-risk country
P00096615,C0178,"Ferguson, White and Butler",US Inc,XB,185.41,246.85,USD,2026-06-26 20:58:00.000000,2026-06-26,1,0,0,0,0,0,0,1,high-risk country
P00017716,C0178,"Ferguson, White and Butler",US West Distribution,XB,185.57,253.4,USD,2024-12-10 19:15:00.000000,2024-12-10,1,0,0,0,0,0,0,1,high-risk country
P00111302,C0178,"Ferguson, White and Butler",US West Distribution,XB,185.59,253.92,USD,2026-09-29 17:38:00.000000,2026-09-29,1,0,0,0,0,0,0,1,high-risk country
P00067626,C0178,"Ferguson, White and Butler",Germany GmbH,XB,190.26,268.77,EUR,2025-12-08 12:03:00.000000,2025-12-08,1,0,0,0,0,0,0,1,high-risk country
P00049448,C0178,"Ferguson, White and Butler",US West Distribution,XB,190.3,255.43,USD,2025-07-31 17:50:00.000000,2025-07-31,1,0,0,0,0,0,0,1,high-risk country
P00054497,C0178,"Ferguson, White and Butler",US West Distribution,XB,191.45,260.47,USD,2025-09-05 15:08:00.000000,2025-09-05,1,0,0,0,0,0,0,1,high-risk country
P00080580,C0178,"Ferguson, White and Butler",US West Distribution,XB,196.03,253.95,USD,2026-03-09 21:21:00.000000,2026-03-09,1,0,0,0,0,0,0,1,high-risk country
P00046026,C0178,"Ferguson, White and Butler",UK Ltd,XB,196.07,327.73,GBP,2025-07-09 10:07:00.000000,2025-07-09,1,0,0,0,0,0,0,1,high-risk country
P00054975,C0178,"Ferguson, White and Butler",US West Distribution,XB,196.59,267.22,USD,2025-09-09 17:32:00.000000,2025-09-09,1,0,0,0,0,0,0,1,high-risk country
P00107385,C0178,"Ferguson, White and Butler",Shanghai Mfg,XB,196.89,37.11,CNY,2026-09-04 07:05:00.000000,2026-09-04,1,0,0,0,0,0,0,1,high-risk country
P00053954,C0178,"Ferguson, White and Butler",US West Distribution,XB,202.0,274.42,USD,2025-09-02 14:46:00.000000,2025-09-02,1,0,0,0,0,0,0,1,high-risk country
P00076648,C0178,"Ferguson, White and Butler",US West Distribution,XB,205.11,271.99,USD,2026-02-09 20:09:00.000000,2026-02-09,1,0,0,0,0,0,0,1,high-risk country
P00057294,C0178,"Ferguson, White and Butler",Germany GmbH,XB,205.86,298.55,EUR,2025-09-25 13:25:00.000000,2025-09-25,1,0,0,0,0,0,0,1,high-risk country
P00026923,C0178,"Ferguson, White and Butler",UK Ltd,XB,207.27,354.96,GBP,2025-02-18 11:31:00.000000,2025-02-18,1,0,0,0,0,0,0,1,high-risk country
P00019611,C0178,"Ferguson, White and Butler",US West Distribution,XB,209.97,286.68,USD,2024-12-24 19:20:00.000000,2024-12-24,1,0,0,0,0,0,0,1,high-risk country
P00105776,C0178,"Ferguson, White and Butler",US West Distribution,XB,211.79,285.56,USD,2026-08-25 21:17:00.000000,2026-08-25,1,0,0,0,0,0,0,1,high-risk country
P00020435,C0178,"Ferguson, White and Butler",US West Distribution,XB,212.5,291.02,USD,2024-12-31 16:44:00.000000,2024-12-31,1,0,0,0,0,0,0,1,high-risk country
P00058885,C0178,"Ferguson, White and Butler",US Inc,XB,217.81,295.81,USD,2025-10-07 15:19:00.000000,2025-10-07,1,0,0,0,0,0,0,1,high-risk country
P00064636,C0178,"Ferguson, White and Butler",UK Ltd,XB,218.02,380.07,GBP,2025-11-17 11:00:00.000000,2025-11-17,1,0,0,0,0,0,0,1,high-risk country
P00058941,C0178,"Ferguson, White and Butler",SG Operations,XB,219.61,219.61,SGD,2025-10-08 08:13:00.000000,2025-10-08,1,0,0,0,0,0,0,1,high-risk country
P00064856,C0178,"Ferguson, White and Butler",UK Ltd,XB,221.89,293.62,USD,2025-11-18 09:35:00.000000,2025-11-18,1,0,0,0,0,0,0,1,high-risk country
P00076390,C0178,"Ferguson, White and Butler",US West Distribution,XB,222.91,295.02,USD,2026-02-06 19:24:00.000000,2026-02-06,1,0,0,0,0,0,0,1,high-risk country
P00036955,C0178,"Ferguson, White and Butler",US Inc,XB,226.6,305.55,USD,2025-05-02 14:33:00.000000,2025-05-02,1,0,0,0,0,0,0,1,high-risk country
P00071271,C0178,"Ferguson, White and Butler",US West Distribution,XB,228.53,302.62,USD,2025-12-31 21:01:00.000000,2025-12-31,1,0,0,0,0,0,0,1,high-risk country
P00061985,C0178,"Ferguson, White and Butler",Germany GmbH,XB,228.64,325.11,EUR,2025-10-28 11:47:00.000000,2025-10-28,1,0,0,0,0,0,0,1,high-risk country
P00075830,C0178,"Ferguson, White and Butler",Netherlands BV,XB,229.06,327.11,EUR,2026-02-03 16:18:00.000000,2026-02-03,1,0,0,0,0,0,0,1,high-risk country
P00079849,C0178,"Ferguson, White and Butler",UK Ltd,XB,230.0,421.54,GBP,2026-03-04 16:21:00.000000,2026-03-04,1,0,0,0,0,0,0,1,high-risk country
P00089931,C0178,"Ferguson, White and Butler",Germany GmbH,XB,231.32,342.79,EUR,2026-05-13 04:40:00.000000,2026-05-13,1,0,0,0,0,0,1,2,"high-risk country, off-hours"
P00075382,C0178,"Ferguson, White and Butler",US Inc,XB,233.68,309.82,USD,2026-01-30 15:52:00.000000,2026-01-30,1,0,0,0,0,0,0,1,high-risk country
P00065680,C0178,"Ferguson, White and Butler",US Inc,XB,236.64,315.21,USD,2025-11-24 16:52:00.000000,2025-11-24,1,0,0,0,0,0,0,1,high-risk country
P00011258,C0178,"Ferguson, White and Butler",US West Distribution,XB,244.91,331.44,USD,2024-10-22 17:05:00.000000,2024-10-22,1,0,0,0,0,0,0,1,high-risk country
P00020935,C0178,"Ferguson, White and Butler",US West Distribution,XB,248.93,340.46,USD,2025-01-03 22:43:00.000000,2025-01-03,1,0,0,0,0,0,0,1,high-risk country
P00071370,C0178,"Ferguson, White and Butler",US Inc,XB,251.91,333.22,USD,2026-01-02 19:56:00.000000,2026-01-02,1,0,0,0,0,0,0,1,high-risk country
P00098259,C0178,"Ferguson, White and Butler",Germany Sales Office,XB,254.04,371.13,EUR,2026-07-08 07:32:00.000000,2026-07-08,1,0,0,0,0,0,0,1,high-risk country
P00030439,C0178,"Ferguson, White and Butler",Netherlands BV,XB,254.25,367.51,EUR,2025-03-17 15:20:00.000000,2025-03-17,1,0,0,0,0,0,0,1,high-risk country
P00094806,C0178,"Ferguson, White and Butler",US West Distribution,XB,256.55,344.33,USD,2026-06-15 23:17:00.000000,2026-06-15,1,0,0,0,0,0,0,1,high-risk country
P00078371,C0178,"Ferguson, White and Butler",US West Distribution,XB,259.22,344.88,USD,2026-02-23 22:35:00.000000,2026-02-23,1,0,0,0,0,0,0,1,high-risk country
P00090317,C0178,"Ferguson, White and Butler",Germany GmbH,XB,260.96,386.85,EUR,2026-05-15 11:57:00.000000,2026-05-15,1,0,0,0,0,0,0,1,high-risk country
P00076841,C0178,"Ferguson, White and Butler",US Inc,XB,262.08,348.38,USD,2026-02-10 19:33:00.000000,2026-02-10,1,0,0,0,0,0,0,1,high-risk country
P00090306,C0178,"Ferguson, White and Butler",Germany GmbH,XB,266.43,394.96,EUR,2026-05-15 10:27:00.000000,2026-05-15,1,0,0,0,0,0,0,1,high-risk country
P00043802,C0178,"Ferguson, White and Butler",Shenzhen Sourcing,XB,269.9,50.5,CNY,2025-06-24 00:21:00.000000,2025-06-24,1,0,0,0,0,0,0,1,high-risk country
P00021181,C0178,"Ferguson, White and Butler",UK Ltd,XB,272.82,473.26,GBP,2025-01-06 17:34:00.000000,2025-01-06,1,0,0,0,0,0,0,1,high-risk country
P00088045,C0178,"Ferguson, White and Butler",US West Distribution,XB,282.27,375.41,USD,2026-04-29 18:08:00.000000,2026-04-29,1,0,0,0,0,0,0,1,high-risk country
P00060387,C0178,"Ferguson, White and Butler",US Inc,XB,288.09,391.13,USD,2025-10-16 18:37:00.000000,2025-10-16,1,0,0,0,0,0,0,1,high-risk country
P00066082,C0178,"Ferguson, White and Butler",US West Distribution,XB,290.95,388.33,USD,2025-11-26 18:13:00.000000,2025-11-26,1,0,0,0,0,0,0,1,high-risk country
P00016328,C0178,"Ferguson, White and Butler",Netherlands BV,XB,308.93,433.4,EUR,2024-11-29 09:17:00.000000,2024-11-29,1,0,0,0,0,0,0,1,high-risk country
P00019613,C0178,"Ferguson, White and Butler",Germany GmbH,XB,311.88,431.82,EUR,2024-12-24 19:34:00.000000,2024-12-24,1,0,0,0,0,0,0,1,high-risk country
P00028353,C0178,"Ferguson, White and Butler",US West Distribution,XB,315.64,438.2,USD,2025-02-28 16:00:00.000000,2025-02-28,1,0,0,0,0,0,0,1,high-risk country
P00018424,C0178,"Ferguson, White and Butler",US West Distribution,XB,316.88,431.89,USD,2024-12-16 19:26:00.000000,2024-12-16,1,0,0,0,0,0,0,1,high-risk country
P00034936,C0178,"Ferguson, White and Butler",US West Distribution,XB,316.89,425.39,USD,2025-04-17 18:45:00.000000,2025-04-17,1,0,0,0,0,0,0,1,high-risk country
P00024194,C0178,"Ferguson, White and Butler",UK Ltd,XB,322.11,554.76,GBP,2025-01-28 19:05:00.000000,2025-01-28,1,0,0,0,0,0,0,1,high-risk country
P00106220,C0178,"Ferguson, White and Butler",US West Distribution,XB,329.66,448.43,USD,2026-08-27 21:36:00.000000,2026-08-27,1,0,0,0,0,0,0,1,high-risk country
P00009262,C0178,"Ferguson, White and Butler",US West Distribution,XB,335.84,446.28,USD,2024-10-07 21:25:00.000000,2024-10-07,1,0,0,0,0,0,0,1,high-risk country
P00024385,C0178,"Ferguson, White and Butler",Netherlands BV,XB,341.32,495.34,EUR,2025-01-30 12:52:00.000000,2025-01-30,1,0,0,0,0,0,0,1,high-risk country
P00038940,C0178,"Ferguson, White and Butler",SG Operations,XB,350.17,350.17,SGD,2025-05-19 10:31:00.000000,2025-05-19,1,0,0,0,0,0,0,1,high-risk country
P00079255,C0178,"Ferguson, White and Butler",US Inc,XB,353.24,466.25,USD,2026-02-27 20:27:00.000000,2026-02-27,1,0,0,0,0,0,0,1,high-risk country
P00028557,C0178,"Ferguson, White and Butler",US Inc,XB,367.1,508.46,USD,2025-03-03 17:18:00.000000,2025-03-03,1,0,0,0,0,0,0,1,high-risk country
P00088741,C0178,"Ferguson, White and Butler",US Inc,XB,370.22,494.5,USD,2026-05-05 13:33:00.000000,2026-05-05,1,0,0,0,0,0,0,1,high-risk country
P00104778,C0178,"Ferguson, White and Butler",US West Distribution,XB,372.78,501.73,USD,2026-08-19 18:56:00.000000,2026-08-19,1,0,0,0,0,0,0,1,high-risk country
P00090003,C0178,"Ferguson, White and Butler",Germany GmbH,XB,373.89,554.07,EUR,2026-05-13 18:04:00.000000,2026-05-13,1,0,0,0,0,0,0,1,high-risk country
P00009906,C0178,"Ferguson, White and Butler",Netherlands BV,XB,374.36,566.57,EUR,2024-10-11 06:12:00.000000,2024-10-11,1,0,0,0,0,0,0,1,high-risk country
P00029960,C0178,"Ferguson, White and Butler",SG Operations,XB,376.21,376.21,SGD,2025-03-13 07:24:00.000000,2025-03-13,1,0,0,0,0,0,0,1,high-risk country
P00079756,C0178,"Ferguson, White and Butler",US West Distribution,XB,382.86,504.77,USD,2026-03-03 22:04:00.000000,2026-03-03,1,0,0,0,0,0,0,1,high-risk country
P00104737,C0178,"Ferguson, White and Butler",Netherlands BV,XB,386.42,553.96,EUR,2026-08-19 11:07:00.000000,2026-08-19,1,0,0,0,0,0,0,1,high-risk country
P00086939,C0178,"Ferguson, White and Butler",Germany GmbH,XB,392.26,566.84,EUR,2026-04-22 12:20:00.000000,2026-04-22,1,0,0,0,0,0,0,1,high-risk country
P00050842,C0178,"Ferguson, White and Butler",Shanghai Mfg,XB,400.16,74.69,CNY,2025-08-12 04:55:00.000000,2025-08-12,1,0,0,0,0,0,0,1,high-risk country
P00100441,C0178,"Ferguson, White and Butler",US West Distribution,XB,415.68,560.35,USD,2026-07-22 18:41:00.000000,2026-07-22,1,0,0,0,0,0,0,1,high-risk country
P00028863,C0178,"Ferguson, White and Butler",US Inc,XB,420.54,580.29,USD,2025-03-05 22:00:00.000000,2025-03-05,1,0,0,0,0,0,0,1,high-risk country
P00044472,C0178,"Ferguson, White and Butler",Netherlands BV,XB,434.38,634.45,EUR,2025-06-27 15:02:00.000000,2025-06-27,1,0,0,0,0,0,0,1,high-risk country
P00098658,C0178,"Ferguson, White and Butler",SG Operations,XB,436.92,436.92,SGD,2026-07-10 03:15:00.000000,2026-07-10,1,0,0,0,0,0,0,1,high-risk country
P00107881,C0178,"Ferguson, White and Butler",US West Distribution,XB,444.48,602.37,USD,2026-09-08 13:54:00.000000,2026-09-08,1,0,0,0,0,0,0,1,high-risk country
P00071661,C0178,"Ferguson, White and Butler",US West Distribution,XB,452.97,596.57,USD,2026-01-05 18:45:00.000000,2026-01-05,1,0,0,0,0,0,0,1,high-risk country
P00072683,C0178,"Ferguson, White and Butler",US Inc,XB,454.22,598.58,USD,2026-01-12 16:31:00.000000,2026-01-12,1,0,0,0,0,0,0,1,high-risk country
P00061336,C0178,"Ferguson, White and Butler",Netherlands BV,XB,459.49,652.49,EUR,2025-10-23 13:43:00.000000,2025-10-23,1,0,0,0,0,0,0,1,high-risk country
P00043117,C0178,"Ferguson, White and Butler",Shanghai Mfg,XB,461.17,85.95,CNY,2025-06-18 08:08:00.000000,2025-06-18,1,0,0,0,0,0,0,1,high-risk country
P00032137,C0178,"Ferguson, White and Butler",US Inc,XB,461.85,619.47,USD,2025-03-28 20:30:00.000000,2025-03-28,1,0,0,0,0,0,0,1,high-risk country
P00063058,C0178,"Ferguson, White and Butler",Shenzhen Sourcing,XB,473.05,88.05,CNY,2025-11-05 09:18:00.000000,2025-11-05,1,0,0,0,0,0,0,1,high-risk country
P00032565,C0178,"Ferguson, White and Butler",Netherlands BV,XB,477.98,692.39,EUR,2025-04-01 11:38:00.000000,2025-04-01,1,0,0,0,0,0,0,1,high-risk country
P00038774,C0178,"Ferguson, White and Butler",US West Distribution,XB,507.98,684.47,USD,2025-05-16 18:44:00.000000,2025-05-16,1,0,0,0,0,0,0,1,high-risk country
P00064920,C0178,"Ferguson, White and Butler",US Inc,XB,511.13,676.35,USD,2025-11-18 15:52:00.000000,2025-11-18,1,0,0,0,0,0,0,1,high-risk country
P00014567,C0178,"Ferguson, White and Butler",Shanghai Mfg,XB,518.91,95.48,CNY,2024-11-18 06:12:00.000000,2024-11-18,1,0,0,0,0,0,0,1,high-risk country
P00102986,C0178,"Ferguson, White and Butler",US West Distribution,XB,528.88,704.81,USD,2026-08-06 19:40:00.000000,2026-08-06,1,0,0,0,0,0,0,1,high-risk country
P00076644,C0178,"Ferguson, White and Butler",US West Distribution,XB,552.95,733.39,USD,2026-02-09 19:52:00.000000,2026-02-09,1,0,0,0,0,0,0,1,high-risk country
P00069296,C0178,"Ferguson, White and Butler",Netherlands BV,XB,559.51,734.87,USD,2025-12-18 09:47:00.000000,2025-12-18,1,0,0,0,0,0,0,1,high-risk country
P00015814,C0178,"Ferguson, White and Butler",SG Operations,XB,564.01,564.01,SGD,2024-11-26 09:35:00.000000,2024-11-26,1,0,0,0,0,0,0,1,high-risk country
P00100558,C0178,"Ferguson, White and Butler",Germany GmbH,XB,564.82,825.52,EUR,2026-07-23 05:45:00.000000,2026-07-23,1,0,0,0,0,0,0,1,high-risk country
P00037304,C0178,"Ferguson, White and Butler",Germany GmbH,XB,569.86,768.41,USD,2025-05-06 08:27:00.000000,2025-05-06,1,0,0,0,0,0,0,1,high-risk country
P00071137,C0178,"Ferguson, White and Butler",US Inc,XB,570.69,753.54,USD,2025-12-30 19:54:00.000000,2025-12-30,1,0,0,0,0,0,0,1,high-risk country
P00010209,C0178,"Ferguson, White and Butler",Shanghai Mfg,XB,581.56,106.91,CNY,2024-10-15 03:02:00.000000,2024-10-15,1,0,0,0,0,0,0,1,high-risk country
P00031394,C0178,"Ferguson, White and Butler",US West Distribution,XB,583.13,788.21,USD,2025-03-24 23:00:00.000000,2025-03-24,1,0,0,0,0,0,0,1,high-risk country
P00022808,C0178,"Ferguson, White and Butler",Shanghai Mfg,XB,602.42,110.95,CNY,2025-01-17 06:18:00.000000,2025-01-17,1,0,0,0,0,0,0,1,high-risk country
P00037437,C0178,"Ferguson, White and Butler",SG Operations,XB,615.68,615.68,SGD,2025-05-07 04:18:00.000000,2025-05-07,1,0,0,0,0,0,0,1,high-risk country
P00100846,C0178,"Ferguson, White and Butler",US Inc,XB,630.22,844.42,USD,2026-07-24 18:47:00.000000,2026-07-24,1,0,0,0,0,0,0,1,high-risk country
P00098165,C0178,"Ferguson, White and Butler",US West Distribution,XB,633.61,845.66,USD,2026-07-07 12:11:00.000000,2026-07-07,1,0,0,0,0,0,0,1,high-risk country
P00047266,C0178,"Ferguson, White and Butler",Netherlands BV,XB,658.99,876.39,USD,2025-07-17 08:54:00.000000,2025-07-17,1,0,0,0,0,0,0,1,high-risk country
P00026478,C0178,"Ferguson, White and Butler",Shanghai Mfg,XB,664.51,123.32,CNY,2025-02-14 08:03:00.000000,2025-02-14,1,0,0,0,0,0,0,1,high-risk country
P00020208,C0178,"Ferguson, White and Butler",US Inc,XB,687.26,936.55,USD,2024-12-30 18:08:00.000000,2024-12-30,1,0,0,0,0,0,0,1,high-risk country
P00060982,C0178,"Ferguson, White and Butler",SG Operations,XB,722.95,722.95,SGD,2025-10-22 00:33:00.000000,2025-10-22,1,0,0,0,0,0,0,1,high-risk country
P00017917,C0178,"Ferguson, White and Butler",India Services,XB,730.09,996.95,USD,2024-12-12 04:44:00.000000,2024-12-12,1,0,0,0,0,0,0,1,high-risk country
P00060467,C0178,"Ferguson, White and Butler",Germany GmbH,XB,745.44,1064.34,EUR,2025-10-17 10:36:00.000000,2025-10-17,1,0,0,0,0,0,0,1,high-risk country
P00063097,C0178,"Ferguson, White and Butler",US West Distribution,XB,754.99,1017.7,USD,2025-11-05 16:08:00.000000,2025-11-05,1,0,0,0,0,0,0,1,high-risk country
P00062555,C0178,"Ferguson, White and Butler",US West Distribution,XB,772.51,1047.35,USD,2025-10-31 13:47:00.000000,2025-10-31,1,0,0,0,0,0,0,1,high-risk country
P00045470,C0178,"Ferguson, White and Butler",Shenzhen Sourcing,XB,878.25,165.3,CNY,2025-07-04 07:44:00.000000,2025-07-04,1,0,0,0,0,0,0,1,high-risk country
P00028029,C0178,"Ferguson, White and Butler",US West Distribution,XB,888.28,1236.35,USD,2025-02-26 21:21:00.000000,2025-02-26,1,0,0,0,0,0,0,1,high-risk country
P00094072,C0178,"Ferguson, White and Butler",SG Operations,XB,922.58,922.58,SGD,2026-06-10 10:11:00.000000,2026-06-10,1,0,0,0,0,0,0,1,high-risk country
P00056050,C0178,"Ferguson, White and Butler",Shanghai Mfg,XB,996.12,185.91,CNY,2025-09-17 06:41:00.000000,2025-09-17,1,0,0,0,0,0,0,1,high-risk country
P00009805,C0178,"Ferguson, White and Butler",US Inc,XB,1063.79,1417.19,USD,2024-10-10 09:33:00.000000,2024-10-10,1,0,0,0,0,0,1,2,"high-risk country, off-hours"
P00084857,C0178,"Ferguson, White and Butler",Shenzhen Sourcing,XB,1067.75,197.56,CNY,2026-04-08 09:10:00.000000,2026-04-08,1,0,0,0,0,0,0,1,high-risk country
P00011194,C0178,"Ferguson, White and Butler",Shanghai Mfg,XB,1122.82,206.54,CNY,2024-10-22 10:30:00.000000,2024-10-22,1,0,0,0,0,0,0,1,high-risk country
P00022801,C0178,"Ferguson, White and Butler",Shanghai Mfg,XB,1146.4,211.14,CNY,2025-01-17 05:40:00.000000,2025-01-17,1,0,0,0,0,0,0,1,high-risk country
P00069187,C0178,"Ferguson, White and Butler",Shanghai Mfg,XB,1150.12,215.14,CNY,2025-12-18 04:29:00.000000,2025-12-18,1,0,0,0,0,0,0,1,high-risk country
P00093787,C0178,"Ferguson, White and Butler",Shenzhen Sourcing,XB,1202.71,225.6,CNY,2026-06-09 02:23:00.000000,2026-06-09,1,0,0,0,0,0,0,1,high-risk country
P00109121,C0178,"Ferguson, White and Butler",Netherlands BV,XB,1331.48,1914.18,EUR,2026-09-16 10:40:00.000000,2026-09-16,1,0,0,0,0,0,0,1,high-risk country
P00074247,C0178,"Ferguson, White and Butler",Shanghai Mfg,XB,1404.83,262.83,CNY,2026-01-22 09:23:00.000000,2026-01-22,1,0,0,0,0,0,0,1,high-risk country
P00104889,C0178,"Ferguson, White and Butler",India Services,XB,1510.97,2034.87,USD,2026-08-20 04:50:00.000000,2026-08-20,1,0,0,0,0,0,0,1,high-risk country
P00101453,C0178,"Ferguson, White and Butler",Shanghai Mfg,XB,1511.86,283.49,CNY,2026-07-29 07:42:00.000000,2026-07-29,1,0,0,0,0,0,0,1,high-risk country
P00041387,C0178,"Ferguson, White and Butler",Shenzhen Sourcing,XB,1591.16,297.73,CNY,2025-06-05 09:29:00.000000,2025-06-05,1,0,0,0,0,0,0,1,high-risk country
P00110553,C0178,"Ferguson, White and Butler",US West Distribution,XB,1593.65,2169.3,USD,2026-09-24 13:39:00.000000,2026-09-24,1,0,0,0,0,0,0,1,high-risk country
P00029854,C0178,"Ferguson, White and Butler",Shanghai Mfg,XB,1615.66,302.22,CNY,2025-03-12 22:45:00.000000,2025-03-12,1,0,0,0,0,0,0,1,high-risk country
P00017703,C0178,"Ferguson, White and Butler",US West Distribution,XB,1675.81,2284.03,USD,2024-12-10 15:48:00.000000,2024-12-10,1,0,0,0,0,0,0,1,high-risk country
P00083346,C0178,"Ferguson, White and Butler",Shenzhen Sourcing,XB,1770.05,326.83,CNY,2026-03-30 02:03:00.000000,2026-03-30,1,0,0,0,0,0,0,1,high-risk country
P00068998,C0178,"Ferguson, White and Butler",SG Operations,XB,1776.97,1776.97,SGD,2025-12-17 06:22:00.000000,2025-12-17,1,0,0,0,0,0,0,1,high-risk country
P00013296,C0178,"Ferguson, White and Butler",Shenzhen Sourcing,XB,1778.83,2423.64,USD,2024-11-07 01:54:00.000000,2024-11-07,1,0,0,0,0,0,0,1,high-risk country
P00016654,C0178,"Ferguson, White and Butler",Shanghai Mfg,XB,1857.69,343.7,CNY,2024-12-03 04:28:00.000000,2024-12-03,1,0,0,0,0,0,0,1,high-risk country
P00029703,C0178,"Ferguson, White and Butler",US West Distribution,XB,2009.91,2763.72,USD,2025-03-11 13:21:00.000000,2025-03-11,1,0,0,0,0,0,0,1,high-risk country
P00095130,C0178,"Ferguson, White and Butler",US Inc,XB,2028.77,2705.12,USD,2026-06-17 14:48:00.000000,2026-06-17,1,0,0,0,0,0,0,1,high-risk country
P00056368,C0178,"Ferguson, White and Butler",US West Distribution,XB,2105.57,2852.23,USD,2025-09-18 14:34:00.000000,2025-09-18,1,0,0,0,0,0,0,1,high-risk country
P00033830,C0178,"Ferguson, White and Butler",UK Ltd,XB,2187.14,2938.91,USD,2025-04-10 08:02:00.000000,2025-04-10,1,0,0,0,0,0,0,1,high-risk country
P00102185,C0178,"Ferguson, White and Butler",Shanghai Mfg,XB,2204.33,412.68,CNY,2026-08-03 09:45:00.000000,2026-08-03,1,0,0,0,0,0,0,1,high-risk country
P00044336,C0178,"Ferguson, White and Butler",US West Distribution,XB,2264.16,3003.18,USD,2025-06-26 13:02:00.000000,2025-06-26,1,0,0,0,0,0,0,1,high-risk country
P00090082,C0178,"Ferguson, White and Butler",SG Operations,XB,2299.36,3045.27,USD,2026-05-14 02:40:00.000000,2026-05-14,1,0,0,0,0,0,0,1,high-risk country
P00020485,C0178,"Ferguson, White and Butler",Shanghai Mfg,XB,2303.12,3138.52,USD,2025-01-02 01:10:00.000000,2025-01-02,1,0,0,0,0,0,0,1,high-risk country
P00071305,C0178,"Ferguson, White and Butler",India Services,XB,2406.94,38.67,INR,2026-01-02 06:24:00.000000,2026-01-02,1,0,0,0,0,0,0,1,high-risk country
P00077027,C0178,"Ferguson, White and Butler",Shenzhen Sourcing,XB,2431.02,3231.56,USD,2026-02-12 01:37:00.000000,2026-02-12,1,0,0,0,0,0,0,1,high-risk country
P00051148,C0178,"Ferguson, White and Butler",SG Operations,XB,2473.71,3357.81,USD,2025-08-14 02:31:00.000000,2025-08-14,1,0,0,0,0,0,0,1,high-risk country
P00039074,C0178,"Ferguson, White and Butler",Shanghai Mfg,XB,2540.76,474.47,CNY,2025-05-20 03:42:00.000000,2025-05-20,1,0,0,0,0,0,0,1,high-risk country
P00031031,C0178,"Ferguson, White and Butler",US Inc,XB,2720.74,3752.1,USD,2025-03-20 14:58:00.000000,2025-03-20,1,0,0,0,0,0,0,1,high-risk country
P00098417,C0178,"Ferguson, White and Butler",Shanghai Mfg,XB,2740.62,3652.06,USD,2026-07-09 02:50:00.000000,2026-07-09,1,0,0,0,0,0,0,1,high-risk country
P00107166,C0178,"Ferguson, White and Butler",Shenzhen Sourcing,XB,2909.47,549.37,CNY,2026-09-03 06:51:00.000000,2026-09-03,1,0,0,0,0,0,0,1,high-risk country
P00063319,C0178,"Ferguson, White and Butler",US Inc,XB,2968.45,4001.35,USD,2025-11-06 14:06:00.000000,2025-11-06,1,0,0,0,0,0,0,1,high-risk country
P00019782,C0178,"Ferguson, White and Butler",India Services,XB,2982.17,48.14,INR,2024-12-26 06:29:00.000000,2024-12-26,1,0,0,0,0,0,0,1,high-risk country
P00102500,C0178,"Ferguson, White and Butler",US Inc,XB,3044.28,4063.53,USD,2026-08-04 13:05:00.000000,2026-08-04,1,0,0,0,0,0,0,1,high-risk country
P00053439,C0178,"Ferguson, White and Butler",Shanghai Mfg,XB,3148.98,587.16,CNY,2025-08-29 08:41:00.000000,2025-08-29,1,0,0,0,0,0,0,1,high-risk country
P00045280,C0178,"Ferguson, White and Butler",Germany GmbH,XB,3167.81,4602.19,EUR,2025-07-03 08:15:00.000000,2025-07-03,1,0,0,0,0,0,0,1,high-risk country
P00079713,C0178,"Ferguson, White and Butler",US Inc,XB,3231.38,4262.07,USD,2026-03-03 14:54:00.000000,2026-03-03,1,0,0,0,0,0,0,1,high-risk country
P00082729,C0178,"Ferguson, White and Butler",Netherlands BV,XB,3275.67,4314.03,USD,2026-03-24 14:01:00.000000,2026-03-24,1,0,0,0,1,0,0,2,"high-risk country, duplicate"
P00082730,C0178,"Ferguson, White and Butler",Netherlands BV,XB,3275.67,4314.03,USD,2026-03-24 14:06:00.000000,2026-03-24,1,0,0,0,1,0,0,2,"high-risk country, duplicate"
P00019382,C0178,"Ferguson, White and Butler",Shenzhen Sourcing,XB,3290.46,4486.36,USD,2024-12-24 02:37:00.000000,2024-12-24,1,0,0,0,0,0,0,1,high-risk country
P00069962,C0178,"Ferguson, White and Butler",Netherlands BV,XB,3309.51,4675.53,EUR,2025-12-23 09:33:00.000000,2025-12-23,1,0,0,0,0,0,0,1,high-risk country
P00057207,C0178,"Ferguson, White and Butler",Germany GmbH,XB,3400.2,4607.67,USD,2025-09-25 08:07:00.000000,2025-09-25,1,0,0,0,0,0,0,1,high-risk country
P00022623,C0178,"Ferguson, White and Butler",Shenzhen Sourcing,XB,3444.79,634.91,CNY,2025-01-16 06:34:00.000000,2025-01-16,1,0,0,0,0,0,0,1,high-risk country
P00049415,C0178,"Ferguson, White and Butler",US West Distribution,XB,3519.56,4702.21,USD,2025-07-31 13:38:00.000000,2025-07-31,1,0,0,0,0,0,0,1,high-risk country
P00087120,C0178,"Ferguson, White and Butler",Netherlands BV,XB,3639.91,4830.72,USD,2026-04-23 07:54:00.000000,2026-04-23,1,0,0,0,0,0,0,1,high-risk country
P00109324,C0178,"Ferguson, White and Butler",India Services,XB,3709.4,60.19,INR,2026-09-17 07:19:00.000000,2026-09-17,1,0,0,0,0,0,0,1,high-risk country
P00099283,C0178,"Ferguson, White and Butler",US West Distribution,XB,3791.47,5109.18,USD,2026-07-14 16:00:00.000000,2026-07-14,1,0,0,0,0,0,0,1,high-risk country
P00033530,C0178,"Ferguson, White and Butler",US West Distribution,XB,3930.0,5251.71,USD,2025-04-08 13:12:00.000000,2025-04-08,1,0,0,0,0,0,0,1,high-risk country
P00076369,C0178,"Ferguson, White and Butler",India Services,XB,4155.85,67.03,INR,2026-02-06 12:48:00.000000,2026-02-06,1,0,0,0,0,0,0,1,high-risk country
P00030123,C0178,"Ferguson, White and Butler",US Inc,XB,4163.77,5715.96,USD,2025-03-13 21:30:00.000000,2025-03-13,1,0,0,0,0,0,0,1,high-risk country
P00047985,C0178,"Ferguson, White and Butler",US West Distribution,XB,4344.32,5778.81,USD,2025-07-22 14:23:00.000000,2025-07-22,1,0,0,0,0,0,0,1,high-risk country
P00074330,C0178,"Ferguson, White and Butler",US Inc,XB,4394.59,5825.49,USD,2026-01-22 22:52:00.000000,2026-01-22,1,0,0,0,0,0,0,1,high-risk country
P00094994,C0178,"Ferguson, White and Butler",US Inc,XB,4418.11,5929.86,USD,2026-06-16 14:42:00.000000,2026-06-16,1,0,0,0,0,0,0,1,high-risk country
P00109404,C0178,"Ferguson, White and Butler",Germany GmbH,XB,4423.66,6039.32,USD,2026-09-17 08:54:00.000000,2026-09-17,1,0,0,0,0,0,0,1,high-risk country
P00017159,C0178,"Ferguson, White and Butler",Shanghai Mfg,XB,4452.78,816.53,CNY,2024-12-05 23:15:00.000000,2024-12-05,1,0,0,0,0,0,0,1,high-risk country
P00051966,C0178,"Ferguson, White and Butler",US Inc,XB,4482.36,6109.94,USD,2025-08-19 13:51:00.000000,2025-08-19,1,0,0,0,0,0,0,1,high-risk country
P00016929,C0178,"Ferguson, White and Butler",SG Operations,XB,4606.48,4606.48,SGD,2024-12-05 02:16:00.000000,2024-12-05,1,0,0,0,0,0,0,1,high-risk country
P00048971,C0178,"Ferguson, White and Butler",Shenzhen Sourcing,XB,4685.73,877.14,CNY,2025-07-29 12:01:00.000000,2025-07-29,1,0,0,0,0,0,0,1,high-risk country
P00037759,C0178,"Ferguson, White and Butler",US West Distribution,XB,4760.95,6456.12,USD,2025-05-08 16:43:00.000000,2025-05-08,1,0,0,0,1,0,0,2,"high-risk country, duplicate"
P00037760,C0178,"Ferguson, White and Butler",US West Distribution,XB,4760.95,6434.4,USD,2025-05-08 17:00:00.000000,2025-05-08,1,0,0,0,1,0,0,2,"high-risk country, duplicate"
P00050327,C0178,"Ferguson, White and Butler",UK Ltd,XB,4784.86,6402.38,USD,2025-08-07 09:54:00.000000,2025-08-07,1,0,0,0,0,0,0,1,high-risk country
P00095526,C0178,"Ferguson, White and Butler",India Services,XB,4833.92,78.58,INR,2026-06-19 10:45:00.000000,2026-06-19,1,0,0,0,0,0,0,1,high-risk country
P00059366,C0178,"Ferguson, White and Butler",US West Distribution,XB,4873.96,6619.37,USD,2025-10-09 14:42:00.000000,2025-10-09,1,0,0,0,0,0,0,1,high-risk country
P00053210,C0178,"Ferguson, White and Butler",Netherlands BV,XB,4939.2,6689.76,USD,2025-08-28 07:13:00.000000,2025-08-28,1,0,0,0,0,0,0,1,high-risk country
P00110490,C0178,"Ferguson, White and Butler",UK Ltd,XB,4944.22,6738.66,USD,2026-09-24 09:04:00.000000,2026-09-24,1,0,0,0,0,0,0,1,high-risk country
P00066355,C0178,"Ferguson, White and Butler",US Inc,XB,5000.0,6667.27,USD,2025-11-27 19:39:00.000000,2025-11-27,1,0,0,0,0,0,0,1,high-risk country
P00107774,C0178,"Ferguson, White and Butler",UK Ltd,XB,5000.0,8465.82,GBP,2026-09-08 07:06:00.000000,2026-09-08,1,0,0,0,0,0,0,1,high-risk country
P00024404,C0178,"Ferguson, White and Butler",US West Distribution,XB,5032.46,6904.69,USD,2025-01-30 14:29:00.000000,2025-01-30,1,0,0,0,0,0,0,1,high-risk country
P00046299,C0178,"Ferguson, White and Butler",US West Distribution,XB,5142.98,6810.77,USD,2025-07-10 13:25:00.000000,2025-07-10,1,0,0,0,0,0,0,1,high-risk country
P00032603,C0178,"Ferguson, White and Butler",Netherlands BV,XB,5299.32,7622.39,EUR,2025-04-01 15:00:00.000000,2025-04-01,1,0,0,0,0,0,0,1,high-risk country
P00099564,C0178,"Ferguson, White and Butler",Germany GmbH,XB,5332.62,7836.8,EUR,2026-07-16 07:52:00.000000,2026-07-16,1,0,0,0,0,0,0,1,high-risk country
P00067281,C0178,"Ferguson, White and Butler",UK Ltd,XB,5467.94,7185.14,USD,2025-12-04 10:42:00.000000,2025-12-04,1,0,0,0,0,0,0,1,high-risk country
P00084048,C0178,"Ferguson, White and Butler",Shenzhen Sourcing,XB,5475.58,7186.34,USD,2026-04-02 01:46:00.000000,2026-04-02,1,0,0,0,0,0,0,1,high-risk country
P00102943,C0178,"Ferguson, White and Butler",US West Distribution,XB,5492.48,7338.17,USD,2026-08-06 14:22:00.000000,2026-08-06,1,0,0,0,0,0,0,1,high-risk country
P00088316,C0178,"Ferguson, White and Butler",US Inc,XB,5590.21,7457.47,USD,2026-04-30 13:07:00.000000,2026-04-30,1,0,0,0,0,0,0,1,high-risk country
P00012307,C0178,"Ferguson, White and Butler",India Services,XB,5675.8,90.17,INR,2024-10-30 04:07:00.000000,2024-10-30,1,0,0,0,0,0,0,1,high-risk country
P00058169,C0178,"Ferguson, White and Butler",India Services,XB,5702.93,92.58,INR,2025-10-01 08:59:00.000000,2025-10-01,1,0,0,0,0,0,0,1,high-risk country
P00065976,C0178,"Ferguson, White and Butler",US West Distribution,XB,5739.84,7645.55,USD,2025-11-25 20:23:00.000000,2025-11-25,1,0,0,0,0,0,0,1,high-risk country
P00048811,C0178,"Ferguson, White and Butler",SG Operations,XB,5792.82,5792.82,SGD,2025-07-29 00:13:00.000000,2025-07-29,1,0,0,0,0,0,0,1,high-risk country
P00111153,C0178,"Ferguson, White and Butler",Shenzhen Sourcing,XB,5800.08,1081.91,CNY,2026-09-29 05:53:00.000000,2026-09-29,1,0,0,0,0,0,0,1,high-risk country
P00069355,C0178,"Ferguson, White and Butler",US Inc,XB,5803.52,7622.44,USD,2025-12-18 15:06:00.000000,2025-12-18,1,0,0,0,0,0,0,1,high-risk country
P00041288,C0178,"Ferguson, White and Butler",India Services,XB,5821.89,7612.42,USD,2025-06-05 03:30:00.000000,2025-06-05,1,0,0,0,0,0,0,1,high-risk country
P00077067,C0178,"Ferguson, White and Butler",SG Operations,XB,5824.6,5824.6,SGD,2026-02-12 02:11:00.000000,2026-02-12,1,0,0,0,0,0,0,1,high-risk country
P00078058,C0178,"Ferguson, White and Butler",US Inc,XB,5983.77,8024.13,USD,2026-02-19 19:37:00.000000,2026-02-19,1,0,0,0,0,0,0,1,high-risk country
P00048411,C0178,"Ferguson, White and Butler",US West Distribution,XB,6001.98,7974.82,USD,2025-07-24 14:44:00.000000,2025-07-24,1,0,0,0,0,0,0,1,high-risk country
P00082943,C0178,"Ferguson, White and Butler",Shanghai Mfg,XB,6023.11,7948.67,USD,2026-03-26 02:29:00.000000,2026-03-26,1,0,0,0,0,0,0,1,high-risk country
P00078651,C0178,"Ferguson, White and Butler",India Services,XB,6040.54,97.55,INR,2026-02-24 13:16:00.000000,2026-02-24,1,0,0,0,0,0,0,1,high-risk country
P00077660,C0178,"Ferguson, White and Butler",Netherlands BV,XB,6045.34,8017.48,USD,2026-02-17 08:02:00.000000,2026-02-17,1,0,0,0,0,0,0,1,high-risk country
P00040554,C0178,"Ferguson, White and Butler",US West Distribution,XB,6052.95,8040.39,USD,2025-05-29 13:43:00.000000,2025-05-29,1,0,0,0,0,0,0,1,high-risk country
P00094387,C0178,"Ferguson, White and Butler",US West Distribution,XB,6062.1,8122.93,USD,2026-06-11 14:49:00.000000,2026-06-11,1,0,0,0,0,0,0,1,high-risk country
P00105043,C0178,"Ferguson, White and Butler",US West Distribution,XB,6214.18,8368.83,USD,2026-08-20 14:07:00.000000,2026-08-20,1,0,0,0,0,0,0,1,high-risk country
P00031003,C0178,"Ferguson, White and Butler",UK Ltd,XB,6250.34,10708.23,GBP,2025-03-20 13:54:00.000000,2025-03-20,1,0,0,0,0,0,0,1,high-risk country
P00092331,C0178,"Ferguson, White and Butler",UK Ltd,XB,6355.82,11321.39,GBP,2026-05-28 15:15:00.000000,2026-05-28,1,0,0,0,0,0,0,1,high-risk country
P00061296,C0178,"Ferguson, White and Butler",Germany GmbH,XB,6360.66,8662.59,USD,2025-10-23 08:56:00.000000,2025-10-23,1,0,0,0,0,0,0,1,high-risk country
P00034509,C0178,"Ferguson, White and Butler",US West Distribution,XB,6362.58,8463.56,USD,2025-04-15 13:52:00.000000,2025-04-15,1,0,0,0,0,0,0,1,high-risk country
P00030989,C0178,"Ferguson, White and Butler",US West Distribution,XB,6437.38,8877.62,USD,2025-03-20 13:10:00.000000,2025-03-20,1,0,0,0,0,0,0,1,high-risk country
P00097042,C0178,"Ferguson, White and Butler",India Services,XB,6571.45,106.27,INR,2026-06-30 05:34:00.000000,2026-06-30,1,0,0,0,0,0,0,1,high-risk country
P00098666,C0178,"Ferguson, White and Butler",Shanghai Mfg,XB,6602.0,1229.61,CNY,2026-07-10 04:53:00.000000,2026-07-10,1,0,0,0,0,0,0,1,high-risk country
P00029679,C0178,"Ferguson, White and Butler",Netherlands BV,XB,6695.66,9206.85,USD,2025-03-11 09:55:00.000000,2025-03-11,1,0,0,0,0,0,0,1,high-risk country
P00020467,C0178,"Ferguson, White and Butler",India Services,XB,6798.07,109.97,INR,2025-01-01 11:34:00.000000,2025-01-01,1,0,0,0,0,0,0,1,high-risk country
P00085829,C0178,"Ferguson, White and Butler",US West Distribution,XB,6808.82,9011.45,USD,2026-04-14 13:56:00.000000,2026-04-14,1,0,0,0,0,0,0,1,high-risk country
P00061838,C0178,"Ferguson, White and Butler",Shanghai Mfg,XB,6824.69,9249.32,USD,2025-10-28 02:28:00.000000,2025-10-28,1,0,0,0,0,0,0,1,high-risk country
P00026376,C0178,"Ferguson, White and Butler",US Inc,XB,7058.5,9816.76,USD,2025-02-13 14:35:00.000000,2025-02-13,1,0,0,0,0,0,0,1,high-risk country
P00075727,C0178,"Ferguson, White and Butler",India Services,XB,7096.28,114.53,INR,2026-02-03 08:24:00.000000,2026-02-03,1,0,0,0,0,0,0,1,high-risk country
P00056861,C0178,"Ferguson, White and Butler",UK Ltd,XB,7153.35,9654.55,USD,2025-09-23 08:07:00.000000,2025-09-23,1,0,0,0,0,0,0,1,high-risk country
P00044490,C0178,"Ferguson, White and Butler",Shanghai Mfg,XB,7169.06,9509.8,USD,2025-06-28 05:59:00.000000,2025-06-28,1,0,0,0,0,0,0,1,high-risk country
P00064271,C0178,"Ferguson, White and Butler",US Inc,XB,7184.66,9546.37,USD,2025-11-13 14:47:00.000000,2025-11-13,1,0,0,0,0,0,0,1,high-risk country
P00081202,C0178,"Ferguson, White and Butler",US West Distribution,XB,7219.23,9393.08,USD,2026-03-12 14:53:00.000000,2026-03-12,1,0,0,0,0,0,0,1,high-risk country
P00025303,C0178,"Ferguson, White and Butler",Germany Sales Office,XB,7274.16,10069.02,USD,2025-02-06 09:10:00.000000,2025-02-06,1,0,0,0,0,0,0,1,high-risk country
P00025412,C0178,"Ferguson, White and Butler",US West Distribution,XB,7304.32,10150.02,USD,2025-02-06 15:47:00.000000,2025-02-06,1,0,0,0,0,0,0,1,high-risk country
P00082950,C0178,"Ferguson, White and Butler",Shanghai Mfg,XB,7700.67,10162.54,USD,2026-03-26 02:33:00.000000,2026-03-26,1,0,0,0,0,0,0,1,high-risk country
P00078971,C0178,"Ferguson, White and Butler",India Services,XB,7773.6,125.79,INR,2026-02-26 08:30:00.000000,2026-02-26,1,0,0,0,0,0,0,1,high-risk country
P00013516,C0178,"Ferguson, White and Butler",US Inc,XB,7780.97,10601.52,USD,2024-11-07 15:32:00.000000,2024-11-07,1,0,0,0,0,0,0,1,high-risk country
P00011512,C0178,"Ferguson, White and Butler",Netherlands BV,XB,8058.2,10905.43,USD,2024-10-24 08:19:00.000000,2024-10-24,1,0,0,0,0,0,0,1,high-risk country
P00045355,C0178,"Ferguson, White and Butler",US West Distribution,XB,8167.97,10754.54,USD,2025-07-03 13:23:00.000000,2025-07-03,1,0,0,0,0,0,0,1,high-risk country
P00039184,C0178,"Ferguson, White and Butler",US Inc,XB,8275.67,11150.91,USD,2025-05-20 14:31:00.000000,2025-05-20,1,0,0,0,0,0,0,1,high-risk country
P00058412,C0178,"Ferguson, White and Butler",US West Distribution,XB,8294.47,11220.54,USD,2025-10-02 13:46:00.000000,2025-10-02,1,0,0,0,0,0,0,1,high-risk country
P00061999,C0178,"Ferguson, White and Butler",India Services,XB,8333.54,133.95,INR,2025-10-28 13:12:00.000000,2025-10-28,1,0,0,0,0,0,0,1,high-risk country
P00073220,C0178,"Ferguson, White and Butler",Netherlands BV,XB,8561.42,12199.3,EUR,2026-01-15 07:54:00.000000,2026-01-15,1,0,0,0,0,0,0,1,high-risk country
P00080985,C0178,"Ferguson, White and Butler",Shanghai Mfg,XB,8789.78,11435.19,USD,2026-03-12 02:29:00.000000,2026-03-12,1,0,0,0,0,0,0,1,high-risk country
P00058288,C0178,"Ferguson, White and Butler",Germany Sales Office,XB,8953.93,13090.21,EUR,2025-10-02 07:19:00.000000,2025-10-02,1,0,0,0,0,0,0,1,high-risk country
P00018990,C0178,"Ferguson, White and Butler",US West Distribution,XB,9125.26,12453.27,USD,2024-12-19 15:51:00.000000,2024-12-19,1,0,0,0,0,0,0,1,high-risk country
P00098628,C0178,"Ferguson, White and Butler",US West Distribution,XB,9245.71,12320.53,USD,2026-07-09 18:04:00.000000,2026-07-09,1,0,0,0,0,0,0,1,high-risk country
P00107248,C0178,"Ferguson, White and Butler",Netherlands BV,XB,9552.53,13020.67,USD,2026-09-03 08:39:00.000000,2026-09-03,1,0,0,0,0,0,0,1,high-risk country
P00061329,C0178,"Ferguson, White and Butler",US West Distribution,XB,9660.56,13156.73,USD,2025-10-23 13:20:00.000000,2025-10-23,1,0,0,0,0,0,0,1,high-risk country
P00043192,C0178,"Ferguson, White and Butler",Germany GmbH,XB,9704.98,12796.34,USD,2025-06-19 01:05:00.000000,2025-06-19,1,0,0,0,0,0,1,2,"high-risk country, off-hours"
P00012085,C0178,"Ferguson, White and Butler",India Services,XB,10210.1,13863.46,USD,2024-10-29 04:34:00.000000,2024-10-29,1,0,0,0,0,0,0,1,high-risk country
P00108254,C0178,"Ferguson, White and Butler",Germany Sales Office,XB,10334.03,14073.35,USD,2026-09-10 08:31:00.000000,2026-09-10,1,0,0,0,0,0,0,1,high-risk country
P00011235,C0178,"Ferguson, White and Butler",US Inc,XB,10397.36,13991.49,USD,2024-10-22 14:30:00.000000,2024-10-22,1,0,0,0,0,0,0,1,high-risk country
P00080077,C0178,"Ferguson, White and Butler",UK Ltd,XB,10937.34,14420.04,USD,2026-03-05 10:38:00.000000,2026-03-05,1,0,0,0,0,0,0,1,high-risk country
P00043016,C0178,"Ferguson, White and Butler",US Inc,XB,11422.49,15118.78,USD,2025-06-17 14:05:00.000000,2025-06-17,1,0,0,0,0,0,0,1,high-risk country
P00021809,C0178,"Ferguson, White and Butler",US West Distribution,XB,11447.49,15760.6,USD,2025-01-09 15:57:00.000000,2025-01-09,1,0,0,0,0,0,0,1,high-risk country
P00084757,C0178,"Ferguson, White and Butler",Germany Sales Office,XB,11874.82,17117.17,EUR,2026-04-07 15:36:00.000000,2026-04-07,1,0,0,0,0,0,0,1,high-risk country
P00015894,C0178,"Ferguson, White and Butler",US West Distribution,XB,12143.58,16452.96,USD,2024-11-26 15:14:00.000000,2024-11-26,1,0,0,0,0,0,0,1,high-risk country
P00087230,C0178,"Ferguson, White and Butler",US West Distribution,XB,12457.31,16561.42,USD,2026-04-23 13:34:00.000000,2026-04-23,1,0,0,0,0,0,0,1,high-risk country
P00046920,C0178,"Ferguson, White and Butler",US Inc,XB,12489.02,16646.08,USD,2025-07-15 16:41:00.000000,2025-07-15,1,0,0,0,0,0,0,1,high-risk country
P00044236,C0178,"Ferguson, White and Butler",Netherlands BV,XB,13055.11,17316.26,USD,2025-06-26 07:12:00.000000,2025-06-26,1,0,0,0,0,0,0,1,high-risk country
P00009761,C0178,"Ferguson, White and Butler",Germany GmbH,XB,13257.57,17633.47,USD,2024-10-10 08:06:00.000000,2024-10-10,1,0,0,0,0,0,0,1,high-risk country
P00044335,C0178,"Ferguson, White and Butler",US West Distribution,XB,13278.75,17614.34,USD,2025-06-26 13:01:00.000000,2025-06-26,1,0,0,0,0,0,0,1,high-risk country
P00011389,C0178,"Ferguson, White and Butler",SG Operations,XB,13349.05,18065.71,USD,2024-10-24 01:38:00.000000,2024-10-24,1,0,1,0,0,0,0,2,"high-risk country, structuring"
P00078822,C0178,"Ferguson, White and Butler",SG Operations,XB,13594.86,13594.86,SGD,2026-02-26 00:34:00.000000,2026-02-26,1,0,0,0,0,0,0,1,high-risk country
P00060336,C0178,"Ferguson, White and Butler",US Inc,XB,13599.48,18489.28,USD,2025-10-16 13:28:00.000000,2025-10-16,1,0,1,0,0,0,0,2,"high-risk country, structuring"
P00010735,C0178,"Ferguson, White and Butler",Germany Sales Office,XB,13693.82,20619.76,EUR,2024-10-17 15:49:00.000000,2024-10-17,1,0,0,0,0,0,0,1,high-risk country
P00102506,C0178,"Ferguson, White and Butler",US Inc,XB,13756.3,18362.03,USD,2026-08-04 13:22:00.000000,2026-08-04,1,0,1,0,0,0,0,2,"high-risk country, structuring"
P00107427,C0178,"Ferguson, White and Butler",US Inc,XB,13768.78,18723.35,USD,2026-09-04 13:43:00.000000,2026-09-04,1,0,1,0,0,0,0,2,"high-risk country, structuring"
P00107451,C0178,"Ferguson, White and Butler",US Inc,XB,13787.73,18686.33,USD,2026-09-05 14:41:00.000000,2026-09-05,1,0,1,0,0,0,0,2,"high-risk country, structuring"
P00037707,C0178,"Ferguson, White and Butler",UK Ltd,XB,13812.05,18666.93,USD,2025-05-08 09:55:00.000000,2025-05-08,1,0,1,0,0,0,0,2,"high-risk country, structuring"
P00107340,C0178,"Ferguson, White and Butler",US Inc,XB,14057.58,19116.07,USD,2026-09-03 16:07:00.000000,2026-09-03,1,0,1,0,0,0,0,2,"high-risk country, structuring"
P00046272,C0178,"Ferguson, White and Butler",India Services,XB,14202.8,228.4,INR,2025-07-10 10:19:00.000000,2025-07-10,1,0,0,0,0,0,0,1,high-risk country
P00064297,C0178,"Ferguson, White and Butler",US Inc,XB,14355.26,19050.0,USD,2025-11-13 15:55:00.000000,2025-11-13,1,0,1,0,0,0,0,2,"high-risk country, structuring"
P00085188,C0178,"Ferguson, White and Butler",US West Distribution,XB,14403.92,18920.83,USD,2026-04-09 14:03:00.000000,2026-04-09,1,0,1,0,0,0,0,2,"high-risk country, structuring"
P00082098,C0178,"Ferguson, White and Butler",Germany GmbH,XB,14468.13,19036.56,USD,2026-03-19 09:26:00.000000,2026-03-19,1,0,1,0,0,0,0,2,"high-risk country, structuring"
P00041221,C0178,"Ferguson, White and Butler",Shenzhen Sourcing,XB,14562.89,19041.72,USD,2025-06-05 01:12:00.000000,2025-06-05,1,0,1,0,0,0,0,2,"high-risk country, structuring"
P00038491,C0178,"Ferguson, White and Butler",India Services,XB,14607.77,19831.79,USD,2025-05-15 04:20:00.000000,2025-05-15,1,0,1,0,0,0,0,2,"high-risk country, structuring"
P00078012,C0178,"Ferguson, White and Butler",US West Distribution,XB,14670.62,19673.04,USD,2026-02-19 14:19:00.000000,2026-02-19,1,0,1,0,0,0,0,2,"high-risk country, structuring"
P00101783,C0178,"Ferguson, White and Butler",Netherlands BV,XB,14672.44,21366.07,EUR,2026-07-30 10:17:00.000000,2026-07-30,1,0,0,0,0,0,0,1,high-risk country
P00082162,C0178,"Ferguson, White and Butler",US West Distribution,XB,14840.04,19500.98,USD,2026-03-19 13:32:00.000000,2026-03-19,1,0,1,0,0,0,0,2,"high-risk country, structuring"
P00102927,C0178,"Ferguson, White and Butler",US West Distribution,XB,14932.97,19968.49,USD,2026-08-06 13:38:00.000000,2026-08-06,1,0,1,0,0,0,0,2,"high-risk country, structuring"
P00069896,C0178,"Ferguson, White and Butler",Germany GmbH,XB,15066.92,19584.77,USD,2025-12-23 08:29:00.000000,2025-12-23,1,0,1,0,0,0,0,2,"high-risk country, structuring"
P00047361,C0178,"Ferguson, White and Butler",US West Distribution,XB,15504.24,20647.17,USD,2025-07-17 14:16:00.000000,2025-07-17,1,0,0,0,0,0,0,1,high-risk country
P00062949,C0178,"Ferguson, White and Butler",Netherlands BV,XB,15581.34,21124.7,USD,2025-11-04 09:34:00.000000,2025-11-04,1,0,0,0,0,0,0,1,high-risk country
P00040051,C0178,"Ferguson, White and Butler",Netherlands BV,XB,15722.3,20983.61,USD,2025-05-27 07:12:00.000000,2025-05-27,1,0,0,0,0,0,0,1,high-risk country
P00024322,C0178,"Ferguson, White and Butler",Netherlands BV,XB,15729.93,21581.94,USD,2025-01-30 08:32:00.000000,2025-01-30,1,0,0,0,0,0,0,1,high-risk country
P00013942,C0178,"Ferguson, White and Butler",SG Operations,XB,16066.79,16066.79,SGD,2024-11-12 08:49:00.000000,2024-11-12,1,0,0,0,0,0,0,1,high-risk country
P00102929,C0178,"Ferguson, White and Butler",US Inc,XB,16221.59,21691.64,USD,2026-08-06 13:44:00.000000,2026-08-06,1,0,0,0,0,0,0,1,high-risk country
P00060437,C0178,"Ferguson, White and Butler",India Services,XB,16234.55,261.59,INR,2025-10-17 07:04:00.000000,2025-10-17,1,0,0,0,0,0,0,1,high-risk country
P00042224,C0178,"Ferguson, White and Butler",SG Operations,XB,16600.53,16600.53,SGD,2025-06-12 04:53:00.000000,2025-06-12,1,0,0,0,0,0,0,1,high-risk country
P00034919,C0178,"Ferguson, White and Butler",US West Distribution,XB,16603.97,22117.19,USD,2025-04-17 14:51:00.000000,2025-04-17,1,0,0,0,0,0,0,1,high-risk country
P00044828,C0178,"Ferguson, White and Butler",SG Operations,XB,16967.16,16967.16,SGD,2025-07-01 03:40:00.000000,2025-07-01,1,0,0,0,0,0,0,1,high-risk country
P00061979,C0178,"Ferguson, White and Butler",Germany Sales Office,XB,17090.16,24316.14,EUR,2025-10-28 11:03:00.000000,2025-10-28,1,0,0,0,0,0,0,1,high-risk country
P00085016,C0178,"Ferguson, White and Butler",India Services,XB,17128.67,22500.03,USD,2026-04-09 03:37:00.000000,2026-04-09,1,0,0,0,0,0,0,1,high-risk country
P00056221,C0178,"Ferguson, White and Butler",India Services,XB,17345.82,23497.25,USD,2025-09-18 03:42:00.000000,2025-09-18,1,0,0,0,0,0,0,1,high-risk country
P00067821,C0178,"Ferguson, White and Butler",India Services,XB,17597.07,281.43,INR,2025-12-09 08:49:00.000000,2025-12-09,1,0,0,0,0,0,0,1,high-risk country
P00045000,C0178,"Ferguson, White and Butler",US Inc,XB,17647.39,23351.63,USD,2025-07-01 14:53:00.000000,2025-07-01,1,0,0,0,0,0,0,1,high-risk country
P00031763,C0178,"Ferguson, White and Butler",Shanghai Mfg,XB,18279.23,24642.27,USD,2025-03-27 01:37:00.000000,2025-03-27,1,0,0,0,0,0,0,1,high-risk country
P00042365,C0178,"Ferguson, White and Butler",US Inc,XB,18826.06,24971.7,USD,2025-06-12 13:57:00.000000,2025-06-12,1,0,0,0,0,0,0,1,high-risk country
P00106178,C0178,"Ferguson, White and Butler",US West Distribution,XB,18992.79,25608.64,USD,2026-08-27 14:09:00.000000,2026-08-27,1,0,0,0,0,0,0,1,high-risk country
P00011156,C0178,"Ferguson, White and Butler",Netherlands BV,XB,19071.67,25664.31,USD,2024-10-22 07:18:00.000000,2024-10-22,1,0,0,0,0,0,0,1,high-risk country
P00094237,C0178,"Ferguson, White and Butler",SG Operations,XB,19366.97,19366.97,SGD,2026-06-11 04:47:00.000000,2026-06-11,1,0,1,0,0,0,0,2,"high-risk country, structuring"
P00050372,C0178,"Ferguson, White and Butler",US West Distribution,XB,19541.35,26312.41,USD,2025-08-07 13:59:00.000000,2025-08-07,1,0,0,0,0,0,0,1,high-risk country
P00088189,C0178,"Ferguson, White and Butler",Shenzhen Sourcing,XB,19818.26,3703.46,CNY,2026-04-30 04:54:00.000000,2026-04-30,1,0,0,0,0,0,0,1,high-risk country
P00053242,C0178,"Ferguson, White and Butler",Netherlands BV,XB,20000.0,29592.28,EUR,2025-08-28 07:58:00.000000,2025-08-28,1,1,0,0,0,0,0,2,"high-risk country, round amount"
P00098556,C0178,"Ferguson, White and Butler",Germany Sales Office,XB,20101.08,29366.11,EUR,2026-07-09 11:14:00.000000,2026-07-09,1,0,0,0,0,0,0,1,high-risk country
P00106529,C0178,"Ferguson, White and Butler",India Services,XB,20141.86,327.97,INR,2026-08-31 10:27:00.000000,2026-08-31,1,0,0,0,0,0,0,1,high-risk country
P00105781,C0178,"Ferguson, White and Butler",Shenzhen Sourcing,XB,20291.35,27359.54,USD,2026-08-26 01:15:00.000000,2026-08-26,1,0,0,0,0,0,0,1,high-risk country
P00072149,C0178,"Ferguson, White and Butler",Germany Sales Office,XB,20305.33,26767.72,USD,2026-01-08 08:09:00.000000,2026-01-08,1,0,0,0,0,0,0,1,high-risk country
P00036514,C0178,"Ferguson, White and Butler",Germany GmbH,XB,20579.37,27882.17,USD,2025-04-29 08:01:00.000000,2025-04-29,1,0,0,0,0,0,0,1,high-risk country
P00062399,C0178,"Ferguson, White and Butler",US West Distribution,XB,21234.14,28888.47,USD,2025-10-30 12:01:00.000000,2025-10-30,1,0,0,0,0,0,0,1,high-risk country
P00065269,C0178,"Ferguson, White and Butler",UK Ltd,XB,21634.41,37827.16,GBP,2025-11-20 11:14:00.000000,2025-11-20,1,0,0,0,0,0,0,1,high-risk country
P00047313,C0178,"Ferguson, White and Butler",Germany GmbH,XB,21759.63,32033.42,EUR,2025-07-17 11:08:00.000000,2025-07-17,1,0,0,0,0,0,0,1,high-risk country
P00097196,C0178,"Ferguson, White and Butler",US West Distribution,XB,21911.9,29170.57,USD,2026-06-30 14:36:00.000000,2026-06-30,1,0,0,0,0,0,0,1,high-risk country
P00093310,C0178,"Ferguson, White and Butler",US West Distribution,XB,21936.54,29433.59,USD,2026-06-04 13:47:00.000000,2026-06-04,1,0,0,0,0,0,0,1,high-risk country
P00105203,C0178,"Ferguson, White and Butler",US Inc,XB,22156.17,29785.54,USD,2026-08-21 19:01:00.000000,2026-08-21,1,0,0,0,0,0,0,1,high-risk country
P00079039,C0178,"Ferguson, White and Butler",UK Ltd,XB,22346.47,29401.18,USD,2026-02-26 10:22:00.000000,2026-02-26,1,0,0,0,0,0,0,1,high-risk country
P00071185,C0178,"Ferguson, White and Butler",India Services,XB,22446.4,358.81,INR,2025-12-31 06:57:00.000000,2025-12-31,1,0,0,0,0,0,0,1,high-risk country
P00009412,C0178,"Ferguson, White and Butler",Netherlands BV,XB,22746.29,30328.54,USD,2024-10-08 08:09:00.000000,2024-10-08,1,0,0,0,0,0,0,1,high-risk country
P00088958,C0178,"Ferguson, White and Butler",US West Distribution,XB,22772.66,30417.12,USD,2026-05-06 15:48:00.000000,2026-05-06,1,0,0,0,0,0,0,1,high-risk country
P00036624,C0178,"Ferguson, White and Butler",US West Distribution,XB,23085.65,31204.78,USD,2025-04-29 14:19:00.000000,2025-04-29,1,0,0,0,0,0,0,1,high-risk country
P00017988,C0178,"Ferguson, White and Butler",Netherlands BV,XB,23126.14,31579.04,USD,2024-12-12 08:56:00.000000,2024-12-12,1,0,0,0,0,0,0,1,high-risk country
P00013105,C0178,"Ferguson, White and Butler",US Inc,XB,23207.03,31695.0,USD,2024-11-05 14:26:00.000000,2024-11-05,1,0,0,0,0,0,0,1,high-risk country
P00043033,C0178,"Ferguson, White and Butler",US Inc,XB,23376.28,30940.8,USD,2025-06-17 14:36:00.000000,2025-06-17,1,0,0,0,0,0,0,1,high-risk country
P00058499,C0178,"Ferguson, White and Butler",Netherlands BV,XB,23621.23,32002.49,USD,2025-10-03 10:57:00.000000,2025-10-03,1,0,0,0,0,0,0,1,high-risk country
P00017960,C0178,"Ferguson, White and Butler",SG Operations,XB,25000.0,25000.0,SGD,2024-12-12 08:21:00.000000,2024-12-12,1,1,0,0,0,0,0,2,"high-risk country, round amount"
P00014580,C0178,"Ferguson, White and Butler",India Services,XB,25935.12,413.2,INR,2024-11-18 06:56:00.000000,2024-11-18,1,0,0,0,0,0,0,1,high-risk country
P00075208,C0178,"Ferguson, White and Butler",UK Ltd,XB,26144.7,46066.8,GBP,2026-01-29 14:49:00.000000,2026-01-29,1,0,0,0,0,0,0,1,high-risk country
P00058246,C0178,"Ferguson, White and Butler",Group Treasury HQ,XB,27110.11,36818.43,USD,2025-10-02 02:25:00.000000,2025-10-02,1,0,0,0,0,0,0,1,high-risk country
P00055227,C0178,"Ferguson, White and Butler",SG Operations,XB,27371.45,27371.45,SGD,2025-09-11 06:52:00.000000,2025-09-11,1,0,0,0,0,0,0,1,high-risk country
P00111279,C0178,"Ferguson, White and Butler",US West Distribution,XB,28062.98,38395.71,USD,2026-09-29 14:49:00.000000,2026-09-29,1,0,0,0,0,0,0,1,high-risk country
P00109387,C0178,"Ferguson, White and Butler",UK Ltd,XB,28248.07,38565.14,USD,2026-09-17 08:30:00.000000,2026-09-17,1,0,0,0,0,0,0,1,high-risk country
P00045831,C0178,"Ferguson, White and Butler",India Services,XB,28248.37,37379.43,USD,2025-07-08 05:07:00.000000,2025-07-08,1,0,0,0,0,0,0,1,high-risk country
P00049302,C0178,"Ferguson, White and Butler",Netherlands BV,XB,28393.63,37779.4,USD,2025-07-31 07:38:00.000000,2025-07-31,1,0,0,0,0,0,0,1,high-risk country
P00073285,C0178,"Ferguson, White and Butler",Germany GmbH,XB,28618.2,37973.6,USD,2026-01-15 09:33:00.000000,2026-01-15,1,0,0,0,0,0,0,1,high-risk country
P00048323,C0178,"Ferguson, White and Butler",Germany GmbH,XB,28650.11,38085.71,USD,2025-07-24 08:43:00.000000,2025-07-24,1,0,0,0,0,0,0,1,high-risk country
P00072107,C0178,"Ferguson, White and Butler",Group Treasury HQ,XB,29445.55,38816.92,USD,2026-01-08 02:56:00.000000,2026-01-08,1,0,0,0,0,0,0,1,high-risk country
P00039943,C0178,"Ferguson, White and Butler",Shanghai Mfg,XB,30432.53,40616.47,USD,2025-05-27 01:00:00.000000,2025-05-27,1,0,0,0,0,0,0,1,high-risk country
P00090484,C0178,"Ferguson, White and Butler",US West Distribution,XB,30952.03,41186.63,USD,2026-05-18 06:52:00.000000,2026-05-18,1,0,0,0,0,0,1,2,"high-risk country, off-hours"
P00058252,C0178,"Ferguson, White and Butler",Group Treasury HQ,XB,31124.19,42269.98,USD,2025-10-02 02:43:00.000000,2025-10-02,1,0,0,0,0,0,0,1,high-risk country
P00059119,C0178,"Ferguson, White and Butler",Shanghai Mfg,XB,31880.22,5936.1,CNY,2025-10-09 03:28:00.000000,2025-10-09,1,0,0,0,0,0,0,1,high-risk country
P00035698,C0178,"Ferguson, White and Butler",Netherlands BV,XB,32687.56,43863.67,USD,2025-04-24 07:22:00.000000,2025-04-24,1,0,0,0,0,0,0,1,high-risk country
P00032458,C0178,"Ferguson, White and Butler",US Inc,XB,32726.83,43896.17,USD,2025-04-01 05:08:00.000000,2025-04-01,1,0,0,0,0,0,1,2,"high-risk country, off-hours"
P00053754,C0178,"Ferguson, White and Butler",Shenzhen Sourcing,XB,33580.27,45619.84,USD,2025-09-02 00:51:00.000000,2025-09-02,1,0,0,0,0,0,0,1,high-risk country
P00046107,C0178,"Ferguson, White and Butler",Shanghai Mfg,XB,33594.02,44415.26,USD,2025-07-10 01:53:00.000000,2025-07-10,1,0,0,0,0,0,0,1,high-risk country
P00104837,C0178,"Ferguson, White and Butler",Shanghai Mfg,XB,33886.77,45636.36,USD,2026-08-20 02:15:00.000000,2026-08-20,1,0,0,0,0,0,0,1,high-risk country
P00031959,C0178,"Ferguson, White and Butler",US Inc,XB,34115.4,46028.4,USD,2025-03-27 13:25:00.000000,2025-03-27,1,0,0,0,0,0,0,1,high-risk country
P00044882,C0178,"Ferguson, White and Butler",Germany GmbH,XB,36082.97,47809.94,USD,2025-07-01 07:24:00.000000,2025-07-01,1,0,0,0,0,0,0,1,high-risk country
P00008950,C0178,"Ferguson, White and Butler",UK Ltd,XB,38352.45,51394.58,USD,2024-10-03 09:54:00.000000,2024-10-03,1,0,0,1,0,0,0,2,"high-risk country, new beneficiary"
P00106337,C0178,"Ferguson, White and Butler",US West Distribution,XB,40172.92,54646.62,USD,2026-08-29 19:15:00.000000,2026-08-29,1,0,0,0,0,0,0,1,high-risk country
P00100713,C0178,"Ferguson, White and Butler",US Inc,XB,41301.79,56181.38,USD,2026-07-23 13:46:00.000000,2026-07-23,1,0,0,0,0,0,0,1,high-risk country
P00026400,C0178,"Ferguson, White and Butler",US Inc,XB,41911.55,58289.37,USD,2025-02-13 15:27:00.000000,2025-02-13,1,0,0,0,0,0,0,1,high-risk country
P00091225,C0178,"Ferguson, White and Butler",UK Ltd,XB,42607.76,56602.7,USD,2026-05-21 09:58:00.000000,2026-05-21,1,0,0,0,0,0,0,1,high-risk country
P00035838,C0178,"Ferguson, White and Butler",US West Distribution,XB,43048.81,57991.53,USD,2025-04-24 14:26:00.000000,2025-04-24,1,0,0,0,0,0,0,1,high-risk country
P00102810,C0178,"Ferguson, White and Butler",Germany Sales Office,XB,43352.49,57971.3,USD,2026-08-06 07:04:00.000000,2026-08-06,1,0,0,0,0,0,0,1,high-risk country
P00100608,C0178,"Ferguson, White and Butler",Netherlands BV,XB,43505.56,59179.09,USD,2026-07-23 07:56:00.000000,2026-07-23,1,0,0,0,0,0,0,1,high-risk country
P00054945,C0178,"Ferguson, White and Butler",US West Distribution,XB,43771.91,59551.9,USD,2025-09-09 13:03:00.000000,2025-09-09,1,0,0,0,0,0,0,1,high-risk country
P00043989,C0178,"Ferguson, White and Butler",US West Distribution,XB,44220.87,58551.88,USD,2025-06-24 17:37:00.000000,2025-06-24,1,0,0,0,0,0,0,1,high-risk country
P00018603,C0178,"Ferguson, White and Butler",US West Distribution,XB,45146.97,61532.84,USD,2024-12-17 15:12:00.000000,2024-12-17,1,0,0,0,0,0,0,1,high-risk country
P00085841,C0178,"Ferguson, White and Butler",US West Distribution,XB,47388.83,62718.93,USD,2026-04-14 14:21:00.000000,2026-04-14,1,0,0,0,0,0,0,1,high-risk country
P00009171,C0178,"Ferguson, White and Butler",India Services,XB,50340.23,808.72,INR,2024-10-07 10:25:00.000000,2024-10-07,1,0,0,0,0,0,0,1,high-risk country
P00013628,C0178,"Ferguson, White and Butler",US West Distribution,XB,52343.17,70975.45,USD,2024-11-08 14:08:00.000000,2024-11-08,1,0,0,0,0,0,0,1,high-risk country
P00058464,C0178,"Ferguson, White and Butler",India Services,XB,52746.97,856.72,INR,2025-10-03 05:29:00.000000,2025-10-03,1,0,0,0,0,0,0,1,high-risk country
P00062010,C0178,"Ferguson, White and Butler",US Inc,XB,52841.94,71615.31,USD,2025-10-28 14:04:00.000000,2025-10-28,1,0,0,0,0,0,0,1,high-risk country
P00041456,C0178,"Ferguson, White and Butler",US West Distribution,XB,53542.39,70009.41,USD,2025-06-05 14:49:00.000000,2025-06-05,1,0,0,0,0,0,0,1,high-risk country
P00030082,C0178,"Ferguson, White and Butler",US Inc,XB,56171.47,77014.79,USD,2025-03-13 14:05:00.000000,2025-03-13,1,0,0,0,0,0,0,1,high-risk country
P00101930,C0178,"Ferguson, White and Butler",Shanghai Mfg,XB,59482.7,79452.89,USD,2026-07-31 08:17:00.000000,2026-07-31,1,0,0,0,0,0,0,1,high-risk country
P00083827,C0178,"Ferguson, White and Butler",UK Ltd,XB,60335.81,108982.4,GBP,2026-03-31 12:59:00.000000,2026-03-31,1,0,0,0,0,0,0,1,high-risk country
P00021698,C0178,"Ferguson, White and Butler",Shenzhen Sourcing,XB,62586.21,11448.02,CNY,2025-01-09 09:25:00.000000,2025-01-09,1,0,0,0,0,0,0,1,high-risk country
P00039453,C0178,"Ferguson, White and Butler",Germany GmbH,XB,70522.59,95060.85,USD,2025-05-22 07:28:00.000000,2025-05-22,1,0,0,0,0,0,0,1,high-risk country
P00036849,C0178,"Ferguson, White and Butler",US West Distribution,XB,72141.37,97314.88,USD,2025-05-01 13:52:00.000000,2025-05-01,1,0,0,0,0,0,0,1,high-risk country
P00101184,C0178,"Ferguson, White and Butler",UK Ltd,XB,72736.33,97458.46,USD,2026-07-28 02:08:00.000000,2026-07-28,1,0,0,0,0,0,1,2,"high-risk country, off-hours"
P00094324,C0178,"Ferguson, White and Butler",Shanghai Mfg,XB,73909.56,13857.23,CNY,2026-06-11 09:22:00.000000,2026-06-11,1,0,0,0,0,0,0,1,high-risk country
P00066108,C0178,"Ferguson, White and Butler",Shanghai Mfg,XB,83048.54,110741.41,USD,2025-11-27 01:26:00.000000,2025-11-27,1,0,0,0,0,0,0,1,high-risk country
P00110402,C0178,"Ferguson, White and Butler",Shenzhen Sourcing,XB,85456.53,15993.28,CNY,2026-09-24 04:39:00.000000,2026-09-24,1,0,0,0,0,0,0,1,high-risk country
P00108334,C0178,"Ferguson, White and Butler",US Inc,XB,85569.37,116532.22,USD,2026-09-10 13:50:00.000000,2026-09-10,1,0,0,0,0,0,0,1,high-risk country
P00061102,C0178,"Ferguson, White and Butler",Shenzhen Sourcing,XB,87049.55,118552.87,USD,2025-10-23 01:10:00.000000,2025-10-23,1,0,0,0,0,0,0,1,high-risk country
P00018708,C0178,"Ferguson, White and Butler",Netherlands BV,XB,87348.88,119210.17,USD,2024-12-18 16:46:00.000000,2024-12-18,1,0,0,0,0,0,0,1,high-risk country
P00030803,C0178,"Ferguson, White and Butler",Shanghai Mfg,XB,90124.92,124288.93,USD,2025-03-20 01:26:00.000000,2025-03-20,1,0,0,0,0,0,0,1,high-risk country
P00065917,C0178,"Ferguson, White and Butler",US West Distribution,XB,91732.21,122188.59,USD,2025-11-25 14:42:00.000000,2025-11-25,1,0,0,0,0,0,0,1,high-risk country
P00080039,C0178,"Ferguson, White and Butler",Germany GmbH,XB,93240.06,122929.84,USD,2026-03-05 09:14:00.000000,2026-03-05,1,0,0,0,0,0,0,1,high-risk country
P00091277,C0178,"Ferguson, White and Butler",US Inc,XB,95438.55,126594.08,USD,2026-05-21 14:50:00.000000,2026-05-21,1,0,0,0,0,0,0,1,high-risk country
P00099584,C0178,"Ferguson, White and Butler",Germany GmbH,XB,107170.5,144417.07,USD,2026-07-16 08:19:00.000000,2026-07-16,1,0,0,0,0,0,0,1,high-risk country
P00089667,C0178,"Ferguson, White and Butler",SG Operations,XB,112855.98,149238.27,USD,2026-05-12 01:03:00.000000,2026-05-12,1,0,0,0,0,0,0,1,high-risk country
P00097581,C0178,"Ferguson, White and Butler",US West Distribution,XB,113590.89,151459.59,USD,2026-07-02 13:46:00.000000,2026-07-02,1,0,0,0,0,0,0,1,high-risk country
P00088090,C0178,"Ferguson, White and Butler",Shanghai Mfg,XB,114829.33,153184.97,USD,2026-04-30 01:36:00.000000,2026-04-30,1,0,0,0,0,0,0,1,high-risk country
P00065180,C0178,"Ferguson, White and Butler",Shenzhen Sourcing,XB,114969.87,21380.72,CNY,2025-11-20 07:01:00.000000,2025-11-20,1,0,0,0,0,0,0,1,high-risk country
P00040576,C0178,"Ferguson, White and Butler",US West Distribution,XB,115745.85,153750.07,USD,2025-05-29 14:30:00.000000,2025-05-29,1,0,0,0,0,0,0,1,high-risk country
P00059326,C0178,"Ferguson, White and Butler",Germany Sales Office,XB,120104.74,175254.43,EUR,2025-10-09 13:13:00.000000,2025-10-09,1,0,0,0,0,0,0,1,high-risk country
P00076970,C0178,"Ferguson, White and Butler",Shanghai Mfg,XB,120751.44,160515.01,USD,2026-02-12 01:03:00.000000,2026-02-12,1,0,0,0,0,0,0,1,high-risk country
P00029685,C0178,"Ferguson, White and Butler",UK Ltd,XB,121334.64,166840.95,USD,2025-03-11 10:38:00.000000,2025-03-11,1,0,0,0,0,0,0,1,high-risk country
P00056367,C0178,"Ferguson, White and Butler",US Inc,XB,126581.09,171471.17,USD,2025-09-18 14:30:00.000000,2025-09-18,1,0,0,0,0,0,0,1,high-risk country
P00087179,C0178,"Ferguson, White and Butler",UK Ltd,XB,140103.59,185939.18,USD,2026-04-23 09:06:00.000000,2026-04-23,1,0,0,0,0,0,0,1,high-risk country
P00049339,C0178,"Ferguson, White and Butler",Shenzhen Sourcing,XB,152006.54,28412.45,CNY,2025-07-31 08:23:00.000000,2025-07-31,1,0,0,0,0,0,0,1,high-risk country
P00084212,C0178,"Ferguson, White and Butler",Germany GmbH,XB,159994.47,209787.47,USD,2026-04-02 09:05:00.000000,2026-04-02,1,0,0,0,1,0,0,2,"high-risk country, duplicate"
P00084218,C0178,"Ferguson, White and Butler",Germany GmbH,XB,159994.47,209982.34,USD,2026-04-02 09:21:00.000000,2026-04-02,1,0,0,0,1,0,0,2,"high-risk country, duplicate"
P00082923,C0178,"Ferguson, White and Butler",SG Operations,XB,167617.54,222062.06,USD,2026-03-26 02:01:00.000000,2026-03-26,1,0,0,0,0,0,0,1,high-risk country
P00039963,C0178,"Ferguson, White and Butler",Shanghai Mfg,XB,184656.52,246449.98,USD,2025-05-27 01:52:00.000000,2025-05-27,1,0,0,0,0,0,0,1,high-risk country
P00107342,C0178,"Ferguson, White and Butler",US West Distribution,XB,190071.08,258466.45,USD,2026-09-03 16:51:00.000000,2026-09-03,1,0,0,0,0,0,0,1,high-risk country
P00109290,C0178,"Ferguson, White and Butler",Shanghai Mfg,XB,204814.7,38289.29,CNY,2026-09-17 04:26:00.000000,2026-09-17,1,0,0,0,0,0,0,1,high-risk country
P00085199,C0178,"Ferguson, White and Butler",US Inc,XB,219916.0,288879.24,USD,2026-04-09 14:27:00.000000,2026-04-09,1,0,0,0,0,0,0,1,high-risk country
P00093297,C0178,"Ferguson, White and Butler",US West Distribution,XB,236146.51,316852.18,USD,2026-06-04 13:24:00.000000,2026-06-04,1,0,0,0,0,0,0,1,high-risk country
P00025203,C0178,"Ferguson, White and Butler",Shenzhen Sourcing,XB,269677.63,49875.26,CNY,2025-02-06 02:18:00.000000,2025-02-06,1,0,0,0,0,0,0,1,high-risk country
P00067887,C0178,"Ferguson, White and Butler",US Inc,XB,276131.37,362871.69,USD,2025-12-09 15:39:00.000000,2025-12-09,1,0,0,0,0,0,0,1,high-risk country
P00058023,C0178,"Ferguson, White and Butler",UK Ltd,XB,295922.51,400269.23,USD,2025-09-30 09:00:00.000000,2025-09-30,1,0,0,0,0,0,0,1,high-risk country
P00066182,C0178,"Ferguson, White and Butler",Shenzhen Sourcing,XB,299496.43,55822.24,CNY,2025-11-27 04:32:00.000000,2025-11-27,1,0,0,0,0,0,0,1,high-risk country
P00045353,C0178,"Ferguson, White and Butler",US Inc,XB,372828.22,490892.48,USD,2025-07-03 13:20:00.000000,2025-07-03,1,0,0,0,0,0,0,1,high-risk country
P00054233,C0178,"Ferguson, White and Butler",India Services,XB,763107.02,12235.66,INR,2025-09-04 05:00:00.000000,2025-09-04,1,0,0,0,0,0,0,1,high-risk country
P00065939,C0179,Cook-Smith,Netherlands BV,XA,1245.92,1742.38,EUR,2025-11-25 15:32:00.000000,2025-11-25,1,0,0,0,0,0,0,1,high-risk country
P00087717,C0179,Cook-Smith,Germany GmbH,XA,2524.3,3685.6,EUR,2026-04-28 06:14:00.000000,2026-04-28,1,0,0,0,0,0,0,1,high-risk country
P00067280,C0179,Cook-Smith,UK Ltd,XA,5118.45,8914.8,GBP,2025-12-04 10:36:00.000000,2025-12-04,1,0,0,0,0,0,0,1,high-risk country
P00023672,C0179,Cook-Smith,US West Distribution,XA,5347.65,7357.96,USD,2025-01-23 15:29:00.000000,2025-01-23,1,0,0,0,0,0,0,1,high-risk country
P00031587,C0179,Cook-Smith,Germany GmbH,XA,5629.37,8116.39,EUR,2025-03-25 14:40:00.000000,2025-03-25,1,0,0,0,0,0,0,1,high-risk country
P00100673,C0179,Cook-Smith,Germany Sales Office,XA,6023.32,8794.88,EUR,2026-07-23 10:02:00.000000,2026-07-23,1,0,0,0,0,0,0,1,high-risk country
P00048398,C0179,Cook-Smith,UK Ltd,XA,7444.68,12408.0,GBP,2025-07-24 13:53:00.000000,2025-07-24,1,0,0,0,0,0,0,1,high-risk country
P00077296,C0179,Cook-Smith,UK Ltd,XA,7500.76,13373.83,GBP,2026-02-12 14:28:00.000000,2026-02-12,1,0,0,0,0,0,0,1,high-risk country
P00106099,C0179,Cook-Smith,UK Ltd,XA,7855.65,13273.37,GBP,2026-08-27 08:46:00.000000,2026-08-27,1,0,0,0,0,0,0,1,high-risk country
P00040599,C0179,Cook-Smith,US Inc,XA,8853.87,11589.01,USD,2025-05-29 18:25:00.000000,2025-05-29,1,0,0,0,0,0,0,1,high-risk country
P00018942,C0179,Cook-Smith,US West Distribution,XA,9478.6,12935.47,USD,2024-12-19 14:05:00.000000,2024-12-19,1,0,0,0,0,0,0,1,high-risk country
P00053302,C0179,Cook-Smith,UK Ltd,XA,10095.81,16954.56,GBP,2025-08-28 11:54:00.000000,2025-08-28,1,0,0,0,0,0,0,1,high-risk country
P00048363,C0179,Cook-Smith,Germany GmbH,XA,10102.08,14722.57,EUR,2025-07-24 11:31:00.000000,2025-07-24,1,0,0,0,0,0,0,1,high-risk country
P00099232,C0179,Cook-Smith,Netherlands BV,XA,10191.0,14807.18,EUR,2026-07-14 11:20:00.000000,2026-07-14,1,0,0,0,0,0,0,1,high-risk country
P00046919,C0179,Cook-Smith,US Inc,XA,10266.09,13637.74,USD,2025-07-15 16:40:00.000000,2025-07-15,1,0,0,0,0,0,0,1,high-risk country
P00046319,C0179,Cook-Smith,UK Ltd,XA,10420.07,17416.89,GBP,2025-07-10 14:19:00.000000,2025-07-10,1,0,0,0,0,0,0,1,high-risk country
P00024438,C0179,Cook-Smith,US Inc,XA,10900.37,14941.06,USD,2025-01-30 16:05:00.000000,2025-01-30,1,0,0,0,0,0,0,1,high-risk country
P00082191,C0179,Cook-Smith,Netherlands BV,XA,11362.34,16230.19,EUR,2026-03-19 14:42:00.000000,2026-03-19,1,0,0,0,0,0,0,1,high-risk country
P00064232,C0179,Cook-Smith,UK Ltd,XA,13817.65,24009.24,GBP,2025-11-13 10:17:00.000000,2025-11-13,1,0,0,0,0,0,0,1,high-risk country
P00087791,C0179,Cook-Smith,Netherlands BV,XA,13976.59,20406.51,EUR,2026-04-28 10:03:00.000000,2026-04-28,1,0,0,0,0,0,0,1,high-risk country
P00013094,C0179,Cook-Smith,Germany GmbH,XA,14227.86,20743.98,EUR,2024-11-05 13:13:00.000000,2024-11-05,1,0,0,0,0,0,0,1,high-risk country
P00017995,C0179,Cook-Smith,Germany GmbH,XA,16134.64,22784.08,EUR,2024-12-12 09:08:00.000000,2024-12-12,1,0,0,0,0,0,0,1,high-risk country
P00050985,C0179,Cook-Smith,US West Distribution,XA,16565.21,22389.01,USD,2025-08-12 18:04:00.000000,2025-08-12,1,0,0,0,0,0,0,1,high-risk country
P00081223,C0179,Cook-Smith,US Inc,XA,16788.13,21843.35,USD,2026-03-12 21:25:00.000000,2026-03-12,1,0,0,0,0,0,0,1,high-risk country
P00079116,C0179,Cook-Smith,US West Distribution,XA,19448.14,25587.86,USD,2026-02-26 17:03:00.000000,2026-02-26,1,0,0,0,0,0,0,1,high-risk country
P00064952,C0179,Cook-Smith,US West Distribution,XA,19770.59,26034.86,USD,2025-11-18 22:14:00.000000,2025-11-18,1,0,0,0,0,0,0,1,high-risk country
P00070016,C0179,Cook-Smith,US Inc,XA,21833.34,28380.11,USD,2025-12-23 13:01:00.000000,2025-12-23,1,0,0,0,0,0,0,1,high-risk country
P00052386,C0179,Cook-Smith,US West Distribution,XA,21853.64,29661.86,USD,2025-08-21 15:38:00.000000,2025-08-21,1,0,0,0,0,0,0,1,high-risk country
P00068821,C0179,Cook-Smith,Germany Sales Office,XA,24802.3,35205.05,EUR,2025-12-16 07:06:00.000000,2025-12-16,1,0,0,0,0,0,0,1,high-risk country
P00068322,C0179,Cook-Smith,US Inc,XA,27238.43,35509.87,USD,2025-12-11 21:49:00.000000,2025-12-11,1,0,0,0,0,0,0,1,high-risk country
P00060377,C0179,Cook-Smith,US West Distribution,XA,27621.83,37518.79,USD,2025-10-16 14:54:00.000000,2025-10-16,1,0,0,0,0,0,0,1,high-risk country
P00054135,C0179,Cook-Smith,Shanghai Mfg,XA,42344.82,7905.86,CNY,2025-09-04 00:10:00.000000,2025-09-04,1,0,0,0,0,0,0,1,high-risk country
P00008620,C0179,Cook-Smith,Shanghai Mfg,XA,64033.89,11835.51,CNY,2024-10-01 05:24:00.000000,2024-10-01,1,0,0,0,0,0,0,1,high-risk country
P00023085,C0179,Cook-Smith,Shenzhen Sourcing,XA,65602.56,12078.55,CNY,2025-01-21 02:10:00.000000,2025-01-21,1,0,0,0,0,0,0,1,high-risk country
P00066878,C0179,Cook-Smith,Shanghai Mfg,XA,78862.8,14658.07,CNY,2025-12-02 09:17:00.000000,2025-12-02,1,0,0,0,0,0,0,1,high-risk country
P00078944,C0179,Cook-Smith,Shanghai Mfg,XA,125862.29,23342.29,CNY,2026-02-26 07:24:00.000000,2026-02-26,1,0,0,0,0,0,0,1,high-risk country
P00045785,C0179,Cook-Smith,Shanghai Mfg,XA,142947.68,26795.69,CNY,2025-07-08 00:54:00.000000,2025-07-08,1,0,0,0,0,0,0,1,high-risk country
P00082619,C0179,Cook-Smith,India Services,XA,191771.99,3061.83,INR,2026-03-24 05:18:00.000000,2026-03-24,1,0,0,0,0,0,0,1,high-risk country
P00099423,C0179,Cook-Smith,Shanghai Mfg,XA,208561.42,38672.71,CNY,2026-07-16 00:48:00.000000,2026-07-16,1,0,0,0,0,0,0,1,high-risk country
P00090040,C0179,Cook-Smith,Shanghai Mfg,XA,545819.73,101776.28,CNY,2026-05-14 01:28:00.000000,2026-05-14,1,0,0,0,0,0,0,1,high-risk country
P00041892,C0179,Cook-Smith,India Services,XA,661807.9,10551.2,INR,2025-06-10 08:09:00.000000,2025-06-10,1,0,0,0,0,0,0,1,high-risk country
P00059221,C0179,Cook-Smith,India Services,XA,1114525.52,18150.05,INR,2025-10-09 07:50:00.000000,2025-10-09,1,0,1,0,0,0,0,2,"high-risk country, structuring"
P00008695,C0179,Cook-Smith,India Services,XA,4189104.41,66795.27,INR,2024-10-01 08:44:00.000000,2024-10-01,1,0,0,1,0,0,0,2,"high-risk country, new beneficiary"
P00071062,C0181,Textor Weiß GmbH & Co. OHG,Netherlands BV,DE,10.55,14.96,EUR,2025-12-30 14:36:00.000000,2025-12-30,0,0,0,0,0,1,0,1,burst
P00018048,C0181,Textor Weiß GmbH & Co. OHG,Germany GmbH,DE,18.84,26.52,EUR,2024-12-12 12:32:00.000000,2024-12-12,0,0,0,0,0,1,0,1,burst
P00071017,C0181,Textor Weiß GmbH & Co. OHG,UK Ltd,DE,26.12,44.13,GBP,2025-12-30 11:44:00.000000,2025-12-30,0,0,0,0,0,1,0,1,burst
P00095863,C0181,Textor Weiß GmbH & Co. OHG,Germany GmbH,DE,34.59,49.86,EUR,2026-06-22 21:40:00.000000,2026-06-22,0,0,0,0,0,0,1,1,off-hours
P00109314,C0181,Textor Weiß GmbH & Co. OHG,Germany GmbH,DE,45.66,65.94,EUR,2026-09-17 07:07:00.000000,2026-09-17,0,0,0,0,0,1,0,1,burst
P00025296,C0181,Textor Weiß GmbH & Co. OHG,Germany Sales Office,DE,46.46,66.7,EUR,2025-02-06 09:00:00.000000,2025-02-06,0,0,0,0,0,1,0,1,burst
P00017099,C0181,Textor Weiß GmbH & Co. OHG,Germany GmbH,DE,51.5,72.13,EUR,2024-12-05 13:33:00.000000,2024-12-05,0,0,0,0,0,1,0,1,burst
P00025362,C0181,Textor Weiß GmbH & Co. OHG,Germany GmbH,DE,60.72,87.17,EUR,2025-02-06 13:41:00.000000,2025-02-06,0,0,0,0,0,1,0,1,burst
P00026413,C0181,Textor Weiß GmbH & Co. OHG,Germany Sales Office,DE,61.15,87.99,EUR,2025-02-13 15:55:00.000000,2025-02-13,0,0,0,0,0,1,0,1,burst
P00043421,C0181,Textor Weiß GmbH & Co. OHG,Germany GmbH,DE,61.66,89.98,EUR,2025-06-19 21:22:00.000000,2025-06-19,0,0,0,0,0,0,1,1,off-hours
P00017156,C0181,Textor Weiß GmbH & Co. OHG,US Inc,DE,71.29,97.79,USD,2024-12-05 22:23:00.000000,2024-12-05,0,0,0,0,0,1,0,1,burst
P00074729,C0181,Textor Weiß GmbH & Co. OHG,Germany Sales Office,DE,72.43,103.49,EUR,2026-01-27 04:38:00.000000,2026-01-27,0,0,0,0,0,0,1,1,off-hours
P00025351,C0181,Textor Weiß GmbH & Co. OHG,Germany Sales Office,DE,79.44,114.05,EUR,2025-02-06 11:55:00.000000,2025-02-06,0,0,0,0,0,1,0,1,burst
P00104883,C0181,Textor Weiß GmbH & Co. OHG,Netherlands BV,DE,89.19,128.18,EUR,2026-08-20 04:29:00.000000,2026-08-20,0,0,0,0,0,0,1,1,off-hours
P00058916,C0181,Textor Weiß GmbH & Co. OHG,SG Operations,DE,92.91,92.91,SGD,2025-10-07 21:50:00.000000,2025-10-07,0,0,0,0,0,0,1,1,off-hours
P00012282,C0181,Textor Weiß GmbH & Co. OHG,Germany GmbH,DE,99.36,145.01,EUR,2024-10-29 21:09:00.000000,2024-10-29,0,0,0,0,0,0,1,1,off-hours
P00109501,C0181,Textor Weiß GmbH & Co. OHG,Germany Sales Office,DE,108.57,156.8,EUR,2026-09-17 15:53:00.000000,2026-09-17,0,0,0,0,0,1,0,1,burst
P00010814,C0181,Textor Weiß GmbH & Co. OHG,US Inc,DE,111.4,149.91,USD,2024-10-18 10:50:00.000000,2024-10-18,0,0,0,0,0,0,1,1,off-hours
P00026397,C0181,Textor Weiß GmbH & Co. OHG,Germany Sales Office,DE,140.48,202.13,EUR,2025-02-13 15:21:00.000000,2025-02-13,0,0,0,0,0,1,0,1,burst
P00095940,C0181,Textor Weiß GmbH & Co. OHG,Germany Sales Office,DE,145.98,210.43,EUR,2026-06-23 04:34:00.000000,2026-06-23,0,0,0,0,0,0,1,1,off-hours
P00018031,C0181,Textor Weiß GmbH & Co. OHG,Germany Sales Office,DE,154.52,217.52,EUR,2024-12-12 10:28:00.000000,2024-12-12,0,0,0,0,0,1,0,1,burst
P00082140,C0181,Textor Weiß GmbH & Co. OHG,Germany Sales Office,DE,169.38,241.69,EUR,2026-03-19 11:34:00.000000,2026-03-19,0,0,0,0,0,1,0,1,burst
P00109449,C0181,Textor Weiß GmbH & Co. OHG,Germany Sales Office,DE,196.96,284.45,EUR,2026-09-17 11:38:00.000000,2026-09-17,0,0,0,0,0,1,0,1,burst
P00082124,C0181,Textor Weiß GmbH & Co. OHG,Germany Sales Office,DE,219.47,313.16,EUR,2026-03-19 09:58:00.000000,2026-03-19,0,0,0,0,0,1,0,1,burst
P00078409,C0181,Textor Weiß GmbH & Co. OHG,Germany GmbH,DE,223.69,319.63,EUR,2026-02-24 01:39:00.000000,2026-02-24,0,0,0,0,0,0,1,1,off-hours
P00017097,C0181,Textor Weiß GmbH & Co. OHG,Germany GmbH,DE,227.55,318.69,EUR,2024-12-05 13:13:00.000000,2024-12-05,0,0,0,0,0,1,0,1,burst
P00026344,C0181,Textor Weiß GmbH & Co. OHG,Germany Sales Office,DE,233.75,336.33,EUR,2025-02-13 11:07:00.000000,2025-02-13,0,0,0,0,0,1,0,1,burst
P00109439,C0181,Textor Weiß GmbH & Co. OHG,Germany Sales Office,DE,252.86,365.19,EUR,2026-09-17 10:41:00.000000,2026-09-17,0,0,0,0,0,1,0,1,burst
P00071102,C0181,Textor Weiß GmbH & Co. OHG,Germany Sales Office,DE,311.54,441.76,EUR,2025-12-30 15:37:00.000000,2025-12-30,0,0,0,0,0,1,0,1,burst
P00018108,C0181,Textor Weiß GmbH & Co. OHG,US Inc,DE,330.67,453.96,USD,2024-12-12 20:08:00.000000,2024-12-12,0,0,0,0,0,1,0,1,burst
P00037194,C0181,Textor Weiß GmbH & Co. OHG,Germany Sales Office,DE,354.54,506.28,EUR,2025-05-06 02:34:00.000000,2025-05-06,0,0,0,0,0,0,1,1,off-hours
P00025382,C0181,Textor Weiß GmbH & Co. OHG,Germany Sales Office,DE,424.81,609.88,EUR,2025-02-06 14:39:00.000000,2025-02-06,0,0,0,0,0,1,0,1,burst
P00109447,C0181,Textor Weiß GmbH & Co. OHG,Germany Sales Office,DE,535.83,773.86,EUR,2026-09-17 11:33:00.000000,2026-09-17,0,0,0,0,0,1,0,1,burst
P00018028,C0181,Textor Weiß GmbH & Co. OHG,Germany GmbH,DE,616.49,867.83,EUR,2024-12-12 09:56:00.000000,2024-12-12,0,0,0,0,0,1,0,1,burst
P00071055,C0181,Textor Weiß GmbH & Co. OHG,Germany GmbH,DE,620.05,879.22,EUR,2025-12-30 14:27:00.000000,2025-12-30,0,0,0,0,0,1,0,1,burst
P00018016,C0181,Textor Weiß GmbH & Co. OHG,Germany Sales Office,DE,747.04,1052.33,EUR,2024-12-12 09:38:00.000000,2024-12-12,0,0,0,0,0,1,0,1,burst
P00109261,C0181,Textor Weiß GmbH & Co. OHG,SG Operations,DE,849.27,1222.02,EUR,2026-09-17 02:43:00.000000,2026-09-17,0,0,0,0,0,1,0,1,burst
P00094768,C0181,Textor Weiß GmbH & Co. OHG,Shanghai Mfg,DE,1306.46,243.35,CNY,2026-06-15 15:47:00.000000,2026-06-15,0,0,0,0,0,0,1,1,off-hours
P00025315,C0181,Textor Weiß GmbH & Co. OHG,Germany Sales Office,DE,1343.14,1937.57,EUR,2025-02-06 09:24:00.000000,2025-02-06,0,0,0,0,0,1,0,1,burst
P00044949,C0181,Textor Weiß GmbH & Co. OHG,UK Ltd,DE,1549.02,2262.47,EUR,2025-07-01 10:30:00.000000,2025-07-01,0,0,0,0,1,0,0,1,duplicate
P00044952,C0181,Textor Weiß GmbH & Co. OHG,UK Ltd,DE,1549.02,2262.47,EUR,2025-07-01 10:53:00.000000,2025-07-01,0,0,0,0,1,0,0,1,duplicate
P00082040,C0181,Textor Weiß GmbH & Co. OHG,Germany Sales Office,DE,2043.25,2918.62,EUR,2026-03-19 08:17:00.000000,2026-03-19,0,0,0,0,0,1,0,1,burst
P00102322,C0181,Textor Weiß GmbH & Co. OHG,Germany Sales Office,DE,2688.81,3877.4,EUR,2026-08-04 00:29:00.000000,2026-08-04,0,0,0,0,0,0,1,1,off-hours
P00070927,C0181,Textor Weiß GmbH & Co. OHG,Germany Sales Office,DE,2961.97,4201.76,EUR,2025-12-30 08:48:00.000000,2025-12-30,0,0,0,0,0,1,0,1,burst
P00044309,C0181,Textor Weiß GmbH & Co. OHG,Germany GmbH,DE,3126.66,4555.53,EUR,2025-06-26 09:42:00.000000,2025-06-26,0,0,0,0,1,0,0,1,duplicate
P00044310,C0181,Textor Weiß GmbH & Co. OHG,Germany GmbH,DE,3126.66,4555.53,EUR,2025-06-26 09:49:00.000000,2025-06-26,0,0,0,0,1,0,0,1,duplicate
P00026255,C0181,Textor Weiß GmbH & Co. OHG,Germany GmbH,DE,3390.71,4873.3,EUR,2025-02-13 08:45:00.000000,2025-02-13,0,0,0,0,0,1,0,1,burst
P00109429,C0181,Textor Weiß GmbH & Co. OHG,UK Ltd,DE,3519.33,5064.0,EUR,2026-09-17 09:35:00.000000,2026-09-17,0,0,0,0,0,1,0,1,burst
P00082055,C0181,Textor Weiß GmbH & Co. OHG,Germany Sales Office,DE,3577.76,5110.54,EUR,2026-03-19 08:36:00.000000,2026-03-19,0,0,0,0,0,1,0,1,burst
P00082094,C0181,Textor Weiß GmbH & Co. OHG,Germany Sales Office,DE,3678.21,5254.03,EUR,2026-03-19 09:17:00.000000,2026-03-19,0,0,0,0,0,1,0,1,burst
P00017949,C0181,Textor Weiß GmbH & Co. OHG,Germany Sales Office,DE,3893.58,5484.78,EUR,2024-12-12 08:07:00.000000,2024-12-12,0,0,0,0,0,1,0,1,burst
P00017081,C0181,Textor Weiß GmbH & Co. OHG,UK Ltd,DE,4248.12,5947.54,EUR,2024-12-05 10:42:00.000000,2024-12-05,0,0,0,0,0,1,0,1,burst
P00025314,C0181,Textor Weiß GmbH & Co. OHG,UK Ltd,DE,4255.7,6160.98,EUR,2025-02-06 09:23:00.000000,2025-02-06,0,0,0,0,0,1,0,1,burst
P00025330,C0181,Textor Weiß GmbH & Co. OHG,Germany GmbH,DE,4458.64,6431.88,EUR,2025-02-06 09:43:00.000000,2025-02-06,0,0,0,0,0,1,0,1,burst
P00017950,C0181,Textor Weiß GmbH & Co. OHG,Germany GmbH,DE,4494.51,6331.29,EUR,2024-12-12 08:10:00.000000,2024-12-12,0,0,0,0,0,1,0,1,burst
P00070973,C0181,Textor Weiß GmbH & Co. OHG,Germany GmbH,DE,4599.07,6524.1,EUR,2025-12-30 09:40:00.000000,2025-12-30,0,0,0,0,0,1,0,1,burst
P00025291,C0181,Textor Weiß GmbH & Co. OHG,Germany GmbH,DE,4706.39,6789.28,EUR,2025-02-06 08:44:00.000000,2025-02-06,0,0,0,0,0,1,0,1,burst
P00026910,C0181,Textor Weiß GmbH & Co. OHG,Germany Sales Office,DE,5041.9,7267.65,EUR,2025-02-18 10:22:00.000000,2025-02-18,0,0,0,0,1,0,0,1,duplicate
P00026912,C0181,Textor Weiß GmbH & Co. OHG,Germany Sales Office,DE,5041.9,7246.22,EUR,2025-02-18 10:26:00.000000,2025-02-18,0,0,0,0,1,0,0,1,duplicate
P00082090,C0181,Textor Weiß GmbH & Co. OHG,Germany Sales Office,DE,5138.41,7339.81,EUR,2026-03-19 09:15:00.000000,2026-03-19,0,0,0,0,0,1,0,1,burst
P00017007,C0181,Textor Weiß GmbH & Co. OHG,Germany GmbH,DE,5148.48,7223.68,EUR,2024-12-05 08:37:00.000000,2024-12-05,0,0,0,0,0,1,0,1,burst
P00017003,C0181,Textor Weiß GmbH & Co. OHG,Germany GmbH,DE,5194.4,7288.11,EUR,2024-12-05 08:29:00.000000,2024-12-05,0,0,0,0,0,1,0,1,burst
P00070877,C0181,Textor Weiß GmbH & Co. OHG,Germany Sales Office,DE,5226.18,7413.7,EUR,2025-12-30 08:00:00.000000,2025-12-30,0,0,0,0,0,1,0,1,burst
P00109361,C0181,Textor Weiß GmbH & Co. OHG,Germany GmbH,DE,5244.01,7538.95,EUR,2026-09-17 08:02:00.000000,2026-09-17,0,0,0,0,0,1,0,1,burst
P00017980,C0181,Textor Weiß GmbH & Co. OHG,Germany GmbH,DE,5405.31,7614.31,EUR,2024-12-12 08:46:00.000000,2024-12-12,0,0,0,0,0,1,0,1,burst
P00026312,C0181,Textor Weiß GmbH & Co. OHG,Germany Sales Office,DE,5529.7,7947.57,EUR,2025-02-13 09:55:00.000000,2025-02-13,0,0,0,0,0,1,0,1,burst
P00082088,C0181,Textor Weiß GmbH & Co. OHG,Germany Sales Office,DE,5641.84,8058.92,EUR,2026-03-19 09:13:00.000000,2026-03-19,0,0,0,0,0,1,0,1,burst
P00082065,C0181,Textor Weiß GmbH & Co. OHG,Germany Sales Office,DE,5751.01,8214.86,EUR,2026-03-19 08:45:00.000000,2026-03-19,0,0,0,0,0,1,0,1,burst
P00025328,C0181,Textor Weiß GmbH & Co. OHG,Germany Sales Office,DE,6143.52,8862.43,EUR,2025-02-06 09:40:00.000000,2025-02-06,0,0,0,0,0,1,0,1,burst
P00082082,C0181,Textor Weiß GmbH & Co. OHG,Germany Sales Office,DE,6158.87,8797.45,EUR,2026-03-19 09:07:00.000000,2026-03-19,0,0,0,0,0,1,0,1,burst
P00026291,C0181,Textor Weiß GmbH & Co. OHG,Germany GmbH,DE,6300.0,9054.69,EUR,2025-02-13 09:27:00.000000,2025-02-13,0,0,0,0,0,1,0,1,burst
P00025338,C0181,Textor Weiß GmbH & Co. OHG,Germany GmbH,DE,6764.5,9758.24,EUR,2025-02-06 09:57:00.000000,2025-02-06,0,0,0,0,0,1,0,1,burst
P00109410,C0181,Textor Weiß GmbH & Co. OHG,Germany GmbH,DE,7049.32,10134.32,EUR,2026-09-17 08:56:00.000000,2026-09-17,0,0,0,0,0,1,0,1,burst
P00082053,C0181,Textor Weiß GmbH & Co. OHG,Germany Sales Office,DE,7104.51,10148.22,EUR,2026-03-19 08:34:00.000000,2026-03-19,0,0,0,0,0,1,0,1,burst
P00071090,C0181,Textor Weiß GmbH & Co. OHG,US West Distribution,DE,7273.71,10318.26,EUR,2025-12-30 15:19:00.000000,2025-12-30,0,0,0,0,0,1,0,1,burst
P00082099,C0181,Textor Weiß GmbH & Co. OHG,Germany Sales Office,DE,7483.62,10689.75,EUR,2026-03-19 09:27:00.000000,2026-03-19,0,0,0,0,0,1,0,1,burst
P00064249,C0181,Textor Weiß GmbH & Co. OHG,Germany Sales Office,DE,7567.69,10803.24,EUR,2025-11-13 12:41:00.000000,2025-11-13,0,0,0,0,1,0,0,1,duplicate
P00064250,C0181,Textor Weiß GmbH & Co. OHG,Germany Sales Office,DE,7567.69,10786.24,EUR,2025-11-13 13:07:00.000000,2025-11-13,0,0,0,0,1,0,0,1,duplicate
P00070910,C0181,Textor Weiß GmbH & Co. OHG,Germany GmbH,DE,9289.64,13178.0,EUR,2025-12-30 08:35:00.000000,2025-12-30,0,0,0,0,0,1,0,1,burst
P00082037,C0181,Textor Weiß GmbH & Co. OHG,Germany Sales Office,DE,9340.46,13342.1,EUR,2026-03-19 08:09:00.000000,2026-03-19,0,0,0,0,0,1,0,1,burst
P00009822,C0181,Textor Weiß GmbH & Co. OHG,Germany Sales Office,DE,10000.0,15010.26,EUR,2024-10-10 12:35:00.000000,2024-10-10,0,1,0,0,0,0,0,1,round amount
P00024378,C0181,Textor Weiß GmbH & Co. OHG,Germany Sales Office,DE,10000.0,14465.12,EUR,2025-01-30 11:42:00.000000,2025-01-30,0,1,0,0,0,0,0,1,round amount
P00082074,C0181,Textor Weiß GmbH & Co. OHG,Germany GmbH,DE,10238.35,14624.66,EUR,2026-03-19 08:59:00.000000,2026-03-19,0,0,0,0,0,1,0,1,burst
P00036483,C0181,Textor Weiß GmbH & Co. OHG,Germany GmbH,DE,11245.54,16167.47,EUR,2025-04-29 07:15:00.000000,2025-04-29,0,0,0,0,1,0,0,1,duplicate
P00036490,C0181,Textor Weiß GmbH & Co. OHG,Germany GmbH,DE,11245.54,16167.47,EUR,2025-04-29 07:28:00.000000,2025-04-29,0,0,0,0,1,0,0,1,duplicate
P00025295,C0181,Textor Weiß GmbH & Co. OHG,Germany Sales Office,DE,11690.82,16864.78,EUR,2025-02-06 08:59:00.000000,2025-02-06,0,0,0,0,0,1,0,1,burst
P00026185,C0181,Textor Weiß GmbH & Co. OHG,SG Operations,DE,12059.06,17396.71,EUR,2025-02-13 02:54:00.000000,2025-02-13,0,0,0,0,0,1,0,1,burst
P00017043,C0181,Textor Weiß GmbH & Co. OHG,Germany GmbH,DE,12249.29,17186.61,EUR,2024-12-05 09:31:00.000000,2024-12-05,0,0,0,0,0,1,0,1,burst
P00082086,C0181,Textor Weiß GmbH & Co. OHG,Germany Sales Office,DE,12451.94,17786.6,EUR,2026-03-19 09:12:00.000000,2026-03-19,0,0,0,0,0,1,0,1,burst
P00107209,C0181,Textor Weiß GmbH & Co. OHG,Germany Sales Office,DE,12607.57,18422.7,EUR,2026-09-03 07:54:00.000000,2026-09-03,0,0,1,0,0,0,0,1,structuring
P00029023,C0181,Textor Weiß GmbH & Co. OHG,Germany GmbH,DE,12744.67,18299.52,EUR,2025-03-06 08:51:00.000000,2025-03-06,0,0,1,0,0,0,0,1,structuring
P00100589,C0181,Textor Weiß GmbH & Co. OHG,Germany Sales Office,DE,12792.09,18712.49,EUR,2026-07-23 07:25:00.000000,2026-07-23,0,0,1,0,0,0,0,1,structuring
P00027828,C0181,Textor Weiß GmbH & Co. OHG,Germany Sales Office,DE,12825.05,18378.81,EUR,2025-02-25 09:19:00.000000,2025-02-25,0,0,1,0,0,0,0,1,structuring
P00103978,C0181,Textor Weiß GmbH & Co. OHG,US Inc,DE,12857.04,18584.38,EUR,2026-08-13 14:31:00.000000,2026-08-13,0,0,1,0,0,0,0,1,structuring
P00024844,C0181,Textor Weiß GmbH & Co. OHG,Germany GmbH,DE,12869.62,18573.02,EUR,2025-02-04 09:05:00.000000,2025-02-04,0,0,1,0,0,0,0,1,structuring
P00018095,C0181,Textor Weiß GmbH & Co. OHG,Netherlands BV,DE,12882.22,18146.82,EUR,2024-12-12 16:17:00.000000,2024-12-12,0,0,1,0,0,1,0,2,"structuring, burst"
P00011518,C0181,Textor Weiß GmbH & Co. OHG,Germany GmbH,DE,12920.62,19428.32,EUR,2024-10-24 08:26:00.000000,2024-10-24,0,0,1,0,0,0,0,1,structuring
P00070905,C0181,Textor Weiß GmbH & Co. OHG,Germany Sales Office,DE,13046.53,18507.4,EUR,2025-12-30 08:33:00.000000,2025-12-30,0,0,1,0,0,1,0,2,"structuring, burst"
P00098523,C0181,Textor Weiß GmbH & Co. OHG,Germany Sales Office,DE,13092.09,19126.52,EUR,2026-07-09 08:33:00.000000,2026-07-09,0,0,1,0,0,0,0,1,structuring
P00045278,C0181,Textor Weiß GmbH & Co. OHG,Germany Sales Office,DE,13162.29,19062.39,EUR,2025-07-03 08:13:00.000000,2025-07-03,0,0,1,0,0,0,0,1,structuring
P00031796,C0181,Textor Weiß GmbH & Co. OHG,Shanghai Mfg,DE,13193.59,19044.66,EUR,2025-03-27 02:45:00.000000,2025-03-27,0,0,1,0,0,0,0,1,structuring
P00024346,C0181,Textor Weiß GmbH & Co. OHG,Germany GmbH,DE,13346.28,19305.55,EUR,2025-01-30 09:23:00.000000,2025-01-30,0,0,1,0,0,0,0,1,structuring
P00039326,C0181,Textor Weiß GmbH & Co. OHG,Shenzhen Sourcing,DE,13452.17,19508.58,EUR,2025-05-22 01:00:00.000000,2025-05-22,0,0,1,0,0,0,0,1,structuring
P00058337,C0181,Textor Weiß GmbH & Co. OHG,Germany Sales Office,DE,13570.54,19923.25,EUR,2025-10-02 08:35:00.000000,2025-10-02,0,0,1,0,0,0,0,1,structuring
P00082687,C0181,Textor Weiß GmbH & Co. OHG,Germany Sales Office,DE,13613.8,19445.72,EUR,2026-03-24 09:59:00.000000,2026-03-24,0,0,1,0,0,0,0,1,structuring
P00060757,C0181,Textor Weiß GmbH & Co. OHG,Shanghai Mfg,DE,13720.45,19590.03,EUR,2025-10-21 01:43:00.000000,2025-10-21,0,0,1,0,0,0,0,1,structuring
P00017801,C0181,Textor Weiß GmbH & Co. OHG,Netherlands BV,DE,13852.44,19561.34,EUR,2024-12-11 12:47:00.000000,2024-12-11,0,0,1,0,0,0,0,1,structuring
P00017031,C0181,Textor Weiß GmbH & Co. OHG,Germany Sales Office,DE,13930.88,19546.0,EUR,2024-12-05 09:19:00.000000,2024-12-05,0,0,1,0,0,1,0,2,"structuring, burst"
P00015046,C0181,Textor Weiß GmbH & Co. OHG,Germany Sales Office,DE,13933.38,19721.24,EUR,2024-11-20 11:49:00.000000,2024-11-20,0,0,1,0,0,0,0,1,structuring
P00017659,C0181,Textor Weiß GmbH & Co. OHG,Netherlands BV,DE,13974.93,19595.93,EUR,2024-12-10 10:06:00.000000,2024-12-10,0,0,1,0,0,0,0,1,structuring
P00069306,C0181,Textor Weiß GmbH & Co. OHG,Germany GmbH,DE,14134.43,19876.2,EUR,2025-12-18 09:58:00.000000,2025-12-18,0,0,1,0,0,0,0,1,structuring
P00016903,C0181,Textor Weiß GmbH & Co. OHG,SG Operations,DE,14599.9,20440.46,EUR,2024-12-05 01:30:00.000000,2024-12-05,0,0,0,0,0,1,0,1,burst
P00070690,C0181,Textor Weiß GmbH & Co. OHG,Shanghai Mfg,DE,15046.8,21344.92,EUR,2025-12-30 01:20:00.000000,2025-12-30,0,0,0,0,0,1,0,1,burst
P00017963,C0181,Textor Weiß GmbH & Co. OHG,Germany Sales Office,DE,15269.38,21509.55,EUR,2024-12-12 08:22:00.000000,2024-12-12,0,0,0,0,0,1,0,1,burst
P00017116,C0181,Textor Weiß GmbH & Co. OHG,US West Distribution,DE,15405.64,21615.19,EUR,2024-12-05 14:29:00.000000,2024-12-05,0,0,0,0,0,1,0,1,burst
P00070897,C0181,Textor Weiß GmbH & Co. OHG,Germany GmbH,DE,16203.82,22986.24,EUR,2025-12-30 08:26:00.000000,2025-12-30,0,0,0,0,0,1,0,1,burst
P00082064,C0181,Textor Weiß GmbH & Co. OHG,Germany Sales Office,DE,17868.48,25523.69,EUR,2026-03-19 08:43:00.000000,2026-03-19,0,0,0,0,0,1,0,1,burst
P00060272,C0181,Textor Weiß GmbH & Co. OHG,SG Operations,DE,20000.0,20000.0,SGD,2025-10-16 08:26:00.000000,2025-10-16,0,1,0,0,0,0,0,1,round amount
P00109355,C0181,Textor Weiß GmbH & Co. OHG,Germany Sales Office,DE,23900.04,34359.44,EUR,2026-09-17 07:49:00.000000,2026-09-17,0,0,0,0,0,1,0,1,burst
P00077272,C0181,Textor Weiß GmbH & Co. OHG,Germany GmbH,DE,24323.28,35219.94,EUR,2026-02-12 11:45:00.000000,2026-02-12,0,0,0,0,1,0,0,1,duplicate
P00077274,C0181,Textor Weiß GmbH & Co. OHG,Germany GmbH,DE,24323.28,35219.94,EUR,2026-02-12 12:10:00.000000,2026-02-12,0,0,0,0,1,0,0,1,duplicate
P00109358,C0181,Textor Weiß GmbH & Co. OHG,Germany GmbH,DE,24729.95,35552.54,EUR,2026-09-17 07:54:00.000000,2026-09-17,0,0,0,0,0,1,0,1,burst
P00041937,C0181,Textor Weiß GmbH & Co. OHG,UK Ltd,DE,25000.0,43364.72,GBP,2025-06-10 10:35:00.000000,2025-06-10,0,1,0,0,0,0,0,1,round amount
P00048256,C0181,Textor Weiß GmbH & Co. OHG,Shanghai Mfg,DE,25000.0,4676.38,CNY,2025-07-24 06:10:00.000000,2025-07-24,0,1,0,0,0,0,0,1,round amount
P00102725,C0181,Textor Weiß GmbH & Co. OHG,Shenzhen Sourcing,DE,25000.0,4681.15,CNY,2026-08-06 02:48:00.000000,2026-08-06,0,1,0,0,0,0,0,1,round amount
P00081941,C0181,Textor Weiß GmbH & Co. OHG,SG Operations,DE,25661.57,36534.02,EUR,2026-03-19 01:33:00.000000,2026-03-19,0,0,0,0,0,1,0,1,burst
P00109330,C0181,Textor Weiß GmbH & Co. OHG,Germany GmbH,DE,28779.22,41373.9,EUR,2026-09-17 07:24:00.000000,2026-09-17,0,0,0,0,0,1,0,1,burst
P00026305,C0181,Textor Weiß GmbH & Co. OHG,Germany GmbH,DE,30266.74,43500.93,EUR,2025-02-13 09:47:00.000000,2025-02-13,0,0,0,0,0,1,0,1,burst
P00070919,C0181,Textor Weiß GmbH & Co. OHG,Germany GmbH,DE,31937.17,45305.08,EUR,2025-12-30 08:38:00.000000,2025-12-30,0,0,0,0,0,1,0,1,burst
P00026266,C0181,Textor Weiß GmbH & Co. OHG,Germany GmbH,DE,39728.44,57099.78,EUR,2025-02-13 09:02:00.000000,2025-02-13,0,0,0,0,0,1,0,1,burst
P00026267,C0181,Textor Weiß GmbH & Co. OHG,Germany GmbH,DE,44074.4,63346.02,EUR,2025-02-13 09:03:00.000000,2025-02-13,0,0,0,0,0,1,0,1,burst
P00029098,C0181,Textor Weiß GmbH & Co. OHG,US Inc,DE,51425.98,74343.45,EUR,2025-03-06 14:01:00.000000,2025-03-06,0,0,0,0,1,0,0,1,duplicate
P00029103,C0181,Textor Weiß GmbH & Co. OHG,US Inc,DE,51425.98,74343.45,EUR,2025-03-06 14:10:00.000000,2025-03-06,0,0,0,0,1,0,0,1,duplicate
P00026254,C0181,Textor Weiß GmbH & Co. OHG,Germany GmbH,DE,53398.45,76747.03,EUR,2025-02-13 08:42:00.000000,2025-02-13,0,0,0,0,0,1,0,1,burst
P00070895,C0181,Textor Weiß GmbH & Co. OHG,Germany Sales Office,DE,54423.59,77203.62,EUR,2025-12-30 08:25:00.000000,2025-12-30,0,0,0,0,0,1,0,1,burst
P00063298,C0181,Textor Weiß GmbH & Co. OHG,Germany Sales Office,DE,70073.47,99892.95,EUR,2025-11-06 10:29:00.000000,2025-11-06,0,0,0,0,1,0,0,1,duplicate
P00063299,C0181,Textor Weiß GmbH & Co. OHG,Germany Sales Office,DE,70073.47,99892.95,EUR,2025-11-06 10:54:00.000000,2025-11-06,0,0,0,0,1,0,0,1,duplicate
P00017038,C0181,Textor Weiß GmbH & Co. OHG,Germany GmbH,DE,76725.52,107651.28,EUR,2024-12-05 09:27:00.000000,2024-12-05,0,0,0,0,0,1,0,1,burst
P00017955,C0181,Textor Weiß GmbH & Co. OHG,US Inc,DE,77431.68,109342.98,EUR,2024-12-12 08:16:00.000000,2024-12-12,0,0,0,0,0,1,1,2,"burst, off-hours"
P00025293,C0181,Textor Weiß GmbH & Co. OHG,Germany GmbH,DE,94518.12,136348.63,EUR,2025-02-06 08:45:00.000000,2025-02-06,0,0,0,0,0,1,0,1,burst
P00018033,C0181,Textor Weiß GmbH & Co. OHG,Germany Sales Office,DE,102946.59,145373.14,EUR,2024-12-12 10:35:00.000000,2024-12-12,0,0,0,0,0,1,0,1,burst
P00082047,C0181,Textor Weiß GmbH & Co. OHG,Netherlands BV,DE,116094.77,165282.5,EUR,2026-03-19 08:30:00.000000,2026-03-19,0,0,0,0,0,1,0,1,burst
P00070947,C0181,Textor Weiß GmbH & Co. OHG,Germany Sales Office,DE,148765.08,211033.53,EUR,2025-12-30 09:09:00.000000,2025-12-30,0,0,0,0,0,1,0,1,burst
P00025297,C0181,Textor Weiß GmbH & Co. OHG,Germany Sales Office,DE,246508.99,355605.49,EUR,2025-02-06 09:01:00.000000,2025-02-06,0,0,0,0,0,1,0,1,burst
P00082041,C0181,Textor Weiß GmbH & Co. OHG,Germany Sales Office,DE,321148.45,458734.87,EUR,2026-03-19 08:18:00.000000,2026-03-19,0,0,0,0,0,1,0,1,burst
P00041160,C0182,"Price, Cardenas and Cross",US Inc,US,28.57,37.43,USD,2025-06-04 10:49:00.000000,2025-06-04,0,0,0,0,0,0,1,1,off-hours
P00086339,C0182,"Price, Cardenas and Cross",US West Distribution,US,58.31,77.52,USD,2026-04-17 08:18:00.000000,2026-04-17,0,0,0,0,0,0,1,1,off-hours
P00073983,C0182,"Price, Cardenas and Cross",US West Distribution,US,10000.0,13291.28,USD,2026-01-20 18:58:00.000000,2026-01-20,0,1,0,0,0,0,0,1,round amount
P00048823,C0182,"Price, Cardenas and Cross",Shanghai Mfg,US,14125.03,18860.81,USD,2025-07-29 01:27:00.000000,2025-07-29,0,0,1,0,0,0,0,1,structuring
P00040209,C0182,"Price, Cardenas and Cross",US Inc,US,14163.83,18830.39,USD,2025-05-27 14:19:00.000000,2025-05-27,0,0,1,0,0,0,0,1,structuring
P00044355,C0182,"Price, Cardenas and Cross",US Inc,US,14828.58,19670.2,USD,2025-06-26 13:43:00.000000,2025-06-26,0,0,1,0,0,0,0,1,structuring
P00036634,C0182,"Price, Cardenas and Cross",Germany GmbH,US,25000.0,35941.95,EUR,2025-04-29 15:02:00.000000,2025-04-29,0,1,0,0,0,0,0,1,round amount
P00090172,C0182,"Price, Cardenas and Cross",Shenzhen Sourcing,US,25000.0,4658.8,CNY,2026-05-14 09:35:00.000000,2026-05-14,0,1,0,0,0,0,0,1,round amount
P00011624,C0182,"Price, Cardenas and Cross",US West Distribution,US,86074.12,116619.24,USD,2024-10-24 16:12:00.000000,2024-10-24,0,0,0,0,1,0,0,1,duplicate
P00011625,C0182,"Price, Cardenas and Cross",US West Distribution,US,86074.12,116619.24,USD,2024-10-24 16:34:00.000000,2024-10-24,0,0,0,0,1,0,0,1,duplicate
P00092743,C0183,Romero-Singh,Shanghai Mfg,AE,182.23,34.11,CNY,2026-06-01 21:30:00.000000,2026-06-01,0,0,0,0,0,0,1,1,off-hours
P00080320,C0183,Romero-Singh,SG Operations,AE,300.74,300.74,SGD,2026-03-08 20:39:00.000000,2026-03-08,0,0,0,0,0,0,1,1,off-hours
P00083076,C0183,Romero-Singh,Germany GmbH,AE,2160.9,2851.73,USD,2026-03-26 09:46:00.000000,2026-03-26,0,0,0,0,0,1,0,1,burst
P00083113,C0183,Romero-Singh,US Inc,AE,4718.43,6251.04,USD,2026-03-26 13:08:00.000000,2026-03-26,0,0,0,0,0,1,0,1,burst
P00030743,C0183,Romero-Singh,UK Ltd,AE,6353.05,8761.33,USD,2025-03-19 12:16:00.000000,2025-03-19,0,0,0,0,1,0,0,1,duplicate
P00030745,C0183,Romero-Singh,UK Ltd,AE,6353.05,8761.33,USD,2025-03-19 12:33:00.000000,2025-03-19,0,0,0,0,1,0,0,1,duplicate
P00067352,C0183,Romero-Singh,India Services,AE,7799.77,125.01,INR,2025-12-04 16:53:00.000000,2025-12-04,0,0,0,0,0,0,1,1,off-hours
P00098325,C0183,Romero-Singh,India Services,AE,13924.49,18584.7,USD,2026-07-08 21:32:00.000000,2026-07-08,0,0,1,0,0,0,1,2,"structuring, off-hours"
P00082991,C0183,Romero-Singh,Shanghai Mfg,AE,25510.82,4744.96,CNY,2026-03-26 05:38:00.000000,2026-03-26,0,0,0,0,0,1,0,1,burst
P00082996,C0183,Romero-Singh,Shanghai Mfg,AE,26495.0,4928.02,CNY,2026-03-26 06:05:00.000000,2026-03-26,0,0,0,0,0,1,0,1,burst
P00082998,C0183,Romero-Singh,Shanghai Mfg,AE,42204.54,7849.96,CNY,2026-03-26 06:08:00.000000,2026-03-26,0,0,0,0,0,1,0,1,burst
P00082989,C0183,Romero-Singh,Shanghai Mfg,AE,46971.15,8736.54,CNY,2026-03-26 05:37:00.000000,2026-03-26,0,0,0,0,0,1,0,1,burst
P00082997,C0183,Romero-Singh,Shanghai Mfg,AE,48825.09,9105.88,CNY,2026-03-26 06:05:00.000000,2026-03-26,0,0,0,0,0,1,0,1,burst
P00083000,C0183,Romero-Singh,Shanghai Mfg,AE,50376.63,9369.95,CNY,2026-03-26 06:10:00.000000,2026-03-26,0,0,0,0,0,1,0,1,burst
P00082994,C0183,Romero-Singh,Shanghai Mfg,AE,68380.34,12718.61,CNY,2026-03-26 06:02:00.000000,2026-03-26,0,0,0,0,0,1,0,1,burst
P00082995,C0183,Romero-Singh,Shanghai Mfg,AE,81747.51,15204.87,CNY,2026-03-26 06:05:00.000000,2026-03-26,0,0,0,0,0,1,0,1,burst
P00082999,C0183,Romero-Singh,Shanghai Mfg,AE,119781.68,22339.28,CNY,2026-03-26 06:09:00.000000,2026-03-26,0,0,0,0,0,1,0,1,burst
P00083767,C0186,"Miller, Bryant and Gonzales",UK Ltd,SG,9973.09,18060.61,GBP,2026-03-31 08:20:00.000000,2026-03-31,0,0,1,0,0,0,0,1,structuring
P00084233,C0186,"Miller, Bryant and Gonzales",UK Ltd,SG,10876.05,19392.74,GBP,2026-04-02 10:38:00.000000,2026-04-02,0,0,1,0,0,0,0,1,structuring
P00084368,C0186,"Miller, Bryant and Gonzales",UK Ltd,SG,11097.69,19787.94,GBP,2026-04-04 13:19:00.000000,2026-04-04,0,0,1,0,0,0,0,1,structuring
P00026217,C0186,"Miller, Bryant and Gonzales",Germany Sales Office,SG,12781.07,18369.62,EUR,2025-02-13 07:16:00.000000,2025-02-13,0,0,1,0,0,0,0,1,structuring
P00026352,C0186,"Miller, Bryant and Gonzales",Germany Sales Office,SG,12801.91,18399.57,EUR,2025-02-13 12:29:00.000000,2025-02-13,0,0,1,0,0,0,0,1,structuring
P00025927,C0186,"Miller, Bryant and Gonzales",Germany Sales Office,SG,13718.94,19855.41,EUR,2025-02-11 10:56:00.000000,2025-02-11,0,0,1,0,0,0,0,1,structuring
P00019721,C0186,"Miller, Bryant and Gonzales",Shanghai Mfg,SG,18207.41,18207.41,SGD,2024-12-26 02:28:00.000000,2024-12-26,0,0,1,0,0,0,0,1,structuring
P00079940,C0186,"Miller, Bryant and Gonzales",SG Operations,SG,18570.52,18570.52,SGD,2026-03-05 02:28:00.000000,2026-03-05,0,0,1,0,0,0,0,1,structuring
P00074784,C0186,"Miller, Bryant and Gonzales",UK Ltd,SG,19046.71,19046.71,SGD,2026-01-27 09:47:00.000000,2026-01-27,0,0,1,0,0,0,0,1,structuring
P00047126,C0186,"Miller, Bryant and Gonzales",SG Operations,SG,19384.82,19384.82,SGD,2025-07-17 02:17:00.000000,2025-07-17,0,0,1,0,0,0,0,1,structuring
P00026885,C0186,"Miller, Bryant and Gonzales",UK Ltd,SG,19516.76,19516.76,SGD,2025-02-18 09:11:00.000000,2025-02-18,0,0,1,0,0,0,0,1,structuring
P00051131,C0186,"Miller, Bryant and Gonzales",Group Treasury HQ,SG,19725.6,19725.6,SGD,2025-08-14 02:14:00.000000,2025-08-14,0,0,1,0,0,0,0,1,structuring
P00009443,C0186,"Miller, Bryant and Gonzales",SG Operations,SG,20000.0,20000.0,SGD,2024-10-08 09:12:00.000000,2024-10-08,0,1,0,0,0,0,0,1,round amount
P00106198,C0186,"Miller, Bryant and Gonzales",Germany Sales Office,SG,25000.0,36405.07,EUR,2026-08-27 15:02:00.000000,2026-08-27,0,1,0,0,0,0,0,1,round amount
P00043384,C0186,"Miller, Bryant and Gonzales",India Services,SG,50000.0,794.3,INR,2025-06-19 09:36:00.000000,2025-06-19,0,1,0,0,0,0,0,1,round amount
P00069940,C0186,"Miller, Bryant and Gonzales",UK Ltd,SG,50000.0,85823.1,GBP,2025-12-23 09:12:00.000000,2025-12-23,0,1,0,0,0,0,0,1,round amount
P00111168,C0186,"Miller, Bryant and Gonzales",UK Ltd,SG,50000.0,87919.35,GBP,2026-09-29 07:08:00.000000,2026-09-29,0,1,0,0,0,0,0,1,round amount
P00030226,C0186,"Miller, Bryant and Gonzales",India Services,SG,1132180.74,18405.86,INR,2025-03-15 03:09:00.000000,2025-03-15,0,0,1,0,0,0,0,1,structuring
P00029953,C0186,"Miller, Bryant and Gonzales",India Services,SG,1191697.63,19331.72,INR,2025-03-13 06:35:00.000000,2025-03-13,0,0,1,0,0,0,0,1,structuring
P00030228,C0186,"Miller, Bryant and Gonzales",India Services,SG,1211055.16,19688.12,INR,2025-03-15 10:12:00.000000,2025-03-15,0,0,1,0,0,0,0,1,structuring
P00077330,C0187,易动力科技有限公司,Germany Sales Office,CN,27.32,39.39,EUR,2026-02-12 15:53:00.000000,2026-02-12,0,0,0,0,0,1,0,1,burst
P00077158,C0187,易动力科技有限公司,SG Operations,CN,87.73,87.73,SGD,2026-02-12 06:18:00.000000,2026-02-12,0,0,0,0,0,1,0,1,burst
P00047387,C0187,易动力科技有限公司,UK Ltd,CN,213.54,359.76,GBP,2025-07-17 17:59:00.000000,2025-07-17,0,0,0,0,0,1,0,1,burst
P00047142,C0187,易动力科技有限公司,SG Operations,CN,244.49,244.49,SGD,2025-07-17 02:36:00.000000,2025-07-17,0,0,0,0,0,1,0,1,burst
P00020637,C0187,易动力科技有限公司,Germany GmbH,CN,263.29,367.26,EUR,2025-01-02 08:43:00.000000,2025-01-02,0,0,0,0,0,1,0,1,burst
P00011284,C0187,易动力科技有限公司,UK Ltd,CN,271.43,464.37,GBP,2024-10-23 05:13:00.000000,2024-10-23,0,0,0,0,0,0,1,1,off-hours
P00094504,C0187,易动力科技有限公司,SG Operations,CN,312.78,312.78,SGD,2026-06-12 15:20:00.000000,2026-06-12,0,0,0,0,0,0,1,1,off-hours
P00048131,C0187,易动力科技有限公司,Shenzhen Sourcing,CN,416.45,77.97,CNY,2025-07-23 21:03:00.000000,2025-07-23,0,0,0,0,0,0,1,1,off-hours
P00067776,C0187,易动力科技有限公司,UK Ltd,CN,434.41,750.51,GBP,2025-12-09 05:51:00.000000,2025-12-09,0,0,0,0,0,0,1,1,off-hours
P00047391,C0187,易动力科技有限公司,Shanghai Mfg,CN,884.38,165.22,CNY,2025-07-17 20:25:00.000000,2025-07-17,0,0,0,0,0,1,1,2,"burst, off-hours"
P00020596,C0187,易动力科技有限公司,Shenzhen Sourcing,CN,1968.29,359.63,CNY,2025-01-02 06:51:00.000000,2025-01-02,0,0,0,0,0,1,0,1,burst
P00067057,C0187,易动力科技有限公司,Shenzhen Sourcing,CN,1979.26,368.37,CNY,2025-12-03 14:03:00.000000,2025-12-03,0,0,0,0,0,0,1,1,off-hours
P00092939,C0187,易动力科技有限公司,Shanghai Mfg,CN,2460.2,460.78,CNY,2026-06-02 21:00:00.000000,2026-06-02,0,0,0,0,0,0,1,1,off-hours
P00069506,C0187,易动力科技有限公司,Shanghai Mfg,CN,3053.15,571.08,CNY,2025-12-21 21:40:00.000000,2025-12-21,0,0,0,0,0,0,1,1,off-hours
P00090828,C0187,易动力科技有限公司,Germany GmbH,CN,10000.0,14848.03,EUR,2026-05-19 10:43:00.000000,2026-05-19,0,1,0,0,0,0,0,1,round amount
P00108375,C0187,易动力科技有限公司,US Inc,CN,10000.0,13679.18,USD,2026-09-10 16:48:00.000000,2026-09-10,0,1,0,0,0,0,0,1,round amount
P00047303,C0187,易动力科技有限公司,UK Ltd,CN,14776.86,2766.26,CNY,2025-07-17 09:58:00.000000,2025-07-17,0,0,0,0,0,1,0,1,burst
P00084367,C0187,易动力科技有限公司,SG Operations,CN,18400.17,18400.17,SGD,2026-04-04 09:53:00.000000,2026-04-04,0,0,1,0,0,0,0,1,structuring
P00083733,C0187,易动力科技有限公司,SG Operations,CN,18582.76,18582.76,SGD,2026-03-31 07:07:00.000000,2026-03-31,0,0,1,0,0,0,0,1,structuring
P00084093,C0187,易动力科技有限公司,SG Operations,CN,19666.48,19666.48,SGD,2026-04-02 02:56:00.000000,2026-04-02,0,0,1,0,0,0,0,1,structuring
P00020624,C0187,易动力科技有限公司,Germany Sales Office,CN,21033.5,3853.23,CNY,2025-01-02 08:28:00.000000,2025-01-02,0,0,0,0,0,1,0,1,burst
P00047352,C0187,易动力科技有限公司,US Inc,CN,22350.43,4184.05,CNY,2025-07-17 13:51:00.000000,2025-07-17,0,0,0,0,0,1,0,1,burst
P00020615,C0187,易动力科技有限公司,India Services,CN,22484.8,4119.1,CNY,2025-01-02 08:20:00.000000,2025-01-02,0,0,0,0,1,1,0,2,"duplicate, burst"
P00020627,C0187,易动力科技有限公司,India Services,CN,22484.8,4119.1,CNY,2025-01-02 08:31:00.000000,2025-01-02,0,0,0,0,1,1,0,2,"duplicate, burst"
P00088307,C0187,易动力科技有限公司,US Inc,CN,25000.0,33353.95,USD,2026-04-30 12:28:00.000000,2026-04-30,0,1,0,0,0,0,0,1,round amount
P00102846,C0187,易动力科技有限公司,Shanghai Mfg,CN,25000.0,4683.92,CNY,2026-08-06 08:17:00.000000,2026-08-06,0,1,0,0,0,0,0,1,round amount
P00034405,C0187,易动力科技有限公司,Shenzhen Sourcing,CN,27692.98,5140.15,CNY,2025-04-15 04:45:00.000000,2025-04-15,0,0,0,0,1,0,0,1,duplicate
P00034407,C0187,易动力科技有限公司,Shenzhen Sourcing,CN,27692.98,5140.15,CNY,2025-04-15 04:59:00.000000,2025-04-15,0,0,0,0,1,0,0,1,duplicate
P00020504,C0187,易动力科技有限公司,SG Operations,CN,34163.13,6259.98,CNY,2025-01-02 01:32:00.000000,2025-01-02,0,0,0,0,0,1,0,1,burst
P00076998,C0187,易动力科技有限公司,Shenzhen Sourcing,CN,46672.74,8633.01,CNY,2026-02-12 01:16:00.000000,2026-02-12,0,0,0,0,0,1,0,1,burst
P00014334,C0187,易动力科技有限公司,Netherlands BV,CN,50000.0,70632.8,EUR,2024-11-14 12:06:00.000000,2024-11-14,0,1,0,0,0,0,0,1,round amount
P00028196,C0187,易动力科技有限公司,UK Ltd,CN,50000.0,85870.05,GBP,2025-02-27 12:28:00.000000,2025-02-27,0,1,0,0,0,0,0,1,round amount
P00077097,C0187,易动力科技有限公司,Shanghai Mfg,CN,50622.26,9363.55,CNY,2026-02-12 02:34:00.000000,2026-02-12,0,0,0,0,0,1,0,1,burst
P00077125,C0187,易动力科技有限公司,SG Operations,CN,58609.07,10840.86,CNY,2026-02-12 02:56:00.000000,2026-02-12,0,0,0,0,0,1,0,1,burst
P00097563,C0187,易动力科技有限公司,UK Ltd,CN,64684.01,11975.4,CNY,2026-07-02 11:39:00.000000,2026-07-02,0,0,0,0,1,0,0,1,duplicate
P00097565,C0187,易动力科技有限公司,UK Ltd,CN,64684.01,11975.4,CNY,2026-07-02 12:02:00.000000,2026-07-02,0,0,0,0,1,0,0,1,duplicate
P00020541,C0187,易动力科技有限公司,Shanghai Mfg,CN,65250.05,11956.29,CNY,2025-01-02 02:27:00.000000,2025-01-02,0,0,0,0,0,1,0,1,burst
P00083123,C0187,易动力科技有限公司,UK Ltd,CN,66694.43,12405.03,CNY,2026-03-26 13:20:00.000000,2026-03-26,0,0,0,0,1,0,0,1,duplicate
P00083124,C0187,易动力科技有限公司,UK Ltd,CN,66694.43,12405.03,CNY,2026-03-26 13:23:00.000000,2026-03-26,0,0,0,0,1,0,0,1,duplicate
P00047155,C0187,易动力科技有限公司,Shanghai Mfg,CN,67895.04,12728.62,CNY,2025-07-17 02:49:00.000000,2025-07-17,0,0,0,0,0,1,0,1,burst
P00047160,C0187,易动力科技有限公司,SG Operations,CN,77110.89,14456.36,CNY,2025-07-17 02:57:00.000000,2025-07-17,0,0,0,0,0,1,0,1,burst
P00046686,C0187,易动力科技有限公司,Shenzhen Sourcing,CN,81411.64,15247.34,CNY,2025-07-14 17:26:00.000000,2025-07-14,0,0,0,0,0,0,1,1,off-hours
P00088059,C0187,易动力科技有限公司,UK Ltd,CN,88998.4,16631.22,CNY,2026-04-30 00:27:00.000000,2026-04-30,0,0,0,0,0,0,1,1,off-hours
P00020575,C0187,易动力科技有限公司,India Services,CN,92677.02,16981.95,CNY,2025-01-02 04:18:00.000000,2025-01-02,0,0,0,0,0,1,0,1,burst
P00020553,C0187,易动力科技有限公司,Shanghai Mfg,CN,92860.32,17015.54,CNY,2025-01-02 02:43:00.000000,2025-01-02,0,0,0,0,0,1,0,1,burst
P00063168,C0187,易动力科技有限公司,Shanghai Mfg,CN,98126.01,18264.59,CNY,2025-11-06 02:31:00.000000,2025-11-06,0,0,1,0,0,0,0,1,structuring
P00030806,C0187,易动力科技有限公司,SG Operations,CN,98544.42,18368.38,CNY,2025-03-20 01:29:00.000000,2025-03-20,0,0,1,0,0,0,0,1,structuring
P00096295,C0187,易动力科技有限公司,India Services,CN,98765.41,18307.65,CNY,2026-06-25 04:56:00.000000,2026-06-25,0,0,1,0,0,0,0,1,structuring
P00076980,C0187,易动力科技有限公司,Shenzhen Sourcing,CN,99069.6,18324.8,CNY,2026-02-12 01:06:00.000000,2026-02-12,0,0,1,0,0,1,0,2,"structuring, burst"
P00086702,C0187,易动力科技有限公司,Shanghai Mfg,CN,99110.14,18504.85,CNY,2026-04-21 02:04:00.000000,2026-04-21,0,0,1,0,0,0,0,1,structuring
P00068300,C0187,易动力科技有限公司,US Inc,CN,99245.3,18462.21,CNY,2025-12-11 15:45:00.000000,2025-12-11,0,0,1,0,0,0,0,1,structuring
P00054319,C0187,易动力科技有限公司,UK Ltd,CN,99776.48,18660.8,CNY,2025-09-04 09:27:00.000000,2025-09-04,0,0,1,0,0,0,0,1,structuring
P00100114,C0187,易动力科技有限公司,Shenzhen Sourcing,CN,99968.31,18592.01,CNY,2026-07-21 01:20:00.000000,2026-07-21,0,0,1,0,0,0,0,1,structuring
P00108857,C0187,易动力科技有限公司,Shenzhen Sourcing,CN,99979.06,18741.77,CNY,2026-09-15 02:28:00.000000,2026-09-15,0,0,1,0,0,0,0,1,structuring
P00103409,C0187,易动力科技有限公司,Shenzhen Sourcing,CN,100188.74,18762.45,CNY,2026-08-11 02:20:00.000000,2026-08-11,0,0,1,0,0,0,0,1,structuring
P00077026,C0187,易动力科技有限公司,Shanghai Mfg,CN,100783.06,18641.74,CNY,2026-02-12 01:37:00.000000,2026-02-12,0,0,1,0,0,1,0,2,"structuring, burst"
P00058339,C0187,易动力科技有限公司,UK Ltd,CN,102111.45,19026.02,CNY,2025-10-02 08:35:00.000000,2025-10-02,0,0,1,0,0,0,0,1,structuring
P00067107,C0187,易动力科技有限公司,SG Operations,CN,102940.89,19169.76,CNY,2025-12-04 01:36:00.000000,2025-12-04,0,0,1,0,0,0,0,1,structuring
P00054818,C0187,易动力科技有限公司,Group Treasury HQ,CN,103072.67,19248.92,CNY,2025-09-09 01:51:00.000000,2025-09-09,0,0,1,0,0,0,0,1,structuring
P00045162,C0187,易动力科技有限公司,Shanghai Mfg,CN,103133.03,19404.48,CNY,2025-07-03 01:57:00.000000,2025-07-03,0,0,1,0,0,0,0,1,structuring
P00088130,C0187,易动力科技有限公司,Shenzhen Sourcing,CN,103436.08,19329.2,CNY,2026-04-30 02:17:00.000000,2026-04-30,0,0,1,0,0,0,0,1,structuring
P00030863,C0187,易动力科技有限公司,Shanghai Mfg,CN,103451.73,19283.09,CNY,2025-03-20 02:49:00.000000,2025-03-20,0,0,1,0,0,0,0,1,structuring
P00083338,C0187,易动力科技有限公司,Shanghai Mfg,CN,104034.03,19271.37,CNY,2026-03-30 01:24:00.000000,2026-03-30,0,0,1,0,0,0,0,1,structuring
P00029893,C0187,易动力科技有限公司,Shanghai Mfg,CN,104317.81,19532.57,CNY,2025-03-13 02:03:00.000000,2025-03-13,0,0,1,0,0,0,0,1,structuring
P00018456,C0187,易动力科技有限公司,Shenzhen Sourcing,CN,104386.32,19174.62,CNY,2024-12-17 01:21:00.000000,2024-12-17,0,0,1,0,0,0,0,1,structuring
P00080622,C0187,易动力科技有限公司,Shenzhen Sourcing,CN,104610.97,19447.07,CNY,2026-03-10 02:05:00.000000,2026-03-10,0,0,1,0,0,0,0,1,structuring
P00043154,C0187,易动力科技有限公司,Germany GmbH,CN,105732.31,19704.91,CNY,2025-06-18 15:29:00.000000,2025-06-18,0,0,1,0,0,0,0,1,structuring
P00052261,C0187,易动力科技有限公司,Shenzhen Sourcing,CN,106407.88,19947.65,CNY,2025-08-21 08:21:00.000000,2025-08-21,0,0,1,0,0,0,0,1,structuring
P00019347,C0187,易动力科技有限公司,Germany GmbH,CN,107859.37,19788.42,CNY,2024-12-24 00:23:00.000000,2024-12-24,0,0,1,0,0,0,1,2,"structuring, off-hours"
P00077120,C0187,易动力科技有限公司,Shenzhen Sourcing,CN,135068.84,24983.55,CNY,2026-02-12 02:52:00.000000,2026-02-12,0,0,0,0,0,1,0,1,burst
P00047082,C0187,易动力科技有限公司,SG Operations,CN,146466.28,27458.77,CNY,2025-07-17 01:09:00.000000,2025-07-17,0,0,0,0,0,1,0,1,burst
P00047131,C0187,易动力科技有限公司,SG Operations,CN,152735.01,28634.0,CNY,2025-07-17 02:23:00.000000,2025-07-17,0,0,0,0,1,1,0,2,"duplicate, burst"
P00047135,C0187,易动力科技有限公司,SG Operations,CN,152735.01,28634.0,CNY,2025-07-17 02:30:00.000000,2025-07-17,0,0,0,0,1,1,0,2,"duplicate, burst"
P00088053,C0187,易动力科技有限公司,Shenzhen Sourcing,CN,159010.85,29714.52,CNY,2026-04-29 20:22:00.000000,2026-04-29,0,0,0,0,0,0,1,1,off-hours
P00047300,C0187,易动力科技有限公司,Shanghai Mfg,CN,165671.78,31014.09,CNY,2025-07-17 09:55:00.000000,2025-07-17,0,0,0,0,0,1,0,1,burst
P00077144,C0187,易动力科技有限公司,Shenzhen Sourcing,CN,170853.92,31602.68,CNY,2026-02-12 05:04:00.000000,2026-02-12,0,0,0,0,0,1,0,1,burst
P00020687,C0187,易动力科技有限公司,Netherlands BV,CN,172420.2,31586.52,CNY,2025-01-02 09:39:00.000000,2025-01-02,0,0,0,0,0,1,0,1,burst
P00020481,C0187,易动力科技有限公司,Shenzhen Sourcing,CN,177924.41,32602.51,CNY,2025-01-02 01:06:00.000000,2025-01-02,0,0,0,0,0,1,0,1,burst
P00020763,C0187,易动力科技有限公司,US West Distribution,CN,191678.38,35114.52,CNY,2025-01-02 14:31:00.000000,2025-01-02,0,0,0,0,0,1,0,1,burst
P00020507,C0187,易动力科技有限公司,Shanghai Mfg,CN,205308.44,37620.31,CNY,2025-01-02 01:38:00.000000,2025-01-02,0,0,0,0,0,1,0,1,burst
P00047132,C0187,易动力科技有限公司,Shanghai Mfg,CN,225523.36,42279.99,CNY,2025-07-17 02:23:00.000000,2025-07-17,0,0,0,0,0,1,0,1,burst
P00047149,C0187,易动力科技有限公司,Shanghai Mfg,CN,226193.53,42343.88,CNY,2025-07-17 02:44:00.000000,2025-07-17,0,0,0,0,0,1,0,1,burst
P00047162,C0187,易动力科技有限公司,Shanghai Mfg,CN,319005.04,59805.47,CNY,2025-07-17 02:59:00.000000,2025-07-17,0,0,0,0,0,1,0,1,burst
P00077112,C0187,易动力科技有限公司,SG Operations,CN,388261.28,71816.3,CNY,2026-02-12 02:47:00.000000,2026-02-12,0,0,0,0,0,1,0,1,burst
P00077146,C0187,易动力科技有限公司,Shanghai Mfg,CN,573117.22,106008.92,CNY,2026-02-12 05:15:00.000000,2026-02-12,0,0,0,0,0,1,0,1,burst
P00047101,C0187,易动力科技有限公司,Shanghai Mfg,CN,609813.71,114324.83,CNY,2025-07-17 01:34:00.000000,2025-07-17,0,0,0,0,0,1,0,1,burst
P00008874,C0187,易动力科技有限公司,SG Operations,CN,657358.79,121500.94,CNY,2024-10-03 02:27:00.000000,2024-10-03,0,0,0,1,0,0,0,1,new beneficiary
P00009279,C0187,易动力科技有限公司,Group Treasury HQ,CN,868627.89,160550.23,CNY,2024-10-08 01:01:00.000000,2024-10-08,0,0,0,1,0,0,0,1,new beneficiary
P00057161,C0187,易动力科技有限公司,India Services,CN,1139423.29,18490.56,INR,2025-09-25 05:18:00.000000,2025-09-25,0,0,1,0,0,0,0,1,structuring
P00057404,C0187,易动力科技有限公司,India Services,CN,1158304.33,18820.13,INR,2025-09-26 10:03:00.000000,2025-09-26,0,0,1,0,0,0,0,1,structuring
P00057454,C0187,易动力科技有限公司,India Services,CN,1175437.82,19098.51,INR,2025-09-27 09:03:00.000000,2025-09-27,0,0,1,0,0,0,0,1,structuring
P00054860,C0189,和泰传媒有限公司,UK Ltd,CN,171.65,291.76,GBP,2025-09-09 04:30:00.000000,2025-09-09,0,0,0,0,0,0,1,1,off-hours
P00033685,C0189,和泰传媒有限公司,Shenzhen Sourcing,CN,2787.67,517.65,CNY,2025-04-09 19:49:00.000000,2025-04-09,0,0,0,0,0,0,1,1,off-hours
P00061206,C0189,和泰传媒有限公司,Shenzhen Sourcing,CN,10028.43,1875.35,CNY,2025-10-23 05:33:00.000000,2025-10-23,0,0,0,0,1,0,0,1,duplicate
P00061213,C0189,和泰传媒有限公司,Shenzhen Sourcing,CN,10028.43,1876.44,CNY,2025-10-23 05:54:00.000000,2025-10-23,0,0,0,0,1,0,0,1,duplicate
P00086089,C0189,和泰传媒有限公司,US West Distribution,CN,10591.46,1974.41,CNY,2026-04-16 05:51:00.000000,2026-04-16,0,0,0,0,0,0,1,1,off-hours
P00047873,C0189,和泰传媒有限公司,Germany GmbH,CN,12611.84,18429.14,EUR,2025-07-22 06:57:00.000000,2025-07-22,0,0,1,0,0,0,0,1,structuring
P00048091,C0189,和泰传媒有限公司,Germany GmbH,CN,12813.89,18674.71,EUR,2025-07-23 10:29:00.000000,2025-07-23,0,0,1,0,0,0,0,1,structuring
P00048551,C0189,和泰传媒有限公司,Germany GmbH,CN,12995.01,18791.55,EUR,2025-07-26 09:40:00.000000,2025-07-26,0,0,1,0,0,0,0,1,structuring
P00025545,C0189,和泰传媒有限公司,US Inc,CN,13075.16,18227.57,USD,2025-02-08 20:05:00.000000,2025-02-08,0,0,1,0,0,0,0,1,structuring
P00025544,C0189,和泰传媒有限公司,US Inc,CN,13370.29,18639.0,USD,2025-02-08 18:01:00.000000,2025-02-08,0,0,1,0,0,0,0,1,structuring
P00025424,C0189,和泰传媒有限公司,US Inc,CN,13829.93,19217.96,USD,2025-02-06 18:03:00.000000,2025-02-06,0,0,1,0,0,0,0,1,structuring
P00047278,C0189,和泰传媒有限公司,UK Ltd,CN,22788.67,4266.08,CNY,2025-07-17 09:12:00.000000,2025-07-17,0,0,0,0,1,0,0,1,duplicate
P00047279,C0189,和泰传媒有限公司,UK Ltd,CN,22788.67,4266.08,CNY,2025-07-17 09:16:00.000000,2025-07-17,0,0,0,0,1,0,0,1,duplicate
P00024461,C0189,和泰传媒有限公司,US Inc,CN,25000.0,34628.67,USD,2025-01-30 20:05:00.000000,2025-01-30,0,1,0,0,0,0,0,1,round amount
P00085705,C0189,和泰传媒有限公司,Shenzhen Sourcing,CN,26910.06,5014.42,CNY,2026-04-14 03:59:00.000000,2026-04-14,0,0,0,0,1,0,0,1,duplicate
P00085707,C0189,和泰传媒有限公司,Shenzhen Sourcing,CN,26910.06,5022.28,CNY,2026-04-14 04:14:00.000000,2026-04-14,0,0,0,0,1,0,0,1,duplicate
P00026090,C0189,和泰传媒有限公司,SG Operations,CN,62299.51,11542.92,CNY,2025-02-12 17:21:00.000000,2025-02-12,0,0,0,0,0,0,1,1,off-hours
P00051205,C0189,和泰传媒有限公司,India Services,CN,67760.39,12665.23,CNY,2025-08-14 07:05:00.000000,2025-08-14,0,0,0,0,1,0,0,1,duplicate
P00051220,C0189,和泰传媒有限公司,India Services,CN,67760.39,12665.23,CNY,2025-08-14 07:28:00.000000,2025-08-14,0,0,0,0,1,0,0,1,duplicate
P00108515,C0189,和泰传媒有限公司,Group Treasury HQ,CN,87565.27,16413.58,CNY,2026-09-13 20:53:00.000000,2026-09-13,0,0,0,0,0,0,1,1,off-hours
P00109644,C0189,和泰传媒有限公司,Shenzhen Sourcing,CN,96935.67,18150.33,CNY,2026-09-19 08:11:00.000000,2026-09-19,0,0,1,0,0,0,0,1,structuring
P00043351,C0189,和泰传媒有限公司,UK Ltd,CN,97997.04,18263.32,CNY,2025-06-19 08:27:00.000000,2025-06-19,0,0,1,0,0,0,0,1,structuring
P00087665,C0189,和泰传媒有限公司,Shenzhen Sourcing,CN,98757.45,18435.65,CNY,2026-04-28 02:36:00.000000,2026-04-28,0,0,1,0,0,0,0,1,structuring
P00051125,C0189,和泰传媒有限公司,Shenzhen Sourcing,CN,100470.19,18753.26,CNY,2025-08-14 02:05:00.000000,2025-08-14,0,0,1,0,0,0,0,1,structuring
P00059100,C0189,和泰传媒有限公司,Shanghai Mfg,CN,100658.81,18742.67,CNY,2025-10-09 02:44:00.000000,2025-10-09,0,0,1,0,0,0,0,1,structuring
P00049422,C0189,和泰传媒有限公司,US Inc,CN,101341.22,18942.3,CNY,2025-07-31 14:00:00.000000,2025-07-31,0,0,1,0,0,0,0,1,structuring
P00106101,C0189,和泰传媒有限公司,UK Ltd,CN,101348.49,19144.22,CNY,2026-08-27 08:53:00.000000,2026-08-27,0,0,1,0,0,0,0,1,structuring
P00033878,C0189,和泰传媒有限公司,UK Ltd,CN,101530.68,18841.05,CNY,2025-04-10 09:50:00.000000,2025-04-10,0,0,1,0,0,0,0,1,structuring
P00109426,C0189,和泰传媒有限公司,Shenzhen Sourcing,CN,101797.98,19030.73,CNY,2026-09-17 09:30:00.000000,2026-09-17,0,0,1,0,0,0,0,1,structuring
P00110409,C0189,和泰传媒有限公司,US West Distribution,CN,101982.95,19086.21,CNY,2026-09-24 05:23:00.000000,2026-09-24,0,0,1,0,0,0,1,2,"structuring, off-hours"
P00059293,C0189,和泰传媒有限公司,UK Ltd,CN,102607.54,19118.45,CNY,2025-10-09 09:38:00.000000,2025-10-09,0,0,1,0,0,0,0,1,structuring
P00043011,C0189,和泰传媒有限公司,US Inc,CN,102616.31,19203.41,CNY,2025-06-17 13:53:00.000000,2025-06-17,0,0,1,0,0,0,0,1,structuring
P00030872,C0189,和泰传媒有限公司,Shanghai Mfg,CN,104785.9,19531.78,CNY,2025-03-20 02:59:00.000000,2025-03-20,0,0,1,0,0,0,0,1,structuring
P00109540,C0189,和泰传媒有限公司,Shenzhen Sourcing,CN,104826.54,19596.9,CNY,2026-09-18 05:37:00.000000,2026-09-18,0,0,1,0,0,0,0,1,structuring
P00094183,C0189,和泰传媒有限公司,Shanghai Mfg,CN,105144.3,19722.86,CNY,2026-06-11 02:23:00.000000,2026-06-11,0,0,1,0,0,0,0,1,structuring
P00011416,C0189,和泰传媒有限公司,Shenzhen Sourcing,CN,107972.96,19831.39,CNY,2024-10-24 02:25:00.000000,2024-10-24,0,0,1,0,0,0,0,1,structuring
P00034883,C0189,和泰传媒有限公司,Netherlands BV,CN,128386.14,23830.52,CNY,2025-04-17 11:57:00.000000,2025-04-17,0,0,0,0,1,0,0,1,duplicate
P00034886,C0189,和泰传媒有限公司,Netherlands BV,CN,128386.14,23830.52,CNY,2025-04-17 12:20:00.000000,2025-04-17,0,0,0,0,1,0,0,1,duplicate
P00057944,C0189,和泰传媒有限公司,Shanghai Mfg,CN,187856.51,34919.33,CNY,2025-09-30 05:40:00.000000,2025-09-30,0,0,0,0,1,0,0,1,duplicate
P00057949,C0189,和泰传媒有限公司,Shanghai Mfg,CN,187856.51,34919.33,CNY,2025-09-30 05:48:00.000000,2025-09-30,0,0,0,0,1,0,0,1,duplicate
P00015078,C0189,和泰传媒有限公司,Shanghai Mfg,CN,242089.94,44600.71,CNY,2024-11-20 17:23:00.000000,2024-11-20,0,0,0,0,0,0,1,1,off-hours
P00014327,C0192,"Brown, Diaz and Riley",UK Ltd,XB,1967.01,3342.36,GBP,2024-11-14 11:01:00.000000,2024-11-14,1,0,0,0,0,0,0,1,high-risk country
P00023642,C0192,"Brown, Diaz and Riley",UK Ltd,XB,2255.6,3928.98,GBP,2025-01-23 12:40:00.000000,2025-01-23,1,0,0,0,0,0,0,1,high-risk country
P00084229,C0192,"Brown, Diaz and Riley",UK Ltd,XB,4129.61,7411.23,GBP,2026-04-02 09:54:00.000000,2026-04-02,1,0,0,0,0,0,0,1,high-risk country
P00085164,C0192,"Brown, Diaz and Riley",UK Ltd,XB,4508.47,7957.79,GBP,2026-04-09 13:00:00.000000,2026-04-09,1,0,0,0,0,0,0,1,high-risk country
P00009519,C0192,"Brown, Diaz and Riley",UK Ltd,XB,4658.7,7873.23,GBP,2024-10-08 16:57:00.000000,2024-10-08,1,0,0,0,0,0,0,1,high-risk country
P00080149,C0192,"Brown, Diaz and Riley",Netherlands BV,XB,5504.61,7843.07,EUR,2026-03-05 16:20:00.000000,2026-03-05,1,0,0,0,0,0,0,1,high-risk country
P00047329,C0192,"Brown, Diaz and Riley",UK Ltd,XB,5640.35,9566.26,GBP,2025-07-17 12:24:00.000000,2025-07-17,1,0,0,0,0,0,0,1,high-risk country
P00052360,C0192,"Brown, Diaz and Riley",US West Distribution,XB,7092.42,9634.72,USD,2025-08-21 14:19:00.000000,2025-08-21,1,0,0,0,0,0,0,1,high-risk country
P00054305,C0192,"Brown, Diaz and Riley",UK Ltd,XB,7471.29,12572.37,GBP,2025-09-04 08:46:00.000000,2025-09-04,1,0,0,0,0,0,0,1,high-risk country
P00099667,C0192,"Brown, Diaz and Riley",US West Distribution,XB,7509.66,10151.72,USD,2026-07-16 14:19:00.000000,2026-07-16,1,0,0,0,0,0,0,1,high-risk country
P00037620,C0192,"Brown, Diaz and Riley",Germany Sales Office,XB,7598.1,10850.03,EUR,2025-05-08 06:22:00.000000,2025-05-08,1,0,0,0,0,0,0,1,high-risk country
P00039435,C0192,"Brown, Diaz and Riley",Netherlands BV,XB,7632.42,11068.67,EUR,2025-05-22 07:05:00.000000,2025-05-22,1,0,0,0,0,0,0,1,high-risk country
P00032013,C0192,"Brown, Diaz and Riley",US Inc,XB,7869.79,10617.9,USD,2025-03-27 17:21:00.000000,2025-03-27,1,0,0,0,0,0,0,1,high-risk country
P00055372,C0192,"Brown, Diaz and Riley",Germany Sales Office,XB,8079.58,11719.5,EUR,2025-09-11 15:28:00.000000,2025-09-11,1,0,0,0,0,0,0,1,high-risk country
P00103917,C0192,"Brown, Diaz and Riley",Germany GmbH,XB,8222.99,11899.84,EUR,2026-08-13 10:22:00.000000,2026-08-13,1,0,0,0,0,0,0,1,high-risk country
P00053295,C0192,"Brown, Diaz and Riley",Netherlands BV,XB,8381.64,12401.59,EUR,2025-08-28 10:20:00.000000,2025-08-28,1,0,0,0,0,0,0,1,high-risk country
P00094871,C0192,"Brown, Diaz and Riley",Netherlands BV,XB,10377.01,15508.34,EUR,2026-06-16 06:25:00.000000,2026-06-16,1,0,0,0,0,0,0,1,high-risk country
P00037667,C0192,"Brown, Diaz and Riley",Germany GmbH,XB,10587.55,15118.94,EUR,2025-05-08 08:12:00.000000,2025-05-08,1,0,0,0,0,0,0,1,high-risk country
P00033692,C0192,"Brown, Diaz and Riley",SG Operations,XB,10852.59,10852.59,SGD,2025-04-10 00:40:00.000000,2025-04-10,1,0,0,0,0,0,0,1,high-risk country
P00033805,C0192,"Brown, Diaz and Riley",SG Operations,XB,11493.23,11493.23,SGD,2025-04-10 07:22:00.000000,2025-04-10,1,0,0,0,0,0,0,1,high-risk country
P00021839,C0192,"Brown, Diaz and Riley",US West Distribution,XB,12018.82,16547.19,USD,2025-01-09 21:32:00.000000,2025-01-09,1,0,0,0,0,0,0,1,high-risk country
P00023678,C0192,"Brown, Diaz and Riley",UK Ltd,XB,12248.05,21450.89,GBP,2025-01-23 16:48:00.000000,2025-01-23,1,0,0,0,0,0,0,1,high-risk country
P00020643,C0192,"Brown, Diaz and Riley",SG Operations,XB,12974.09,12974.09,SGD,2025-01-02 08:46:00.000000,2025-01-02,1,0,0,0,0,0,0,1,high-risk country
P00078536,C0192,"Brown, Diaz and Riley",Germany Sales Office,XB,13108.31,18692.59,EUR,2026-02-24 07:18:00.000000,2026-02-24,1,0,1,0,0,0,0,2,"high-risk country, structuring"
P00033954,C0192,"Brown, Diaz and Riley",UK Ltd,XB,15918.63,27653.24,GBP,2025-04-10 16:29:00.000000,2025-04-10,1,0,0,0,0,0,0,1,high-risk country
P00072223,C0192,"Brown, Diaz and Riley",Netherlands BV,XB,16098.89,23292.23,EUR,2026-01-08 10:41:00.000000,2026-01-08,1,0,0,0,0,0,0,1,high-risk country
P00030897,C0192,"Brown, Diaz and Riley",Shanghai Mfg,XB,16794.86,3127.3,CNY,2025-03-20 06:29:00.000000,2025-03-20,1,0,0,0,0,0,0,1,high-risk country
P00098456,C0192,"Brown, Diaz and Riley",Netherlands BV,XB,16814.95,24685.86,EUR,2026-07-09 06:08:00.000000,2026-07-09,1,0,0,0,0,0,0,1,high-risk country
P00021413,C0192,"Brown, Diaz and Riley",US Inc,XB,17057.64,23489.29,USD,2025-01-07 21:37:00.000000,2025-01-07,1,0,0,0,0,0,0,1,high-risk country
P00013426,C0192,"Brown, Diaz and Riley",UK Ltd,XB,17248.11,29518.17,GBP,2024-11-07 09:23:00.000000,2024-11-07,1,0,0,0,0,0,0,1,high-risk country
P00011564,C0192,"Brown, Diaz and Riley",UK Ltd,XB,17281.36,29458.2,GBP,2024-10-24 13:05:00.000000,2024-10-24,1,0,0,0,0,0,0,1,high-risk country
P00050391,C0192,"Brown, Diaz and Riley",Germany Sales Office,XB,17337.72,24995.25,EUR,2025-08-07 14:49:00.000000,2025-08-07,1,0,0,0,0,0,0,1,high-risk country
P00094127,C0192,"Brown, Diaz and Riley",SG Operations,XB,18130.88,18130.88,SGD,2026-06-11 00:56:00.000000,2026-06-11,1,0,1,0,0,0,0,2,"high-risk country, structuring"
P00042850,C0192,"Brown, Diaz and Riley",SG Operations,XB,18638.91,18638.91,SGD,2025-06-17 03:41:00.000000,2025-06-17,1,0,1,0,0,0,0,2,"high-risk country, structuring"
P00022602,C0192,"Brown, Diaz and Riley",SG Operations,XB,20655.66,20655.66,SGD,2025-01-16 03:04:00.000000,2025-01-16,1,0,0,0,0,0,0,1,high-risk country
P00051962,C0192,"Brown, Diaz and Riley",UK Ltd,XB,23739.65,40634.4,GBP,2025-08-19 13:38:00.000000,2025-08-19,1,0,0,0,0,0,0,1,high-risk country
P00043413,C0192,"Brown, Diaz and Riley",Germany GmbH,XB,24046.5,34966.21,EUR,2025-06-19 15:21:00.000000,2025-06-19,1,0,0,0,0,0,0,1,high-risk country
P00021821,C0192,"Brown, Diaz and Riley",UK Ltd,XB,25363.65,43914.04,GBP,2025-01-09 17:39:00.000000,2025-01-09,1,0,0,0,0,0,0,1,high-risk country
P00077248,C0192,"Brown, Diaz and Riley",SG Operations,XB,30222.43,30222.43,SGD,2026-02-12 09:58:00.000000,2026-02-12,1,0,0,0,0,0,0,1,high-risk country
P00081077,C0192,"Brown, Diaz and Riley",Netherlands BV,XB,33585.57,48014.07,EUR,2026-03-12 08:41:00.000000,2026-03-12,1,0,0,0,0,0,0,1,high-risk country
P00096301,C0192,"Brown, Diaz and Riley",Netherlands BV,XB,34806.59,50174.81,EUR,2026-06-25 06:14:00.000000,2026-06-25,1,0,0,0,0,0,0,1,high-risk country
P00110591,C0192,"Brown, Diaz and Riley",US Inc,XB,35156.57,47916.19,USD,2026-09-24 15:13:00.000000,2026-09-24,1,0,0,0,0,0,0,1,high-risk country
P00065886,C0192,"Brown, Diaz and Riley",US Inc,XB,38113.67,50711.42,USD,2025-11-25 13:17:00.000000,2025-11-25,1,0,0,0,0,0,0,1,high-risk country
P00040517,C0192,"Brown, Diaz and Riley",Shenzhen Sourcing,XB,40939.15,7698.89,CNY,2025-05-29 09:12:00.000000,2025-05-29,1,0,0,0,0,0,0,1,high-risk country
P00033472,C0192,"Brown, Diaz and Riley",Shenzhen Sourcing,XB,44167.15,8205.28,CNY,2025-04-08 08:33:00.000000,2025-04-08,1,0,0,0,0,0,0,1,high-risk country
P00067111,C0192,"Brown, Diaz and Riley",Shenzhen Sourcing,XB,45913.15,8549.99,CNY,2025-12-04 01:41:00.000000,2025-12-04,1,0,0,0,0,0,0,1,high-risk country
P00083784,C0192,"Brown, Diaz and Riley",Shenzhen Sourcing,XB,46852.48,8651.08,CNY,2026-03-31 09:00:00.000000,2026-03-31,1,0,0,0,0,0,0,1,high-risk country
P00077172,C0192,"Brown, Diaz and Riley",Shanghai Mfg,XB,61229.5,11325.56,CNY,2026-02-12 07:26:00.000000,2026-02-12,1,0,0,0,0,0,0,1,high-risk country
P00029962,C0192,"Brown, Diaz and Riley",Shenzhen Sourcing,XB,88994.48,16642.95,CNY,2025-03-13 07:36:00.000000,2025-03-13,1,0,0,0,0,0,0,1,high-risk country
P00034477,C0192,"Brown, Diaz and Riley",India Services,XB,525448.67,8572.17,INR,2025-04-15 10:20:00.000000,2025-04-15,1,0,0,0,0,0,0,1,high-risk country
P00082977,C0192,"Brown, Diaz and Riley",India Services,XB,600220.82,9592.73,INR,2026-03-26 03:41:00.000000,2026-03-26,1,0,0,0,0,0,0,1,high-risk country
P00104963,C0192,"Brown, Diaz and Riley",India Services,XB,810155.78,13135.06,INR,2026-08-20 08:34:00.000000,2026-08-20,1,0,0,0,0,0,0,1,high-risk country
P00023567,C0192,"Brown, Diaz and Riley",India Services,XB,2143233.22,34941.13,INR,2025-01-23 06:19:00.000000,2025-01-23,1,0,0,0,0,0,0,1,high-risk country
P00063834,C0192,"Brown, Diaz and Riley",India Services,XB,2727027.35,44041.49,INR,2025-11-11 06:21:00.000000,2025-11-11,1,0,0,0,0,0,0,1,high-risk country
P00024324,C0192,"Brown, Diaz and Riley",India Services,XB,10493227.43,170892.7,INR,2025-01-30 08:35:00.000000,2025-01-30,1,0,0,0,0,0,0,1,high-risk country
P00011659,C0195,Payroll SG Operations 2,SG Operations,SG,19395.83,19395.83,SGD,2024-10-25 02:29:00.000000,2024-10-25,0,0,1,0,0,0,0,1,structuring
P00015480,C0195,Payroll SG Operations 2,SG Operations,SG,19855.3,19855.3,SGD,2024-11-25 02:48:00.000000,2024-11-25,0,0,1,0,0,0,0,1,structuring
P00023705,C0195,Payroll SG Operations 2,SG Operations,SG,19922.82,19922.82,SGD,2025-01-24 02:23:00.000000,2025-01-24,0,0,1,0,0,0,0,1,structuring
P00104473,C0196,Eberth Atzler GmbH & Co. KG,Germany GmbH,DE,97.3,139.84,EUR,2026-08-18 02:34:00.000000,2026-08-18,0,0,0,0,0,0,1,1,off-hours
P00038828,C0196,Eberth Atzler GmbH & Co. KG,Germany GmbH,DE,106.59,154.9,EUR,2025-05-19 04:13:00.000000,2025-05-19,0,0,0,0,0,0,1,1,off-hours
P00038492,C0196,Eberth Atzler GmbH & Co. KG,Germany GmbH,DE,113.71,164.82,EUR,2025-05-15 04:22:00.000000,2025-05-15,0,0,0,0,0,0,1,1,off-hours
P00055922,C0196,Eberth Atzler GmbH & Co. KG,US West Distribution,DE,842.05,1140.67,USD,2025-09-16 10:23:00.000000,2025-09-16,0,0,0,0,0,0,1,1,off-hours
P00076090,C0196,Eberth Atzler GmbH & Co. KG,US Inc,DE,8155.38,11646.27,EUR,2026-02-05 07:46:00.000000,2026-02-05,0,0,0,0,0,0,1,1,off-hours
P00100684,C0196,Eberth Atzler GmbH & Co. KG,Germany GmbH,DE,9967.63,14568.33,EUR,2026-07-23 11:40:00.000000,2026-07-23,0,0,0,0,1,0,0,1,duplicate
P00100685,C0196,Eberth Atzler GmbH & Co. KG,Germany GmbH,DE,9967.63,14580.82,EUR,2026-07-23 11:47:00.000000,2026-07-23,0,0,0,0,1,0,0,1,duplicate
P00016773,C0196,Eberth Atzler GmbH & Co. KG,US West Distribution,DE,10730.42,15055.53,EUR,2024-12-03 20:04:00.000000,2024-12-03,0,0,0,0,1,0,0,1,duplicate
P00016774,C0196,Eberth Atzler GmbH & Co. KG,US West Distribution,DE,10730.42,15022.68,EUR,2024-12-03 20:14:00.000000,2024-12-03,0,0,0,0,1,0,0,1,duplicate
P00029579,C0196,Eberth Atzler GmbH & Co. KG,Shenzhen Sourcing,DE,12842.03,18459.78,EUR,2025-03-11 01:50:00.000000,2025-03-11,0,0,1,0,0,0,0,1,structuring
P00023422,C0196,Eberth Atzler GmbH & Co. KG,Shenzhen Sourcing,DE,13033.12,18339.8,EUR,2025-01-23 01:36:00.000000,2025-01-23,0,0,1,0,0,0,0,1,structuring
P00050899,C0196,Eberth Atzler GmbH & Co. KG,Germany GmbH,DE,13034.89,18950.15,EUR,2025-08-12 08:57:00.000000,2025-08-12,0,0,1,0,0,0,0,1,structuring
P00030036,C0196,Eberth Atzler GmbH & Co. KG,UK Ltd,DE,13550.67,19622.43,EUR,2025-03-13 10:26:00.000000,2025-03-13,0,0,1,0,0,0,0,1,structuring
P00064645,C0196,Eberth Atzler GmbH & Co. KG,Germany GmbH,DE,13814.27,19689.51,EUR,2025-11-17 11:16:00.000000,2025-11-17,0,0,1,0,0,0,0,1,structuring
P00023677,C0196,Eberth Atzler GmbH & Co. KG,US Inc,DE,20000.0,27518.48,USD,2025-01-23 16:08:00.000000,2025-01-23,0,1,0,0,0,0,0,1,round amount
P00009503,C0196,Eberth Atzler GmbH & Co. KG,Germany GmbH,DE,84842.52,126430.29,EUR,2024-10-08 14:47:00.000000,2024-10-08,0,0,0,1,0,0,0,1,new beneficiary
P00080202,C0196,Eberth Atzler GmbH & Co. KG,Shanghai Mfg,DE,98101.0,18231.19,CNY,2026-03-06 04:55:00.000000,2026-03-06,0,0,1,0,0,0,0,1,structuring
P00079868,C0196,Eberth Atzler GmbH & Co. KG,Shanghai Mfg,DE,101979.96,18908.31,CNY,2026-03-05 00:39:00.000000,2026-03-05,0,0,1,0,0,0,0,1,structuring
P00080409,C0196,Eberth Atzler GmbH & Co. KG,Shanghai Mfg,DE,104250.44,19380.05,CNY,2026-03-09 06:44:00.000000,2026-03-09,0,0,1,0,0,0,0,1,structuring
P00071375,C0198,Kallert,Germany GmbH,DE,34.61,49.87,EUR,2026-01-02 22:46:00.000000,2026-01-02,0,0,0,0,0,0,1,1,off-hours
P00034566,C0198,Kallert,US Inc,DE,98.32,130.97,USD,2025-04-16 03:08:00.000000,2025-04-16,0,0,0,0,0,0,1,1,off-hours
P00102561,C0198,Kallert,Germany GmbH,DE,214.56,309.44,EUR,2026-08-05 01:48:00.000000,2026-08-05,0,0,0,0,0,0,1,1,off-hours
P00033773,C0198,Kallert,Germany GmbH,DE,360.41,515.82,EUR,2025-04-10 03:17:00.000000,2025-04-10,0,0,0,0,0,0,1,1,off-hours
P00082702,C0198,Kallert,Germany GmbH,DE,5525.4,7892.39,EUR,2026-03-24 11:19:00.000000,2026-03-24,0,0,0,0,1,0,0,1,duplicate
P00082704,C0198,Kallert,Germany GmbH,DE,5525.4,7892.39,EUR,2026-03-24 11:47:00.000000,2026-03-24,0,0,0,0,1,0,0,1,duplicate
P00100806,C0198,Kallert,UK Ltd,DE,11100.8,18721.67,GBP,2026-07-24 09:52:00.000000,2026-07-24,0,0,1,0,0,0,0,1,structuring
P00101061,C0198,Kallert,UK Ltd,DE,11185.7,18850.53,GBP,2026-07-27 11:22:00.000000,2026-07-27,0,0,1,0,0,0,0,1,structuring
P00100606,C0198,Kallert,UK Ltd,DE,11533.2,19450.91,GBP,2026-07-23 07:48:00.000000,2026-07-23,0,0,1,0,0,0,0,1,structuring
P00101163,C0198,Kallert,Shanghai Mfg,DE,13285.28,19434.39,EUR,2026-07-28 01:36:00.000000,2026-07-28,0,0,1,0,0,0,0,1,structuring
P00017959,C0198,Kallert,Germany GmbH,DE,13653.09,19232.73,EUR,2024-12-12 08:20:00.000000,2024-12-12,0,0,1,0,0,0,0,1,structuring
P00041785,C0198,Kallert,Germany GmbH,DE,21372.0,31415.62,EUR,2025-06-10 00:04:00.000000,2025-06-10,0,0,0,0,0,0,1,1,off-hours
P00021214,C0203,Reyes Ltd,Group Treasury HQ,SG,4746.83,4746.83,SGD,2025-01-07 01:35:00.000000,2025-01-07,0,0,0,0,1,0,0,1,duplicate
P00021223,C0203,Reyes Ltd,Group Treasury HQ,SG,4746.83,4746.83,SGD,2025-01-07 01:57:00.000000,2025-01-07,0,0,0,0,1,0,0,1,duplicate
P00036363,C0203,Reyes Ltd,Germany GmbH,SG,5720.87,5720.87,SGD,2025-04-29 01:46:00.000000,2025-04-29,0,0,0,0,0,0,1,1,off-hours
P00051881,C0203,Reyes Ltd,SG Operations,SG,7941.41,7941.41,SGD,2025-08-19 07:41:00.000000,2025-08-19,0,0,0,0,1,0,0,1,duplicate
P00051888,C0203,Reyes Ltd,SG Operations,SG,7941.41,7941.41,SGD,2025-08-19 08:06:00.000000,2025-08-19,0,0,0,0,1,0,0,1,duplicate
P00074320,C0203,Reyes Ltd,US Inc,SG,10000.0,13256.05,USD,2026-01-22 16:47:00.000000,2026-01-22,0,1,0,0,0,0,0,1,round amount
P00037811,C0203,Reyes Ltd,Germany GmbH,SG,12974.28,18587.45,EUR,2025-05-09 06:10:00.000000,2025-05-09,0,0,1,0,0,0,0,1,structuring
P00037650,C0203,Reyes Ltd,Germany GmbH,SG,13467.14,19150.21,EUR,2025-05-08 07:35:00.000000,2025-05-08,0,0,1,0,0,0,0,1,structuring
P00037891,C0203,Reyes Ltd,Germany GmbH,SG,13520.9,19370.56,EUR,2025-05-10 07:45:00.000000,2025-05-10,0,0,1,0,0,0,0,1,structuring
P00088063,C0203,Reyes Ltd,Shenzhen Sourcing,SG,18052.02,18052.02,SGD,2026-04-30 01:05:00.000000,2026-04-30,0,0,1,0,0,0,0,1,structuring
P00050172,C0203,Reyes Ltd,Shanghai Mfg,SG,18112.45,18112.45,SGD,2025-08-07 02:23:00.000000,2025-08-07,0,0,1,0,0,0,0,1,structuring
P00051099,C0203,Reyes Ltd,SG Operations,SG,18587.16,18587.16,SGD,2025-08-14 01:17:00.000000,2025-08-14,0,0,1,0,0,0,0,1,structuring
P00020555,C0203,Reyes Ltd,SG Operations,SG,19047.3,19047.3,SGD,2025-01-02 02:45:00.000000,2025-01-02,0,0,1,0,0,0,0,1,structuring
P00016928,C0203,Reyes Ltd,SG Operations,SG,19505.7,19505.7,SGD,2024-12-05 02:16:00.000000,2024-12-05,0,0,1,0,0,0,0,1,structuring
P00085152,C0203,Reyes Ltd,Germany GmbH,SG,20000.0,28875.02,EUR,2026-04-09 11:00:00.000000,2026-04-09,0,1,0,0,0,0,0,1,round amount
P00076056,C0203,Reyes Ltd,SG Operations,SG,24852.32,24852.32,SGD,2026-02-05 04:01:00.000000,2026-02-05,0,0,0,0,1,0,0,1,duplicate
P00076058,C0203,Reyes Ltd,SG Operations,SG,24852.32,24852.32,SGD,2026-02-05 04:22:00.000000,2026-02-05,0,0,0,0,1,0,0,1,duplicate
P00031826,C0203,Reyes Ltd,Shenzhen Sourcing,SG,25000.0,4656.88,CNY,2025-03-27 06:18:00.000000,2025-03-27,0,1,0,0,0,0,0,1,round amount
P00086971,C0203,Reyes Ltd,SG Operations,SG,29323.78,29323.78,SGD,2026-04-22 20:42:00.000000,2026-04-22,0,0,0,0,0,0,1,1,off-hours
P00009296,C0203,Reyes Ltd,SG Operations,SG,186153.78,186153.78,SGD,2024-10-08 01:45:00.000000,2024-10-08,0,0,0,1,0,0,0,1,new beneficiary
P00039938,C0204,Sant PLC,India Services,IN,5525.08,88.92,INR,2025-05-26 17:49:00.000000,2025-05-26,0,0,0,0,0,0,1,1,off-hours
P00029728,C0204,Sant PLC,Germany Sales Office,IN,12744.31,18319.98,EUR,2025-03-11 15:27:00.000000,2025-03-11,0,0,1,0,0,0,0,1,structuring
P00029815,C0204,Sant PLC,Germany Sales Office,IN,12918.52,18707.02,EUR,2025-03-12 11:27:00.000000,2025-03-12,0,0,1,0,0,0,0,1,structuring
P00030047,C0204,Sant PLC,Germany Sales Office,IN,13604.73,19770.07,EUR,2025-03-13 11:44:00.000000,2025-03-13,0,0,1,0,0,0,0,1,structuring
P00075803,C0204,Sant PLC,US West Distribution,IN,13879.04,18386.51,USD,2026-02-03 14:22:00.000000,2026-02-03,0,0,1,0,0,0,0,1,structuring
P00053323,C0204,Sant PLC,US Inc,IN,14807.09,19969.94,USD,2025-08-28 13:39:00.000000,2025-08-28,0,0,1,0,0,0,0,1,structuring
P00087183,C0204,Sant PLC,Germany GmbH,IN,20000.0,28901.14,EUR,2026-04-23 09:22:00.000000,2026-04-23,0,1,0,0,0,0,0,1,round amount
P00050100,C0204,Sant PLC,SG Operations,IN,27154.76,36334.4,USD,2025-08-06 17:34:00.000000,2025-08-06,0,0,0,0,0,0,1,1,off-hours
P00105501,C0204,Sant PLC,Shanghai Mfg,IN,47959.51,64645.58,USD,2026-08-24 19:02:00.000000,2026-08-24,0,0,0,0,0,0,1,1,off-hours
P00048235,C0204,Sant PLC,India Services,IN,1208749.22,19544.27,INR,2025-07-24 04:08:00.000000,2025-07-24,0,0,1,0,0,0,0,1,structuring
P00055203,C0204,Sant PLC,India Services,IN,1234526.23,19832.66,INR,2025-09-11 03:48:00.000000,2025-09-11,0,0,1,0,0,0,0,1,structuring
P00046504,C0205,"Howell, Shea and Daniel",UK Ltd,AE,143.85,242.32,GBP,2025-07-14 05:09:00.000000,2025-07-14,0,0,0,0,0,0,1,1,off-hours
P00036377,C0205,"Howell, Shea and Daniel",UK Ltd,AE,2180.64,2954.46,USD,2025-04-29 01:57:00.000000,2025-04-29,0,0,0,0,0,0,1,1,off-hours
P00041575,C0205,"Howell, Shea and Daniel",UK Ltd,AE,10334.43,18104.51,GBP,2025-06-07 15:18:00.000000,2025-06-07,0,0,1,0,0,0,0,1,structuring
P00041573,C0205,"Howell, Shea and Daniel",UK Ltd,AE,10740.75,18816.32,GBP,2025-06-07 11:56:00.000000,2025-06-07,0,0,1,0,0,0,0,1,structuring
P00041413,C0205,"Howell, Shea and Daniel",UK Ltd,AE,11202.21,19624.74,GBP,2025-06-05 12:51:00.000000,2025-06-05,0,0,1,0,0,0,0,1,structuring
P00032979,C0205,"Howell, Shea and Daniel",Netherlands BV,AE,20000.0,28921.0,EUR,2025-04-03 14:20:00.000000,2025-04-03,0,1,0,0,0,0,0,1,round amount
P00073133,C0205,"Howell, Shea and Daniel",Shenzhen Sourcing,AE,20499.81,3823.99,CNY,2026-01-15 01:59:00.000000,2026-01-15,0,0,0,0,0,1,0,1,burst
P00073094,C0205,"Howell, Shea and Daniel",Shenzhen Sourcing,AE,25562.75,4768.42,CNY,2026-01-15 01:28:00.000000,2026-01-15,0,0,0,0,0,1,0,1,burst
P00073113,C0205,"Howell, Shea and Daniel",Shenzhen Sourcing,AE,26271.24,4900.58,CNY,2026-01-15 01:44:00.000000,2026-01-15,0,0,0,0,0,1,0,1,burst
P00073100,C0205,"Howell, Shea and Daniel",Shenzhen Sourcing,AE,30219.56,5637.1,CNY,2026-01-15 01:31:00.000000,2026-01-15,0,0,0,0,0,1,0,1,burst
P00073154,C0205,"Howell, Shea and Daniel",Shenzhen Sourcing,AE,34670.15,6467.3,CNY,2026-01-15 02:14:00.000000,2026-01-15,0,0,0,0,0,1,0,1,burst
P00073095,C0205,"Howell, Shea and Daniel",Shenzhen Sourcing,AE,35675.95,6654.92,CNY,2026-01-15 01:28:00.000000,2026-01-15,0,0,0,0,0,1,0,1,burst
P00073110,C0205,"Howell, Shea and Daniel",Shenzhen Sourcing,AE,35770.11,6681.68,CNY,2026-01-15 01:41:00.000000,2026-01-15,0,0,0,0,0,1,0,1,burst
P00073096,C0205,"Howell, Shea and Daniel",Shenzhen Sourcing,AE,42906.44,8003.68,CNY,2026-01-15 01:29:00.000000,2026-01-15,0,0,0,0,0,1,0,1,burst
P00073104,C0205,"Howell, Shea and Daniel",Shenzhen Sourcing,AE,48481.47,9043.64,CNY,2026-01-15 01:34:00.000000,2026-01-15,0,0,0,0,0,1,0,1,burst
P00031613,C0205,"Howell, Shea and Daniel",US West Distribution,AE,50000.0,67405.1,USD,2025-03-25 19:15:00.000000,2025-03-25,0,1,0,0,0,0,0,1,round amount
P00044326,C0205,"Howell, Shea and Daniel",India Services,AE,50000.0,795.25,INR,2025-06-26 12:10:00.000000,2025-06-26,0,1,0,0,0,0,0,1,round amount
P00073148,C0205,"Howell, Shea and Daniel",Shenzhen Sourcing,AE,62004.91,11566.27,CNY,2026-01-15 02:09:00.000000,2026-01-15,0,0,0,0,0,1,0,1,burst
P00073152,C0205,"Howell, Shea and Daniel",Shenzhen Sourcing,AE,74690.03,13932.53,CNY,2026-01-15 02:13:00.000000,2026-01-15,0,0,0,0,0,1,0,1,burst
P00073141,C0205,"Howell, Shea and Daniel",Shenzhen Sourcing,AE,76827.18,14331.19,CNY,2026-01-15 02:06:00.000000,2026-01-15,0,0,0,0,0,1,0,1,burst
P00093933,C0205,"Howell, Shea and Daniel",Germany GmbH,AE,78996.63,105781.86,USD,2026-06-09 11:18:00.000000,2026-06-09,0,0,0,0,1,0,0,1,duplicate
P00093934,C0205,"Howell, Shea and Daniel",Germany GmbH,AE,78996.63,105471.24,USD,2026-06-09 11:27:00.000000,2026-06-09,0,0,0,0,1,0,0,1,duplicate
P00040611,C0205,"Howell, Shea and Daniel",Shenzhen Sourcing,AE,95925.2,18039.41,CNY,2025-05-30 00:40:00.000000,2025-05-30,0,0,1,0,0,0,0,1,structuring
P00040720,C0205,"Howell, Shea and Daniel",Shenzhen Sourcing,AE,97281.07,18241.95,CNY,2025-05-31 03:26:00.000000,2025-05-31,0,0,1,0,0,0,0,1,structuring
P00040439,C0205,"Howell, Shea and Daniel",Shenzhen Sourcing,AE,102589.51,19292.68,CNY,2025-05-29 02:57:00.000000,2025-05-29,0,0,1,0,0,0,0,1,structuring
P00012196,C0209,"Smith, Thompson and Contreras",US West Distribution,VN,56.61,77.38,USD,2024-10-29 10:51:00.000000,2024-10-29,0,0,0,0,0,0,1,1,off-hours
P00038396,C0209,"Smith, Thompson and Contreras",Netherlands BV,VN,519.72,754.16,EUR,2025-05-14 21:17:00.000000,2025-05-14,0,0,0,0,0,0,1,1,off-hours
P00078796,C0209,"Smith, Thompson and Contreras",Shanghai Mfg,VN,716.73,132.92,CNY,2026-02-25 15:24:00.000000,2026-02-25,0,0,0,0,0,0,1,1,off-hours
P00065175,C0209,"Smith, Thompson and Contreras",Shanghai Mfg,VN,10000.0,1859.68,CNY,2025-11-20 06:35:00.000000,2025-11-20,0,1,0,0,0,0,0,1,round amount
P00068323,C0209,"Smith, Thompson and Contreras",US West Distribution,VN,10000.0,12955.25,USD,2025-12-11 22:17:00.000000,2025-12-11,0,1,0,0,0,0,0,1,round amount
P00047204,C0209,"Smith, Thompson and Contreras",Germany GmbH,VN,13552.03,18047.39,USD,2025-07-17 07:20:00.000000,2025-07-17,0,0,1,0,0,0,0,1,structuring
P00020661,C0209,"Smith, Thompson and Contreras",Germany GmbH,VN,13573.26,18588.5,USD,2025-01-02 09:08:00.000000,2025-01-02,0,0,1,0,0,0,0,1,structuring
P00033479,C0209,"Smith, Thompson and Contreras",Germany GmbH,VN,13584.27,18152.82,USD,2025-04-08 08:53:00.000000,2025-04-08,0,0,1,0,0,0,0,1,structuring
P00104779,C0209,"Smith, Thompson and Contreras",US Inc,VN,13755.74,18525.28,USD,2026-08-19 18:57:00.000000,2026-08-19,0,0,1,0,0,0,0,1,structuring
P00082946,C0209,"Smith, Thompson and Contreras",SG Operations,VN,14680.83,19449.37,USD,2026-03-26 02:30:00.000000,2026-03-26,0,0,1,0,0,0,0,1,structuring
P00026215,C0209,"Smith, Thompson and Contreras",Germany Sales Office,VN,20000.0,28745.04,EUR,2025-02-13 07:05:00.000000,2025-02-13,0,1,0,0,0,0,0,1,round amount
P00033434,C0209,"Smith, Thompson and Contreras",Netherlands BV,VN,20000.0,29083.7,EUR,2025-04-08 06:09:00.000000,2025-04-08,0,1,0,0,0,0,0,1,round amount
P00010708,C0209,"Smith, Thompson and Contreras",US West Distribution,VN,25000.0,33613.67,USD,2024-10-17 14:08:00.000000,2024-10-17,0,1,0,0,0,0,0,1,round amount
P00095377,C0209,"Smith, Thompson and Contreras",Germany GmbH,VN,25000.0,36697.08,EUR,2026-06-18 09:10:00.000000,2026-06-18,0,1,0,0,0,0,0,1,round amount
P00109491,C0209,"Smith, Thompson and Contreras",Germany Sales Office,VN,25000.0,36105.48,EUR,2026-09-17 14:47:00.000000,2026-09-17,0,1,0,0,0,0,0,1,round amount
P00038511,C0209,"Smith, Thompson and Contreras",Shanghai Mfg,VN,50000.0,9355.6,CNY,2025-05-15 06:22:00.000000,2025-05-15,0,1,0,0,0,0,0,1,round amount
P00009791,C0209,"Smith, Thompson and Contreras",Germany GmbH,VN,106011.04,140628.31,USD,2024-10-10 08:49:00.000000,2024-10-10,0,0,0,1,0,0,0,1,new beneficiary
P00053879,C0209,"Smith, Thompson and Contreras",India Services,VN,1163569.39,18589.18,INR,2025-09-02 09:04:00.000000,2025-09-02,0,0,1,0,0,0,0,1,structuring
P00054516,C0209,"Smith, Thompson and Contreras",India Services,VN,1226556.57,19671.51,INR,2025-09-06 11:55:00.000000,2025-09-06,0,0,1,0,0,0,0,1,structuring
P00054017,C0209,"Smith, Thompson and Contreras",India Services,VN,1242074.58,19855.8,INR,2025-09-03 03:31:00.000000,2025-09-03,0,0,1,0,0,0,0,1,structuring
P00039223,C0210,Bera-Borah,India Services,IN,5038.23,81.52,INR,2025-05-21 00:04:00.000000,2025-05-21,0,0,0,0,0,0,1,1,off-hours
P00061376,C0210,Bera-Borah,US Inc,IN,10000.0,13601.07,USD,2025-10-23 16:33:00.000000,2025-10-23,0,1,0,0,0,0,0,1,round amount
P00049406,C0210,Bera-Borah,US Inc,IN,13668.45,18186.68,USD,2025-07-31 13:17:00.000000,2025-07-31,0,0,1,0,0,0,0,1,structuring
P00045399,C0210,Bera-Borah,US West Distribution,IN,13979.76,18406.76,USD,2025-07-03 14:57:00.000000,2025-07-03,0,0,1,0,0,0,0,1,structuring
P00032965,C0210,Bera-Borah,US Inc,IN,14064.64,18772.34,USD,2025-04-03 13:44:00.000000,2025-04-03,0,0,1,0,0,0,0,1,structuring
P00040520,C0210,Bera-Borah,UK Ltd,IN,14149.86,18635.41,USD,2025-05-29 09:29:00.000000,2025-05-29,0,0,1,0,0,0,0,1,structuring
P00111274,C0210,Bera-Borah,Netherlands BV,IN,25000.0,35502.42,EUR,2026-09-29 14:18:00.000000,2026-09-29,0,1,0,0,0,0,0,1,round amount
P00032020,C0210,Bera-Borah,US West Distribution,IN,41570.71,55758.38,USD,2025-03-27 19:58:00.000000,2025-03-27,0,0,0,0,1,0,0,1,duplicate
P00032021,C0210,Bera-Borah,US West Distribution,IN,41570.71,55758.38,USD,2025-03-27 20:14:00.000000,2025-03-27,0,0,0,0,1,0,0,1,duplicate
P00067330,C0210,Bera-Borah,US West Distribution,IN,50000.0,65810.65,USD,2025-12-04 15:13:00.000000,2025-12-04,0,1,0,0,0,0,0,1,round amount
P00040730,C0210,Bera-Borah,Shenzhen Sourcing,IN,97375.04,18269.89,CNY,2025-06-02 02:27:00.000000,2025-06-02,0,0,1,0,0,0,0,1,structuring
P00042283,C0210,Bera-Borah,Shanghai Mfg,IN,99606.8,18695.3,CNY,2025-06-12 08:13:00.000000,2025-06-12,0,0,1,0,0,0,0,1,structuring
P00042468,C0210,Bera-Borah,Shanghai Mfg,IN,99999.27,18779.26,CNY,2025-06-13 08:42:00.000000,2025-06-13,0,0,1,0,0,0,0,1,structuring
P00042529,C0210,Bera-Borah,Shanghai Mfg,IN,101762.97,19110.48,CNY,2025-06-14 09:56:00.000000,2025-06-14,0,0,1,0,0,0,0,1,structuring
P00040724,C0210,Bera-Borah,Shenzhen Sourcing,IN,102643.99,19258.48,CNY,2025-05-31 06:19:00.000000,2025-05-31,0,0,1,0,0,0,0,1,structuring
P00040465,C0210,Bera-Borah,Shenzhen Sourcing,IN,105691.89,19803.6,CNY,2025-05-29 05:18:00.000000,2025-05-29,0,0,1,0,0,0,0,1,structuring
P00033440,C0210,Bera-Borah,India Services,IN,1111747.48,18041.44,INR,2025-04-08 06:47:00.000000,2025-04-08,0,0,1,0,0,0,0,1,structuring
P00039085,C0210,Bera-Borah,India Services,IN,1140444.13,18448.96,INR,2025-05-20 04:35:00.000000,2025-05-20,0,0,1,0,0,0,0,1,structuring
P00035766,C0211,国讯网络有限公司,Shanghai Mfg,CN,10000.0,1865.05,CNY,2025-04-24 09:23:00.000000,2025-04-24,0,1,0,0,0,0,0,1,round amount
P00084326,C0211,国讯网络有限公司,SG Operations,CN,18167.37,18167.37,SGD,2026-04-03 02:53:00.000000,2026-04-03,0,0,1,0,0,0,0,1,structuring
P00084383,C0211,国讯网络有限公司,SG Operations,CN,18586.25,18586.25,SGD,2026-04-06 02:45:00.000000,2026-04-06,0,0,1,0,0,0,0,1,structuring
P00084110,C0211,国讯网络有限公司,SG Operations,CN,18918.28,18918.28,SGD,2026-04-02 04:45:00.000000,2026-04-02,0,0,1,0,0,0,0,1,structuring
P00017011,C0211,国讯网络有限公司,SG Operations,CN,20000.0,20000.0,SGD,2024-12-05 08:51:00.000000,2024-12-05,0,1,0,0,0,0,0,1,round amount
P00090859,C0211,国讯网络有限公司,Germany GmbH,CN,20000.0,29696.06,EUR,2026-05-19 14:15:00.000000,2026-05-19,0,1,0,0,0,0,0,1,round amount
P00031729,C0211,国讯网络有限公司,Shenzhen Sourcing,CN,25000.0,4656.88,CNY,2025-03-27 00:03:00.000000,2025-03-27,0,1,0,0,0,0,0,1,round amount
P00050400,C0211,国讯网络有限公司,US West Distribution,CN,25000.0,33662.48,USD,2025-08-07 15:02:00.000000,2025-08-07,0,1,0,0,0,0,0,1,round amount
P00110606,C0211,国讯网络有限公司,US Inc,CN,93890.52,17547.86,CNY,2026-09-24 17:58:00.000000,2026-09-24,0,0,0,0,1,0,0,1,duplicate
P00110607,C0211,国讯网络有限公司,US Inc,CN,93890.52,17547.86,CNY,2026-09-24 18:19:00.000000,2026-09-24,0,0,0,0,1,0,0,1,duplicate
P00049843,C0211,国讯网络有限公司,Shenzhen Sourcing,CN,96498.67,18050.08,CNY,2025-08-05 01:42:00.000000,2025-08-05,0,0,1,0,0,0,0,1,structuring
P00075678,C0211,国讯网络有限公司,Shenzhen Sourcing,CN,101698.08,18965.47,CNY,2026-02-03 02:38:00.000000,2026-02-03,0,0,1,0,0,0,0,1,structuring
P00027774,C0211,国讯网络有限公司,Shenzhen Sourcing,CN,103687.23,19301.79,CNY,2025-02-25 03:59:00.000000,2025-02-25,0,0,1,0,0,0,0,1,structuring
P00036783,C0211,国讯网络有限公司,Shenzhen Sourcing,CN,104362.49,19446.07,CNY,2025-05-01 06:22:00.000000,2025-05-01,0,0,1,0,0,0,0,1,structuring
P00036457,C0211,国讯网络有限公司,Shenzhen Sourcing,CN,104784.17,19528.21,CNY,2025-04-29 05:58:00.000000,2025-04-29,0,0,1,0,0,0,0,1,structuring
P00036779,C0211,国讯网络有限公司,Shenzhen Sourcing,CN,104852.93,19537.46,CNY,2025-05-01 04:50:00.000000,2025-05-01,0,0,1,0,0,0,0,1,structuring
P00110588,C0211,国讯网络有限公司,US Inc,CN,105109.98,19644.74,CNY,2026-09-24 14:57:00.000000,2026-09-24,0,0,1,0,0,0,0,1,structuring
P00028043,C0211,国讯网络有限公司,Shenzhen Sourcing,CN,105375.74,19646.46,CNY,2025-02-27 01:14:00.000000,2025-02-27,0,0,1,0,0,0,0,1,structuring
P00028372,C0211,国讯网络有限公司,Shenzhen Sourcing,CN,106041.69,19818.34,CNY,2025-03-01 04:42:00.000000,2025-03-01,0,0,1,0,0,0,0,1,structuring
P00074967,C0211,国讯网络有限公司,Shanghai Mfg,CN,158072.69,29491.46,CNY,2026-01-28 18:19:00.000000,2026-01-28,0,0,0,0,0,0,1,1,off-hours
P00098020,C0211,国讯网络有限公司,SG Operations,CN,1069388.92,198545.96,CNY,2026-07-07 02:20:00.000000,2026-07-07,0,0,0,0,1,0,0,1,duplicate
P00098028,C0211,国讯网络有限公司,SG Operations,CN,1069388.92,198545.96,CNY,2026-07-07 02:31:00.000000,2026-07-07,0,0,0,0,1,0,0,1,duplicate
P00046200,C0211,国讯网络有限公司,India Services,CN,1165842.12,18778.22,INR,2025-07-10 07:35:00.000000,2025-07-10,0,0,1,0,0,0,0,1,structuring
P00045881,C0211,国讯网络有限公司,India Services,CN,1176917.94,18909.54,INR,2025-07-08 09:16:00.000000,2025-07-08,0,0,1,0,0,0,0,1,structuring
P00046453,C0211,国讯网络有限公司,India Services,CN,1209011.79,19442.12,INR,2025-07-12 08:02:00.000000,2025-07-12,0,0,1,0,0,0,0,1,structuring
P00097605,C0214,Walker PLC,UK Ltd,AU,10564.98,18085.79,GBP,2026-07-02 14:56:00.000000,2026-07-02,0,0,1,0,0,0,0,1,structuring
P00097715,C0214,Walker PLC,UK Ltd,AU,11190.95,19060.14,GBP,2026-07-04 12:33:00.000000,2026-07-04,0,0,1,0,0,0,0,1,structuring
P00097900,C0214,Walker PLC,UK Ltd,AU,11232.02,19130.08,GBP,2026-07-06 12:05:00.000000,2026-07-06,0,0,1,0,0,0,0,1,structuring
P00044459,C0214,Walker PLC,Germany GmbH,AU,12425.34,18157.72,EUR,2025-06-27 11:21:00.000000,2025-06-27,0,0,1,0,0,0,0,1,structuring
P00044753,C0214,Walker PLC,Germany GmbH,AU,12798.4,18642.28,EUR,2025-06-30 15:27:00.000000,2025-06-30,0,0,1,0,0,0,0,1,structuring
P00069505,C0214,Walker PLC,Germany GmbH,AU,12850.17,18154.17,EUR,2025-12-20 15:17:00.000000,2025-12-20,0,0,1,0,0,0,0,1,structuring
P00069380,C0214,Walker PLC,Germany GmbH,AU,12880.77,18235.68,EUR,2025-12-18 15:55:00.000000,2025-12-18,0,0,1,0,0,0,0,1,structuring
P00069704,C0214,Walker PLC,Germany GmbH,AU,13006.8,18394.39,EUR,2025-12-22 15:10:00.000000,2025-12-22,0,0,1,0,0,0,0,1,structuring
P00044385,C0214,Walker PLC,Germany GmbH,AU,13294.63,19428.05,EUR,2025-06-26 15:04:00.000000,2025-06-26,0,0,1,0,0,0,0,1,structuring
P00105592,C0214,Walker PLC,Shanghai Mfg,AU,14299.8,19229.07,USD,2026-08-25 05:23:00.000000,2026-08-25,0,0,1,0,0,0,0,1,structuring
P00079725,C0214,Walker PLC,US West Distribution,AU,14729.84,19428.11,USD,2026-03-03 15:29:00.000000,2026-03-03,0,0,1,0,0,0,0,1,structuring
P00046775,C0214,Walker PLC,Shenzhen Sourcing,AU,20000.0,3742.84,CNY,2025-07-15 05:23:00.000000,2025-07-15,0,1,0,0,0,0,0,1,round amount
P00097505,C0214,Walker PLC,Germany GmbH,AU,25000.0,36541.35,EUR,2026-07-02 08:09:00.000000,2026-07-02,0,1,0,0,0,0,0,1,round amount
P00104871,C0214,Walker PLC,Shanghai Mfg,AU,25000.0,4700.4,CNY,2026-08-20 03:44:00.000000,2026-08-20,0,1,0,0,0,0,0,1,round amount
P00089173,C0214,Walker PLC,Germany GmbH,AU,50000.0,72919.15,EUR,2026-05-07 09:11:00.000000,2026-05-07,0,1,0,0,0,0,0,1,round amount
P00098768,C0214,Walker PLC,Shenzhen Sourcing,AU,99869.69,18565.18,CNY,2026-07-11 04:48:00.000000,2026-07-11,0,0,1,0,0,0,0,1,structuring
P00098901,C0214,Walker PLC,Shenzhen Sourcing,AU,104600.75,19481.68,CNY,2026-07-13 08:10:00.000000,2026-07-13,0,0,1,0,0,0,0,1,structuring
P00098396,C0214,Walker PLC,Shenzhen Sourcing,AU,105663.45,19688.48,CNY,2026-07-09 02:24:00.000000,2026-07-09,0,0,1,0,0,0,0,1,structuring
P00085964,C0217,Tax Authority GB (E09),UK Ltd,GB,10242.12,18241.56,GBP,2026-04-15 08:55:00.000000,2026-04-15,0,0,1,0,0,0,0,1,structuring
P00109036,C0221,Tax Authority US (E10),US Inc,US,13385.46,18310.68,USD,2026-09-15 19:51:00.000000,2026-09-15,0,0,1,0,0,0,0,1,structuring
P00094779,C0221,Tax Authority US (E10),US Inc,US,13496.76,18082.26,USD,2026-06-15 17:18:00.000000,2026-06-15,0,0,1,0,0,0,0,1,structuring
P00081619,C0221,Tax Authority US (E10),US Inc,US,14397.44,18732.7,USD,2026-03-16 20:47:00.000000,2026-03-16,0,0,1,0,0,0,0,1,structuring
P00010368,C0221,Tax Authority US (E10),US Inc,US,51589.08,68727.54,USD,2024-10-15 19:14:00.000000,2024-10-15,0,0,0,1,0,0,0,1,new beneficiary
P00088294,C0223,Holmes-Henderson,US Inc,US,13.19,17.52,USD,2026-04-30 10:28:00.000000,2026-04-30,0,0,0,0,0,0,1,1,off-hours
P00023277,C0223,Holmes-Henderson,Netherlands BV,US,103.53,146.72,EUR,2025-01-22 03:38:00.000000,2025-01-22,0,0,0,0,0,0,1,1,off-hours
P00050332,C0223,Holmes-Henderson,US Inc,US,129.01,173.58,USD,2025-08-07 10:34:00.000000,2025-08-07,0,0,0,0,0,0,1,1,off-hours
P00052248,C0223,Holmes-Henderson,US West Distribution,US,2869.7,3898.35,USD,2025-08-21 07:58:00.000000,2025-08-21,0,0,0,0,0,0,1,1,off-hours
P00083162,C0223,Holmes-Henderson,Germany GmbH,US,2932.1,4208.02,EUR,2026-03-26 14:30:00.000000,2026-03-26,0,0,0,0,0,1,0,1,burst
P00083177,C0223,Holmes-Henderson,Germany GmbH,US,3017.37,4330.39,EUR,2026-03-26 14:53:00.000000,2026-03-26,0,0,0,0,0,1,0,1,burst
P00083146,C0223,Holmes-Henderson,Germany GmbH,US,3200.19,4592.77,EUR,2026-03-26 14:06:00.000000,2026-03-26,0,0,0,0,0,1,0,1,burst
P00083170,C0223,Holmes-Henderson,Germany GmbH,US,3369.7,4836.04,EUR,2026-03-26 14:39:00.000000,2026-03-26,0,0,0,0,0,1,0,1,burst
P00083161,C0223,Holmes-Henderson,Germany GmbH,US,3778.18,5422.27,EUR,2026-03-26 14:30:00.000000,2026-03-26,0,0,0,0,0,1,0,1,burst
P00083152,C0223,Holmes-Henderson,Germany GmbH,US,4095.68,5885.11,EUR,2026-03-26 14:17:00.000000,2026-03-26,0,0,0,0,0,1,0,1,burst
P00083153,C0223,Holmes-Henderson,Germany GmbH,US,4511.08,6474.1,EUR,2026-03-26 14:17:00.000000,2026-03-26,0,0,0,0,0,1,0,1,burst
P00083160,C0223,Holmes-Henderson,Germany GmbH,US,4868.07,6986.44,EUR,2026-03-26 14:29:00.000000,2026-03-26,0,0,0,0,0,1,0,1,burst
P00081224,C0223,Holmes-Henderson,Shanghai Mfg,US,5416.9,1009.53,CNY,2026-03-12 21:47:00.000000,2026-03-12,0,0,0,0,0,0,1,1,off-hours
P00083157,C0223,Holmes-Henderson,Germany GmbH,US,5940.08,8524.94,EUR,2026-03-26 14:27:00.000000,2026-03-26,0,0,0,0,0,1,0,1,burst
P00083151,C0223,Holmes-Henderson,Germany GmbH,US,6031.79,8667.12,EUR,2026-03-26 14:14:00.000000,2026-03-26,0,0,0,0,0,1,0,1,burst
P00083154,C0223,Holmes-Henderson,Germany GmbH,US,6635.91,9523.56,EUR,2026-03-26 14:19:00.000000,2026-03-26,0,0,0,0,0,1,0,1,burst
P00083159,C0223,Holmes-Henderson,Germany GmbH,US,6894.86,9895.19,EUR,2026-03-26 14:29:00.000000,2026-03-26,0,0,0,0,0,1,0,1,burst
P00103812,C0223,Holmes-Henderson,Shanghai Mfg,US,10000.0,1872.14,CNY,2026-08-13 06:49:00.000000,2026-08-13,0,1,0,0,0,0,0,1,round amount
P00048967,C0223,Holmes-Henderson,Germany Sales Office,US,12850.81,18470.62,EUR,2025-07-29 11:37:00.000000,2025-07-29,0,0,1,0,0,0,0,1,structuring
P00049297,C0223,Holmes-Henderson,Germany Sales Office,US,13190.9,18963.34,EUR,2025-07-31 07:21:00.000000,2025-07-31,0,0,1,0,0,0,0,1,structuring
P00089761,C0223,Holmes-Henderson,Netherlands BV,US,13618.02,18008.17,USD,2026-05-12 07:33:00.000000,2026-05-12,0,0,1,0,0,0,0,1,structuring
P00049316,C0223,Holmes-Henderson,Germany Sales Office,US,13825.27,19875.32,EUR,2025-07-31 07:47:00.000000,2025-07-31,0,0,1,0,0,0,0,1,structuring
P00065731,C0223,Holmes-Henderson,Shanghai Mfg,US,14140.59,18835.46,USD,2025-11-25 01:47:00.000000,2025-11-25,0,0,1,0,0,0,0,1,structuring
P00014360,C0223,Holmes-Henderson,US Inc,US,14714.45,19912.77,USD,2024-11-14 14:59:00.000000,2024-11-14,0,0,1,0,0,0,0,1,structuring
P00084313,C0223,Holmes-Henderson,US Inc,US,14884.36,19516.63,USD,2026-04-02 21:47:00.000000,2026-04-02,0,0,1,0,0,0,0,1,structuring
P00043402,C0223,Holmes-Henderson,US West Distribution,US,20000.0,26432.66,USD,2025-06-19 12:02:00.000000,2025-06-19,0,1,0,0,0,0,0,1,round amount
P00106086,C0223,Holmes-Henderson,US Inc,US,24645.49,33283.49,USD,2026-08-27 08:34:00.000000,2026-08-27,0,0,0,0,0,0,1,1,off-hours
P00079064,C0223,Holmes-Henderson,Germany GmbH,US,25000.0,35722.35,EUR,2026-02-26 13:25:00.000000,2026-02-26,0,1,0,0,0,0,0,1,round amount
P00033571,C0223,Holmes-Henderson,US Inc,US,63810.7,85743.84,USD,2025-04-08 19:21:00.000000,2025-04-08,0,0,0,0,1,0,0,1,duplicate
P00033573,C0223,Holmes-Henderson,US Inc,US,63810.7,85743.84,USD,2025-04-08 19:33:00.000000,2025-04-08,0,0,0,0,1,0,0,1,duplicate
P00090795,C0225,Tröst Schönland AG,Germany GmbH,DE,12223.35,18149.27,EUR,2026-05-19 07:59:00.000000,2026-05-19,0,0,1,0,0,0,0,1,structuring
P00099547,C0225,Tröst Schönland AG,Germany GmbH,DE,12752.49,18769.91,EUR,2026-07-16 07:28:00.000000,2026-07-16,0,0,1,0,0,0,0,1,structuring
P00051906,C0225,Tröst Schönland AG,Germany GmbH,DE,13602.89,19838.69,EUR,2025-08-19 08:46:00.000000,2025-08-19,0,0,1,0,0,0,0,1,structuring
P00021283,C0225,Tröst Schönland AG,SG Operations,DE,18326.72,18326.72,SGD,2025-01-07 06:51:00.000000,2025-01-07,0,0,1,0,0,0,0,1,structuring
P00021689,C0225,Tröst Schönland AG,SG Operations,DE,18394.62,18394.62,SGD,2025-01-09 09:09:00.000000,2025-01-09,0,0,1,0,0,0,0,1,structuring
P00021454,C0225,Tröst Schönland AG,SG Operations,DE,19549.59,19549.59,SGD,2025-01-08 06:50:00.000000,2025-01-08,0,0,1,0,0,0,0,1,structuring
P00071067,C0225,Tröst Schönland AG,UK Ltd,DE,50000.0,84711.55,GBP,2025-12-30 14:38:00.000000,2025-12-30,0,1,0,0,0,0,0,1,round amount
P00107354,C0226,"Thompson, Perez and Garcia",Netherlands BV,SG,40.33,58.9,EUR,2026-09-04 01:48:00.000000,2026-09-04,0,0,0,0,0,0,1,1,off-hours
P00017564,C0226,"Thompson, Perez and Garcia",SG Operations,SG,14695.03,14695.03,SGD,2024-12-10 02:45:00.000000,2024-12-10,0,0,0,0,1,0,0,1,duplicate
P00017574,C0226,"Thompson, Perez and Garcia",SG Operations,SG,14695.03,14695.03,SGD,2024-12-10 03:06:00.000000,2024-12-10,0,0,0,0,1,0,0,1,duplicate
P00046158,C0226,"Thompson, Perez and Garcia",Group Treasury HQ,SG,14988.87,14988.87,SGD,2025-07-10 03:48:00.000000,2025-07-10,0,0,0,0,1,0,0,1,duplicate
P00046160,C0226,"Thompson, Perez and Garcia",Group Treasury HQ,SG,14988.87,14988.87,SGD,2025-07-10 04:10:00.000000,2025-07-10,0,0,0,0,1,0,0,1,duplicate
P00073165,C0226,"Thompson, Perez and Garcia",SG Operations,SG,18010.13,18010.13,SGD,2026-01-15 02:32:00.000000,2026-01-15,0,0,1,0,0,0,0,1,structuring
P00028058,C0226,"Thompson, Perez and Garcia",Group Treasury HQ,SG,18704.3,18704.3,SGD,2025-02-27 01:50:00.000000,2025-02-27,0,0,1,0,0,0,0,1,structuring
P00052872,C0226,"Thompson, Perez and Garcia",Germany Sales Office,SG,18855.24,18855.24,SGD,2025-08-26 08:13:00.000000,2025-08-26,0,0,1,0,0,0,0,1,structuring
P00011408,C0226,"Thompson, Perez and Garcia",SG Operations,SG,18909.86,18909.86,SGD,2024-10-24 02:10:00.000000,2024-10-24,0,0,1,0,0,0,0,1,structuring
P00030945,C0226,"Thompson, Perez and Garcia",Germany GmbH,SG,19598.99,19598.99,SGD,2025-03-20 09:20:00.000000,2025-03-20,0,0,1,0,0,0,0,1,structuring
P00012060,C0226,"Thompson, Perez and Garcia",SG Operations,SG,19763.33,19763.33,SGD,2024-10-29 02:55:00.000000,2024-10-29,0,0,1,0,0,0,0,1,structuring
P00036979,C0226,"Thompson, Perez and Garcia",Group Treasury HQ,SG,19958.99,19958.99,SGD,2025-05-05 00:13:00.000000,2025-05-05,0,0,1,0,0,0,0,1,structuring
P00009697,C0226,"Thompson, Perez and Garcia",Shanghai Mfg,SG,25000.0,4620.08,CNY,2024-10-10 03:55:00.000000,2024-10-10,0,1,0,0,0,0,0,1,round amount
P00068206,C0226,"Thompson, Perez and Garcia",UK Ltd,SG,25000.0,43104.48,GBP,2025-12-11 09:09:00.000000,2025-12-11,0,1,0,0,0,0,0,1,round amount
P00079889,C0226,"Thompson, Perez and Garcia",UK Ltd,SG,32968.36,32968.36,SGD,2026-03-05 01:16:00.000000,2026-03-05,0,0,0,0,0,0,1,1,off-hours
P00093355,C0226,"Thompson, Perez and Garcia",US Inc,SG,45949.18,45949.18,SGD,2026-06-04 18:38:00.000000,2026-06-04,0,0,0,0,1,0,0,1,duplicate
P00093358,C0226,"Thompson, Perez and Garcia",US Inc,SG,45949.18,45949.18,SGD,2026-06-04 18:59:00.000000,2026-06-04,0,0,0,0,1,0,0,1,duplicate
P00018601,C0226,"Thompson, Perez and Garcia",US Inc,SG,50000.0,68147.25,USD,2024-12-17 15:06:00.000000,2024-12-17,0,1,0,0,0,0,0,1,round amount
P00045238,C0226,"Thompson, Perez and Garcia",Shanghai Mfg,SG,50000.0,9381.3,CNY,2025-07-03 06:40:00.000000,2025-07-03,0,1,0,0,0,0,0,1,round amount
P00058266,C0226,"Thompson, Perez and Garcia",SG Operations,SG,53182.76,53182.76,SGD,2025-10-02 04:55:00.000000,2025-10-02,0,0,0,0,1,0,0,1,duplicate
P00058269,C0226,"Thompson, Perez and Garcia",SG Operations,SG,53182.76,53182.76,SGD,2025-10-02 05:09:00.000000,2025-10-02,0,0,0,0,1,0,0,1,duplicate
P00029945,C0226,"Thompson, Perez and Garcia",Group Treasury HQ,SG,70112.91,70112.91,SGD,2025-03-13 05:32:00.000000,2025-03-13,0,0,0,0,1,0,0,1,duplicate
P00029947,C0226,"Thompson, Perez and Garcia",Group Treasury HQ,SG,70112.91,70112.91,SGD,2025-03-13 05:49:00.000000,2025-03-13,0,0,0,0,1,0,0,1,duplicate
P00076954,C0226,"Thompson, Perez and Garcia",Shanghai Mfg,SG,352426.92,352426.92,SGD,2026-02-11 20:13:00.000000,2026-02-11,0,0,0,0,0,0,1,1,off-hours
P00091428,C0229,Raghavan Inc,US West Distribution,IN,13802.59,18308.39,USD,2026-05-22 21:59:00.000000,2026-05-22,0,0,1,0,0,0,0,1,structuring
P00091313,C0229,Raghavan Inc,US West Distribution,IN,14145.78,18792.1,USD,2026-05-21 21:46:00.000000,2026-05-21,0,0,1,0,0,0,0,1,structuring
P00091605,C0229,Raghavan Inc,US West Distribution,IN,14172.95,18909.21,USD,2026-05-25 15:12:00.000000,2026-05-25,0,0,1,0,0,0,0,1,structuring
P00056337,C0229,Raghavan Inc,US Inc,IN,20000.0,27092.22,USD,2025-09-18 12:22:00.000000,2025-09-18,0,1,0,0,0,0,0,1,round amount
P00072274,C0229,Raghavan Inc,Germany GmbH,IN,20000.0,29024.12,EUR,2026-01-08 15:02:00.000000,2026-01-08,0,1,0,0,0,0,0,1,round amount
P00075236,C0229,Raghavan Inc,Netherlands BV,IN,25000.0,35587.28,EUR,2026-01-29 16:52:00.000000,2026-01-29,0,1,0,0,0,0,0,1,round amount
P00084102,C0236,Kallert Trupp GmbH & Co. OHG,Germany GmbH,DE,35.56,51.26,EUR,2026-04-02 04:01:00.000000,2026-04-02,0,0,0,0,0,0,1,1,off-hours
P00075761,C0236,Kallert Trupp GmbH & Co. OHG,Germany GmbH,DE,10000.0,14368.07,EUR,2026-02-03 09:50:00.000000,2026-02-03,0,1,0,0,0,0,0,1,round amount
P00102779,C0236,Kallert Trupp GmbH & Co. OHG,SG Operations,DE,10000.0,10000.0,SGD,2026-08-06 04:36:00.000000,2026-08-06,0,1,0,0,0,0,0,1,round amount
P00098099,C0236,Kallert Trupp GmbH & Co. OHG,Germany GmbH,DE,12334.19,18063.17,EUR,2026-07-07 07:42:00.000000,2026-07-07,0,0,1,0,0,0,0,1,structuring
P00026243,C0236,Kallert Trupp GmbH & Co. OHG,Germany GmbH,DE,12560.24,18119.73,EUR,2025-02-13 08:28:00.000000,2025-02-13,0,0,1,0,0,0,0,1,structuring
P00043361,C0236,Kallert Trupp GmbH & Co. OHG,Germany GmbH,DE,13467.22,19582.79,EUR,2025-06-19 08:44:00.000000,2025-06-19,0,0,1,0,0,0,0,1,structuring
P00018919,C0236,Kallert Trupp GmbH & Co. OHG,Germany Sales Office,DE,25000.0,34812.12,EUR,2024-12-19 10:47:00.000000,2024-12-19,0,1,0,0,0,0,0,1,round amount
P00028184,C0236,Kallert Trupp GmbH & Co. OHG,Germany GmbH,DE,25000.0,36371.57,EUR,2025-02-27 10:18:00.000000,2025-02-27,0,1,0,0,0,0,0,1,round amount
P00064140,C0236,Kallert Trupp GmbH & Co. OHG,India Services,DE,25000.0,403.0,INR,2025-11-13 04:59:00.000000,2025-11-13,0,1,0,0,0,0,0,1,round amount
P00012578,C0236,Kallert Trupp GmbH & Co. OHG,US West Distribution,DE,50000.0,68258.75,USD,2024-10-31 15:18:00.000000,2024-10-31,0,1,0,0,0,0,0,1,round amount
P00018970,C0236,Kallert Trupp GmbH & Co. OHG,UK Ltd,DE,50000.0,84192.75,GBP,2024-12-19 15:08:00.000000,2024-12-19,0,1,0,0,0,0,0,1,round amount
P00029997,C0236,Kallert Trupp GmbH & Co. OHG,Netherlands BV,DE,50000.0,72403.9,EUR,2025-03-13 09:05:00.000000,2025-03-13,0,1,0,0,0,0,0,1,round amount
P00009441,C0236,Kallert Trupp GmbH & Co. OHG,Germany GmbH,DE,168299.73,251345.21,EUR,2024-10-08 09:02:00.000000,2024-10-08,0,0,0,1,0,0,0,1,new beneficiary
P00093523,C0237,Bohlander Rogge GmbH,Germany GmbH,DE,33.82,50.42,EUR,2026-06-08 04:44:00.000000,2026-06-08,0,0,0,0,0,0,1,1,off-hours
P00041902,C0237,Bohlander Rogge GmbH,Germany GmbH,DE,12443.35,18247.9,EUR,2025-06-10 08:22:00.000000,2025-06-10,0,0,1,0,0,0,0,1,structuring
P00094282,C0237,Bohlander Rogge GmbH,Germany GmbH,DE,12796.48,19065.74,EUR,2026-06-11 07:54:00.000000,2026-06-11,0,0,1,0,0,0,0,1,structuring
P00063498,C0237,Bohlander Rogge GmbH,US Inc,DE,13186.74,18822.16,EUR,2025-11-08 17:46:00.000000,2025-11-08,0,0,1,0,0,0,0,1,structuring
P00072150,C0237,Bohlander Rogge GmbH,Germany GmbH,DE,13798.23,19963.58,EUR,2026-01-08 08:10:00.000000,2026-01-08,0,0,1,0,0,0,0,1,structuring
P00015351,C0237,Bohlander Rogge GmbH,US West Distribution,DE,20000.0,27099.7,USD,2024-11-21 20:54:00.000000,2024-11-21,0,1,0,0,0,0,0,1,round amount
P00024878,C0237,Bohlander Rogge GmbH,Germany GmbH,DE,25000.0,36079.2,EUR,2025-02-04 11:48:00.000000,2025-02-04,0,1,0,0,0,0,0,1,round amount
P00022340,C0237,Bohlander Rogge GmbH,Germany GmbH,DE,50000.0,70365.8,EUR,2025-01-14 11:58:00.000000,2025-01-14,0,1,0,0,0,0,0,1,round amount
P00097366,C0237,Bohlander Rogge GmbH,SG Operations,DE,50000.0,50000.0,SGD,2026-07-02 00:58:00.000000,2026-07-02,0,1,0,0,0,0,0,1,round amount
P00040739,C0237,Bohlander Rogge GmbH,Shenzhen Sourcing,DE,103624.58,19442.46,CNY,2025-06-02 04:07:00.000000,2025-06-02,0,0,1,0,0,0,0,1,structuring
P00040462,C0237,Bohlander Rogge GmbH,Shenzhen Sourcing,DE,105447.83,19830.2,CNY,2025-05-29 05:08:00.000000,2025-05-29,0,0,1,0,0,0,0,1,structuring
P00040644,C0237,Bohlander Rogge GmbH,Shenzhen Sourcing,DE,105805.58,19851.67,CNY,2025-05-30 05:45:00.000000,2025-05-30,0,0,1,0,0,0,0,1,structuring
P00026835,C0238,"Peters, Hahn and York",Shenzhen Sourcing,ID,10000.0,1855.82,CNY,2025-02-18 04:42:00.000000,2025-02-18,0,1,0,0,0,0,0,1,round amount
P00037602,C0238,"Peters, Hahn and York",India Services,ID,10000.0,161.86,INR,2025-05-08 03:08:00.000000,2025-05-08,0,1,0,0,0,0,0,1,round amount
P00108311,C0238,"Peters, Hahn and York",Germany GmbH,ID,13200.18,19379.79,EUR,2026-09-10 11:26:00.000000,2026-09-10,0,0,1,0,0,0,0,1,structuring
P00108512,C0238,"Peters, Hahn and York",Germany GmbH,ID,13546.93,19765.21,EUR,2026-09-12 13:43:00.000000,2026-09-12,0,0,1,0,0,0,0,1,structuring
P00074436,C0238,"Peters, Hahn and York",US West Distribution,ID,13841.96,18404.75,USD,2026-01-24 22:21:00.000000,2026-01-24,0,0,1,0,0,0,0,1,structuring
P00073994,C0238,"Peters, Hahn and York",US West Distribution,ID,14116.36,18762.45,USD,2026-01-20 20:58:00.000000,2026-01-20,0,0,1,0,0,0,0,1,structuring
P00074327,C0238,"Peters, Hahn and York",US West Distribution,ID,14388.98,19078.39,USD,2026-01-22 20:06:00.000000,2026-01-22,0,0,1,0,0,0,0,1,structuring
P00091223,C0238,"Peters, Hahn and York",Germany GmbH,ID,25000.0,37212.22,EUR,2026-05-21 09:50:00.000000,2026-05-21,0,1,0,0,0,0,0,1,round amount
P00104959,C0238,"Peters, Hahn and York",UK Ltd,ID,25000.0,42409.82,GBP,2026-08-20 08:30:00.000000,2026-08-20,0,1,0,0,0,0,0,1,round amount
P00058527,C0238,"Peters, Hahn and York",Shenzhen Sourcing,ID,97538.01,18161.58,CNY,2025-10-04 07:37:00.000000,2025-10-04,0,0,1,0,0,0,0,1,structuring
P00058260,C0238,"Peters, Hahn and York",Shenzhen Sourcing,ID,100900.95,18787.76,CNY,2025-10-02 03:22:00.000000,2025-10-02,0,0,1,0,0,0,0,1,structuring
P00057985,C0238,"Peters, Hahn and York",Shenzhen Sourcing,ID,101442.22,18888.54,CNY,2025-09-30 07:55:00.000000,2025-09-30,0,0,1,0,0,0,0,1,structuring
P00033899,C0239,"Clements, Hancock and Wilkins",UK Ltd,GB,7008.08,12247.59,GBP,2025-04-10 12:39:00.000000,2025-04-10,0,0,0,0,1,0,0,1,duplicate
P00033901,C0239,"Clements, Hancock and Wilkins",UK Ltd,GB,7008.08,12247.59,GBP,2025-04-10 12:56:00.000000,2025-04-10,0,0,0,0,1,0,0,1,duplicate
P00083053,C0239,"Clements, Hancock and Wilkins",Germany Sales Office,GB,10350.87,18635.61,GBP,2026-03-26 09:11:00.000000,2026-03-26,0,0,1,0,0,0,0,1,structuring
P00090147,C0239,"Clements, Hancock and Wilkins",UK Ltd,GB,10563.48,18925.6,GBP,2026-05-14 08:14:00.000000,2026-05-14,0,0,1,0,0,0,0,1,structuring
P00103378,C0239,"Clements, Hancock and Wilkins",SG Operations,GB,10889.28,18405.86,GBP,2026-08-11 01:08:00.000000,2026-08-11,0,0,1,0,0,0,0,1,structuring
P00066136,C0239,"Clements, Hancock and Wilkins",Shenzhen Sourcing,GB,11398.84,19921.17,GBP,2025-11-27 02:14:00.000000,2025-11-27,0,0,1,0,0,0,0,1,structuring
P00065323,C0239,"Clements, Hancock and Wilkins",US Inc,GB,14292.37,18903.95,USD,2025-11-20 15:51:00.000000,2025-11-20,0,0,1,0,0,0,0,1,structuring
P00065442,C0239,"Clements, Hancock and Wilkins",US Inc,GB,14459.42,19199.56,USD,2025-11-22 17:20:00.000000,2025-11-22,0,0,1,0,0,0,0,1,structuring
P00065418,C0239,"Clements, Hancock and Wilkins",US Inc,GB,14490.31,19240.58,USD,2025-11-21 15:55:00.000000,2025-11-21,0,0,1,0,0,0,0,1,structuring
P00018607,C0239,"Clements, Hancock and Wilkins",US Inc,GB,20000.0,27258.9,USD,2024-12-17 15:24:00.000000,2024-12-17,0,1,0,0,0,0,0,1,round amount
P00105666,C0239,"Clements, Hancock and Wilkins",Shenzhen Sourcing,GB,20000.0,3762.78,CNY,2026-08-25 09:21:00.000000,2026-08-25,0,1,0,0,0,0,0,1,round amount
P00110435,C0239,"Clements, Hancock and Wilkins",Shanghai Mfg,GB,20000.0,3737.94,CNY,2026-09-24 07:27:00.000000,2026-09-24,0,1,0,0,0,0,0,1,round amount
P00038141,C0241,Jackson Inc,Netherlands BV,AU,72.83,105.31,EUR,2025-05-13 03:43:00.000000,2025-05-13,0,0,0,0,0,0,1,1,off-hours
P00089639,C0241,Jackson Inc,Shanghai Mfg,AU,730.95,136.3,CNY,2026-05-11 15:59:00.000000,2026-05-11,0,0,0,0,0,0,1,1,off-hours
P00076742,C0241,Jackson Inc,Netherlands BV,AU,5054.21,6702.22,USD,2026-02-10 08:19:00.000000,2026-02-10,0,0,0,0,1,0,0,1,duplicate
P00076747,C0241,Jackson Inc,Netherlands BV,AU,5054.21,6702.22,USD,2026-02-10 08:31:00.000000,2026-02-10,0,0,0,0,1,0,0,1,duplicate
P00027953,C0241,Jackson Inc,Group Treasury HQ,AU,12944.38,18022.52,USD,2025-02-26 06:45:00.000000,2025-02-26,0,0,1,0,0,0,0,1,structuring
P00018971,C0241,Jackson Inc,US Inc,AU,13395.69,18281.14,USD,2024-12-19 15:08:00.000000,2024-12-19,0,0,1,0,0,0,0,1,structuring
P00009786,C0241,Jackson Inc,Germany GmbH,AU,13919.6,18464.96,USD,2024-10-10 08:45:00.000000,2024-10-10,0,0,1,0,0,0,0,1,structuring
P00035227,C0241,Jackson Inc,Shanghai Mfg,AU,14143.68,18939.92,USD,2025-04-22 02:26:00.000000,2025-04-22,0,0,1,0,0,0,0,1,structuring
P00107164,C0241,Jackson Inc,Shanghai Mfg,AU,14382.4,19557.78,USD,2026-09-03 06:46:00.000000,2026-09-03,0,0,1,0,0,0,0,1,structuring
P00038115,C0241,Jackson Inc,Shanghai Mfg,AU,14630.61,19904.81,USD,2025-05-13 01:17:00.000000,2025-05-13,0,0,1,0,0,0,0,1,structuring
P00045158,C0241,Jackson Inc,Shanghai Mfg,AU,15090.08,19951.2,USD,2025-07-03 01:49:00.000000,2025-07-03,0,0,1,0,0,0,0,1,structuring
P00075113,C0241,Jackson Inc,India Services,AU,20000.0,323.2,INR,2026-01-29 08:32:00.000000,2026-01-29,0,1,0,0,0,0,0,1,round amount
P00010678,C0241,Jackson Inc,UK Ltd,AU,25000.0,42941.2,GBP,2024-10-17 11:57:00.000000,2024-10-17,0,1,0,0,0,0,0,1,round amount
P00052910,C0241,Jackson Inc,Germany Sales Office,AU,25000.0,36926.83,EUR,2025-08-26 10:21:00.000000,2025-08-26,0,1,0,0,0,0,0,1,round amount
P00058442,C0241,Jackson Inc,US Inc,AU,39102.4,52896.71,USD,2025-10-02 17:46:00.000000,2025-10-02,0,0,0,0,1,0,0,1,duplicate
P00058443,C0241,Jackson Inc,US Inc,AU,39102.4,52896.71,USD,2025-10-02 17:52:00.000000,2025-10-02,0,0,0,0,1,0,0,1,duplicate
P00063294,C0242,"Campos, Jones and Ward",US Inc,ID,69.37,92.77,USD,2025-11-06 10:18:00.000000,2025-11-06,0,0,0,0,0,0,1,1,off-hours
P00049619,C0242,"Campos, Jones and Ward",Germany GmbH,ID,70.22,101.23,EUR,2025-08-04 04:00:00.000000,2025-08-04,0,0,0,0,0,0,1,1,off-hours
P00067611,C0242,"Campos, Jones and Ward",US West Distribution,ID,226.83,296.88,USD,2025-12-08 10:36:00.000000,2025-12-08,0,0,0,0,0,0,1,1,off-hours
P00100601,C0242,"Campos, Jones and Ward",Germany GmbH,ID,5012.27,6782.96,USD,2026-07-23 07:46:00.000000,2026-07-23,0,0,0,0,1,0,0,1,duplicate
P00100624,C0242,"Campos, Jones and Ward",Germany GmbH,ID,5012.27,6818.02,USD,2026-07-23 08:15:00.000000,2026-07-23,0,0,0,0,1,0,0,1,duplicate
P00021824,C0242,"Campos, Jones and Ward",US Inc,ID,10000.0,13767.73,USD,2025-01-09 18:13:00.000000,2025-01-09,0,1,0,0,0,0,0,1,round amount
P00092352,C0242,"Campos, Jones and Ward",US West Distribution,ID,10000.0,13453.71,USD,2026-05-28 21:43:00.000000,2026-05-28,0,1,0,0,0,0,0,1,round amount
P00102480,C0242,"Campos, Jones and Ward",Netherlands BV,ID,10000.0,14420.5,EUR,2026-08-04 10:27:00.000000,2026-08-04,0,1,0,0,0,0,0,1,round amount
P00010831,C0242,"Campos, Jones and Ward",UK Ltd,ID,10746.9,18548.86,GBP,2024-10-18 14:28:00.000000,2024-10-18,0,0,1,0,0,0,0,1,structuring
P00010849,C0242,"Campos, Jones and Ward",UK Ltd,ID,10889.7,18666.97,GBP,2024-10-19 14:00:00.000000,2024-10-19,0,0,1,0,0,0,0,1,structuring
P00010717,C0242,"Campos, Jones and Ward",UK Ltd,ID,11060.42,18997.91,GBP,2024-10-17 14:26:00.000000,2024-10-17,0,0,1,0,0,0,0,1,structuring
P00107813,C0242,"Campos, Jones and Ward",Netherlands BV,ID,13395.27,18154.44,USD,2026-09-08 08:41:00.000000,2026-09-08,0,0,1,0,0,0,0,1,structuring
P00011453,C0242,"Campos, Jones and Ward",SG Operations,ID,20000.0,20000.0,SGD,2024-10-24 04:37:00.000000,2024-10-24,0,1,0,0,0,0,0,1,round amount
P00023175,C0242,"Campos, Jones and Ward",Germany GmbH,ID,20000.0,27998.7,EUR,2025-01-21 11:25:00.000000,2025-01-21,0,1,0,0,0,0,0,1,round amount
P00057514,C0242,"Campos, Jones and Ward",Shanghai Mfg,ID,22975.16,31076.55,USD,2025-09-29 04:29:00.000000,2025-09-29,0,0,0,0,1,0,0,1,duplicate
P00057520,C0242,"Campos, Jones and Ward",Shanghai Mfg,ID,22975.16,31156.06,USD,2025-09-29 04:52:00.000000,2025-09-29,0,0,0,0,1,0,0,1,duplicate
P00015841,C0242,"Campos, Jones and Ward",Germany Sales Office,ID,25000.0,35051.82,EUR,2024-11-26 12:50:00.000000,2024-11-26,0,1,0,0,0,0,0,1,round amount
P00044345,C0242,"Campos, Jones and Ward",US West Distribution,ID,25000.0,33222.85,USD,2025-06-26 13:25:00.000000,2025-06-26,0,1,0,0,0,0,0,1,round amount
P00084240,C0242,"Campos, Jones and Ward",India Services,ID,25000.0,398.7,INR,2026-04-02 11:42:00.000000,2026-04-02,0,1,0,0,0,0,0,1,round amount
P00027205,C0242,"Campos, Jones and Ward",Shanghai Mfg,ID,50000.0,9319.85,CNY,2025-02-20 06:03:00.000000,2025-02-20,0,1,0,0,0,0,0,1,round amount
P00083107,C0242,"Campos, Jones and Ward",India Services,ID,50000.0,799.1,INR,2026-03-26 12:15:00.000000,2026-03-26,0,1,0,0,0,0,0,1,round amount
P00022601,C0242,"Campos, Jones and Ward",India Services,ID,1113246.6,18026.8,INR,2025-01-16 03:01:00.000000,2025-01-16,0,0,1,0,0,0,0,1,structuring
P00022875,C0242,"Campos, Jones and Ward",India Services,ID,1137133.1,18552.33,INR,2025-01-18 09:12:00.000000,2025-01-18,0,0,1,0,0,0,0,1,structuring
P00022962,C0242,"Campos, Jones and Ward",India Services,ID,1148873.67,18743.87,INR,2025-01-20 07:16:00.000000,2025-01-20,0,0,1,0,0,0,0,1,structuring
P00038689,C0243,Wilmsen GmbH,Germany GmbH,DE,79.0,114.64,EUR,2025-05-16 04:34:00.000000,2025-05-16,0,0,0,0,0,0,1,1,off-hours
P00034553,C0243,Wilmsen GmbH,Germany GmbH,DE,79.82,114.72,EUR,2025-04-16 01:14:00.000000,2025-04-16,0,0,0,0,0,0,1,1,off-hours
P00064135,C0243,Wilmsen GmbH,US Inc,DE,119.97,159.2,USD,2025-11-13 04:30:00.000000,2025-11-13,0,0,0,0,0,0,1,1,off-hours
P00060556,C0243,Wilmsen GmbH,Germany Sales Office,DE,132.97,187.7,EUR,2025-10-20 04:31:00.000000,2025-10-20,0,0,0,0,0,0,1,1,off-hours
P00026107,C0243,Wilmsen GmbH,Germany Sales Office,DE,202.77,291.75,EUR,2025-02-12 22:19:00.000000,2025-02-12,0,0,0,0,0,0,1,1,off-hours
P00075053,C0243,Wilmsen GmbH,US Inc,DE,333.89,443.35,USD,2026-01-29 03:46:00.000000,2026-01-29,0,0,0,0,0,0,1,1,off-hours
P00072195,C0243,Wilmsen GmbH,Germany GmbH,DE,3869.28,5615.12,EUR,2026-01-08 09:38:00.000000,2026-01-08,0,0,0,0,1,0,0,1,duplicate
P00072216,C0243,Wilmsen GmbH,Germany GmbH,DE,3869.28,5598.16,EUR,2026-01-08 09:58:00.000000,2026-01-08,0,0,0,0,1,0,0,1,duplicate
P00032798,C0243,Wilmsen GmbH,Germany GmbH,DE,8706.31,12589.76,EUR,2025-04-03 02:42:00.000000,2025-04-03,0,0,0,0,0,0,1,1,off-hours
P00063756,C0243,Wilmsen GmbH,Netherlands BV,DE,8861.3,12641.77,EUR,2025-11-11 00:24:00.000000,2025-11-11,0,0,0,0,0,0,1,1,off-hours
P00035840,C0243,Wilmsen GmbH,US Inc,DE,12800.17,18331.69,EUR,2025-04-24 14:32:00.000000,2025-04-24,0,0,1,0,0,0,0,1,structuring
P00012124,C0243,Wilmsen GmbH,Germany GmbH,DE,13065.27,19405.62,EUR,2024-10-29 07:36:00.000000,2024-10-29,0,0,1,0,0,0,0,1,structuring
P00102434,C0243,Wilmsen GmbH,Germany GmbH,DE,13090.17,18876.68,EUR,2026-08-04 07:54:00.000000,2026-08-04,0,0,1,0,0,0,0,1,structuring
P00085060,C0243,Wilmsen GmbH,Germany GmbH,DE,13205.27,19065.12,EUR,2026-04-09 07:15:00.000000,2026-04-09,0,0,1,0,0,0,0,1,structuring
P00050277,C0243,Wilmsen GmbH,Germany GmbH,DE,13365.01,19267.92,EUR,2025-08-07 08:02:00.000000,2025-08-07,0,0,1,0,0,0,0,1,structuring
P00066860,C0243,Wilmsen GmbH,Germany GmbH,DE,13426.22,18920.61,EUR,2025-12-02 08:42:00.000000,2025-12-02,0,0,1,0,0,0,0,1,structuring
P00015414,C0243,Wilmsen GmbH,Germany GmbH,DE,13740.53,19418.41,EUR,2024-11-22 12:01:00.000000,2024-11-22,0,0,1,0,0,0,0,1,structuring
P00018844,C0243,Wilmsen GmbH,Germany GmbH,DE,13836.2,19266.7,EUR,2024-12-19 08:13:00.000000,2024-12-19,0,0,1,0,0,0,0,1,structuring
P00025260,C0243,Wilmsen GmbH,US Inc,DE,19628.08,28415.57,EUR,2025-02-06 07:12:00.000000,2025-02-06,0,0,0,0,0,0,1,1,off-hours
P00030984,C0243,Wilmsen GmbH,Netherlands BV,DE,20000.0,29046.1,EUR,2025-03-20 11:59:00.000000,2025-03-20,0,1,0,0,0,0,0,1,round amount
P00107146,C0243,Wilmsen GmbH,SG Operations,DE,20000.0,20000.0,SGD,2026-09-03 04:47:00.000000,2026-09-03,0,1,0,0,0,0,0,1,round amount
P00106109,C0243,Wilmsen GmbH,Germany GmbH,DE,26038.3,37805.74,EUR,2026-08-27 09:07:00.000000,2026-08-27,0,0,0,0,1,0,0,1,duplicate
P00106119,C0243,Wilmsen GmbH,Germany GmbH,DE,26038.3,37805.74,EUR,2026-08-27 09:27:00.000000,2026-08-27,0,0,0,0,1,0,0,1,duplicate
P00008850,C0243,Wilmsen GmbH,US Inc,DE,40488.64,60079.76,EUR,2024-10-02 20:29:00.000000,2024-10-02,0,0,0,1,0,0,0,1,new beneficiary
P00031918,C0243,Wilmsen GmbH,Germany GmbH,DE,50000.0,72144.75,EUR,2025-03-27 10:25:00.000000,2025-03-27,0,1,0,0,0,0,0,1,round amount
P00018722,C0243,Wilmsen GmbH,Germany GmbH,DE,106477.76,148268.68,EUR,2024-12-19 00:34:00.000000,2024-12-19,0,0,0,0,0,0,1,1,off-hours
P00076649,C0243,Wilmsen GmbH,Group Treasury HQ,DE,881541.03,1274740.95,EUR,2026-02-09 20:10:00.000000,2026-02-09,0,0,0,0,0,0,1,1,off-hours
P00109518,C0244,Haynes Inc,Netherlands BV,US,76.97,111.16,EUR,2026-09-17 21:13:00.000000,2026-09-17,0,0,0,0,0,0,1,1,off-hours
P00092623,C0244,Haynes Inc,US Inc,US,899.11,1206.03,USD,2026-06-01 09:43:00.000000,2026-06-01,0,0,0,0,0,0,1,1,off-hours
P00013502,C0244,Haynes Inc,Germany GmbH,US,2137.24,2915.5,USD,2024-11-07 14:53:00.000000,2024-11-07,0,0,0,0,1,0,0,1,duplicate
P00013506,C0244,Haynes Inc,Germany GmbH,US,2137.24,2915.5,USD,2024-11-07 15:04:00.000000,2024-11-07,0,0,0,0,1,0,0,1,duplicate
P00015299,C0244,Haynes Inc,US West Distribution,US,10000.0,13549.85,USD,2024-11-21 13:10:00.000000,2024-11-21,0,1,0,0,0,0,0,1,round amount
P00100736,C0244,Haynes Inc,US Inc,US,14385.88,19467.99,USD,2026-07-23 14:45:00.000000,2026-07-23,0,0,1,0,0,0,0,1,structuring
P00017825,C0244,Haynes Inc,US Inc,US,14609.75,19912.2,USD,2024-12-11 16:32:00.000000,2024-12-11,0,0,1,0,0,0,0,1,structuring
P00053187,C0244,Haynes Inc,US West Distribution,US,19809.37,26716.38,USD,2025-08-28 05:20:00.000000,2025-08-28,0,0,0,0,0,0,1,1,off-hours
P00020423,C0244,Haynes Inc,UK Ltd,US,20000.0,34311.58,GBP,2024-12-31 15:27:00.000000,2024-12-31,0,1,0,0,0,0,0,1,round amount
P00034748,C0244,Haynes Inc,Shenzhen Sourcing,US,25000.0,4629.08,CNY,2025-04-17 03:22:00.000000,2025-04-17,0,1,0,0,0,0,0,1,round amount
P00060393,C0244,Haynes Inc,US West Distribution,US,25000.0,33941.28,USD,2025-10-16 21:06:00.000000,2025-10-16,0,1,0,0,0,0,0,1,round amount
P00067366,C0244,Haynes Inc,US Inc,US,25000.0,32946.72,USD,2025-12-04 22:52:00.000000,2025-12-04,0,1,0,0,0,0,0,1,round amount
P00029007,C0244,Haynes Inc,Netherlands BV,US,50000.0,72282.0,EUR,2025-03-06 08:17:00.000000,2025-03-06,0,1,0,0,0,0,0,1,round amount
P00029936,C0244,Haynes Inc,SG Operations,US,50000.0,50000.0,SGD,2025-03-13 04:27:00.000000,2025-03-13,0,1,0,0,0,0,0,1,round amount
P00065276,C0244,Haynes Inc,Germany Sales Office,US,50000.0,71037.75,EUR,2025-11-20 12:41:00.000000,2025-11-20,0,1,0,0,0,0,0,1,round amount
P00096517,C0244,Haynes Inc,US West Distribution,US,50000.0,66776.35,USD,2026-06-25 17:50:00.000000,2026-06-25,0,1,0,0,0,0,0,1,round amount
P00018825,C0244,Haynes Inc,Shenzhen Sourcing,US,101291.57,18578.8,CNY,2024-12-19 05:46:00.000000,2024-12-19,0,0,1,0,0,0,0,1,structuring
P00019191,C0244,Haynes Inc,Shenzhen Sourcing,US,104641.62,19198.07,CNY,2024-12-23 06:56:00.000000,2024-12-23,0,0,1,0,0,0,0,1,structuring
P00019016,C0244,Haynes Inc,Shenzhen Sourcing,US,106030.63,19448.03,CNY,2024-12-20 00:33:00.000000,2024-12-20,0,0,1,0,0,0,0,1,structuring
P00093095,C0245,海创科技有限公司,Group Treasury HQ,CN,345.59,345.59,SGD,2026-06-03 21:33:00.000000,2026-06-03,0,0,0,0,0,0,1,1,off-hours
P00105851,C0245,海创科技有限公司,Shanghai Mfg,CN,698.75,131.99,CNY,2026-08-26 14:15:00.000000,2026-08-26,0,0,0,0,0,0,1,1,off-hours
P00038398,C0245,海创科技有限公司,Shenzhen Sourcing,CN,1284.96,240.28,CNY,2025-05-14 21:42:00.000000,2025-05-14,0,0,0,0,0,0,1,1,off-hours
P00018842,C0245,海创科技有限公司,Netherlands BV,CN,10000.0,13975.74,EUR,2024-12-19 08:11:00.000000,2024-12-19,0,1,0,0,0,0,0,1,round amount
P00058241,C0245,海创科技有限公司,Shanghai Mfg,CN,10000.0,1862.0,CNY,2025-10-02 02:18:00.000000,2025-10-02,0,1,0,0,0,0,0,1,round amount
P00060516,C0245,海创科技有限公司,SG Operations,CN,18044.32,18044.32,SGD,2025-10-18 00:01:00.000000,2025-10-18,0,0,1,0,0,0,0,1,structuring
P00060184,C0245,海创科技有限公司,SG Operations,CN,18804.97,18804.97,SGD,2025-10-16 04:25:00.000000,2025-10-16,0,0,1,0,0,0,0,1,structuring
P00060580,C0245,海创科技有限公司,SG Operations,CN,19381.85,19381.85,SGD,2025-10-20 06:47:00.000000,2025-10-20,0,0,1,0,0,0,0,1,structuring
P00043187,C0245,海创科技有限公司,Shenzhen Sourcing,CN,25000.0,4665.23,CNY,2025-06-19 00:59:00.000000,2025-06-19,0,1,0,0,0,0,0,1,round amount
P00077163,C0245,海创科技有限公司,India Services,CN,25000.0,401.5,INR,2026-02-12 06:52:00.000000,2026-02-12,0,1,0,0,0,0,0,1,round amount
P00029083,C0245,海创科技有限公司,Netherlands BV,CN,28708.24,5378.0,CNY,2025-03-06 11:20:00.000000,2025-03-06,0,0,0,0,1,0,0,1,duplicate
P00029084,C0245,海创科技有限公司,Netherlands BV,CN,28708.24,5378.0,CNY,2025-03-06 11:30:00.000000,2025-03-06,0,0,0,0,1,0,0,1,duplicate
P00035584,C0245,海创科技有限公司,Shenzhen Sourcing,CN,96676.77,18038.44,CNY,2025-04-24 01:24:00.000000,2025-04-24,0,0,1,0,0,0,0,1,structuring
P00023411,C0245,海创科技有限公司,SG Operations,CN,97996.35,18028.09,CNY,2025-01-23 01:29:00.000000,2025-01-23,0,0,1,0,0,0,0,1,structuring
P00031740,C0245,海创科技有限公司,Shanghai Mfg,CN,98720.02,18389.07,CNY,2025-03-27 01:08:00.000000,2025-03-27,0,0,1,0,0,0,0,1,structuring
P00088423,C0245,海创科技有限公司,Group Treasury HQ,CN,99756.5,18646.58,CNY,2026-05-02 05:10:00.000000,2026-05-02,0,0,1,0,0,0,0,1,structuring
P00109431,C0245,海创科技有限公司,UK Ltd,CN,99831.47,18663.09,CNY,2026-09-17 09:39:00.000000,2026-09-17,0,0,1,0,0,0,0,1,structuring
P00073103,C0245,海创科技有限公司,Shanghai Mfg,CN,101130.56,18864.69,CNY,2026-01-15 01:34:00.000000,2026-01-15,0,0,1,0,0,0,0,1,structuring
P00018481,C0245,海创科技有限公司,Shanghai Mfg,CN,101745.17,18659.05,CNY,2024-12-17 03:27:00.000000,2024-12-17,0,0,1,0,0,0,0,1,structuring
P00050124,C0245,海创科技有限公司,Shenzhen Sourcing,CN,101895.34,19109.76,CNY,2025-08-07 01:12:00.000000,2025-08-07,0,0,1,0,0,0,0,1,structuring
P00030839,C0245,海创科技有限公司,Shenzhen Sourcing,CN,103527.23,19297.17,CNY,2025-03-20 02:16:00.000000,2025-03-20,0,0,1,0,0,0,0,1,structuring
P00074973,C0245,海创科技有限公司,Shenzhen Sourcing,CN,120632.57,22506.3,CNY,2026-01-28 20:36:00.000000,2026-01-28,0,0,0,0,0,0,1,1,off-hours
P00040446,C0245,海创科技有限公司,Shanghai Mfg,CN,149075.13,27932.36,CNY,2025-05-29 04:00:00.000000,2025-05-29,0,0,0,0,1,0,0,1,duplicate
P00040447,C0245,海创科技有限公司,Shanghai Mfg,CN,149075.13,28034.62,CNY,2025-05-29 04:08:00.000000,2025-05-29,0,0,0,0,1,0,0,1,duplicate
P00061015,C0245,海创科技有限公司,Shanghai Mfg,CN,160402.25,30013.19,CNY,2025-10-22 07:10:00.000000,2025-10-22,0,0,0,0,1,0,0,1,duplicate
P00061017,C0245,海创科技有限公司,Shanghai Mfg,CN,160402.25,30013.19,CNY,2025-10-22 07:35:00.000000,2025-10-22,0,0,0,0,1,0,0,1,duplicate
P00063764,C0245,海创科技有限公司,Shenzhen Sourcing,CN,1023131.49,190127.5,CNY,2025-11-11 01:22:00.000000,2025-11-11,0,0,0,0,1,0,0,1,duplicate
P00063769,C0245,海创科技有限公司,Shenzhen Sourcing,CN,1023131.49,190127.5,CNY,2025-11-11 01:30:00.000000,2025-11-11,0,0,0,0,1,0,0,1,duplicate
P00088050,C0245,海创科技有限公司,SG Operations,CN,2317546.03,433082.14,CNY,2026-04-29 19:19:00.000000,2026-04-29,0,0,0,0,0,0,1,1,off-hours
P00083535,C0247,Marquez-Castaneda,US West Distribution,US,53.82,70.73,USD,2026-03-30 10:54:00.000000,2026-03-30,0,0,0,0,0,0,1,1,off-hours
P00034243,C0247,Marquez-Castaneda,US West Distribution,US,378.81,503.9,USD,2025-04-14 10:23:00.000000,2025-04-14,0,0,0,0,0,0,1,1,off-hours
P00035898,C0247,Marquez-Castaneda,US West Distribution,US,899.52,1218.72,USD,2025-04-25 03:44:00.000000,2025-04-25,0,0,0,0,0,0,1,1,off-hours
P00096440,C0247,Marquez-Castaneda,US West Distribution,US,2128.84,2843.12,USD,2026-06-25 13:02:00.000000,2026-06-25,0,0,0,0,1,0,0,1,duplicate
P00096443,C0247,Marquez-Castaneda,US West Distribution,US,2128.84,2843.12,USD,2026-06-25 13:10:00.000000,2026-06-25,0,0,0,0,1,0,0,1,duplicate
P00108305,C0247,Marquez-Castaneda,Shanghai Mfg,US,3870.4,726.16,CNY,2026-09-10 10:33:00.000000,2026-09-10,0,0,0,0,0,1,0,1,burst
P00108368,C0247,Marquez-Castaneda,US West Distribution,US,4129.97,5655.9,USD,2026-09-10 14:54:00.000000,2026-09-10,0,0,0,0,0,1,0,1,burst
P00108384,C0247,Marquez-Castaneda,US Inc,US,4491.28,6143.7,USD,2026-09-10 18:24:00.000000,2026-09-10,0,0,0,0,0,1,0,1,burst
P00108387,C0247,Marquez-Castaneda,US Inc,US,5982.39,8183.42,USD,2026-09-10 18:31:00.000000,2026-09-10,0,0,0,0,0,1,0,1,burst
P00108381,C0247,Marquez-Castaneda,US Inc,US,5991.25,8195.54,USD,2026-09-10 18:05:00.000000,2026-09-10,0,0,0,0,0,1,0,1,burst
P00108383,C0247,Marquez-Castaneda,US Inc,US,6122.58,8375.19,USD,2026-09-10 18:20:00.000000,2026-09-10,0,0,0,0,0,1,0,1,burst
P00108379,C0247,Marquez-Castaneda,US Inc,US,7685.11,10512.6,USD,2026-09-10 17:59:00.000000,2026-09-10,0,0,0,0,0,1,0,1,burst
P00108357,C0247,Marquez-Castaneda,US Inc,US,8898.53,12172.46,USD,2026-09-10 14:37:00.000000,2026-09-10,0,0,0,0,0,1,0,1,burst
P00108389,C0247,Marquez-Castaneda,US Inc,US,9514.0,13029.21,USD,2026-09-10 18:51:00.000000,2026-09-10,0,0,0,0,0,1,0,1,burst
P00088667,C0247,Marquez-Castaneda,Shenzhen Sourcing,US,10000.0,1871.57,CNY,2026-05-05 06:24:00.000000,2026-05-05,0,1,0,0,0,0,0,1,round amount
P00108382,C0247,Marquez-Castaneda,US Inc,US,12137.21,16602.71,USD,2026-09-10 18:18:00.000000,2026-09-10,0,0,0,0,0,1,0,1,burst
P00038642,C0247,Marquez-Castaneda,US Inc,US,13262.97,18006.06,USD,2025-05-15 14:40:00.000000,2025-05-15,0,0,1,0,0,0,0,1,structuring
P00061265,C0247,Marquez-Castaneda,UK Ltd,US,13280.27,18086.41,USD,2025-10-23 08:03:00.000000,2025-10-23,0,0,1,0,0,0,0,1,structuring
P00089313,C0247,Marquez-Castaneda,US West Distribution,US,13298.39,17640.23,USD,2026-05-08 08:26:00.000000,2026-05-08,0,0,0,0,0,0,1,1,off-hours
P00092326,C0247,Marquez-Castaneda,US West Distribution,US,13512.32,18105.89,USD,2026-05-28 14:54:00.000000,2026-05-28,0,0,1,0,0,0,0,1,structuring
P00014932,C0247,Marquez-Castaneda,US West Distribution,US,13748.79,18639.52,USD,2024-11-19 14:00:00.000000,2024-11-19,0,0,1,0,0,0,0,1,structuring
P00070077,C0247,Marquez-Castaneda,US West Distribution,US,13946.8,18244.49,USD,2025-12-23 15:23:00.000000,2025-12-23,0,0,1,0,0,0,0,1,structuring
P00108380,C0247,Marquez-Castaneda,US Inc,US,13986.8,19132.8,USD,2026-09-10 18:00:00.000000,2026-09-10,0,0,1,0,0,1,0,2,"structuring, burst"
P00054643,C0247,Marquez-Castaneda,US West Distribution,US,14017.95,19126.05,USD,2025-09-08 08:16:00.000000,2025-09-08,0,0,1,0,0,0,1,2,"structuring, off-hours"
P00083096,C0247,Marquez-Castaneda,UK Ltd,US,14304.07,18877.02,USD,2026-03-26 10:39:00.000000,2026-03-26,0,0,1,0,0,0,0,1,structuring
P00039580,C0247,Marquez-Castaneda,US West Distribution,US,14497.46,19519.29,USD,2025-05-22 14:34:00.000000,2025-05-22,0,0,1,0,0,0,0,1,structuring
P00073341,C0247,Marquez-Castaneda,US West Distribution,US,14665.04,19396.06,USD,2026-01-15 14:23:00.000000,2026-01-15,0,0,1,0,0,0,0,1,structuring
P00033914,C0247,Marquez-Castaneda,US West Distribution,US,14878.69,19835.0,USD,2025-04-10 13:34:00.000000,2025-04-10,0,0,1,0,0,0,0,1,structuring
P00085843,C0247,Marquez-Castaneda,US West Distribution,US,15006.63,19861.21,USD,2026-04-14 14:24:00.000000,2026-04-14,0,0,1,0,0,0,0,1,structuring
P00027317,C0247,Marquez-Castaneda,US West Distribution,US,17207.35,23878.59,USD,2025-02-20 14:33:00.000000,2025-02-20,0,0,0,0,1,0,0,1,duplicate
P00027324,C0247,Marquez-Castaneda,US West Distribution,US,17207.35,23878.59,USD,2025-02-20 14:59:00.000000,2025-02-20,0,0,0,0,1,0,0,1,duplicate
P00108385,C0247,Marquez-Castaneda,US Inc,US,19313.72,26449.71,USD,2026-09-10 18:30:00.000000,2026-09-10,0,0,0,0,0,1,0,1,burst
P00030579,C0247,Marquez-Castaneda,Shenzhen Sourcing,US,25000.0,4653.9,CNY,2025-03-18 08:57:00.000000,2025-03-18,0,1,0,0,0,0,0,1,round amount
P00009505,C0247,Marquez-Castaneda,US West Distribution,US,45360.02,60275.94,USD,2024-10-08 14:47:00.000000,2024-10-08,0,0,0,1,0,0,0,1,new beneficiary
P00055388,C0247,Marquez-Castaneda,US Inc,US,50000.0,67555.3,USD,2025-09-11 18:12:00.000000,2025-09-11,0,1,0,0,0,0,0,1,round amount
P00008965,C0247,Marquez-Castaneda,US West Distribution,US,59740.81,80083.27,USD,2024-10-03 13:30:00.000000,2024-10-03,0,0,0,1,0,0,0,1,new beneficiary
P00008987,C0247,Marquez-Castaneda,US West Distribution,US,88627.32,118805.99,USD,2024-10-03 14:49:00.000000,2024-10-03,0,0,0,1,0,0,0,1,new beneficiary
P00027386,C0247,Marquez-Castaneda,Shenzhen Sourcing,US,97891.87,18286.4,CNY,2025-02-21 05:52:00.000000,2025-02-21,0,0,1,0,0,0,0,1,structuring
P00027475,C0247,Marquez-Castaneda,Shenzhen Sourcing,US,99461.52,18554.65,CNY,2025-02-24 00:12:00.000000,2025-02-24,0,0,1,0,0,0,0,1,structuring
P00027195,C0247,Marquez-Castaneda,Shenzhen Sourcing,US,103032.61,19204.97,CNY,2025-02-20 04:44:00.000000,2025-02-20,0,0,1,0,0,0,0,1,structuring
P00075845,C0247,Marquez-Castaneda,US West Distribution,US,160380.84,212846.22,USD,2026-02-03 19:25:00.000000,2026-02-03,0,0,0,0,1,0,0,1,duplicate
P00075848,C0247,Marquez-Castaneda,US West Distribution,US,160380.84,212846.22,USD,2026-02-03 19:47:00.000000,2026-02-03,0,0,0,0,1,0,0,1,duplicate
P00090372,C0249,快讯网络有限公司,Shenzhen Sourcing,CN,1926.32,360.07,CNY,2026-05-17 21:25:00.000000,2026-05-17,0,0,0,0,0,0,1,1,off-hours
P00011749,C0249,快讯网络有限公司,Netherlands BV,CN,12463.65,18512.05,EUR,2024-10-26 06:57:00.000000,2024-10-26,0,0,1,0,0,0,0,1,structuring
P00011470,C0249,快讯网络有限公司,Netherlands BV,CN,12742.1,19215.85,EUR,2024-10-24 06:19:00.000000,2024-10-24,0,0,1,0,0,0,0,1,structuring
P00011682,C0249,快讯网络有限公司,Netherlands BV,CN,13158.88,19786.59,EUR,2024-10-25 06:26:00.000000,2024-10-25,0,0,1,0,0,0,0,1,structuring
P00032457,C0249,快讯网络有限公司,Shanghai Mfg,CN,17534.35,3259.76,CNY,2025-04-01 05:08:00.000000,2025-04-01,0,0,0,0,1,0,0,1,duplicate
P00032463,C0249,快讯网络有限公司,Shanghai Mfg,CN,17534.35,3259.76,CNY,2025-04-01 05:27:00.000000,2025-04-01,0,0,0,0,1,0,0,1,duplicate
P00087809,C0249,快讯网络有限公司,US West Distribution,CN,25000.0,33236.75,USD,2026-04-28 12:01:00.000000,2026-04-28,0,1,0,0,0,0,0,1,round amount
P00094349,C0249,快讯网络有限公司,UK Ltd,CN,25000.0,43879.7,GBP,2026-06-11 12:59:00.000000,2026-06-11,0,1,0,0,0,0,0,1,round amount
P00020772,C0249,快讯网络有限公司,Germany GmbH,CN,37740.37,6913.85,CNY,2025-01-02 14:51:00.000000,2025-01-02,0,0,0,0,1,0,0,1,duplicate
P00020786,C0249,快讯网络有限公司,Germany GmbH,CN,37740.37,6895.66,CNY,2025-01-02 15:14:00.000000,2025-01-02,0,0,0,0,1,0,0,1,duplicate
P00061182,C0249,快讯网络有限公司,SG Operations,CN,87042.06,16286.61,CNY,2025-10-23 03:29:00.000000,2025-10-23,0,0,0,0,1,0,0,1,duplicate
P00061184,C0249,快讯网络有限公司,SG Operations,CN,87042.06,16286.61,CNY,2025-10-23 03:39:00.000000,2025-10-23,0,0,0,0,1,0,0,1,duplicate
P00095225,C0249,快讯网络有限公司,Shanghai Mfg,CN,97494.59,18159.83,CNY,2026-06-18 02:12:00.000000,2026-06-18,0,0,1,0,0,0,0,1,structuring
P00067127,C0249,快讯网络有限公司,Shenzhen Sourcing,CN,97599.24,18175.03,CNY,2025-12-04 02:12:00.000000,2025-12-04,0,0,1,0,0,0,0,1,structuring
P00110331,C0249,快讯网络有限公司,Shenzhen Sourcing,CN,97837.05,18310.3,CNY,2026-09-24 01:52:00.000000,2026-09-24,0,0,1,0,0,0,0,1,structuring
P00087617,C0249,快讯网络有限公司,Shanghai Mfg,CN,98979.16,18477.03,CNY,2026-04-28 01:03:00.000000,2026-04-28,0,0,1,0,0,0,0,1,structuring
P00065120,C0249,快讯网络有限公司,Shanghai Mfg,CN,100076.23,18637.0,CNY,2025-11-20 02:24:00.000000,2025-11-20,0,0,1,0,0,0,0,1,structuring
P00084972,C0249,快讯网络有限公司,SG Operations,CN,105538.77,19499.13,CNY,2026-04-09 02:11:00.000000,2026-04-09,0,0,1,0,0,0,0,1,structuring
P00014819,C0249,快讯网络有限公司,India Services,CN,107917.6,19857.27,CNY,2024-11-19 05:03:00.000000,2024-11-19,0,0,1,0,0,0,0,1,structuring
P00011380,C0249,快讯网络有限公司,Shanghai Mfg,CN,108286.97,19889.07,CNY,2024-10-24 01:28:00.000000,2024-10-24,0,0,1,0,0,0,0,1,structuring
P00058267,C0249,快讯网络有限公司,SG Operations,CN,540177.54,100581.06,CNY,2025-10-02 05:05:00.000000,2025-10-02,0,0,0,0,1,0,0,1,duplicate
P00058268,C0249,快讯网络有限公司,SG Operations,CN,540177.54,100581.06,CNY,2025-10-02 05:07:00.000000,2025-10-02,0,0,0,0,1,0,0,1,duplicate
P00070096,C9001,Gould-Foster,Germany Sales Office,CN,119929.65,169606.07,EUR,2025-12-23 16:28:00.000000,2025-12-23,0,0,0,1,0,0,0,1,new beneficiary
P00008735,C9002,Jones PLC,UK Ltd,JP,114519.55,191476.12,GBP,2024-10-01 12:19:00.000000,2024-10-01,0,0,0,1,0,0,0,1,new beneficiary
P00058438,C9003,Diaz Inc,US West Distribution,JP,49060.41,66367.65,USD,2025-10-02 16:29:00.000000,2025-10-02,0,0,0,1,0,0,0,1,new beneficiary
P00013095,C9004,"Lewis, Miller and Barnes",US Inc,DE,72209.07,98619.54,USD,2024-11-05 13:13:00.000000,2024-11-05,0,0,0,1,0,0,0,1,new beneficiary
P00095335,C9005,Davis Group,Shenzhen Sourcing,AU,487764.07,90732.41,CNY,2026-06-18 08:07:00.000000,2026-06-18,0,0,0,1,0,0,0,1,new beneficiary
P00020452,C9006,Serrano Inc,US West Distribution,AU,84420.26,115613.04,USD,2024-12-31 20:50:00.000000,2024-12-31,0,0,0,1,0,0,0,1,new beneficiary
P00048955,C9007,Mccoy PLC,Germany Sales Office,US,94599.76,136532.43,EUR,2025-07-29 10:18:00.000000,2025-07-29,0,0,0,1,0,0,0,1,new beneficiary
P00074226,C9008,Ray Group,SG Operations,JP,130714.41,130714.41,SGD,2026-01-22 08:43:00.000000,2026-01-22,0,0,0,1,0,0,0,1,new beneficiary
P00033952,C9009,Cherry Inc,US Inc,AE,65443.05,87243.11,USD,2025-04-10 16:00:00.000000,2025-04-10,0,0,0,1,0,0,0,1,new beneficiary
P00021635,C9010,"Garrison, Roberts and Thomas",Germany GmbH,CN,71142.16,100431.53,EUR,2025-01-09 07:52:00.000000,2025-01-09,0,0,0,1,0,0,0,1,new beneficiary
P00039554,C9011,Duncan PLC,Germany GmbH,DE,81456.14,118447.9,EUR,2025-05-22 12:28:00.000000,2025-05-22,0,0,0,1,0,0,0,1,new beneficiary
P00111265,C9012,"White, Perkins and Fowler",UK Ltd,CN,61403.0,107581.62,GBP,2026-09-29 13:32:00.000000,2026-09-29,0,0,0,1,0,0,0,1,new beneficiary
P00067365,C9013,Davis-Joseph,US Inc,VN,62565.87,82453.62,USD,2025-12-04 22:35:00.000000,2025-12-04,0,0,0,1,0,0,0,1,new beneficiary
P00054335,C9014,"Brown, Harris and Becker",Netherlands BV,AU,40157.52,58825.71,EUR,2025-09-04 11:18:00.000000,2025-09-04,0,0,0,1,0,0,0,1,new beneficiary
P00077909,C9015,Waters-Owens,Shanghai Mfg,JP,580798.52,107407.65,CNY,2026-02-19 07:26:00.000000,2026-02-19,0,0,0,1,0,0,0,1,new beneficiary
P00082195,C9016,Ward-Wright,UK Ltd,IN,38858.67,70022.59,GBP,2026-03-19 14:51:00.000000,2026-03-19,0,0,0,1,0,0,0,1,new beneficiary
P00012595,C9017,Hale and Sons,UK Ltd,DE,77452.43,132534.04,GBP,2024-10-31 16:57:00.000000,2024-10-31,0,0,0,1,0,0,0,1,new beneficiary
P00097550,C9018,Andrews PLC,Germany Sales Office,CN,40440.86,59110.54,EUR,2026-07-02 09:38:00.000000,2026-07-02,0,0,0,1,0,0,0,1,new beneficiary
P00105090,C9019,Golden-Blair,US West Distribution,MY,65547.42,88118.35,USD,2026-08-20 20:17:00.000000,2026-08-20,0,0,0,1,0,0,0,1,new beneficiary
P00032800,C9021,"Barnes, Sherman and Hernandez",Shenzhen Sourcing,NL,669046.07,124317.46,CNY,2025-04-03 02:44:00.000000,2025-04-03,0,0,0,1,0,0,0,1,new beneficiary
P00069842,C9022,Fisher-Hayden,India Services,AE,13998154.84,223872.49,INR,2025-12-23 04:26:00.000000,2025-12-23,0,0,0,1,0,0,0,1,new beneficiary
P00096306,C9023,Duran PLC,Germany GmbH,CN,91206.5,132170.35,EUR,2026-06-25 06:57:00.000000,2026-06-25,0,0,0,1,0,0,0,1,new beneficiary
P00096424,C9024,Peterson-Bell,UK Ltd,MY,57693.11,98769.22,GBP,2026-06-25 11:27:00.000000,2026-06-25,0,0,0,1,0,0,0,1,new beneficiary
P00011229,C9025,Riley-Bryant,Netherlands BV,US,314090.84,474368.25,EUR,2024-10-22 14:00:00.000000,2024-10-22,0,0,0,1,0,0,0,1,new beneficiary
P00025361,C9026,Duffy Group,Netherlands BV,CN,85236.95,122959.93,EUR,2025-02-06 13:18:00.000000,2025-02-06,0,0,0,1,0,0,0,1,new beneficiary
P00009802,C9027,"Beck, Brown and Miles",Shenzhen Sourcing,US,455247.47,84204.39,CNY,2024-10-10 09:22:00.000000,2024-10-10,0,0,0,1,0,0,0,1,new beneficiary
P00064227,C9028,"Lane, Maldonado and Griffin",Shanghai Mfg,GB,707542.79,131798.95,CNY,2025-11-13 09:58:00.000000,2025-11-13,0,0,0,1,0,0,0,1,new beneficiary
P00011230,C9029,"Cruz, Barnett and Johnson",Germany GmbH,GB,84180.84,127137.48,EUR,2024-10-22 14:18:00.000000,2024-10-22,0,0,0,1,0,0,0,1,new beneficiary
P00085017,C9031,Brown-Tate,SG Operations,DE,195121.1,195121.1,SGD,2026-04-09 03:38:00.000000,2026-04-09,0,0,0,1,0,0,0,1,new beneficiary
P00018050,C9032,Rodgers Group,Netherlands BV,AE,117086.27,164936.15,EUR,2024-12-12 13:23:00.000000,2024-12-12,0,0,0,1,0,0,0,1,new beneficiary
P00096014,C9033,Rangel-Crawford,India Services,SG,3294448.95,53475.5,INR,2026-06-23 11:35:00.000000,2026-06-23,0,0,0,1,0,0,0,1,new beneficiary
P00053197,C9034,Cole PLC,India Services,VN,14107400.45,226169.84,INR,2025-08-28 06:39:00.000000,2025-08-28,0,0,0,1,0,0,0,1,new beneficiary
P00017910,C9035,Ware-Fuentes,India Services,AE,4594104.62,73749.16,INR,2024-12-12 03:15:00.000000,2024-12-12,0,0,0,1,0,0,0,1,new beneficiary
P00046256,C9036,"Ramirez, Perry and Howard",Shanghai Mfg,MY,479697.44,89899.62,CNY,2025-07-10 09:01:00.000000,2025-07-10,0,0,0,1,0,0,0,1,new beneficiary
P00025419,C9037,Rosario-Hernandez,US Inc,ID,148251.94,206009.71,USD,2025-02-06 16:47:00.000000,2025-02-06,0,0,0,1,0,0,0,1,new beneficiary
P00029641,C9038,Hernandez Ltd,SG Operations,MY,282461.81,282461.81,SGD,2025-03-11 08:21:00.000000,2025-03-11,0,0,0,1,0,0,0,1,new beneficiary
P00074263,C9039,Smith PLC,SG Operations,CN,120331.59,120331.59,SGD,2026-01-22 09:58:00.000000,2026-01-22,0,0,0,1,0,0,0,1,new beneficiary
P00105079,C9040,Baker Inc,Germany Sales Office,AE,238895.28,342470.0,EUR,2026-08-20 15:59:00.000000,2026-08-20,0,0,0,1,0,0,0,1,new beneficiary
P00082714,C9041,Barnes LLC,Netherlands BV,DE,71388.57,102221.36,EUR,2026-03-24 12:51:00.000000,2026-03-24,0,0,0,1,0,0,0,1,new beneficiary
P00053849,C9042,"Knight, Benton and Vaughn",Germany Sales Office,DE,90100.37,132907.06,EUR,2025-09-02 07:44:00.000000,2025-09-02,0,0,0,1,0,0,0,1,new beneficiary
P00011561,C9043,"Clements, Pena and Singh",UK Ltd,VN,57701.53,98717.8,GBP,2024-10-24 12:57:00.000000,2024-10-24,0,0,0,1,0,0,0,1,new beneficiary
P00076057,C9044,Lam-Deleon,Shanghai Mfg,GB,463898.76,86320.43,CNY,2026-02-05 04:10:00.000000,2026-02-05,0,0,0,1,0,0,0,1,new beneficiary
P00040590,C9045,"Yates, Long and Ross",Germany GmbH,NL,88660.72,129784.93,EUR,2025-05-29 15:59:00.000000,2025-05-29,0,0,0,1,0,0,0,1,new beneficiary
P00060274,C9046,Olson Group,Shenzhen Sourcing,VN,453120.94,84642.54,CNY,2025-10-16 08:27:00.000000,2025-10-16,0,0,0,1,0,0,0,1,new beneficiary
P00074315,C9047,Lee and Sons,Germany Sales Office,AE,112197.77,160276.31,EUR,2026-01-22 16:04:00.000000,2026-01-22,0,0,0,1,0,0,0,1,new beneficiary
P00050111,C9048,Martin-Peterson,Shenzhen Sourcing,VN,891462.29,167187.51,CNY,2025-08-07 00:15:00.000000,2025-08-07,0,0,0,1,0,0,0,1,new beneficiary
P00047354,C9049,Garcia PLC,Germany GmbH,VN,135488.48,199459.23,EUR,2025-07-17 13:58:00.000000,2025-07-17,0,0,0,1,0,0,0,1,new beneficiary
P00052157,C9050,Herrera LLC,Shenzhen Sourcing,JP,528974.57,99070.59,CNY,2025-08-21 02:28:00.000000,2025-08-21,0,0,0,1,0,0,0,1,new beneficiary
P00085226,C9051,"Johnson, Sawyer and Mendez",US Inc,GB,113084.95,149310.58,USD,2026-04-09 17:38:00.000000,2026-04-09,0,0,0,1,0,0,0,1,new beneficiary
P00079059,C9053,"Diaz, Martinez and Sweeney",Netherlands BV,ID,62193.16,88718.48,EUR,2026-02-26 11:58:00.000000,2026-02-26,0,0,0,1,0,0,0,1,new beneficiary
P00099635,C9054,Castillo-Collins,Germany GmbH,AE,145640.2,214362.28,EUR,2026-07-16 11:37:00.000000,2026-07-16,0,0,0,1,0,0,0,1,new beneficiary
P00015838,C9055,Garcia LLC,UK Ltd,ID,112422.67,191409.04,GBP,2024-11-26 12:31:00.000000,2024-11-26,0,0,0,1,0,0,0,1,new beneficiary
P00012159,C9056,"Baker, Poole and Martin",Shenzhen Sourcing,MY,943694.6,173434.08,CNY,2024-10-29 09:11:00.000000,2024-10-29,0,0,0,1,0,0,0,1,new beneficiary
P00011451,C9057,Harris PLC,Shenzhen Sourcing,DE,683312.83,125694.71,CNY,2024-10-24 04:25:00.000000,2024-10-24,0,0,0,1,0,0,0,1,new beneficiary
P00043420,C9058,Thomas-Daniels,US West Distribution,VN,57018.94,75358.11,USD,2025-06-19 20:46:00.000000,2025-06-19,0,0,0,1,0,0,0,1,new beneficiary
P00103817,C9059,Chang LLC,Germany Sales Office,SG,86439.48,124945.07,EUR,2026-08-13 06:59:00.000000,2026-08-13,0,0,0,1,0,0,0,1,new beneficiary
P00071908,C9060,"Boyer, Horton and Green",Germany GmbH,US,98431.71,141822.38,EUR,2026-01-06 16:53:00.000000,2026-01-06,0,0,0,1,0,0,0,1,new beneficiary
P00012540,C9061,Odonnell-Kelly,UK Ltd,AU,32264.44,55209.85,GBP,2024-10-31 13:34:00.000000,2024-10-31,0,0,0,1,0,0,0,1,new beneficiary
P00063373,C9062,Patel PLC,Germany Sales Office,IN,58617.66,83562.17,EUR,2025-11-06 16:26:00.000000,2025-11-06,0,0,0,1,0,0,0,1,new beneficiary
P00011570,C9063,Fields-Austin,Netherlands BV,IN,48258.59,72564.9,EUR,2024-10-24 13:21:00.000000,2024-10-24,0,0,0,1,0,0,0,1,new beneficiary
P00025363,C9064,Shaffer Group,Germany Sales Office,JP,151839.08,217987.78,EUR,2025-02-06 13:50:00.000000,2025-02-06,0,0,0,1,0,0,0,1,new beneficiary
P00079129,C9065,"Pratt, Gonzalez and Vasquez",US Inc,CN,170165.4,223886.11,USD,2026-02-26 18:46:00.000000,2026-02-26,0,0,0,1,0,0,0,1,new beneficiary
P00091122,C9066,"Johnson, Johnson and Ramirez",Shanghai Mfg,CN,1299401.96,242239.71,CNY,2026-05-21 06:11:00.000000,2026-05-21,0,0,0,1,0,0,0,1,new beneficiary
P00086127,C9067,Lee-Jacobs,India Services,IN,9702889.11,155498.5,INR,2026-04-16 07:39:00.000000,2026-04-16,0,0,0,1,0,0,0,1,new beneficiary
P00027221,C9068,West-Giles,Netherlands BV,JP,104906.52,151358.29,EUR,2025-02-20 07:39:00.000000,2025-02-20,0,0,0,1,0,0,0,1,new beneficiary
P00060265,C9069,Friedman-Diaz,Shanghai Mfg,NL,597639.65,111638.49,CNY,2025-10-16 08:12:00.000000,2025-10-16,0,0,0,1,0,0,0,1,new beneficiary
P00060392,C9070,Garcia Group,US Inc,VN,91702.86,124500.48,USD,2025-10-16 20:27:00.000000,2025-10-16,0,0,0,1,0,0,0,1,new beneficiary
P00072122,C9071,Morgan Group,Shenzhen Sourcing,JP,1175065.07,219783.0,CNY,2026-01-08 05:03:00.000000,2026-01-08,0,0,0,1,0,0,0,1,new beneficiary
P00025843,C9072,"Galloway, Bishop and Smith",SG Operations,CN,64963.78,64963.78,SGD,2025-02-11 03:59:00.000000,2025-02-11,0,0,0,1,0,0,0,1,new beneficiary
P00061388,C9073,"Cooper, Day and Davenport",US Inc,AU,160861.45,218797.31,USD,2025-10-23 20:56:00.000000,2025-10-23,0,0,0,1,0,0,0,1,new beneficiary
P00102364,C9076,Mccormick-Cook,India Services,US,7646080.71,124118.83,INR,2026-08-04 03:21:00.000000,2026-08-04,0,0,0,1,0,0,0,1,new beneficiary
P00053285,C9077,"Foster, Morales and Arroyo",Germany GmbH,ID,37781.81,55289.11,EUR,2025-08-28 09:36:00.000000,2025-08-28,0,0,0,1,0,0,0,1,new beneficiary
P00089124,C9078,"Moore, Kaiser and Johnson",Germany Sales Office,DE,41169.82,60041.37,EUR,2026-05-07 07:44:00.000000,2026-05-07,0,0,0,1,0,0,0,1,new beneficiary
P00046206,C9079,"Stein, Drake and Thomas",Shenzhen Sourcing,CN,852112.11,159693.48,CNY,2025-07-10 07:41:00.000000,2025-07-10,0,0,0,1,0,0,0,1,new beneficiary
P00075954,C9080,"Baird, Sandoval and Bell",Shanghai Mfg,JP,635213.89,118198.06,CNY,2026-02-05 00:45:00.000000,2026-02-05,0,0,0,1,0,0,0,1,new beneficiary
P00011204,C9081,"Kelley, Smith and Lloyd",India Services,US,4334549.41,68815.31,INR,2024-10-22 12:07:00.000000,2024-10-22,0,0,0,1,0,0,0,1,new beneficiary
P00077156,C9082,"Santos, Rose and Peck",Shenzhen Sourcing,SG,1744770.39,322262.58,CNY,2026-02-12 06:05:00.000000,2026-02-12,0,0,0,1,0,0,0,1,new beneficiary
P00099605,C9083,Downs-Lee,Germany GmbH,SG,55218.06,81273.36,EUR,2026-07-16 08:50:00.000000,2026-07-16,0,0,0,1,0,0,0,1,new beneficiary
P00049245,C9084,Johnson and Sons,Shenzhen Sourcing,DE,661849.4,123893.57,CNY,2025-07-31 03:33:00.000000,2025-07-31,0,0,0,1,0,0,0,1,new beneficiary
P00026138,C9085,Mason-Gallagher,SG Operations,SG,271464.72,271464.72,SGD,2025-02-13 01:38:00.000000,2025-02-13,0,0,0,1,0,0,0,1,new beneficiary
P00108946,C9086,Green-Barnes,UK Ltd,MY,69589.32,121426.06,GBP,2026-09-15 08:33:00.000000,2026-09-15,0,0,0,1,0,0,0,1,new beneficiary
P00059359,C9087,Brown Ltd,UK Ltd,VN,48658.94,83827.04,GBP,2025-10-09 14:23:00.000000,2025-10-09,0,0,0,1,0,0,0,1,new beneficiary
P00055164,C9088,Hurst-Bates,Shanghai Mfg,AU,1391923.57,259710.67,CNY,2025-09-11 02:12:00.000000,2025-09-11,0,0,0,1,0,0,0,1,new beneficiary
P00061221,C9089,"Fisher, Hardin and Shaw",SG Operations,VN,60721.45,60721.45,SGD,2025-10-23 06:27:00.000000,2025-10-23,0,0,0,1,0,0,0,1,new beneficiary
P00111287,C9090,"Hernandez, Dixon and Salas",US West Distribution,VN,152473.56,208157.36,USD,2026-09-29 15:26:00.000000,2026-09-29,0,0,0,1,0,0,0,1,new beneficiary
P00091832,C9091,Franklin and Sons,Netherlands BV,MY,104583.31,154927.73,EUR,2026-05-26 13:48:00.000000,2026-05-26,0,0,0,1,0,0,0,1,new beneficiary
P00059011,C9092,Thomas PLC,Shanghai Mfg,JP,820027.47,152689.11,CNY,2025-10-09 00:54:00.000000,2025-10-09,0,0,0,1,0,0,0,1,new beneficiary
P00094375,C9093,"Martinez, Brown and Fleming",US Inc,JP,134792.11,180615.09,USD,2026-06-11 14:19:00.000000,2026-06-11,0,0,0,1,0,0,0,1,new beneficiary
P00048866,C9094,"Peters, Mueller and Rodriguez",Shanghai Mfg,AE,409211.83,76651.92,CNY,2025-07-29 04:07:00.000000,2025-07-29,0,0,0,1,0,0,0,1,new beneficiary
P00057965,C9095,"Brown, Lee and Williams",Germany GmbH,MY,95513.87,138984.81,EUR,2025-09-30 06:34:00.000000,2025-09-30,0,0,0,1,0,0,0,1,new beneficiary
P00072308,C9096,Romero PLC,US Inc,GB,82424.87,108959.41,USD,2026-01-08 17:03:00.000000,2026-01-08,0,0,0,1,0,0,0,1,new beneficiary
P00079876,C9097,Wolf Inc,Shanghai Mfg,JP,348617.5,64591.15,CNY,2026-03-05 01:03:00.000000,2026-03-05,0,0,0,1,0,0,0,1,new beneficiary
P00034746,C9098,Nguyen-Mcpherson,Shenzhen Sourcing,ID,647494.86,119892.09,CNY,2025-04-17 03:09:00.000000,2025-04-17,0,0,0,1,0,0,0,1,new beneficiary
P00038401,C9099,"Hunt, Schwartz and Chavez",SG Operations,US,117196.95,117196.95,SGD,2025-05-15 00:33:00.000000,2025-05-15,0,0,0,1,0,0,0,1,new beneficiary
P00066273,C9100,"Aguirre, Romero and Wright",UK Ltd,US,96425.48,168161.31,GBP,2025-11-27 09:24:00.000000,2025-11-27,0,0,0,1,0,0,0,1,new beneficiary
P00080068,C9101,"Mcdowell, Dunlap and Green",Netherlands BV,NL,159049.32,226616.49,EUR,2026-03-05 10:14:00.000000,2026-03-05,0,0,0,1,0,0,0,1,new beneficiary
P00017700,C9103,Martinez-Ramos,US Inc,NL,194629.74,265268.46,USD,2024-12-10 15:29:00.000000,2024-12-10,0,0,0,1,0,0,0,1,new beneficiary
P00063846,C9104,Lambert Group,Netherlands BV,NL,70783.34,100939.24,EUR,2025-11-11 07:33:00.000000,2025-11-11,0,0,0,1,0,0,0,1,new beneficiary
P00111223,C9105,Lewis LLC,Germany GmbH,DE,78594.08,111611.22,EUR,2026-09-29 09:54:00.000000,2026-09-29,0,0,0,1,0,0,0,1,new beneficiary
P00074328,C9106,Prince and Sons,US Inc,ID,38030.51,50424.77,USD,2026-01-22 20:29:00.000000,2026-01-22,0,0,0,1,0,0,0,1,new beneficiary
P00031043,C9107,"Schneider, Diaz and King",UK Ltd,DE,49841.47,84848.03,GBP,2025-03-20 16:45:00.000000,2025-03-20,0,0,0,1,0,0,0,1,new beneficiary
P00021816,C9108,Ponce and Sons,UK Ltd,AE,116677.98,202013.57,GBP,2025-01-09 16:50:00.000000,2025-01-09,0,0,0,1,0,0,0,1,new beneficiary
P00034770,C9110,"Wall, Martin and Reynolds",SG Operations,CN,101324.67,101324.67,SGD,2025-04-17 05:31:00.000000,2025-04-17,0,0,0,1,0,0,0,1,new beneficiary
P00075952,C9111,"Powell, Fisher and Kelly",Shenzhen Sourcing,NL,909853.38,169301.88,CNY,2026-02-05 00:27:00.000000,2026-02-05,0,0,0,1,0,0,0,1,new beneficiary
P00025238,C9112,Bowen Inc,SG Operations,AE,111326.98,111326.98,SGD,2025-02-06 04:33:00.000000,2025-02-06,0,0,0,1,0,0,0,1,new beneficiary
P00037200,C9114,Cruz PLC,Shenzhen Sourcing,IN,393253.82,73275.77,CNY,2025-05-06 02:50:00.000000,2025-05-06,0,0,0,1,0,0,0,1,new beneficiary
P00020585,C9117,Baker Inc,Shanghai Mfg,IN,863005.72,158098.33,CNY,2025-01-02 05:31:00.000000,2025-01-02,0,0,0,1,0,0,0,1,new beneficiary
P00032792,C9118,Nelson and Sons,Shenzhen Sourcing,GB,351678.3,65346.4,CNY,2025-04-03 02:30:00.000000,2025-04-03,0,0,0,1,0,0,0,1,new beneficiary
P00045327,C9119,Atkinson-Lowe,UK Ltd,US,67079.61,111782.13,GBP,2025-07-03 09:47:00.000000,2025-07-03,0,0,0,1,0,0,0,1,new beneficiary
P00074829,C9120,Sullivan-Herrera,US Inc,GB,82634.65,109389.19,USD,2026-01-27 14:22:00.000000,2026-01-27,0,0,0,1,0,0,0,1,new beneficiary
P00046339,C9121,"Duncan, Graves and Davis",Germany Sales Office,AU,72875.19,106762.44,EUR,2025-07-10 15:45:00.000000,2025-07-10,0,0,0,1,0,0,0,1,new beneficiary
P00107320,C9122,Marsh and Sons,US West Distribution,ID,279768.89,380441.21,USD,2026-09-03 14:26:00.000000,2026-09-03,0,0,0,1,0,0,0,1,new beneficiary
P00019508,C9123,Woodard-Adams,SG Operations,GB,146544.43,146544.43,SGD,2024-12-24 09:34:00.000000,2024-12-24,0,0,0,1,0,0,0,1,new beneficiary
P00095200,C9124,Walters LLC,SG Operations,NL,158049.32,158049.32,SGD,2026-06-18 01:45:00.000000,2026-06-18,0,0,0,1,0,0,0,1,new beneficiary
P00102774,C9125,Franklin and Sons,Shanghai Mfg,JP,602316.19,112781.3,CNY,2026-08-06 04:14:00.000000,2026-08-06,0,0,0,1,0,0,0,1,new beneficiary
P00099180,C9126,Baker Inc,Shanghai Mfg,US,397042.06,73893.5,CNY,2026-07-14 08:10:00.000000,2026-07-14,0,0,0,1,0,0,0,1,new beneficiary
P00052257,C9127,Smith-Gamble,Germany GmbH,IN,68174.35,100174.5,EUR,2025-08-21 08:11:00.000000,2025-08-21,0,0,0,1,0,0,0,1,new beneficiary
P00095365,C9128,Mcintosh-Adams,Shanghai Mfg,US,1722999.71,320507.24,CNY,2026-06-18 08:47:00.000000,2026-06-18,0,0,0,1,0,0,0,1,new beneficiary
P00069216,C9129,Williams Ltd,Netherlands BV,GB,88106.59,123897.78,EUR,2025-12-18 07:34:00.000000,2025-12-18,0,0,0,1,0,0,0,1,new beneficiary
P00010730,C9131,Williams-Harris,Germany Sales Office,ID,72437.56,109074.38,EUR,2024-10-17 14:55:00.000000,2024-10-17,0,0,0,1,0,0,0,1,new beneficiary
P00100683,C9132,Fuller-Schmidt,Netherlands BV,AU,71065.02,103955.12,EUR,2026-07-23 11:34:00.000000,2026-07-23,0,0,0,1,0,0,0,1,new beneficiary
P00061195,C9133,Roberts PLC,Shanghai Mfg,VN,713857.24,133571.26,CNY,2025-10-23 04:40:00.000000,2025-10-23,0,0,0,1,0,0,0,1,new beneficiary
P00062041,C9134,"Thompson, Reed and Smith",US Inc,JP,358013.41,487013.88,USD,2025-10-28 16:47:00.000000,2025-10-28,0,0,0,1,0,0,0,1,new beneficiary
P00081651,C9135,Johnson-Smith,SG Operations,GB,103063.88,103063.88,SGD,2026-03-17 03:13:00.000000,2026-03-17,0,0,0,1,0,0,0,1,new beneficiary
P00061317,C9136,"Arnold, Lopez and Wells",Germany Sales Office,US,72597.7,103047.93,EUR,2025-10-23 11:09:00.000000,2025-10-23,0,0,0,1,0,0,0,1,new beneficiary
P00070007,C9137,Rodriguez-Fuentes,Germany GmbH,AE,56038.53,79250.42,EUR,2025-12-23 11:42:00.000000,2025-12-23,0,0,0,1,0,0,0,1,new beneficiary
P00091014,C9138,Douglas-Gardner,SG Operations,ID,81335.52,81335.52,SGD,2026-05-21 01:21:00.000000,2026-05-21,0,0,0,1,0,0,0,1,new beneficiary
P00051313,C9139,Waller-Parker,India Services,NL,7993674.28,129513.51,INR,2025-08-14 12:09:00.000000,2025-08-14,0,0,0,1,0,0,0,1,new beneficiary
P00023563,C9140,Haas LLC,India Services,SG,4017282.04,65236.64,INR,2025-01-23 05:51:00.000000,2025-01-23,0,0,0,1,0,0,0,1,new beneficiary
P00063902,C9141,Collier Ltd,UK Ltd,AE,176487.63,306917.46,GBP,2025-11-11 10:53:00.000000,2025-11-11,0,0,0,1,0,0,0,1,new beneficiary
P00092257,C9142,"Fields, Sullivan and Bailey",India Services,NL,16606743.7,269560.66,INR,2026-05-28 09:51:00.000000,2026-05-28,0,0,0,1,0,0,0,1,new beneficiary
P00041398,C9143,Hood Inc,Germany Sales Office,GB,52509.31,76767.88,EUR,2025-06-05 09:56:00.000000,2025-06-05,0,0,0,1,0,0,0,1,new beneficiary
P00017704,C9144,Garrett LLC,Netherlands BV,JP,105540.41,149035.93,EUR,2024-12-10 16:08:00.000000,2024-12-10,0,0,0,1,0,0,0,1,new beneficiary
P00042259,C9145,Martin-Miller,SG Operations,MY,105888.15,105888.15,SGD,2025-06-12 07:26:00.000000,2025-06-12,0,0,0,1,0,0,0,1,new beneficiary
P00077357,C9146,Harrell-Lambert,US Inc,VN,48704.24,65096.63,USD,2026-02-12 20:28:00.000000,2026-02-12,0,0,0,1,0,0,0,1,new beneficiary
P00034859,C9147,George-Schwartz,UK Ltd,SG,69021.07,120488.56,GBP,2025-04-17 09:12:00.000000,2025-04-17,0,0,0,1,0,0,0,1,new beneficiary
P00092179,C9148,Stevens and Sons,Shanghai Mfg,AE,640423.68,119926.38,CNY,2026-05-28 07:47:00.000000,2026-05-28,0,0,0,1,0,0,0,1,new beneficiary
P00083085,C9149,Griffin-Baker,Germany Sales Office,MY,105119.84,150863.26,EUR,2026-03-26 10:07:00.000000,2026-03-26,0,0,0,1,0,0,0,1,new beneficiary
P00019543,C9151,Johnson LLC,Germany Sales Office,NL,57574.94,80359.82,EUR,2024-12-24 10:27:00.000000,2024-12-24,0,0,0,1,0,0,0,1,new beneficiary
P00084127,C9152,Kelly Inc,Shanghai Mfg,DE,698770.44,128949.0,CNY,2026-04-02 06:56:00.000000,2026-04-02,0,0,0,1,0,0,0,1,new beneficiary
P00099702,C9153,James-Wells,US Inc,AE,98323.75,133276.56,USD,2026-07-16 20:48:00.000000,2026-07-16,0,0,0,1,0,0,0,1,new beneficiary
P00070302,C9154,"Douglas, Wright and Parsons",Shenzhen Sourcing,AE,704656.12,131957.43,CNY,2025-12-25 06:23:00.000000,2025-12-25,0,0,0,1,0,0,0,1,new beneficiary
P00073822,C9155,Baker Inc,India Services,DE,4814011.06,77293.76,INR,2026-01-20 04:29:00.000000,2026-01-20,0,0,0,1,0,0,0,1,new beneficiary
P00110514,C9156,Ross Inc,Germany GmbH,SG,69177.61,98534.93,EUR,2026-09-24 10:57:00.000000,2026-09-24,0,0,0,1,0,0,0,1,new beneficiary
P00045782,C9157,Johnson-Torres,Shanghai Mfg,VN,572505.05,107756.9,CNY,2025-07-08 00:07:00.000000,2025-07-08,0,0,0,1,0,0,0,1,new beneficiary
P00089023,C9158,Miller PLC,Shenzhen Sourcing,VN,939287.34,175899.4,CNY,2026-05-07 02:01:00.000000,2026-05-07,0,0,0,1,0,0,0,1,new beneficiary
P00097149,C9159,Sandoval Ltd,Germany GmbH,AU,57710.63,83431.62,EUR,2026-06-30 11:42:00.000000,2026-06-30,0,0,0,1,0,0,0,1,new beneficiary
P00053072,C9160,"Price, Nguyen and Rollins",Shenzhen Sourcing,CN,1651624.59,309372.41,CNY,2025-08-28 00:26:00.000000,2025-08-28,0,0,0,1,0,0,0,1,new beneficiary
P00055223,C9161,Mitchell PLC,Shanghai Mfg,US,945286.9,176234.56,CNY,2025-09-11 05:41:00.000000,2025-09-11,0,0,0,1,0,0,0,1,new beneficiary
P00054851,C9162,"Thomas, Summers and Espinoza",India Services,SG,10967952.69,175553.05,INR,2025-09-09 03:33:00.000000,2025-09-09,0,0,0,1,0,0,0,1,new beneficiary
P00102764,C9165,"Conley, Ballard and Mckenzie",Shenzhen Sourcing,NL,493879.37,92476.94,CNY,2026-08-06 04:05:00.000000,2026-08-06,0,0,0,1,0,0,0,1,new beneficiary
P00018100,C9166,"Yates, Dawson and Blanchard",US Inc,NL,53521.78,72894.84,USD,2024-12-12 17:46:00.000000,2024-12-12,0,0,0,1,0,0,0,1,new beneficiary
P00020590,C9167,"Hall, Johnson and Anderson",Shenzhen Sourcing,CN,342070.43,62680.3,CNY,2025-01-02 06:22:00.000000,2025-01-02,0,0,0,1,0,0,0,1,new beneficiary
P00105576,C9168,Chung-Bennett,Shenzhen Sourcing,NL,715167.78,134550.95,CNY,2026-08-25 04:02:00.000000,2026-08-25,0,0,0,1,0,0,0,1,new beneficiary
P00024930,C9169,Hansen-Burton,US Inc,US,74716.57,103493.43,USD,2025-02-04 17:19:00.000000,2025-02-04,0,0,0,1,0,0,0,1,new beneficiary
P00101222,C9170,"Schmidt, Sanchez and Baker",Shenzhen Sourcing,JP,591271.52,110684.85,CNY,2026-07-28 04:52:00.000000,2026-07-28,0,0,0,1,0,0,0,1,new beneficiary
P00065115,C9171,Salinas-Goodman,SG Operations,IN,74048.44,74048.44,SGD,2025-11-20 02:14:00.000000,2025-11-20,0,0,0,1,0,0,0,1,new beneficiary
P00047353,C9172,"Hurst, Davis and Fox",US West Distribution,VN,251637.73,335108.73,USD,2025-07-17 13:56:00.000000,2025-07-17,0,0,0,1,0,0,0,1,new beneficiary
P00011639,C9173,"Doyle, King and Jones",US West Distribution,CN,64250.46,87242.23,USD,2024-10-24 20:42:00.000000,2024-10-24,0,0,0,1,0,0,0,1,new beneficiary
P00093985,C9174,Young-Avila,US Inc,GB,72485.69,96778.25,USD,2026-06-09 16:22:00.000000,2026-06-09,0,0,0,1,0,0,0,1,new beneficiary
P00107344,C9175,Singh Group,US Inc,JP,77336.12,105164.83,USD,2026-09-03 17:08:00.000000,2026-09-03,0,0,0,1,0,0,0,1,new beneficiary
P00066912,C9176,Bruce-Jones,India Services,ID,10940345.8,175548.79,INR,2025-12-02 12:02:00.000000,2025-12-02,0,0,0,1,0,0,0,1,new beneficiary
P00029090,C9177,"Mitchell, Williams and Chen",US West Distribution,IN,229876.05,317197.46,USD,2025-03-06 13:03:00.000000,2025-03-06,0,0,0,1,0,0,0,1,new beneficiary
P00062452,C9178,Jones and Sons,UK Ltd,MY,43387.66,76084.3,GBP,2025-10-30 16:06:00.000000,2025-10-30,0,0,0,1,0,0,0,1,new beneficiary
P00059065,C9179,King-Paul,Shenzhen Sourcing,IN,1183746.12,220562.68,CNY,2025-10-09 01:56:00.000000,2025-10-09,0,0,0,1,0,0,0,1,new beneficiary
P00077897,C9180,Howell-Anderson,Shanghai Mfg,SG,614416.1,113624.58,CNY,2026-02-19 05:14:00.000000,2026-02-19,0,0,0,1,0,0,0,1,new beneficiary
P00089206,C9182,"Garcia, Robinson and Burns",Germany GmbH,CN,212637.22,310106.51,EUR,2026-05-07 12:41:00.000000,2026-05-07,0,0,0,1,0,0,0,1,new beneficiary
P00103991,C9183,"Black, Marshall and Owens",Germany GmbH,AE,114769.45,165894.99,EUR,2026-08-13 15:02:00.000000,2026-08-13,0,0,0,1,0,0,0,1,new beneficiary
P00095402,C9184,Holder PLC,Germany GmbH,AE,87829.26,128923.08,EUR,2026-06-18 11:30:00.000000,2026-06-18,0,0,0,1,0,0,0,1,new beneficiary
P00071148,C9185,Collins Inc,US Inc,JP,102708.08,135615.95,USD,2025-12-30 22:58:00.000000,2025-12-30,0,0,0,1,0,0,0,1,new beneficiary
P00014278,C9186,Smith-Stevens,India Services,NL,5868758.29,93360.21,INR,2024-11-14 08:44:00.000000,2024-11-14,0,0,0,1,0,0,0,1,new beneficiary
P00068309,C9187,"Donaldson, Cole and Adams",UK Ltd,VN,61157.72,105688.25,GBP,2025-12-11 17:13:00.000000,2025-12-11,0,0,0,1,0,0,0,1,new beneficiary
P00108338,C9188,Rangel and Sons,Germany Sales Office,DE,36187.64,52798.42,EUR,2026-09-10 13:52:00.000000,2026-09-10,0,0,0,1,0,0,0,1,new beneficiary
P00039410,C9189,Perkins and Sons,India Services,AE,4574976.23,73849.27,INR,2025-05-22 04:05:00.000000,2025-05-22,0,0,0,1,0,0,0,1,new beneficiary
P00081035,C9190,"Warren, Cisneros and Anderson",SG Operations,SG,74445.28,74445.28,SGD,2026-03-12 05:34:00.000000,2026-03-12,0,0,0,1,0,0,0,1,new beneficiary
P00048356,C9191,"Hicks, Eaton and Warner",Germany Sales Office,GB,119949.6,174812.15,EUR,2025-07-24 10:45:00.000000,2025-07-24,0,0,0,1,0,0,0,1,new beneficiary
P00092842,C9192,Jimenez Group,UK Ltd,DE,68808.73,121484.29,GBP,2026-06-02 08:04:00.000000,2026-06-02,0,0,0,1,0,0,0,1,new beneficiary
P00040500,C9193,Johnson-Smith,Netherlands BV,MY,49410.76,72329.35,EUR,2025-05-29 08:04:00.000000,2025-05-29,0,0,0,1,0,0,0,1,new beneficiary
P00010660,C9194,Maldonado-Sullivan,India Services,AE,9311472.89,148611.11,INR,2024-10-17 09:38:00.000000,2024-10-17,0,0,0,1,0,0,0,1,new beneficiary
P00016117,C9195,"Taylor, Cooper and Stewart",India Services,AU,11036525.75,175789.78,INR,2024-11-28 03:55:00.000000,2024-11-28,0,0,0,1,0,0,0,1,new beneficiary
P00054372,C9196,Smith-Christensen,Germany GmbH,SG,43094.51,62989.39,EUR,2025-09-04 14:21:00.000000,2025-09-04,0,0,0,1,0,0,0,1,new beneficiary
P00070978,C9197,Wilson-House,SG Operations,IN,116444.8,116444.8,SGD,2025-12-30 09:47:00.000000,2025-12-30,0,0,0,1,0,0,0,1,new beneficiary
P00102966,C9199,Long PLC,Germany Sales Office,AE,99656.96,143725.27,EUR,2026-08-06 15:46:00.000000,2026-08-06,0,0,0,1,0,0,0,1,new beneficiary
P00079664,C9200,Ward Group,Netherlands BV,ID,53523.64,76720.14,EUR,2026-03-03 09:58:00.000000,2026-03-03,0,0,0,1,0,0,0,1,new beneficiary
P00086814,C9201,Dickerson-Ramirez,UK Ltd,JP,110625.02,196544.71,GBP,2026-04-21 10:51:00.000000,2026-04-21,0,0,0,1,0,0,0,1,new beneficiary
P00093210,C9202,Davenport LLC,Netherlands BV,IN,48497.89,71654.37,EUR,2026-06-04 07:04:00.000000,2026-06-04,0,0,0,1,0,0,0,1,new beneficiary
P00103923,C9203,"Walls, Wright and Baker",India Services,GB,6178954.2,100228.82,INR,2026-08-13 11:16:00.000000,2026-08-13,0,0,0,1,0,0,0,1,new beneficiary
P00026340,C9204,"Stewart, Mejia and Glover",India Services,CN,4874471.41,79663.49,INR,2025-02-13 10:53:00.000000,2025-02-13,0,0,0,1,0,0,0,1,new beneficiary
P00096185,C9205,Henson-Cain,SG Operations,DE,335520.08,335520.08,SGD,2026-06-25 01:10:00.000000,2026-06-25,0,0,0,1,0,0,0,1,new beneficiary
P00036620,C9206,"Ross, Liu and Spencer",UK Ltd,IN,53938.97,93569.06,GBP,2025-04-29 14:13:00.000000,2025-04-29,0,0,0,1,0,0,0,1,new beneficiary
P00046926,C9207,Ball Inc,US West Distribution,AU,78908.09,105173.2,USD,2025-07-15 18:36:00.000000,2025-07-15,0,0,0,1,0,0,0,1,new beneficiary
P00021274,C9208,"Jenkins, Mendez and Taylor",Shanghai Mfg,AU,574850.42,105162.56,CNY,2025-01-07 05:28:00.000000,2025-01-07,0,0,0,1,0,0,0,1,new beneficiary
P00063316,C9209,Washington-Barr,Germany Sales Office,IN,216029.42,307959.88,EUR,2025-11-06 13:30:00.000000,2025-11-06,0,0,0,1,0,0,0,1,new beneficiary
P00107130,C9210,"Anderson, Kennedy and Cooper",India Services,AE,12615016.83,205549.08,INR,2026-09-03 03:48:00.000000,2026-09-03,0,0,0,1,0,0,0,1,new beneficiary
P00016210,C9211,Scott-Rodgers,Netherlands BV,GB,115590.97,162402.65,EUR,2024-11-28 09:38:00.000000,2024-11-28,0,0,0,1,0,0,0,1,new beneficiary
P00090111,C9212,"Green, Douglas and Turner",India Services,AU,4430154.1,71546.99,INR,2026-05-14 04:47:00.000000,2026-05-14,0,0,0,1,0,0,0,1,new beneficiary
P00021748,C9213,"Caldwell, Wilson and Day",Germany GmbH,US,59221.43,82832.3,EUR,2025-01-09 12:51:00.000000,2025-01-09,0,0,0,1,0,0,0,1,new beneficiary
P00038205,C9214,Clark Group,India Services,SG,4018481.83,64798.02,INR,2025-05-13 08:03:00.000000,2025-05-13,0,0,0,1,0,0,0,1,new beneficiary
P00015850,C9215,"Robinson, Escobar and Davies",US West Distribution,US,60185.73,81543.78,USD,2024-11-26 13:23:00.000000,2024-11-26,0,0,0,1,0,0,0,1,new beneficiary
P00110109,C9216,Simmons-Kelley,India Services,VN,11432859.32,185383.81,INR,2026-09-22 12:04:00.000000,2026-09-22,0,0,0,1,0,0,0,1,new beneficiary
P00045333,C9217,Davis LLC,Germany Sales Office,VN,100370.33,145362.13,EUR,2025-07-03 11:14:00.000000,2025-07-03,0,0,0,1,0,0,0,1,new beneficiary
P00080096,C9218,"Davis, Allen and Green",UK Ltd,JP,55473.38,101669.89,GBP,2026-03-05 13:54:00.000000,2026-03-05,0,0,0,1,0,0,0,1,new beneficiary
P00074316,C9219,"Harris, Smith and Harrell",UK Ltd,GB,58855.68,102339.79,GBP,2026-01-22 16:07:00.000000,2026-01-22,0,0,0,1,0,0,0,1,new beneficiary
P00106874,C9220,Gutierrez-Warren,Netherlands BV,SG,203165.04,296479.56,EUR,2026-09-01 13:55:00.000000,2026-09-01,0,0,0,1,0,0,0,1,new beneficiary
P00014328,C9221,Nelson-Goodwin,Netherlands BV,CN,74982.62,105924.65,EUR,2024-11-14 11:22:00.000000,2024-11-14,0,0,0,1,0,0,0,1,new beneficiary
P00019570,C9222,Ramirez-Ponce,UK Ltd,DE,75884.26,128804.43,GBP,2024-12-24 13:57:00.000000,2024-12-24,0,0,0,1,0,0,0,1,new beneficiary
P00033888,C9223,Mcdaniel PLC,India Services,AU,5150717.84,84013.36,INR,2025-04-10 10:58:00.000000,2025-04-10,0,0,0,1,0,0,0,1,new beneficiary
P00071780,C9224,"Tyler, Allison and Davis",India Services,US,5046203.78,81077.36,INR,2026-01-06 07:26:00.000000,2026-01-06,0,0,0,1,0,0,0,1,new beneficiary
P00093918,C9225,Cruz Ltd,Shenzhen Sourcing,US,869276.89,162659.09,CNY,2026-06-09 09:53:00.000000,2026-06-09,0,0,0,1,0,0,0,1,new beneficiary
P00051961,C9226,Reynolds-Collins,Germany Sales Office,CN,62529.26,91193.74,EUR,2025-08-19 13:36:00.000000,2025-08-19,0,0,0,1,0,0,0,1,new beneficiary
P00108890,C9227,Martinez Group,India Services,AE,6960540.17,112844.28,INR,2026-09-15 05:19:00.000000,2026-09-15,0,0,0,1,0,0,0,1,new beneficiary
P00032472,C9228,"Gallagher, Brock and Donaldson",India Services,CN,9866365.84,159983.12,INR,2025-04-01 06:18:00.000000,2025-04-01,0,0,0,1,0,0,0,1,new beneficiary
P00077166,C9229,Smith-Myers,Shanghai Mfg,MY,411376.64,75982.09,CNY,2026-02-12 07:04:00.000000,2026-02-12,0,0,0,1,0,0,0,1,new beneficiary
P00094345,C9230,"Foley, Compton and Wright",US Inc,AE,53000.83,71018.62,USD,2026-06-11 12:25:00.000000,2026-06-11,0,0,0,1,0,0,0,1,new beneficiary
P00104602,C9231,Walker and Sons,UK Ltd,SG,70990.42,119990.21,GBP,2026-08-18 13:08:00.000000,2026-08-18,0,0,0,1,0,0,0,1,new beneficiary
P00082723,C9232,"Stanton, Rodriguez and Bryan",US Inc,SG,65183.24,86007.13,USD,2026-03-24 13:36:00.000000,2026-03-24,0,0,0,1,0,0,0,1,new beneficiary
P00050239,C9233,"Holland, Hubbard and Ellis",Shenzhen Sourcing,GB,547237.83,102539.24,CNY,2025-08-07 06:31:00.000000,2025-08-07,0,0,0,1,0,0,0,1,new beneficiary
P00068222,C9234,"Frank, Smith and Martinez",Germany Sales Office,AU,64700.35,92038.12,EUR,2025-12-11 09:45:00.000000,2025-12-11,0,0,0,1,0,0,0,1,new beneficiary
P00055105,C9235,"Gillespie, Brewer and Torres",Shenzhen Sourcing,SG,487024.85,90798.48,CNY,2025-09-11 00:17:00.000000,2025-09-11,0,0,0,1,0,0,0,1,new beneficiary
P00015168,C9236,Sims PLC,SG Operations,DE,78568.71,78568.71,SGD,2024-11-21 02:39:00.000000,2024-11-21,0,0,0,1,0,0,0,1,new beneficiary
P00013400,C9237,"Kim, Gallagher and Garcia",Shanghai Mfg,GB,769040.29,141684.91,CNY,2024-11-07 08:37:00.000000,2024-11-07,0,0,0,1,0,0,0,1,new beneficiary
P00050336,C9238,Warren-Aguilar,Germany Sales Office,ID,78266.75,112834.75,EUR,2025-08-07 11:09:00.000000,2025-08-07,0,0,0,1,0,0,0,1,new beneficiary
P00020385,C9239,Green-Gibbs,Netherlands BV,SG,158685.17,220710.6,EUR,2024-12-31 12:09:00.000000,2024-12-31,0,0,0,1,0,0,0,1,new beneficiary
P00107840,C9240,Smith LLC,UK Ltd,MY,102210.31,173058.72,GBP,2026-09-08 10:44:00.000000,2026-09-08,0,0,0,1,0,0,0,1,new beneficiary
P00030120,C9241,Ramirez-Stewart,US West Distribution,JP,142780.21,196406.6,USD,2025-03-13 19:53:00.000000,2025-03-13,0,0,0,1,0,0,0,1,new beneficiary
P00070316,C9242,Alvarez and Sons,Germany Sales Office,AU,186448.09,264615.15,EUR,2025-12-25 16:11:00.000000,2025-12-25,0,0,0,1,0,0,0,1,new beneficiary
P00076190,C9243,"Wright, Yu and Bush",India Services,MY,4762263.89,76658.16,INR,2026-02-05 11:28:00.000000,2026-02-05,0,0,0,1,0,0,0,1,new beneficiary
P00049326,C9244,Brown-Lee,Netherlands BV,ID,133302.07,191636.12,EUR,2025-07-31 07:59:00.000000,2025-07-31,0,0,0,1,0,0,0,1,new beneficiary
P00057150,C9245,"Holland, Miller and Perez",India Services,GB,7639583.83,123975.17,INR,2025-09-25 03:54:00.000000,2025-09-25,0,0,0,1,0,0,0,1,new beneficiary
P00092868,C9247,Dominguez Ltd,Shanghai Mfg,VN,477177.18,89311.82,CNY,2026-06-02 09:32:00.000000,2026-06-02,0,0,0,1,0,0,0,1,new beneficiary
P00053314,C9248,Cox-Sanders,Netherlands BV,AU,72895.63,106673.93,EUR,2025-08-28 13:12:00.000000,2025-08-28,0,0,0,1,0,0,0,1,new beneficiary
P00052367,C9249,Robles Ltd,Netherlands BV,DE,122669.64,180249.17,EUR,2025-08-21 14:27:00.000000,2025-08-21,0,0,0,1,0,0,0,1,new beneficiary
P00055221,C9250,"Jones, Simpson and Gonzalez",Shanghai Mfg,AE,668901.64,124806.34,CNY,2025-09-11 05:31:00.000000,2025-09-11,0,0,0,1,0,0,0,1,new beneficiary
P00037721,C9251,Hall and Sons,Netherlands BV,US,83615.26,119401.92,EUR,2025-05-08 13:00:00.000000,2025-05-08,0,0,0,1,0,0,0,1,new beneficiary
P00065177,C9252,Hodges-Phillips,SG Operations,SG,110340.03,110340.03,SGD,2025-11-20 06:48:00.000000,2025-11-20,0,0,0,1,0,0,0,1,new beneficiary
P00071088,C9253,"Simpson, Lopez and Walker",Germany Sales Office,ID,121622.84,172530.39,EUR,2025-12-30 15:19:00.000000,2025-12-30,0,0,0,1,0,0,0,1,new beneficiary
P00096437,C9254,Lozano-Brown,Germany Sales Office,ID,57639.95,83089.83,EUR,2026-06-25 12:56:00.000000,2026-06-25,0,0,0,1,0,0,0,1,new beneficiary
P00095963,C9255,"Thomas, Long and Lewis",Shanghai Mfg,NL,569960.11,105702.52,CNY,2026-06-23 06:32:00.000000,2026-06-23,0,0,0,1,0,0,0,1,new beneficiary
P00092204,C9257,Cole-Joseph,Germany GmbH,AE,48807.53,72426.42,EUR,2026-05-28 08:15:00.000000,2026-05-28,0,0,0,1,0,0,0,1,new beneficiary
P00009762,C9258,Oconnor-Bright,Shenzhen Sourcing,IN,909078.5,168146.8,CNY,2024-10-10 08:08:00.000000,2024-10-10,0,0,0,1,0,0,0,1,new beneficiary
P00026195,C9259,Murphy and Sons,Shanghai Mfg,GB,482795.97,89452.92,CNY,2025-02-13 03:47:00.000000,2025-02-13,0,0,0,1,0,0,0,1,new beneficiary
P00084032,C9261,"Swanson, Combs and Mercer",SG Operations,SG,146232.79,146232.79,SGD,2026-04-02 01:24:00.000000,2026-04-02,0,0,0,1,0,0,0,1,new beneficiary
P00034349,C9262,Jackson-Smith,Shenzhen Sourcing,GB,330947.95,61427.91,CNY,2025-04-15 01:10:00.000000,2025-04-15,0,0,0,1,0,0,0,1,new beneficiary
P00078568,C9263,Miller-Fisher,Shanghai Mfg,IN,881969.58,163122.04,CNY,2026-02-24 08:21:00.000000,2026-02-24,0,0,0,1,0,0,0,1,new beneficiary
P00091111,C9265,Kelly-Underwood,Shenzhen Sourcing,DE,885986.6,165553.68,CNY,2026-05-21 04:59:00.000000,2026-05-21,0,0,0,1,0,0,0,1,new beneficiary
P00048367,C9266,Miller-Thornton,Germany GmbH,DE,41694.5,60600.95,EUR,2025-07-24 11:49:00.000000,2025-07-24,0,0,0,1,0,0,0,1,new beneficiary
P00098154,C9268,Morris Ltd,Netherlands BV,VN,37951.14,55578.69,EUR,2026-07-07 10:30:00.000000,2026-07-07,0,0,0,1,0,0,0,1,new beneficiary
P00042238,C9269,Johnson-Jenkins,Germany GmbH,MY,92484.16,134702.07,EUR,2025-06-12 06:17:00.000000,2025-06-12,0,0,0,1,0,0,0,1,new beneficiary
P00019012,C9270,"Wang, Williams and Johnson",US West Distribution,IN,78890.31,107480.47,USD,2024-12-19 22:48:00.000000,2024-12-19,0,0,0,1,0,0,0,1,new beneficiary
P00076725,C9271,Pratt Inc,Germany GmbH,SG,76822.15,110918.66,EUR,2026-02-10 07:06:00.000000,2026-02-10,0,0,0,1,0,0,0,1,new beneficiary
P00107918,C9272,Lee-Brown,US West Distribution,IN,44560.27,60684.18,USD,2026-09-08 17:05:00.000000,2026-09-08,0,0,0,1,0,0,0,1,new beneficiary
P00088205,C9274,"Williams, Francis and Norris",India Services,DE,14651080.21,234812.86,INR,2026-04-30 06:19:00.000000,2026-04-30,0,0,0,1,0,0,0,1,new beneficiary
P00051198,C9275,Evans-Griffith,Germany Sales Office,MY,76038.02,110014.54,EUR,2025-08-14 06:35:00.000000,2025-08-14,0,0,0,1,0,0,0,1,new beneficiary
P00088689,C9276,"Hendricks, Walters and Harding",Shanghai Mfg,JP,2481929.27,464788.41,CNY,2026-05-05 08:05:00.000000,2026-05-05,0,0,0,1,0,0,0,1,new beneficiary
P00103839,C9277,Mckenzie Inc,SG Operations,SG,194000.07,194000.07,SGD,2026-08-13 07:36:00.000000,2026-08-13,0,0,0,1,0,0,0,1,new beneficiary
P00062404,C9278,Baldwin-Owens,Germany Sales Office,CN,110767.16,157302.55,EUR,2025-10-30 12:25:00.000000,2025-10-30,0,0,0,1,0,0,0,1,new beneficiary
P00071752,C9279,Clarke-Mcintyre,Shenzhen Sourcing,US,631397.36,118135.71,CNY,2026-01-06 05:07:00.000000,2026-01-06,0,0,0,1,0,0,0,1,new beneficiary
P00099549,C9280,Anderson-Crawford,Germany GmbH,IN,83990.31,123470.04,EUR,2026-07-16 07:29:00.000000,2026-07-16,0,0,0,1,0,0,0,1,new beneficiary
P00009818,C9282,Carson-Mejia,US West Distribution,AE,77837.38,103254.71,USD,2024-10-10 12:18:00.000000,2024-10-10,0,0,0,1,0,0,0,1,new beneficiary
P00039323,C9283,"Young, Callahan and Murray",Shenzhen Sourcing,MY,987150.18,184488.5,CNY,2025-05-22 00:32:00.000000,2025-05-22,0,0,0,1,0,0,0,1,new beneficiary
P00040412,C9284,"Miller, Gonzalez and Mullins",Shanghai Mfg,NL,304659.5,57293.35,CNY,2025-05-29 01:57:00.000000,2025-05-29,0,0,0,1,0,0,0,1,new beneficiary
P00044972,C9285,Russell Ltd,US Inc,VN,89456.28,118529.57,USD,2025-07-01 13:12:00.000000,2025-07-01,0,0,0,1,0,0,0,1,new beneficiary
P00062302,C9286,Olson PLC,Shanghai Mfg,DE,613734.84,114669.6,CNY,2025-10-30 05:27:00.000000,2025-10-30,0,0,0,1,0,0,0,1,new beneficiary
P00061357,C9287,Martin-Simmons,US Inc,NL,133282.64,181278.65,USD,2025-10-23 14:37:00.000000,2025-10-23,0,0,0,1,0,0,0,1,new beneficiary
P00042959,C9288,Huerta LLC,Netherlands BV,CN,143215.85,207768.68,EUR,2025-06-17 11:58:00.000000,2025-06-17,0,0,0,1,0,0,0,1,new beneficiary
P00078654,C9289,"Miller, Davis and Jimenez",US Inc,JP,68760.61,91484.07,USD,2026-02-24 13:33:00.000000,2026-02-24,0,0,0,1,0,0,0,1,new beneficiary
P00029753,C9290,"Stanton, Thompson and Anderson",US West Distribution,DE,93445.35,128101.52,USD,2025-03-11 20:35:00.000000,2025-03-11,0,0,0,1,0,0,0,1,new beneficiary
P00065333,C9292,"Ryan, Ayala and Malone",US West Distribution,IN,164050.71,216983.31,USD,2025-11-20 19:10:00.000000,2025-11-20,0,0,0,1,0,0,0,1,new beneficiary
P00032011,C9295,Wright-Sanchez,UK Ltd,SG,132443.74,231614.04,GBP,2025-03-27 16:00:00.000000,2025-03-27,0,0,0,1,0,0,0,1,new beneficiary
P00062318,C9296,Campbell PLC,India Services,SG,10802035.55,173739.94,INR,2025-10-30 07:56:00.000000,2025-10-30,0,0,0,1,0,0,0,1,new beneficiary
P00019547,C9297,Nguyen Group,Germany GmbH,JP,39050.3,54195.02,EUR,2024-12-24 10:56:00.000000,2024-12-24,0,0,0,1,0,0,0,1,new beneficiary
P00019800,C9298,Riddle-Romero,India Services,IN,7705121.24,124144.91,INR,2024-12-26 08:59:00.000000,2024-12-26,0,0,0,1,0,0,0,1,new beneficiary
P00092351,C9299,Banks Inc,US West Distribution,SG,46831.6,63005.88,USD,2026-05-28 21:28:00.000000,2026-05-28,0,0,0,1,0,0,0,1,new beneficiary
P00081029,C9300,"Marshall, Johnson and Smith",India Services,GB,7200235.89,115383.78,INR,2026-03-12 04:47:00.000000,2026-03-12,0,0,0,1,0,0,0,1,new beneficiary
P00053308,C9301,Pittman LLC,Germany Sales Office,AU,202240.66,296928.93,EUR,2025-08-28 12:42:00.000000,2025-08-28,0,0,0,1,0,0,0,1,new beneficiary
P00063276,C9302,Mcdowell and Sons,Netherlands BV,MY,128076.03,182578.27,EUR,2025-11-06 09:40:00.000000,2025-11-06,0,0,0,1,0,0,0,1,new beneficiary
P00097133,C9303,Williams PLC,India Services,AU,12350026.23,199712.27,INR,2026-06-30 10:36:00.000000,2026-06-30,0,0,0,1,0,0,0,1,new beneficiary
P00048353,C9304,"Lee, Jones and Hunt",Shanghai Mfg,AU,1046870.63,196055.84,CNY,2025-07-24 09:59:00.000000,2025-07-24,0,0,0,1,0,0,0,1,new beneficiary
P00055225,C9305,Cole LLC,Netherlands BV,AE,66287.73,96621.99,EUR,2025-09-11 06:31:00.000000,2025-09-11,0,0,0,1,0,0,0,1,new beneficiary
P00101849,C9306,"Bautista, Rodriguez and Carlson",Germany GmbH,DE,66749.86,96310.37,EUR,2026-07-30 15:08:00.000000,2026-07-30,0,0,0,1,0,0,0,1,new beneficiary
P00043405,C9307,"Bailey, Johnson and Morgan",US Inc,ID,53263.52,70394.83,USD,2025-06-19 13:36:00.000000,2025-06-19,0,0,0,1,0,0,0,1,new beneficiary
P00065312,C9308,Harris LLC,UK Ltd,DE,32460.21,56754.89,GBP,2025-11-20 15:14:00.000000,2025-11-20,0,0,0,1,0,0,0,1,new beneficiary
P00009739,C9309,Greene Ltd,Germany GmbH,GB,69776.06,104315.28,EUR,2024-10-10 07:25:00.000000,2024-10-10,0,0,0,1,0,0,0,1,new beneficiary
P00013136,C9310,Briggs LLC,UK Ltd,US,41566.07,71559.19,GBP,2024-11-05 17:10:00.000000,2024-11-05,0,0,0,1,0,0,0,1,new beneficiary
P00081056,C9311,Gregory-Lopez,Shanghai Mfg,ID,280195.31,52139.02,CNY,2026-03-12 08:11:00.000000,2026-03-12,0,0,0,1,0,0,0,1,new beneficiary
P00027021,C9312,Miller-Johnson,US Inc,AU,118601.02,164963.11,USD,2025-02-18 22:47:00.000000,2025-02-18,0,0,0,1,0,0,0,1,new beneficiary
P00087063,C9313,Kelley-Brown,Shanghai Mfg,DE,950392.64,177401.24,CNY,2026-04-23 03:30:00.000000,2026-04-23,0,0,0,1,0,0,0,1,new beneficiary
P00095403,C9314,Flynn Ltd,UK Ltd,NL,45405.11,77893.78,GBP,2026-06-18 11:38:00.000000,2026-06-18,0,0,0,1,0,0,0,1,new beneficiary
P00019716,C9315,"Moore, Ferguson and Delgado",SG Operations,VN,152755.92,152755.92,SGD,2024-12-26 02:23:00.000000,2024-12-26,0,0,0,1,0,0,0,1,new beneficiary
P00028101,C9316,Dominguez-Ortiz,SG Operations,US,125599.62,125599.62,SGD,2025-02-27 06:44:00.000000,2025-02-27,0,0,0,1,0,0,0,1,new beneficiary
P00039542,C9317,Contreras-Butler,India Services,SG,10896177.16,176300.15,INR,2025-05-22 10:44:00.000000,2025-05-22,0,0,0,1,0,0,0,1,new beneficiary
P00056335,C9318,Edwards PLC,Germany GmbH,US,57395.46,83268.59,EUR,2025-09-18 11:54:00.000000,2025-09-18,0,0,0,1,0,0,0,1,new beneficiary
P00070875,C9319,Gutierrez-Smith,India Services,AU,8701058.64,139164.73,INR,2025-12-30 07:56:00.000000,2025-12-30,0,0,0,1,0,0,0,1,new beneficiary
P00110087,C9320,Newman-Myers,Germany GmbH,AE,75788.75,108767.69,EUR,2026-09-22 09:03:00.000000,2026-09-22,0,0,0,1,0,0,0,1,new beneficiary
P00094953,C9321,Harris-Smith,UK Ltd,SG,78924.51,135819.22,GBP,2026-06-16 11:11:00.000000,2026-06-16,0,0,0,1,0,0,0,1,new beneficiary
P00036563,C9322,Henderson Inc,Germany GmbH,VN,127776.58,184623.49,EUR,2025-04-29 09:21:00.000000,2025-04-29,0,0,0,1,0,0,0,1,new beneficiary
P00043412,C9323,Lane-Diaz,Germany GmbH,SG,63110.57,91744.59,EUR,2025-06-19 15:14:00.000000,2025-06-19,0,0,0,1,0,0,0,1,new beneficiary
P00103811,C9324,Anderson Inc,Netherlands BV,AE,175626.18,254156.2,EUR,2026-08-13 06:33:00.000000,2026-08-13,0,0,0,1,0,0,0,1,new beneficiary
P00094399,C9325,"Thomas, Drake and Sanders",Netherlands BV,SG,94248.75,140302.93,EUR,2026-06-11 15:35:00.000000,2026-06-11,0,0,0,1,0,0,0,1,new beneficiary
P00088300,C9327,Bailey and Sons,Netherlands BV,US,147983.32,218096.63,EUR,2026-04-30 11:20:00.000000,2026-04-30,0,0,0,1,0,0,0,1,new beneficiary
P00077736,C9328,"Jackson, Jones and Reyes",UK Ltd,DE,63772.33,113793.18,GBP,2026-02-17 16:31:00.000000,2026-02-17,0,0,0,1,0,0,0,1,new beneficiary
P00028695,C9329,Turner Inc,Netherlands BV,IN,107476.37,155566.03,EUR,2025-03-04 10:26:00.000000,2025-03-04,0,0,0,1,0,0,0,1,new beneficiary
P00088310,C9330,Edwards-Lawson,UK Ltd,VN,75051.09,132492.49,GBP,2026-04-30 12:35:00.000000,2026-04-30,0,0,0,1,0,0,0,1,new beneficiary
P00110406,C9331,"Hughes, Strong and Oliver",SG Operations,DE,197461.71,197461.71,SGD,2026-09-24 05:13:00.000000,2026-09-24,0,0,0,1,0,0,0,1,new beneficiary
P00055866,C9332,Bowman and Sons,SG Operations,AE,108689.39,108689.39,SGD,2025-09-16 06:59:00.000000,2025-09-16,0,0,0,1,0,0,0,1,new beneficiary
P00092866,C9335,Mays-Moore,UK Ltd,DE,49467.79,86823.24,GBP,2026-06-02 09:15:00.000000,2026-06-02,0,0,0,1,0,0,0,1,new beneficiary
P00041298,C9336,Martinez-Wright,Shenzhen Sourcing,ID,1088480.6,203749.42,CNY,2025-06-05 04:39:00.000000,2025-06-05,0,0,0,1,0,0,0,1,new beneficiary
P00069853,C9337,"Ochoa, Lee and Henson",Shanghai Mfg,US,675680.65,126304.98,CNY,2025-12-23 05:07:00.000000,2025-12-23,0,0,0,1,0,0,0,1,new beneficiary
P00059940,C9338,"Johnson, Massey and Wilson",Germany GmbH,JP,44267.71,63600.97,EUR,2025-10-14 15:47:00.000000,2025-10-14,0,0,0,1,0,0,0,1,new beneficiary
P00023573,C9339,"Bryant, Sweeney and Strickland",Shenzhen Sourcing,IN,679128.54,124860.5,CNY,2025-01-23 06:51:00.000000,2025-01-23,0,0,0,1,0,0,0,1,new beneficiary
P00091119,C9340,"Fisher, Aguilar and Simmons",SG Operations,AU,103796.31,103796.31,SGD,2026-05-21 05:47:00.000000,2026-05-21,0,0,0,1,0,0,0,1,new beneficiary
P00107947,C9341,"Richardson, Gordon and White",US West Distribution,JP,127054.62,173028.7,USD,2026-09-08 21:59:00.000000,2026-09-08,0,0,0,1,0,0,0,1,new beneficiary
P00020722,C9342,Montgomery Group,India Services,NL,6883556.25,111355.29,INR,2025-01-02 11:00:00.000000,2025-01-02,0,0,0,1,0,0,0,1,new beneficiary
P00039555,C9343,Young-Gallagher,Germany GmbH,ID,121674.51,176116.92,EUR,2025-05-22 12:30:00.000000,2025-05-22,0,0,0,1,0,0,0,1,new beneficiary
P00035792,C9344,Copeland-Cochran,US Inc,MY,61634.75,83028.85,USD,2025-04-24 12:55:00.000000,2025-04-24,0,0,0,1,0,0,0,1,new beneficiary
P00024042,C9345,Rodriguez-Anderson,SG Operations,CN,96960.97,96960.97,SGD,2025-01-28 00:35:00.000000,2025-01-28,0,0,0,1,0,0,0,1,new beneficiary
P00033004,C9346,Diaz-Lang,US Inc,ID,94433.29,126041.91,USD,2025-04-03 18:29:00.000000,2025-04-03,0,0,0,1,0,0,0,1,new beneficiary
P00096453,C9347,"Dixon, Williams and Fields",Germany GmbH,SG,145762.8,211229.68,EUR,2026-06-25 13:32:00.000000,2026-06-25,0,0,0,1,0,0,0,1,new beneficiary
P00065236,C9348,Weeks LLC,Germany Sales Office,GB,105977.15,150344.91,EUR,2025-11-20 09:25:00.000000,2025-11-20,0,0,0,1,0,0,0,1,new beneficiary
P00064182,C9349,"Dixon, Brown and Gordon",SG Operations,GB,104220.68,104220.68,SGD,2025-11-13 08:36:00.000000,2025-11-13,0,0,0,1,0,0,0,1,new beneficiary
P00051189,C9350,Delgado-Mueller,SG Operations,ID,139247.35,139247.35,SGD,2025-08-14 05:52:00.000000,2025-08-14,0,0,0,1,0,0,0,1,new beneficiary
P00056319,C9351,Vincent PLC,SG Operations,MY,75611.62,75611.62,SGD,2025-09-18 08:45:00.000000,2025-09-18,0,0,0,1,0,0,0,1,new beneficiary
P00095452,C9352,"Schwartz, Rodriguez and Anderson",US Inc,ID,124015.96,165403.68,USD,2026-06-18 14:35:00.000000,2026-06-18,0,0,0,1,0,0,0,1,new beneficiary
P00053365,C9353,Roberts-Shepherd,US West Distribution,SG,150479.43,202947.69,USD,2025-08-28 16:23:00.000000,2025-08-28,0,0,0,1,0,0,0,1,new beneficiary
P00027289,C9354,Parks Ltd,Netherlands BV,JP,279632.46,403451.48,EUR,2025-02-20 11:00:00.000000,2025-02-20,0,0,0,1,0,0,0,1,new beneficiary
P00081662,C9355,Jones LLC,India Services,AU,6400126.59,102165.22,INR,2026-03-17 04:24:00.000000,2026-03-17,0,0,0,1,0,0,0,1,new beneficiary
P00034867,C9357,Stein-Bryant,Netherlands BV,NL,97635.0,140328.15,EUR,2025-04-17 09:37:00.000000,2025-04-17,0,0,0,1,0,0,0,1,new beneficiary
P00055311,C9358,Shaw-Gillespie,Germany GmbH,DE,200621.45,291003.22,EUR,2025-09-11 11:38:00.000000,2025-09-11,0,0,0,1,0,0,0,1,new beneficiary
P00046736,C9359,Vargas PLC,Shenzhen Sourcing,AE,809366.04,151466.38,CNY,2025-07-15 02:21:00.000000,2025-07-15,0,0,0,1,0,0,0,1,new beneficiary
P00087704,C9360,"Young, Watson and Gonzalez",India Services,US,11028185.7,177222.94,INR,2026-04-28 05:16:00.000000,2026-04-28,0,0,0,1,0,0,0,1,new beneficiary
P00097622,C9361,Martin-Mayer,US Inc,DE,88736.94,118319.88,USD,2026-07-02 19:41:00.000000,2026-07-02,0,0,0,1,0,0,0,1,new beneficiary
P00050187,C9362,"Murphy, Bennett and Conner",Shanghai Mfg,AU,684762.68,128308.09,CNY,2025-08-07 02:43:00.000000,2025-08-07,0,0,0,1,0,0,0,1,new beneficiary
P00060206,C9363,Wilson-Schmidt,Shenzhen Sourcing,MY,4300410.66,803312.41,CNY,2025-10-16 06:42:00.000000,2025-10-16,0,0,0,1,0,0,0,1,new beneficiary
P00011627,C9364,"Garrison, Burch and Chavez",US Inc,JP,140925.46,190935.68,USD,2024-10-24 16:46:00.000000,2024-10-24,0,0,0,1,0,0,0,1,new beneficiary
P00019469,C9365,"Carpenter, Khan and Garcia",Shanghai Mfg,VN,801588.71,146892.73,CNY,2024-12-24 08:51:00.000000,2024-12-24,0,0,0,1,0,0,0,1,new beneficiary
P00030117,C9366,"Soto, Long and Salinas",UK Ltd,IN,48049.49,83067.62,GBP,2025-03-13 17:45:00.000000,2025-03-13,0,0,0,1,0,0,0,1,new beneficiary
P00109318,C9367,Bennett-Wood,Germany GmbH,IN,55865.48,80385.34,EUR,2026-09-17 07:12:00.000000,2026-09-17,0,0,0,1,0,0,0,1,new beneficiary
P00011556,C9368,Ward Inc,UK Ltd,ID,109797.14,187844.79,GBP,2024-10-24 11:15:00.000000,2024-10-24,0,0,0,1,0,0,0,1,new beneficiary
P00069329,C9371,Collins-Church,Netherlands BV,MY,56651.92,79689.76,EUR,2025-12-18 13:41:00.000000,2025-12-18,0,0,0,1,0,0,0,1,new beneficiary
P00095391,C9373,"Johnson, Hernandez and Jensen",India Services,US,6232315.78,101374.85,INR,2026-06-18 10:26:00.000000,2026-06-18,0,0,0,1,0,0,0,1,new beneficiary
P00098549,C9374,Butler-Diaz,Germany GmbH,AE,68727.15,100897.64,EUR,2026-07-09 10:53:00.000000,2026-07-09,0,0,0,1,0,0,0,1,new beneficiary
P00108206,C9375,Anderson and Sons,India Services,AE,3969241.85,64138.98,INR,2026-09-10 07:18:00.000000,2026-09-10,0,0,0,1,0,0,0,1,new beneficiary
P00085148,C9376,"Delgado, Johnson and Smith",Shanghai Mfg,AE,1251245.02,231509.11,CNY,2026-04-09 09:58:00.000000,2026-04-09,0,0,0,1,0,0,0,1,new beneficiary
P00024175,C9377,Torres-Mills,Netherlands BV,DE,54471.7,78409.62,EUR,2025-01-28 15:21:00.000000,2025-01-28,0,0,0,1,0,0,0,1,new beneficiary
P00029564,C9378,"Walker, Silva and Chapman",Shenzhen Sourcing,GB,820742.74,153391.89,CNY,2025-03-11 00:31:00.000000,2025-03-11,0,0,0,1,0,0,0,1,new beneficiary
P00049022,C9379,Diaz Group,UK Ltd,DE,74398.31,123816.27,GBP,2025-07-29 16:47:00.000000,2025-07-29,0,0,0,1,0,0,0,1,new beneficiary
P00010347,C9380,Taylor and Sons,Germany Sales Office,JP,122179.56,183758.42,EUR,2024-10-15 15:28:00.000000,2024-10-15,0,0,0,1,0,0,0,1,new beneficiary
P00057272,C9381,"Hernandez, Davis and Little",Germany Sales Office,AU,175734.07,253674.41,EUR,2025-09-25 11:27:00.000000,2025-09-25,0,0,0,1,0,0,0,1,new beneficiary
