week_start,entity_id,entity_name,currency_code,weekly_net_flow,weekly_net_flow_sgd,active_days
2024-09-30,E01,Group Treasury HQ,EUR,489666.61,726565.85,1
2024-09-30,E01,Group Treasury HQ,SGD,129803.36,110730.01,5
2024-09-30,E01,Group Treasury HQ,USD,179104.48,240766.81,2
2024-09-30,E02,SG Operations,SGD,-195227.1,-190014.85,5
2024-09-30,E02,SG Operations,USD,-332141.73,-446108.78,4
2024-09-30,E05,India Services,EUR,7442.58,11067.88,1
2024-09-30,E05,India Services,INR,-12657943.89,-226386.62,3
2024-09-30,E05,India Services,USD,-13136.48,-17606.35,2
2024-09-30,E06,Germany GmbH,EUR,-1068775.88,-1615001.38,3
2024-09-30,E06,Germany GmbH,USD,98557.36,132425.49,4
2024-09-30,E07,Germany Sales Office,EUR,249274.01,349838.3,3
2024-09-30,E07,Germany Sales Office,USD,63029.7,84711.41,2
2024-09-30,E08,Netherlands BV,EUR,-387542.68,-576984.2,4
2024-09-30,E08,Netherlands BV,USD,13691.67,18881.5,5
2024-09-30,E09,UK Ltd,EUR,60283.2,89479.28,2
2024-09-30,E09,UK Ltd,GBP,-154966.05,-259229.43,3
2024-09-30,E09,UK Ltd,USD,94868.91,127670.42,4
2024-09-30,E10,US Inc,EUR,-244137.39,-362253.16,2
2024-09-30,E10,US Inc,USD,123462.56,166243.5,4
2024-09-30,E11,US West Distribution,USD,-193690.32,-274200.15,4
2024-10-07,E01,Group Treasury HQ,EUR,-633227.79,-944824.28,5
2024-10-07,E01,Group Treasury HQ,SGD,-2281238.66,-1033503.8,6
2024-10-07,E01,Group Treasury HQ,USD,179104.47,240609.58,5
2024-10-07,E02,SG Operations,SGD,-8136531.62,-826698.43,7
2024-10-07,E02,SG Operations,USD,209761.0,278637.2,4
2024-10-07,E03,Shanghai Mfg,CNY,6025629.33,1124034.92,4
2024-10-07,E03,Shanghai Mfg,EUR,-25104.48,-37495.25,2
2024-10-07,E03,Shanghai Mfg,USD,-163837.72,-216549.01,5
2024-10-07,E04,Shenzhen Sourcing,CNY,2670783.43,520732.35,4
2024-10-07,E04,Shenzhen Sourcing,USD,226872.94,301959.45,3
2024-10-07,E05,India Services,EUR,25981.03,38660.75,2
2024-10-07,E05,India Services,INR,30520015.09,470091.1,5
2024-10-07,E05,India Services,USD,228855.06,304913.28,4
2024-10-07,E06,Germany GmbH,EUR,-358288.17,-288592.0,5
2024-10-07,E06,Germany GmbH,USD,-337899.15,-446519.82,5
2024-10-07,E07,Germany Sales Office,EUR,-1158.9,-3466.98,5
2024-10-07,E07,Germany Sales Office,USD,11435.98,15436.7,4
2024-10-07,E08,Netherlands BV,EUR,-815900.16,-206300.19,5
2024-10-07,E08,Netherlands BV,USD,713597.56,949213.23,4
2024-10-07,E09,UK Ltd,EUR,73408.55,109386.83,3
2024-10-07,E09,UK Ltd,GBP,-584837.93,-37002.69,5
2024-10-07,E09,UK Ltd,USD,298249.66,397689.61,4
2024-10-07,E10,US Inc,EUR,52245.64,76856.41,5
2024-10-07,E10,US Inc,USD,-532562.53,549047.66,5
2024-10-07,E11,US West Distribution,USD,249977.43,1075560.11,5
2024-10-14,E01,Group Treasury HQ,EUR,689487.06,1035206.98,4
2024-10-14,E01,Group Treasury HQ,GBP,-270348.84,-460082.9,1
2024-10-14,E01,Group Treasury HQ,SGD,644154.35,2647861.97,6
2024-10-14,E01,Group Treasury HQ,USD,1343283.57,1790009.56,3
2024-10-14,E02,SG Operations,SGD,-3458186.68,-479565.75,6
2024-10-14,E02,SG Operations,USD,-185697.45,-247560.57,5
2024-10-14,E03,Shanghai Mfg,CNY,-4527942.29,-836012.08,5
2024-10-14,E03,Shanghai Mfg,EUR,261882.4,393722.5,4
2024-10-14,E03,Shanghai Mfg,USD,195303.11,260094.87,5
2024-10-14,E04,Shenzhen Sourcing,CNY,-20961.54,-32071.51,5
2024-10-14,E04,Shenzhen Sourcing,USD,-329406.77,-439569.35,4
2024-10-14,E05,India Services,EUR,10458.55,16012.42,2
2024-10-14,E05,India Services,INR,1638738.32,55908.68,5
2024-10-14,E05,India Services,USD,51013.37,67800.82,3
2024-10-14,E06,Germany GmbH,EUR,-278689.95,-241560.31,5
2024-10-14,E06,Germany GmbH,USD,194370.17,258526.32,5
2024-10-14,E07,Germany Sales Office,EUR,-370130.44,-450164.93,5
2024-10-14,E07,Germany Sales Office,USD,67241.02,89468.36,4
2024-10-14,E08,Netherlands BV,EUR,-2304153.34,-945011.25,5
2024-10-14,E08,Netherlands BV,USD,337292.83,449364.45,5
2024-10-14,E09,UK Ltd,EUR,91625.48,138149.56,4
2024-10-14,E09,UK Ltd,GBP,-864806.15,-176094.49,5
2024-10-14,E09,UK Ltd,USD,487043.02,648550.82,5
2024-10-14,E10,US Inc,EUR,55330.26,84558.19,4
2024-10-14,E10,US Inc,USD,-1194928.83,-866020.99,5
2024-10-14,E11,US West Distribution,USD,-936759.07,-1186490.48,4
2024-10-21,E01,Group Treasury HQ,EUR,-434482.77,-651359.16,4
2024-10-21,E01,Group Treasury HQ,GBP,-959302.33,-1646414.23,3
2024-10-21,E01,Group Treasury HQ,SGD,-1554654.54,-383196.8,5
2024-10-21,E01,Group Treasury HQ,USD,-201492.54,-273479.37,4
2024-10-21,E02,SG Operations,SGD,-1884272.06,190472.63,5
2024-10-21,E02,SG Operations,USD,323270.97,438548.37,5
2024-10-21,E03,Shanghai Mfg,CNY,-3127672.37,-524002.07,5
2024-10-21,E03,Shanghai Mfg,EUR,686497.88,1033025.4,2
2024-10-21,E03,Shanghai Mfg,USD,-10288.15,-12686.94,4
2024-10-21,E04,Shenzhen Sourcing,CNY,-6071372.99,-1480214.58,5
2024-10-21,E04,Shenzhen Sourcing,USD,-207151.96,-278735.76,3
2024-10-21,E05,India Services,EUR,-19193.82,-28945.43,1
2024-10-21,E05,India Services,INR,16271932.53,595702.16,5
2024-10-21,E05,India Services,USD,61570.08,83021.62,4
2024-10-21,E06,Germany GmbH,EUR,-504406.79,24069.16,5
2024-10-21,E06,Germany GmbH,USD,122260.78,164823.57,4
2024-10-21,E07,Germany Sales Office,EUR,-265441.13,-395935.68,5
2024-10-21,E08,Netherlands BV,EUR,-1201855.75,-627723.01,5
2024-10-21,E08,Netherlands BV,USD,912939.99,1231806.79,4
2024-10-21,E09,UK Ltd,EUR,257189.4,386924.99,1
2024-10-21,E09,UK Ltd,GBP,-3111132.12,626645.45,5
2024-10-21,E09,UK Ltd,USD,162250.64,218638.89,5
2024-10-21,E10,US Inc,EUR,-78737.05,-119338.67,5
2024-10-21,E10,US Inc,USD,-3418361.07,20801.19,5
2024-10-21,E11,US West Distribution,USD,-904496.17,553920.36,5
2024-10-28,E01,Group Treasury HQ,EUR,-464003.59,-677386.58,4
2024-10-28,E01,Group Treasury HQ,GBP,-252906.98,-430828.3,1
2024-10-28,E01,Group Treasury HQ,SGD,309823.47,558014.65,5
2024-10-28,E01,Group Treasury HQ,USD,1723880.59,2350455.66,3
2024-10-28,E02,SG Operations,SGD,-1557721.09,-35945.61,6
2024-10-28,E02,SG Operations,USD,-338921.06,-459210.98,4
2024-10-28,E03,Shanghai Mfg,CNY,2936518.69,496623.4,5
2024-10-28,E03,Shanghai Mfg,EUR,-11728.45,-17173.59,2
2024-10-28,E03,Shanghai Mfg,USD,-125669.23,-173590.11,5
2024-10-28,E04,Shenzhen Sourcing,CNY,-1884917.07,-210633.85,5
2024-10-28,E04,Shenzhen Sourcing,USD,250306.22,340670.36,4
2024-10-28,E05,India Services,EUR,-59200.53,-85980.63,3
2024-10-28,E05,India Services,INR,26840341.21,346058.01,4
2024-10-28,E05,India Services,USD,469552.48,639501.99,4
2024-10-28,E06,Germany GmbH,EUR,4581.25,737739.97,5
2024-10-28,E06,Germany GmbH,USD,-142977.04,-198249.15,5
2024-10-28,E07,Germany Sales Office,EUR,530955.17,794052.8,5
2024-10-28,E07,Germany Sales Office,USD,313372.04,425215.44,4
2024-10-28,E08,Netherlands BV,EUR,-194336.87,-378988.28,5
2024-10-28,E08,Netherlands BV,USD,321502.0,437867.8,5
2024-10-28,E09,UK Ltd,EUR,471549.49,700364.58,4
2024-10-28,E09,UK Ltd,GBP,-303940.62,-238951.14,5
2024-10-28,E09,UK Ltd,USD,395811.2,536901.98,4
2024-10-28,E10,US Inc,EUR,-62174.67,-91072.93,5
2024-10-28,E10,US Inc,USD,-863375.01,310202.1,5
2024-10-28,E11,US West Distribution,USD,132347.28,443759.0,5
2024-11-04,E01,Group Treasury HQ,CNY,-7419354.83,-1364982.58,2
2024-11-04,E01,Group Treasury HQ,EUR,-620202.61,-899931.38,4
2024-11-04,E01,Group Treasury HQ,SGD,-1642121.59,-831198.11,6
2024-11-04,E01,Group Treasury HQ,USD,1332089.56,1819230.15,3
2024-11-04,E02,SG Operations,SGD,-2742393.05,294263.99,6
2024-11-04,E02,SG Operations,USD,-27315.68,-36050.25,5
2024-11-04,E03,Shanghai Mfg,CNY,-3094234.5,-566510.32,5
2024-11-04,E03,Shanghai Mfg,EUR,-55744.64,-80180.19,3
2024-11-04,E03,Shanghai Mfg,USD,-109715.24,-149586.94,4
2024-11-04,E04,Shenzhen Sourcing,CNY,2208299.16,422888.01,5
2024-11-04,E04,Shenzhen Sourcing,USD,193773.81,265012.81,5
2024-11-04,E05,India Services,EUR,390448.18,563172.58,2
2024-11-04,E05,India Services,INR,34842680.06,574416.06,5
2024-11-04,E05,India Services,USD,649517.1,886089.76,5
2024-11-04,E06,Germany GmbH,EUR,767732.3,1444590.77,5
2024-11-04,E06,Germany GmbH,USD,-53870.83,-73357.77,5
2024-11-04,E07,Germany Sales Office,EUR,528291.96,763792.49,5
2024-11-04,E07,Germany Sales Office,USD,281348.75,384278.07,5
2024-11-04,E08,Netherlands BV,EUR,-847224.67,-24115.76,5
2024-11-04,E08,Netherlands BV,USD,787795.8,1077384.55,5
2024-11-04,E09,UK Ltd,EUR,158131.11,230370.91,5
2024-11-04,E09,UK Ltd,GBP,-888218.0,-365851.5,5
2024-11-04,E09,UK Ltd,USD,127672.59,175138.69,4
2024-11-04,E10,US Inc,EUR,158458.7,227817.16,4
2024-11-04,E10,US Inc,USD,-1177812.0,-239464.31,5
2024-11-04,E11,US West Distribution,USD,-1732849.65,-751493.92,5
2024-11-11,E01,Group Treasury HQ,CNY,-4677419.35,-861632.1,1
2024-11-11,E01,Group Treasury HQ,EUR,1297009.69,1840768.85,3
2024-11-11,E01,Group Treasury HQ,SGD,-3636016.2,-449096.65,6
2024-11-11,E01,Group Treasury HQ,USD,1488805.97,2021077.19,3
2024-11-11,E02,SG Operations,SGD,-3648790.01,325904.18,6
2024-11-11,E02,SG Operations,USD,23677.49,32163.53,5
2024-11-11,E03,Shanghai Mfg,CNY,-265494.19,-123837.6,5
2024-11-11,E03,Shanghai Mfg,EUR,66989.6,95638.74,3
2024-11-11,E03,Shanghai Mfg,USD,89229.63,119431.09,4
2024-11-11,E04,Shenzhen Sourcing,CNY,1314805.39,-194818.86,5
2024-11-11,E04,Shenzhen Sourcing,USD,-56521.68,-77944.56,4
2024-11-11,E05,India Services,EUR,348959.17,497896.44,2
2024-11-11,E05,India Services,INR,11381158.19,151947.11,5
2024-11-11,E05,India Services,USD,206507.54,279824.06,4
2024-11-11,E06,Germany GmbH,EUR,-1542779.3,-2210658.31,5
2024-11-11,E06,Germany GmbH,USD,241684.99,326811.3,5
2024-11-11,E07,Germany Sales Office,EUR,-459084.4,146008.73,5
2024-11-11,E07,Germany Sales Office,USD,242725.43,328426.85,2
2024-11-11,E08,Netherlands BV,EUR,-872300.17,-112374.98,5
2024-11-11,E08,Netherlands BV,USD,-7992.74,-11578.07,4
2024-11-11,E09,UK Ltd,EUR,302081.55,431516.6,4
2024-11-11,E09,UK Ltd,GBP,-326754.14,-164355.32,5
2024-11-11,E09,UK Ltd,USD,195864.66,265730.5,4
2024-11-11,E10,US Inc,EUR,-191731.94,-272485.68,5
2024-11-11,E10,US Inc,USD,-3833423.02,916137.22,4
2024-11-11,E11,US West Distribution,USD,-10059.0,172496.3,5
2024-11-18,E01,Group Treasury HQ,CNY,-5403225.81,-994605.97,4
2024-11-18,E01,Group Treasury HQ,EUR,-1031362.04,-1470047.79,4
2024-11-18,E01,Group Treasury HQ,GBP,-366279.07,-619834.66,1
2024-11-18,E01,Group Treasury HQ,SGD,-136312.08,56802.91,6
2024-11-18,E01,Group Treasury HQ,USD,537313.43,728924.6,5
2024-11-18,E02,SG Operations,SGD,-4844892.86,-608917.68,6
2024-11-18,E02,SG Operations,USD,650027.56,880523.29,5
2024-11-18,E03,Shanghai Mfg,CNY,238749.64,-50252.44,5
2024-11-18,E03,Shanghai Mfg,EUR,-28649.87,-40079.53,3
2024-11-18,E03,Shanghai Mfg,USD,17885.07,23878.06,5
2024-11-18,E04,Shenzhen Sourcing,CNY,-2107389.0,-439425.39,5
2024-11-18,E04,Shenzhen Sourcing,USD,-125748.3,-171685.43,4
2024-11-18,E05,India Services,EUR,-535009.31,-757182.01,3
2024-11-18,E05,India Services,INR,41663853.14,624599.56,5
2024-11-18,E05,India Services,USD,505769.68,683849.17,4
2024-11-18,E06,Germany GmbH,EUR,-499430.76,91129.88,5
2024-11-18,E06,Germany GmbH,USD,-173840.73,-236903.06,5
2024-11-18,E07,Germany Sales Office,EUR,225760.68,451354.36,5
2024-11-18,E07,Germany Sales Office,USD,81866.76,110501.09,2
2024-11-18,E08,Netherlands BV,EUR,-1325508.35,-200226.1,5
2024-11-18,E08,Netherlands BV,USD,257256.81,348095.56,5
2024-11-18,E09,UK Ltd,EUR,64077.39,91633.0,4
2024-11-18,E09,UK Ltd,GBP,153239.13,680378.08,5
2024-11-18,E09,UK Ltd,USD,48322.86,65007.6,5
2024-11-18,E10,US Inc,EUR,49746.06,74583.78,5
2024-11-18,E10,US Inc,USD,-882945.58,-509300.44,5
2024-11-18,E11,US West Distribution,USD,-84453.0,520625.26,5
2024-11-25,E01,Group Treasury HQ,CNY,-7903225.8,-1461314.52,3
2024-11-25,E01,Group Treasury HQ,EUR,433443.34,605321.17,4
2024-11-25,E01,Group Treasury HQ,SGD,-254925.12,793573.63,6
2024-11-25,E01,Group Treasury HQ,USD,940298.5,1269885.9,2
2024-11-25,E02,SG Operations,SGD,-2710951.16,252365.12,6
2024-11-25,E02,SG Operations,USD,-704935.51,-951873.07,4
2024-11-25,E03,Shanghai Mfg,CNY,6766299.16,1241602.83,5
2024-11-25,E03,Shanghai Mfg,EUR,23866.8,33499.83,3
2024-11-25,E03,Shanghai Mfg,USD,-88167.25,-119019.83,4
2024-11-25,E04,Shenzhen Sourcing,CNY,3877160.76,-243330.95,5
2024-11-25,E04,Shenzhen Sourcing,USD,130627.91,176186.93,5
2024-11-25,E05,India Services,EUR,85648.1,121342.01,2
2024-11-25,E05,India Services,INR,30222944.22,515366.88,5
2024-11-25,E05,India Services,USD,40760.31,55230.32,3
2024-11-25,E06,Germany GmbH,EUR,183560.51,310411.53,5
2024-11-25,E06,Germany GmbH,USD,441447.19,597074.06,5
2024-11-25,E07,Germany Sales Office,EUR,-192760.45,-257323.43,5
2024-11-25,E07,Germany Sales Office,USD,120119.38,161957.8,4
2024-11-25,E08,Netherlands BV,EUR,-326034.34,-115155.41,5
2024-11-25,E08,Netherlands BV,USD,1077294.63,1455364.4,5
2024-11-25,E09,UK Ltd,EUR,-14877.67,-20692.46,5
2024-11-25,E09,UK Ltd,GBP,-224396.51,-350770.38,5
2024-11-25,E09,UK Ltd,USD,503782.41,680108.2,4
2024-11-25,E10,US Inc,EUR,-51132.62,-67412.61,4
2024-11-25,E10,US Inc,USD,-5725200.05,-1515094.62,5
2024-11-25,E11,US West Distribution,USD,-2408047.68,-941879.0,4
2024-12-02,E01,Group Treasury HQ,CNY,-6532258.07,-1213130.8,2
2024-12-02,E01,Group Treasury HQ,EUR,-859660.5,-1206115.23,4
2024-12-02,E01,Group Treasury HQ,GBP,-436046.51,-748581.54,1
2024-12-02,E01,Group Treasury HQ,SGD,-619097.65,-366101.7,6
2024-12-02,E01,Group Treasury HQ,USD,1914179.11,2607749.97,3
2024-12-02,E02,SG Operations,SGD,-2856168.41,-220118.66,6
2024-12-02,E02,SG Operations,USD,44011.55,60491.07,4
2024-12-02,E03,Shanghai Mfg,CNY,3111899.11,624784.99,5
2024-12-02,E03,Shanghai Mfg,EUR,-1074.37,-1504.16,1
2024-12-02,E03,Shanghai Mfg,USD,91574.33,124985.02,4
2024-12-02,E04,Shenzhen Sourcing,CNY,3394113.76,525652.0,5
2024-12-02,E04,Shenzhen Sourcing,USD,-160534.26,-219612.82,4
2024-12-02,E05,India Services,EUR,-15198.67,-21271.76,2
2024-12-02,E05,India Services,INR,21428536.53,381158.84,5
2024-12-02,E05,India Services,USD,448116.8,611804.42,5
2024-12-02,E06,Germany GmbH,EUR,-224850.81,-60411.61,5
2024-12-02,E06,Germany GmbH,USD,-518925.82,-709882.23,4
2024-12-02,E07,Germany Sales Office,EUR,66008.53,92522.71,5
2024-12-02,E07,Germany Sales Office,USD,7332.85,9960.99,2
2024-12-02,E08,Netherlands BV,EUR,-1874922.62,-509417.69,5
2024-12-02,E08,Netherlands BV,USD,287251.12,388596.86,5
2024-12-02,E09,UK Ltd,EUR,-19410.56,-27235.38,4
2024-12-02,E09,UK Ltd,GBP,750517.24,1770943.12,5
2024-12-02,E09,UK Ltd,USD,223155.96,303409.84,5
2024-12-02,E10,US Inc,EUR,117990.56,165042.03,5
2024-12-02,E10,US Inc,USD,-2409209.93,-41451.31,5
2024-12-02,E11,US West Distribution,USD,191148.05,279958.83,5
2024-12-09,E01,Group Treasury HQ,CNY,-3709677.42,-683410.08,2
2024-12-09,E01,Group Treasury HQ,EUR,874032.41,1224102.84,4
2024-12-09,E01,Group Treasury HQ,GBP,444767.44,756696.19,1
2024-12-09,E01,Group Treasury HQ,SGD,-257189.96,119934.15,6
2024-12-09,E01,Group Treasury HQ,USD,1343283.59,1828725.02,4
2024-12-09,E02,SG Operations,SGD,-1776989.24,315518.44,6
2024-12-09,E02,SG Operations,USD,-27392.63,-37483.25,4
2024-12-09,E03,Shanghai Mfg,CNY,-3556833.83,-573054.33,5
2024-12-09,E03,Shanghai Mfg,EUR,-21479.25,-30079.61,4
2024-12-09,E03,Shanghai Mfg,USD,-154913.61,-208581.7,4
2024-12-09,E04,Shenzhen Sourcing,CNY,415768.01,-33617.72,5
2024-12-09,E04,Shenzhen Sourcing,USD,-26208.99,-26661.11,5
2024-12-09,E05,India Services,EUR,-193511.66,-273737.4,3
2024-12-09,E05,India Services,INR,68514067.67,1106828.22,5
2024-12-09,E05,India Services,USD,149007.11,204049.41,5
2024-12-09,E06,Germany GmbH,EUR,-190508.28,73388.34,5
2024-12-09,E06,Germany GmbH,USD,3709.75,9001.32,5
2024-12-09,E07,Germany Sales Office,EUR,-666837.61,-440049.51,5
2024-12-09,E07,Germany Sales Office,USD,95743.8,130754.98,3
2024-12-09,E08,Netherlands BV,EUR,-768877.53,-440461.98,5
2024-12-09,E08,Netherlands BV,USD,302978.53,417081.29,5
2024-12-09,E09,UK Ltd,EUR,-85990.51,-121324.48,5
2024-12-09,E09,UK Ltd,GBP,-1324520.08,-1490767.65,5
2024-12-09,E09,UK Ltd,USD,-307874.87,-418270.93,5
2024-12-09,E10,US Inc,EUR,-97493.9,-137687.03,5
2024-12-09,E10,US Inc,USD,-2332931.71,-256043.39,5
2024-12-09,E11,US West Distribution,USD,-255351.09,114630.29,5
2024-12-16,E01,Group Treasury HQ,CNY,-1048387.1,-191943.14,2
2024-12-16,E01,Group Treasury HQ,EUR,-1862068.96,-2609722.86,5
2024-12-16,E01,Group Treasury HQ,SGD,-778978.52,-219780.67,6
2024-12-16,E01,Group Treasury HQ,USD,526119.4,715643.0,5
2024-12-16,E02,SG Operations,SGD,-4099366.55,272344.61,6
2024-12-16,E02,SG Operations,USD,26031.85,39410.82,5
2024-12-16,E03,Shanghai Mfg,CNY,-133557.18,-23208.37,5
2024-12-16,E03,Shanghai Mfg,EUR,-21180.88,-29739.03,2
2024-12-16,E03,Shanghai Mfg,USD,40257.1,55322.12,5
2024-12-16,E04,Shenzhen Sourcing,CNY,1789665.53,175147.69,5
2024-12-16,E04,Shenzhen Sourcing,USD,135231.23,185851.13,4
2024-12-16,E05,India Services,EUR,-15442.62,-21518.14,2
2024-12-16,E05,India Services,INR,24271437.52,446194.78,5
2024-12-16,E05,India Services,USD,-60302.68,-81852.15,4
2024-12-16,E06,Germany GmbH,EUR,-1015080.8,771689.29,5
2024-12-16,E06,Germany GmbH,USD,448181.14,612079.15,5
2024-12-16,E07,Germany Sales Office,EUR,-1095637.14,-1242950.09,5
2024-12-16,E07,Germany Sales Office,USD,105191.24,143656.98,4
2024-12-16,E08,Netherlands BV,EUR,-1631795.6,-574190.38,5
2024-12-16,E08,Netherlands BV,USD,1507179.03,2066607.6,5
2024-12-16,E09,UK Ltd,EUR,398151.66,560562.9,5
2024-12-16,E09,UK Ltd,GBP,-888136.68,-309214.83,5
2024-12-16,E09,UK Ltd,USD,64023.12,89304.33,5
2024-12-16,E10,US Inc,EUR,80711.85,113018.27,5
2024-12-16,E10,US Inc,USD,-3030576.74,-3001376.85,5
2024-12-16,E11,US West Distribution,USD,-540068.8,525.65,6
2024-12-23,E01,Group Treasury HQ,CNY,-2177419.36,-399874.43,2
2024-12-23,E01,Group Treasury HQ,EUR,-290740.66,-404773.2,2
2024-12-23,E01,Group Treasury HQ,GBP,-453488.37,-767207.57,2
2024-12-23,E01,Group Treasury HQ,SGD,-2265253.83,-1278359.45,5
2024-12-23,E01,Group Treasury HQ,USD,503731.34,686788.38,2
2024-12-23,E02,SG Operations,SGD,-1253457.42,516075.35,5
2024-12-23,E02,SG Operations,USD,982638.51,1339305.48,4
2024-12-23,E03,Shanghai Mfg,CNY,-3660091.78,-812810.68,5
2024-12-23,E03,Shanghai Mfg,EUR,86680.09,121073.95,3
2024-12-23,E03,Shanghai Mfg,USD,115806.38,157051.74,6
2024-12-23,E04,Shenzhen Sourcing,CNY,1526156.34,257145.25,5
2024-12-23,E04,Shenzhen Sourcing,USD,300677.57,409483.06,5
2024-12-23,E05,India Services,EUR,-25743.31,-35713.08,1
2024-12-23,E05,India Services,INR,56034552.5,777356.13,5
2024-12-23,E05,India Services,USD,330958.01,450592.63,4
2024-12-23,E06,Germany GmbH,EUR,-855491.15,54382.74,4
2024-12-23,E06,Germany GmbH,USD,-176064.98,-240304.0,4
2024-12-23,E07,Germany Sales Office,EUR,-391708.63,-353680.72,4
2024-12-23,E07,Germany Sales Office,USD,16421.24,22420.39,1
2024-12-23,E08,Netherlands BV,EUR,-1855818.57,-414507.32,4
2024-12-23,E08,Netherlands BV,USD,836179.2,1140389.49,4
2024-12-23,E09,UK Ltd,EUR,296946.96,414009.18,3
2024-12-23,E09,UK Ltd,GBP,542936.82,1717801.09,4
2024-12-23,E09,UK Ltd,USD,386365.49,526515.41,3
2024-12-23,E10,US Inc,EUR,234130.19,326620.31,3
2024-12-23,E10,US Inc,USD,-1419672.14,-689962.66,5
2024-12-23,E11,US West Distribution,USD,-405313.38,259958.03,5
2024-12-30,E01,Group Treasury HQ,EUR,207477.3,287200.37,2
2024-12-30,E01,Group Treasury HQ,SGD,-181766.21,7717.89,4
2024-12-30,E01,Group Treasury HQ,USD,-11194.03,-15294.09,1
2024-12-30,E02,SG Operations,SGD,-5645334.18,358005.55,4
2024-12-30,E02,SG Operations,USD,440823.88,600628.22,4
2024-12-30,E03,Shanghai Mfg,CNY,3288845.69,593976.55,4
2024-12-30,E03,Shanghai Mfg,EUR,-376569.44,-523651.62,2
2024-12-30,E03,Shanghai Mfg,USD,333210.67,453992.41,4
2024-12-30,E04,Shenzhen Sourcing,CNY,-2505094.29,-445185.24,5
2024-12-30,E04,Shenzhen Sourcing,USD,447924.95,610794.82,4
2024-12-30,E05,India Services,EUR,-16261.23,-22617.28,1
2024-12-30,E05,India Services,INR,22319407.87,272388.52,5
2024-12-30,E05,India Services,USD,164596.14,223523.72,4
2024-12-30,E06,Germany GmbH,EUR,-958200.31,-1065060.16,4
2024-12-30,E06,Germany GmbH,USD,329723.86,448323.84,5
2024-12-30,E07,Germany Sales Office,EUR,7833.93,33464.39,4
2024-12-30,E07,Germany Sales Office,USD,215165.57,293056.73,2
2024-12-30,E08,Netherlands BV,EUR,-720157.49,-477184.74,4
2024-12-30,E08,Netherlands BV,USD,312523.78,426462.59,5
2024-12-30,E09,UK Ltd,EUR,109864.2,151740.47,4
2024-12-30,E09,UK Ltd,GBP,-3159486.43,-930240.2,4
2024-12-30,E09,UK Ltd,USD,197221.41,267984.51,4
2024-12-30,E10,US Inc,EUR,328296.45,453723.41,4
2024-12-30,E10,US Inc,USD,-2713590.83,128542.95,5
2024-12-30,E11,US West Distribution,USD,-880215.04,-235170.5,5
2025-01-06,E01,Group Treasury HQ,CNY,-1935483.87,-354115.65,2
2025-01-06,E01,Group Treasury HQ,EUR,-802244.06,-1125585.41,5
2025-01-06,E01,Group Treasury HQ,SGD,45552.13,438513.02,6
2025-01-06,E01,Group Treasury HQ,USD,4779850.74,6560828.87,5
2025-01-06,E02,SG Operations,SGD,-7048888.15,-1381264.69,6
2025-01-06,E02,SG Operations,USD,-1377684.5,-1883938.28,5
2025-01-06,E03,Shanghai Mfg,CNY,-9391064.83,-1625330.13,5
2025-01-06,E03,Shanghai Mfg,EUR,-109307.88,-153140.12,4
2025-01-06,E03,Shanghai Mfg,USD,-240098.79,-330883.47,5
2025-01-06,E04,Shenzhen Sourcing,CNY,1108653.32,311316.61,5
2025-01-06,E04,Shenzhen Sourcing,USD,-641196.39,-882084.96,5
2025-01-06,E05,India Services,EUR,8557.39,11774.11,3
2025-01-06,E05,India Services,INR,41337413.3,697779.34,5
2025-01-06,E05,India Services,USD,218294.48,298788.51,4
2025-01-06,E06,Germany GmbH,EUR,-1218212.34,206279.24,5
2025-01-06,E06,Germany GmbH,USD,-549116.72,-757382.28,5
2025-01-06,E07,Germany Sales Office,EUR,274324.64,510606.24,5
2025-01-06,E07,Germany Sales Office,USD,192357.83,262966.48,4
2025-01-06,E08,Netherlands BV,EUR,-1623181.81,1020450.55,5
2025-01-06,E08,Netherlands BV,USD,293591.1,400821.87,5
2025-01-06,E09,UK Ltd,EUR,302606.59,422705.48,5
2025-01-06,E09,UK Ltd,GBP,-1575157.18,-587877.56,5
2025-01-06,E09,UK Ltd,USD,885015.1,1212996.8,5
2025-01-06,E10,US Inc,EUR,-482159.34,-676303.56,5
2025-01-06,E10,US Inc,USD,-2001918.31,2320567.04,5
2025-01-06,E11,US West Distribution,USD,-1399393.81,-647658.15,5
2025-01-13,E01,Group Treasury HQ,CNY,-6370967.74,-1166103.71,1
2025-01-13,E01,Group Treasury HQ,EUR,-1060730.86,-1502103.73,5
2025-01-13,E01,Group Treasury HQ,GBP,-165697.67,-289817.33,1
2025-01-13,E01,Group Treasury HQ,SGD,1176019.59,1609114.37,5
2025-01-13,E01,Group Treasury HQ,USD,1309701.49,1801874.99,3
2025-01-13,E02,SG Operations,SGD,-2312332.5,-267248.22,5
2025-01-13,E02,SG Operations,USD,70792.75,97432.09,5
2025-01-13,E03,Shanghai Mfg,CNY,-241280.92,-60649.93,5
2025-01-13,E03,Shanghai Mfg,EUR,118743.97,168658.45,3
2025-01-13,E03,Shanghai Mfg,USD,-60079.51,-83062.4,4
2025-01-13,E04,Shenzhen Sourcing,CNY,256701.18,-157050.72,5
2025-01-13,E04,Shenzhen Sourcing,USD,-166226.17,-230527.59,4
2025-01-13,E05,India Services,EUR,1154.06,1627.02,2
2025-01-13,E05,India Services,INR,11363163.59,182058.95,5
2025-01-13,E05,India Services,USD,268857.76,368941.45,4
2025-01-13,E06,Germany GmbH,EUR,-275967.66,177643.58,5
2025-01-13,E06,Germany GmbH,USD,276986.16,381349.74,5
2025-01-13,E07,Germany Sales Office,EUR,97019.93,165333.98,5
2025-01-13,E07,Germany Sales Office,USD,122786.59,168551.81,3
2025-01-13,E08,Netherlands BV,EUR,-2826194.92,-1184451.2,5
2025-01-13,E08,Netherlands BV,USD,520173.25,715488.38,5
2025-01-13,E09,UK Ltd,EUR,127568.99,179791.61,4
2025-01-13,E09,UK Ltd,GBP,-350753.15,-354954.42,5
2025-01-13,E09,UK Ltd,USD,327139.15,449246.03,5
2025-01-13,E10,US Inc,EUR,59453.77,84869.29,5
2025-01-13,E10,US Inc,USD,-2173019.95,591496.55,5
2025-01-13,E11,US West Distribution,USD,-466993.67,-66842.45,5
2025-01-20,E01,Group Treasury HQ,CNY,-30403225.8,-5599717.91,5
2025-01-20,E01,Group Treasury HQ,EUR,-44860.09,-70165.98,4
2025-01-20,E01,Group Treasury HQ,SGD,-156832.4,-30018.18,5
2025-01-20,E01,Group Treasury HQ,USD,324626.87,447398.22,2
2025-01-20,E02,SG Operations,SGD,133647.13,1206630.91,5
2025-01-20,E02,SG Operations,USD,-5695.17,-8062.07,5
2025-01-20,E03,Shanghai Mfg,CNY,5331864.97,721486.86,5
2025-01-20,E03,Shanghai Mfg,EUR,-28537.15,-40156.59,1
2025-01-20,E03,Shanghai Mfg,USD,-234121.72,-323188.78,4
2025-01-20,E04,Shenzhen Sourcing,CNY,2046267.42,63874.16,5
2025-01-20,E04,Shenzhen Sourcing,USD,-66675.69,-92470.81,5
2025-01-20,E05,India Services,EUR,15164.52,21208.19,3
2025-01-20,E05,India Services,INR,22802337.46,345374.67,5
2025-01-20,E05,India Services,USD,347039.18,479728.03,4
2025-01-20,E06,Germany GmbH,EUR,-3731896.78,-356079.54,5
2025-01-20,E06,Germany GmbH,USD,-100390.1,-137955.53,5
2025-01-20,E07,Germany Sales Office,EUR,210898.53,415576.91,5
2025-01-20,E07,Germany Sales Office,USD,591475.85,815089.75,5
2025-01-20,E08,Netherlands BV,EUR,27175.15,190396.54,5
2025-01-20,E08,Netherlands BV,USD,848783.24,1169929.32,5
2025-01-20,E09,UK Ltd,EUR,366396.79,515172.61,4
2025-01-20,E09,UK Ltd,GBP,-46304.81,-28795.64,5
2025-01-20,E09,UK Ltd,USD,803293.8,1105875.84,5
2025-01-20,E10,US Inc,EUR,15216.9,23225.28,4
2025-01-20,E10,US Inc,USD,346547.79,486781.16,4
2025-01-20,E11,US West Distribution,USD,1492142.56,1820734.34,5
2025-01-27,E01,Group Treasury HQ,EUR,-810813.54,-1156067.58,4
2025-01-27,E01,Group Treasury HQ,GBP,-531976.74,-924825.51,2
2025-01-27,E01,Group Treasury HQ,SGD,273409.55,283238.12,4
2025-01-27,E01,Group Treasury HQ,USD,-335820.89,-460579.85,3
2025-01-27,E02,SG Operations,SGD,-129812.3,-145450.67,4
2025-01-27,E02,SG Operations,USD,-92581.41,-127744.27,3
2025-01-27,E03,Shanghai Mfg,CNY,1892264.86,432901.39,1
2025-01-27,E03,Shanghai Mfg,USD,301420.74,414028.82,1
2025-01-27,E04,Shenzhen Sourcing,CNY,1489095.08,324120.16,1
2025-01-27,E05,India Services,EUR,-11695.65,-19879.51,2
2025-01-27,E05,India Services,INR,40501555.27,658280.47,5
2025-01-27,E05,India Services,USD,23779.06,32857.32,2
2025-01-27,E06,Germany GmbH,EUR,-174226.51,-296377.25,6
2025-01-27,E06,Germany GmbH,USD,-80184.07,-105699.4,3
2025-01-27,E07,Germany Sales Office,EUR,-15424.36,32376.12,5
2025-01-27,E07,Germany Sales Office,USD,-13879.65,-18973.75,2
2025-01-27,E08,Netherlands BV,EUR,-189239.43,-293256.89,5
2025-01-27,E08,Netherlands BV,USD,434687.34,596896.84,6
2025-01-27,E09,UK Ltd,EUR,474277.63,682639.86,3
2025-01-27,E09,UK Ltd,GBP,859604.63,1397576.35,5
2025-01-27,E09,UK Ltd,USD,230101.25,315856.84,6
2025-01-27,E10,US Inc,EUR,-276923.09,-403540.73,5
2025-01-27,E10,US Inc,USD,-598787.64,-828010.63,5
2025-01-27,E11,US West Distribution,USD,-743724.43,-988765.45,5
2025-02-03,E01,Group Treasury HQ,EUR,-865857.51,-1257015.48,4
2025-02-03,E01,Group Treasury HQ,SGD,-1600268.88,-893545.01,5
2025-02-03,E01,Group Treasury HQ,USD,123134.33,170058.07,3
2025-02-03,E02,SG Operations,SGD,-5719688.9,100507.61,5
2025-02-03,E02,SG Operations,USD,25579.81,35074.1,4
2025-02-03,E03,Shanghai Mfg,CNY,4341262.59,491583.6,3
2025-02-03,E03,Shanghai Mfg,EUR,453599.08,656539.06,2
2025-02-03,E03,Shanghai Mfg,USD,346182.58,479185.16,3
2025-02-03,E04,Shenzhen Sourcing,CNY,2861490.59,853200.15,3
2025-02-03,E04,Shenzhen Sourcing,USD,481763.9,667187.39,3
2025-02-03,E05,India Services,EUR,231577.09,335901.17,4
2025-02-03,E05,India Services,INR,32875717.64,668770.27,5
2025-02-03,E05,India Services,USD,243394.71,337370.71,5
2025-02-03,E06,Germany GmbH,EUR,-334406.22,358511.35,5
2025-02-03,E06,Germany GmbH,USD,-116183.02,-161490.14,4
2025-02-03,E07,Germany Sales Office,EUR,-2386431.53,-737623.7,5
2025-02-03,E07,Germany Sales Office,USD,1145991.04,1580383.25,5
2025-02-03,E08,Netherlands BV,EUR,-2068949.43,-491676.36,5
2025-02-03,E08,Netherlands BV,USD,810774.77,1119272.89,4
2025-02-03,E09,UK Ltd,EUR,493215.41,711995.52,4
2025-02-03,E09,UK Ltd,GBP,-1565548.02,-998433.57,5
2025-02-03,E09,UK Ltd,USD,606275.38,839081.0,5
2025-02-03,E10,US Inc,EUR,152792.4,223907.96,5
2025-02-03,E10,US Inc,USD,-4188173.78,-667256.42,5
2025-02-03,E11,US West Distribution,USD,419127.55,820851.93,5
2025-02-10,E01,Group Treasury HQ,EUR,-910051.77,-1308818.7,5
2025-02-10,E01,Group Treasury HQ,GBP,-244186.05,-422905.81,1
2025-02-10,E01,Group Treasury HQ,SGD,-5167914.0,-4575275.76,6
2025-02-10,E01,Group Treasury HQ,USD,626865.67,874134.87,4
2025-02-10,E02,SG Operations,SGD,-3055863.72,3011556.78,6
2025-02-10,E02,SG Operations,USD,131833.22,183288.86,4
2025-02-10,E03,Shanghai Mfg,CNY,1038442.5,265476.72,5
2025-02-10,E03,Shanghai Mfg,EUR,-23736.21,-33673.84,4
2025-02-10,E03,Shanghai Mfg,USD,-574092.35,-798867.31,5
2025-02-10,E04,Shenzhen Sourcing,CNY,-2483177.09,-352381.29,5
2025-02-10,E04,Shenzhen Sourcing,USD,-507222.16,-707070.65,5
2025-02-10,E05,India Services,EUR,43343.5,62596.6,2
2025-02-10,E05,India Services,INR,37401511.19,600984.72,5
2025-02-10,E05,India Services,USD,309838.23,431655.4,5
2025-02-10,E06,Germany GmbH,EUR,-518107.45,-196215.16,5
2025-02-10,E06,Germany GmbH,USD,-39037.37,-53744.74,5
2025-02-10,E07,Germany Sales Office,EUR,84332.79,102343.64,5
2025-02-10,E07,Germany Sales Office,USD,124650.83,173504.91,5
2025-02-10,E08,Netherlands BV,EUR,315866.68,512609.68,5
2025-02-10,E08,Netherlands BV,USD,506029.72,704680.02,4
2025-02-10,E09,UK Ltd,EUR,156929.09,226814.34,5
2025-02-10,E09,UK Ltd,GBP,-2072076.49,54497.74,5
2025-02-10,E09,UK Ltd,USD,198264.34,276208.54,5
2025-02-10,E10,US Inc,EUR,6149.67,7602.93,5
2025-02-10,E10,US Inc,USD,-2808104.39,-147330.77,5
2025-02-10,E11,US West Distribution,USD,-216864.28,65262.45,5
2025-02-17,E01,Group Treasury HQ,CNY,-887096.77,-164629.19,1
2025-02-17,E01,Group Treasury HQ,EUR,-842672.6,-1213803.27,4
2025-02-17,E01,Group Treasury HQ,SGD,-194489.64,284666.31,5
2025-02-17,E01,Group Treasury HQ,USD,1690298.5,2357249.72,3
2025-02-17,E02,SG Operations,SGD,-22021795.22,-3787240.27,6
2025-02-17,E02,SG Operations,USD,323169.28,451436.34,5
2025-02-17,E03,Shanghai Mfg,CNY,4954809.49,819376.16,5
2025-02-17,E03,Shanghai Mfg,EUR,-73940.0,-106478.38,3
2025-02-17,E03,Shanghai Mfg,USD,250789.39,349189.11,3
2025-02-17,E04,Shenzhen Sourcing,CNY,-6919759.87,-1234304.61,5
2025-02-17,E04,Shenzhen Sourcing,USD,66403.46,92397.54,4
2025-02-17,E05,India Services,EUR,12326.02,17627.23,3
2025-02-17,E05,India Services,INR,23289123.14,423738.25,5
2025-02-17,E05,India Services,USD,201874.7,280901.82,5
2025-02-17,E06,Germany GmbH,EUR,-138967.88,264205.26,5
2025-02-17,E06,Germany GmbH,USD,8663.33,10514.18,4
2025-02-17,E07,Germany Sales Office,EUR,54792.24,81660.37,5
2025-02-17,E07,Germany Sales Office,USD,507641.74,706032.36,5
2025-02-17,E08,Netherlands BV,EUR,-1805840.96,-817604.15,5
2025-02-17,E08,Netherlands BV,USD,180882.62,251729.76,4
2025-02-17,E09,UK Ltd,EUR,121834.18,175319.61,2
2025-02-17,E09,UK Ltd,GBP,-550746.91,-207484.74,5
2025-02-17,E09,UK Ltd,USD,226379.38,314835.32,4
2025-02-17,E10,US Inc,EUR,262999.41,379708.06,4
2025-02-17,E10,US Inc,USD,-2454047.46,-248574.35,5
2025-02-17,E11,US West Distribution,USD,-716665.07,-780423.38,4
2025-02-24,E01,Group Treasury HQ,CNY,-3870967.74,-722153.15,2
2025-02-24,E01,Group Treasury HQ,EUR,-517241.39,-753626.53,4
2025-02-24,E01,Group Treasury HQ,SGD,-1503775.95,-1468638.91,6
2025-02-24,E01,Group Treasury HQ,USD,2093283.58,2912759.36,3
2025-02-24,E02,SG Operations,SGD,-346112.64,1518564.55,6
2025-02-24,E02,SG Operations,USD,-445004.24,-621336.26,5
2025-02-24,E03,Shanghai Mfg,CNY,3562399.74,634793.66,5
2025-02-24,E03,Shanghai Mfg,EUR,199458.7,285840.88,2
2025-02-24,E03,Shanghai Mfg,USD,29732.74,41399.58,5
2025-02-24,E04,Shenzhen Sourcing,CNY,-844440.87,-177215.4,5
2025-02-24,E04,Shenzhen Sourcing,USD,176097.58,244835.52,5
2025-02-24,E05,India Services,EUR,365765.15,530253.4,1
2025-02-24,E05,India Services,INR,37390468.41,486228.22,4
2025-02-24,E05,India Services,USD,527234.66,732234.85,3
2025-02-24,E06,Germany GmbH,EUR,-189074.9,130861.5,5
2025-02-24,E06,Germany GmbH,USD,185013.05,256516.58,5
2025-02-24,E07,Germany Sales Office,EUR,-490584.65,-746073.81,5
2025-02-24,E07,Germany Sales Office,USD,160112.46,222480.33,4
2025-02-24,E08,Netherlands BV,EUR,-497807.85,-90600.18,5
2025-02-24,E08,Netherlands BV,USD,17288.68,23313.54,4
2025-02-24,E09,UK Ltd,EUR,88263.75,125847.33,5
2025-02-24,E09,UK Ltd,GBP,-317588.84,-159841.35,5
2025-02-24,E09,UK Ltd,USD,292059.49,405379.96,3
2025-02-24,E10,US Inc,EUR,-315764.09,-456569.47,5
2025-02-24,E10,US Inc,USD,-1422462.88,84758.28,6
2025-02-24,E11,US West Distribution,USD,657064.28,1146122.03,5
2025-03-03,E01,Group Treasury HQ,CNY,-2741935.48,-512454.19,2
2025-03-03,E01,Group Treasury HQ,EUR,-319997.55,-460566.02,5
2025-03-03,E01,Group Treasury HQ,GBP,-209302.33,-359813.72,1
2025-03-03,E01,Group Treasury HQ,SGD,-1149884.35,-722734.78,5
2025-03-03,E01,Group Treasury HQ,USD,1141791.05,1581901.12,2
2025-03-03,E02,SG Operations,SGD,-11912740.65,-1506988.49,5
2025-03-03,E02,SG Operations,USD,57023.48,78646.82,5
2025-03-03,E03,Shanghai Mfg,CNY,-732619.98,-124409.81,5
2025-03-03,E03,Shanghai Mfg,EUR,-69987.67,-100663.33,5
2025-03-03,E03,Shanghai Mfg,USD,-281506.28,-389594.11,3
2025-03-03,E04,Shenzhen Sourcing,CNY,3739918.97,688641.05,5
2025-03-03,E04,Shenzhen Sourcing,USD,118412.0,163181.56,3
2025-03-03,E05,India Services,EUR,-8828.55,-12752.11,2
2025-03-03,E05,India Services,INR,16177950.09,282821.94,5
2025-03-03,E05,India Services,USD,125366.06,174554.66,4
2025-03-03,E06,Germany GmbH,EUR,-2350406.5,-269180.01,5
2025-03-03,E06,Germany GmbH,USD,-205003.72,-283088.29,4
2025-03-03,E07,Germany Sales Office,EUR,-321120.28,4486.07,5
2025-03-03,E07,Germany Sales Office,USD,331858.36,462313.54,4
2025-03-03,E08,Netherlands BV,EUR,-1297075.83,-467671.71,5
2025-03-03,E08,Netherlands BV,USD,139249.47,193753.04,5
2025-03-03,E09,UK Ltd,EUR,640618.69,926683.77,4
2025-03-03,E09,UK Ltd,GBP,-476704.13,93923.33,5
2025-03-03,E09,UK Ltd,USD,571345.81,793199.18,5
2025-03-03,E10,US Inc,EUR,-21979.15,-31645.16,5
2025-03-03,E10,US Inc,USD,-2758116.89,-29508.7,5
2025-03-03,E11,US West Distribution,USD,-459057.32,-284308.39,5
2025-03-10,E01,Group Treasury HQ,CNY,-806451.61,-151103.23,1
2025-03-10,E01,Group Treasury HQ,EUR,68045.28,97700.84,3
2025-03-10,E01,Group Treasury HQ,GBP,-322674.42,-551434.45,1
2025-03-10,E01,Group Treasury HQ,SGD,-2422119.48,-251947.83,5
2025-03-10,E01,Group Treasury HQ,USD,1421641.79,1952581.34,2
2025-03-10,E02,SG Operations,SGD,-2725418.12,-132696.38,5
2025-03-10,E02,SG Operations,USD,55605.13,75160.97,5
2025-03-10,E03,Shanghai Mfg,CNY,-2795237.51,-409270.96,5
2025-03-10,E03,Shanghai Mfg,EUR,-189961.18,-273013.96,2
2025-03-10,E03,Shanghai Mfg,USD,139352.97,191186.74,5
2025-03-10,E04,Shenzhen Sourcing,CNY,558413.91,-48555.58,5
2025-03-10,E04,Shenzhen Sourcing,USD,-286439.14,-391478.85,4
2025-03-10,E05,India Services,EUR,-65193.86,-94242.17,2
2025-03-10,E05,India Services,INR,42925511.96,678029.49,4
2025-03-10,E05,India Services,USD,435748.39,599648.21,4
2025-03-10,E06,Germany GmbH,EUR,-363727.42,-184634.84,5
2025-03-10,E06,Germany GmbH,USD,275132.51,379066.86,5
2025-03-10,E07,Germany Sales Office,EUR,-182736.35,-200304.9,5
2025-03-10,E07,Germany Sales Office,USD,92313.12,127333.58,1
2025-03-10,E08,Netherlands BV,EUR,-374926.7,-621614.06,5
2025-03-10,E08,Netherlands BV,USD,956230.89,1317242.65,5
2025-03-10,E09,UK Ltd,EUR,373583.98,534646.33,4
2025-03-10,E09,UK Ltd,GBP,627477.48,1706016.06,5
2025-03-10,E09,UK Ltd,USD,809225.92,1115110.1,4
2025-03-10,E10,US Inc,EUR,-27122.48,-39243.49,5
2025-03-10,E10,US Inc,USD,-1963973.94,-125352.17,5
2025-03-10,E11,US West Distribution,USD,769036.43,1106766.02,5
2025-03-17,E01,Group Treasury HQ,CNY,-3467741.94,-645914.6,2
2025-03-17,E01,Group Treasury HQ,EUR,-852814.87,-1237316.37,5
2025-03-17,E01,Group Treasury HQ,SGD,52498.45,456914.9,6
2025-03-17,E01,Group Treasury HQ,USD,895522.39,1237296.22,3
2025-03-17,E02,SG Operations,SGD,-3127170.41,-52758.69,6
2025-03-17,E02,SG Operations,USD,-106869.54,-146719.16,5
2025-03-17,E03,Shanghai Mfg,CNY,-1787093.04,-442472.92,5
2025-03-17,E03,Shanghai Mfg,EUR,-21409.37,-31041.43,2
2025-03-17,E03,Shanghai Mfg,USD,-110986.48,-153012.59,5
2025-03-17,E04,Shenzhen Sourcing,CNY,1041889.51,17280.94,5
2025-03-17,E04,Shenzhen Sourcing,USD,89897.3,123799.5,4
2025-03-17,E05,India Services,EUR,-1691.16,-2456.08,1
2025-03-17,E05,India Services,INR,28285368.39,435324.99,5
2025-03-17,E05,India Services,USD,267061.75,367470.7,4
2025-03-17,E06,Germany GmbH,EUR,-126644.46,452481.0,5
2025-03-17,E06,Germany GmbH,USD,-234592.91,-324890.37,4
2025-03-17,E07,Germany Sales Office,EUR,138397.11,178744.71,5
2025-03-17,E07,Germany Sales Office,USD,54462.7,75074.62,5
2025-03-17,E08,Netherlands BV,EUR,-137579.92,-125565.87,5
2025-03-17,E08,Netherlands BV,USD,390230.72,536986.25,3
2025-03-17,E09,UK Ltd,EUR,576593.1,837354.23,5
2025-03-17,E09,UK Ltd,GBP,-1109915.99,-1161320.34,5
2025-03-17,E09,UK Ltd,USD,289864.4,398823.58,5
2025-03-17,E10,US Inc,EUR,10113.9,15668.16,5
2025-03-17,E10,US Inc,USD,-2251109.32,187975.87,5
2025-03-17,E11,US West Distribution,USD,-806222.79,-110357.06,5
2025-03-24,E01,Group Treasury HQ,CNY,-8306451.61,-1546967.5,3
2025-03-24,E01,Group Treasury HQ,EUR,-484868.49,-708057.45,4
2025-03-24,E01,Group Treasury HQ,GBP,-209302.33,-361113.28,1
2025-03-24,E01,Group Treasury HQ,SGD,-1279892.7,-184661.68,5
2025-03-24,E01,Group Treasury HQ,USD,873134.32,1185821.51,3
2025-03-24,E02,SG Operations,SGD,-2020069.25,25972.59,5
2025-03-24,E02,SG Operations,USD,-13438.04,-18213.29,6
2025-03-24,E03,Shanghai Mfg,CNY,-2273409.0,-498820.83,5
2025-03-24,E03,Shanghai Mfg,EUR,45951.26,66445.5,3
2025-03-24,E03,Shanghai Mfg,USD,-24197.0,-30620.78,5
2025-03-24,E04,Shenzhen Sourcing,CNY,2943235.81,375738.05,6
2025-03-24,E04,Shenzhen Sourcing,USD,70162.58,95093.51,5
2025-03-24,E05,India Services,EUR,-31926.1,-46254.47,2
2025-03-24,E05,India Services,INR,60873915.78,1180812.33,5
2025-03-24,E05,India Services,USD,64500.33,87546.79,3
2025-03-24,E06,Germany GmbH,EUR,-220423.85,-67341.75,5
2025-03-24,E06,Germany GmbH,USD,14687.7,22030.51,5
2025-03-24,E07,Germany Sales Office,EUR,86187.33,133942.06,5
2025-03-24,E07,Germany Sales Office,USD,54934.76,74858.72,4
2025-03-24,E08,Netherlands BV,EUR,-1881974.45,-167614.58,5
2025-03-24,E08,Netherlands BV,USD,487750.44,668162.65,5
2025-03-24,E09,UK Ltd,EUR,-213072.52,-306836.39,4
2025-03-24,E09,UK Ltd,GBP,-541618.32,-343916.02,5
2025-03-24,E09,UK Ltd,USD,93664.08,128621.83,5
2025-03-24,E10,US Inc,EUR,142939.38,212606.29,5
2025-03-24,E10,US Inc,USD,-2801466.91,134864.57,5
2025-03-24,E11,US West Distribution,USD,-576840.12,80756.19,5
2025-03-31,E01,Group Treasury HQ,CNY,-967741.94,-179910.0,1
2025-03-31,E01,Group Treasury HQ,EUR,-2152680.76,-3115054.83,4
2025-03-31,E01,Group Treasury HQ,GBP,-183139.53,-320206.84,1
2025-03-31,E01,Group Treasury HQ,SGD,-3393188.14,-1664133.38,6
2025-03-31,E01,Group Treasury HQ,USD,313432.84,420664.48,1
2025-03-31,E02,SG Operations,SGD,-2517828.47,892337.33,6
2025-03-31,E02,SG Operations,USD,210270.7,281858.59,3
2025-03-31,E03,Shanghai Mfg,CNY,-1145572.46,274141.83,4
2025-03-31,E03,Shanghai Mfg,EUR,-37740.43,-54669.5,1
2025-03-31,E03,Shanghai Mfg,USD,112779.13,151227.04,4
2025-03-31,E04,Shenzhen Sourcing,CNY,-3486342.51,-639459.98,4
2025-03-31,E04,Shenzhen Sourcing,USD,102744.91,137747.68,3
2025-03-31,E05,India Services,EUR,86060.28,124204.5,2
2025-03-31,E05,India Services,INR,28722078.7,437080.15,4
2025-03-31,E05,India Services,USD,374747.7,502403.99,4
2025-03-31,E06,Germany GmbH,EUR,-1254353.06,-139227.57,5
2025-03-31,E06,Germany GmbH,USD,-48894.41,-65108.97,5
2025-03-31,E07,Germany Sales Office,EUR,45799.47,54963.6,5
2025-03-31,E07,Germany Sales Office,USD,91511.64,122698.87,3
2025-03-31,E08,Netherlands BV,EUR,-461913.27,98429.27,5
2025-03-31,E08,Netherlands BV,USD,674760.69,904640.4,5
2025-03-31,E09,UK Ltd,EUR,189481.9,273507.43,4
2025-03-31,E09,UK Ltd,GBP,-605557.43,-210516.42,5
2025-03-31,E09,UK Ltd,USD,710671.32,952524.65,5
2025-03-31,E10,US Inc,EUR,1151899.05,1666791.98,5
2025-03-31,E10,US Inc,USD,488636.04,1258934.17,5
2025-03-31,E11,US West Distribution,USD,-106103.1,-163668.86,5
2025-04-07,E01,Group Treasury HQ,CNY,-3951612.9,-734691.77,1
2025-04-07,E01,Group Treasury HQ,EUR,-2585188.02,-3750346.63,5
2025-04-07,E01,Group Treasury HQ,GBP,-209302.33,-363836.09,1
2025-04-07,E01,Group Treasury HQ,SGD,-1617490.28,-937227.6,6
2025-04-07,E01,Group Treasury HQ,USD,2283582.09,3051220.55,3
2025-04-07,E02,SG Operations,SGD,-7293089.32,-393328.05,6
2025-04-07,E02,SG Operations,USD,-234588.75,-314466.1,5
2025-04-07,E03,Shanghai Mfg,CNY,-1059994.55,-282444.16,5
2025-04-07,E03,Shanghai Mfg,EUR,121673.25,177240.42,4
2025-04-07,E03,Shanghai Mfg,USD,113653.59,153457.41,5
2025-04-07,E04,Shenzhen Sourcing,CNY,5108465.34,765618.95,5
2025-04-07,E04,Shenzhen Sourcing,USD,-224820.84,-299174.85,4
2025-04-07,E05,India Services,EUR,-31953.05,-46364.42,2
2025-04-07,E05,India Services,INR,32382062.18,605928.51,4
2025-04-07,E05,India Services,USD,205752.94,275188.61,4
2025-04-07,E06,Germany GmbH,EUR,342225.03,666336.68,5
2025-04-07,E06,Germany GmbH,USD,38078.09,51822.32,5
2025-04-07,E07,Germany Sales Office,EUR,414603.86,595953.59,5
2025-04-07,E07,Germany Sales Office,USD,208366.49,278953.02,5
2025-04-07,E08,Netherlands BV,EUR,-2376244.34,-549196.32,5
2025-04-07,E08,Netherlands BV,USD,412050.52,555193.4,5
2025-04-07,E09,UK Ltd,EUR,-106598.26,-152860.45,5
2025-04-07,E09,UK Ltd,GBP,-543226.29,384425.01,5
2025-04-07,E09,UK Ltd,USD,-42011.61,-56118.81,5
2025-04-07,E10,US Inc,EUR,-1256463.85,-1815229.75,5
2025-04-07,E10,US Inc,USD,-12470574.36,-1487671.43,5
2025-04-07,E11,US West Distribution,USD,-1786032.95,183823.87,5
2025-04-14,E01,Group Treasury HQ,EUR,-587616.98,-841756.83,4
2025-04-14,E01,Group Treasury HQ,GBP,-209302.33,-363060.84,1
2025-04-14,E01,Group Treasury HQ,SGD,130395.76,1954952.29,4
2025-04-14,E01,Group Treasury HQ,USD,817164.18,1086819.38,4
2025-04-14,E02,SG Operations,SGD,-3497466.24,-308885.62,4
2025-04-14,E02,SG Operations,USD,40681.94,53622.19,4
2025-04-14,E03,Shanghai Mfg,CNY,1411812.12,275361.48,5
2025-04-14,E03,Shanghai Mfg,EUR,-43585.06,-62397.81,4
2025-04-14,E03,Shanghai Mfg,USD,-181517.92,-240826.84,4
2025-04-14,E04,Shenzhen Sourcing,CNY,3541742.14,718041.76,5
2025-04-14,E04,Shenzhen Sourcing,USD,113507.73,151224.39,4
2025-04-14,E05,India Services,EUR,29634.86,42349.02,1
2025-04-14,E05,India Services,INR,16659463.03,274856.06,3
2025-04-14,E05,India Services,USD,84186.24,112426.13,2
2025-04-14,E06,Germany GmbH,EUR,-245401.17,777616.46,5
2025-04-14,E06,Germany GmbH,USD,488781.16,652506.1,5
2025-04-14,E07,Germany Sales Office,EUR,46670.66,62265.97,4
2025-04-14,E07,Germany Sales Office,USD,178533.97,237983.91,4
2025-04-14,E08,Netherlands BV,EUR,-324183.95,50543.46,5
2025-04-14,E08,Netherlands BV,USD,416813.46,555848.44,4
2025-04-14,E09,UK Ltd,EUR,71813.56,102831.44,4
2025-04-14,E09,UK Ltd,GBP,-253011.0,-55255.71,5
2025-04-14,E09,UK Ltd,USD,-14436.7,-19283.26,3
2025-04-14,E10,US Inc,EUR,134964.85,193623.87,4
2025-04-14,E10,US Inc,USD,-626440.79,51050.88,5
2025-04-14,E11,US West Distribution,USD,-844814.92,-516040.81,5
2025-04-21,E01,Group Treasury HQ,CNY,-3064516.13,-571139.51,2
2025-04-21,E01,Group Treasury HQ,EUR,-939045.54,-1344142.36,4
2025-04-21,E01,Group Treasury HQ,GBP,-200581.4,-350390.42,1
2025-04-21,E01,Group Treasury HQ,SGD,-1150542.21,-516301.75,5
2025-04-21,E01,Group Treasury HQ,USD,3011194.03,4039556.23,3
2025-04-21,E02,SG Operations,SGD,-1190685.78,126229.92,5
2025-04-21,E02,SG Operations,USD,-85653.83,-118115.98,4
2025-04-21,E03,Shanghai Mfg,CNY,-3156092.6,-532451.41,5
2025-04-21,E03,Shanghai Mfg,EUR,-136710.46,-196388.82,3
2025-04-21,E03,Shanghai Mfg,USD,147177.75,197541.52,4
2025-04-21,E04,Shenzhen Sourcing,CNY,2219144.32,-629077.11,5
2025-04-21,E04,Shenzhen Sourcing,USD,-229388.15,-304020.73,4
2025-04-21,E05,India Services,EUR,-10755.95,-15490.78,2
2025-04-21,E05,India Services,INR,39901416.35,606119.19,5
2025-04-21,E05,India Services,USD,191444.86,256995.18,5
2025-04-21,E06,Germany GmbH,EUR,-1478559.64,75576.98,4
2025-04-21,E06,Germany GmbH,USD,-459477.0,-617235.82,6
2025-04-21,E07,Germany Sales Office,EUR,19268.02,97491.72,4
2025-04-21,E07,Germany Sales Office,USD,226182.66,304768.09,3
2025-04-21,E08,Netherlands BV,EUR,-2229966.42,-185469.32,4
2025-04-21,E08,Netherlands BV,USD,402326.52,541508.01,4
2025-04-21,E09,UK Ltd,EUR,-41425.93,-59454.15,3
2025-04-21,E09,UK Ltd,GBP,-307535.71,143970.57,5
2025-04-21,E09,UK Ltd,USD,334201.16,449410.31,4
2025-04-21,E10,US Inc,EUR,-207843.49,-300652.43,4
2025-04-21,E10,US Inc,USD,-4701599.96,-1793838.56,6
2025-04-21,E11,US West Distribution,USD,-706510.06,-449321.95,6
2025-04-28,E01,Group Treasury HQ,CNY,-3145161.29,-586410.48,2
2025-04-28,E01,Group Treasury HQ,EUR,376062.7,540683.4,2
2025-04-28,E01,Group Treasury HQ,SGD,547965.46,666873.84,5
2025-04-28,E01,Group Treasury HQ,USD,996268.66,1348589.96,3
2025-04-28,E02,SG Operations,SGD,-873722.45,-423172.75,5
2025-04-28,E02,SG Operations,USD,70062.24,92998.4,4
2025-04-28,E03,Shanghai Mfg,CNY,6186616.88,1266962.88,3
2025-04-28,E03,Shanghai Mfg,EUR,-95462.98,-137042.36,2
2025-04-28,E03,Shanghai Mfg,USD,-228486.91,-308300.68,3
2025-04-28,E04,Shenzhen Sourcing,CNY,1593663.1,254758.03,3
2025-04-28,E04,Shenzhen Sourcing,USD,107492.54,145596.48,2
2025-04-28,E05,India Services,EUR,-878.21,-1262.42,1
2025-04-28,E05,India Services,INR,57721265.3,918226.53,5
2025-04-28,E05,India Services,USD,737563.14,997060.05,4
2025-04-28,E06,Germany GmbH,EUR,-1592223.75,-1624606.81,4
2025-04-28,E06,Germany GmbH,USD,-12359.5,-17040.58,4
2025-04-28,E07,Germany Sales Office,EUR,-638986.31,-682124.95,4
2025-04-28,E07,Germany Sales Office,USD,204275.8,275925.36,3
2025-04-28,E08,Netherlands BV,EUR,-148495.25,-214315.42,5
2025-04-28,E08,Netherlands BV,USD,363469.42,492647.64,5
2025-04-28,E09,UK Ltd,EUR,279015.77,400979.92,3
2025-04-28,E09,UK Ltd,GBP,-410672.56,-185978.58,5
2025-04-28,E09,UK Ltd,USD,322525.43,436494.28,5
2025-04-28,E10,US Inc,EUR,156608.76,225330.01,4
2025-04-28,E10,US Inc,USD,-10969.82,301343.64,5
2025-04-28,E11,US West Distribution,USD,536219.52,712653.77,5
2025-05-05,E01,Group Treasury HQ,EUR,-310862.02,-440715.02,4
2025-05-05,E01,Group Treasury HQ,GBP,-218023.26,-378430.81,1
2025-05-05,E01,Group Treasury HQ,SGD,-1607396.87,-1233317.67,5
2025-05-05,E01,Group Treasury HQ,USD,1511194.02,2034588.9,3
2025-05-05,E02,SG Operations,SGD,-801963.78,740035.06,5
2025-05-05,E02,SG Operations,USD,-80372.51,-108321.23,5
2025-05-05,E03,Shanghai Mfg,CNY,1351324.61,383137.13,4
2025-05-05,E03,Shanghai Mfg,EUR,105987.73,152738.28,3
2025-05-05,E03,Shanghai Mfg,USD,311586.66,420513.06,4
2025-05-05,E04,Shenzhen Sourcing,CNY,-1703462.43,-262327.72,4
2025-05-05,E04,Shenzhen Sourcing,USD,486951.86,658794.23,3
2025-05-05,E05,India Services,EUR,15908.54,22863.95,3
2025-05-05,E05,India Services,INR,33997670.24,324893.47,5
2025-05-05,E05,India Services,USD,366284.43,494571.67,4
2025-05-05,E06,Germany GmbH,EUR,186872.71,971349.07,5
2025-05-05,E06,Germany GmbH,USD,106087.01,142804.33,5
2025-05-05,E07,Germany Sales Office,EUR,-1109368.05,60746.17,5
2025-05-05,E07,Germany Sales Office,USD,223325.58,301517.83,3
2025-05-05,E08,Netherlands BV,EUR,-1068545.43,-443589.3,5
2025-05-05,E08,Netherlands BV,USD,94383.79,127659.14,5
2025-05-05,E09,UK Ltd,EUR,178601.65,257458.43,4
2025-05-05,E09,UK Ltd,GBP,-1957939.32,-50293.24,4
2025-05-05,E09,UK Ltd,USD,113907.64,153496.66,4
2025-05-05,E10,US Inc,EUR,-162403.53,-230077.99,4
2025-05-05,E10,US Inc,USD,-3440911.56,49785.0,5
2025-05-05,E11,US West Distribution,USD,290955.25,447630.88,5
2025-05-12,E01,Group Treasury HQ,EUR,1048184.52,1511905.41,2
2025-05-12,E01,Group Treasury HQ,SGD,-533231.6,80845.85,5
2025-05-12,E01,Group Treasury HQ,USD,2361940.3,3212540.37,3
2025-05-12,E02,SG Operations,SGD,-2858212.99,-408141.77,5
2025-05-12,E02,SG Operations,USD,266136.79,361463.29,4
2025-05-12,E03,Shanghai Mfg,CNY,-4131238.11,-774477.91,5
2025-05-12,E03,Shanghai Mfg,EUR,-158908.15,-229878.29,2
2025-05-12,E03,Shanghai Mfg,USD,-187716.73,-255804.01,4
2025-05-12,E04,Shenzhen Sourcing,CNY,248716.07,143560.51,5
2025-05-12,E04,Shenzhen Sourcing,USD,-535618.74,-729092.27,5
2025-05-12,E05,India Services,EUR,28418.97,40765.4,3
2025-05-12,E05,India Services,INR,-14735894.71,-229787.63,4
2025-05-12,E05,India Services,USD,4791.07,6446.24,4
2025-05-12,E06,Germany GmbH,EUR,-996607.59,-1020069.23,5
2025-05-12,E06,Germany GmbH,USD,23374.49,31483.3,5
2025-05-12,E07,Germany Sales Office,EUR,-634.88,-5931.61,5
2025-05-12,E07,Germany Sales Office,USD,69796.95,94981.43,4
2025-05-12,E08,Netherlands BV,EUR,-16717.82,-27408.4,5
2025-05-12,E08,Netherlands BV,USD,756617.59,1028330.05,4
2025-05-12,E09,UK Ltd,EUR,-700.23,-1907.31,4
2025-05-12,E09,UK Ltd,GBP,-267794.88,-227105.93,5
2025-05-12,E09,UK Ltd,USD,184106.89,249688.26,3
2025-05-12,E10,US Inc,EUR,48013.23,59931.76,5
2025-05-12,E10,US Inc,USD,-304598.84,825613.03,5
2025-05-12,E11,US West Distribution,USD,-1060121.8,-850892.35,5
2025-05-19,E01,Group Treasury HQ,CNY,-80645.16,-15080.16,1
2025-05-19,E01,Group Treasury HQ,EUR,-1725894.51,-2501256.84,5
2025-05-19,E01,Group Treasury HQ,GBP,-427325.58,-747099.72,1
2025-05-19,E01,Group Treasury HQ,SGD,-3893013.27,-3113250.26,6
2025-05-19,E01,Group Treasury HQ,USD,548507.46,742311.75,2
2025-05-19,E02,SG Operations,SGD,-1090870.32,2189762.21,6
2025-05-19,E02,SG Operations,USD,-96173.69,-129294.54,5
2025-05-19,E03,Shanghai Mfg,CNY,-8689864.15,-1819174.26,5
2025-05-19,E03,Shanghai Mfg,EUR,39015.02,56461.1,4
2025-05-19,E03,Shanghai Mfg,USD,19842.09,26783.27,4
2025-05-19,E04,Shenzhen Sourcing,CNY,-4698135.65,-891755.79,5
2025-05-19,E04,Shenzhen Sourcing,USD,-392.42,-1925.92,4
2025-05-19,E05,India Services,EUR,6272.82,9107.41,2
2025-05-19,E05,India Services,INR,27244915.92,479738.26,5
2025-05-19,E05,India Services,USD,219760.93,296778.03,4
2025-05-19,E06,Germany GmbH,EUR,276857.07,1228751.43,5
2025-05-19,E06,Germany GmbH,USD,-2041.86,-2460.98,5
2025-05-19,E07,Germany Sales Office,EUR,-1645539.22,-209658.37,5
2025-05-19,E07,Germany Sales Office,USD,184467.8,249268.81,4
2025-05-19,E08,Netherlands BV,EUR,-2620722.36,-232103.66,5
2025-05-19,E08,Netherlands BV,USD,490237.39,662327.58,4
2025-05-19,E09,UK Ltd,EUR,98965.95,143389.56,4
2025-05-19,E09,UK Ltd,GBP,-2438380.05,-222239.71,5
2025-05-19,E09,UK Ltd,USD,343436.22,464163.63,4
2025-05-19,E10,US Inc,EUR,313546.53,454652.53,5
2025-05-19,E10,US Inc,USD,-6772700.74,-488163.99,5
2025-05-19,E11,US West Distribution,USD,-795286.39,415647.04,5
2025-05-26,E01,Group Treasury HQ,CNY,-4274193.54,-802233.7,3
2025-05-26,E01,Group Treasury HQ,EUR,473153.76,689906.61,4
2025-05-26,E01,Group Treasury HQ,SGD,-103918.56,450258.15,6
2025-05-26,E01,Group Treasury HQ,USD,1499999.99,1997561.64,2
2025-05-26,E02,SG Operations,SGD,-13708832.43,-2203132.76,7
2025-05-26,E02,SG Operations,USD,-82140.02,-108744.05,5
2025-05-26,E03,Shanghai Mfg,CNY,-2423159.0,-456103.01,5
2025-05-26,E03,Shanghai Mfg,EUR,-10263.07,-15023.47,1
2025-05-26,E03,Shanghai Mfg,USD,-167318.5,-222507.06,6
2025-05-26,E04,Shenzhen Sourcing,CNY,3539717.15,636425.17,5
2025-05-26,E04,Shenzhen Sourcing,USD,12847.27,18895.13,4
2025-05-26,E05,India Services,EUR,58116.95,85020.94,2
2025-05-26,E05,India Services,INR,30201302.1,560323.43,5
2025-05-26,E05,India Services,USD,33440.59,44867.39,4
2025-05-26,E06,Germany GmbH,EUR,-1364924.25,-1051959.1,4
2025-05-26,E06,Germany GmbH,USD,-134609.11,-176532.06,4
2025-05-26,E07,Germany Sales Office,EUR,69139.17,100959.46,4
2025-05-26,E07,Germany Sales Office,USD,163812.11,217584.88,4
2025-05-26,E08,Netherlands BV,EUR,-1236304.39,-1172055.84,4
2025-05-26,E08,Netherlands BV,USD,536242.58,715754.83,4
2025-05-26,E09,UK Ltd,EUR,86202.47,126642.5,3
2025-05-26,E09,UK Ltd,GBP,372904.04,436166.25,5
2025-05-26,E09,UK Ltd,USD,14802.67,20960.07,4
2025-05-26,E10,US Inc,EUR,-289398.73,-421947.41,4
2025-05-26,E10,US Inc,USD,-1596093.64,742848.74,4
2025-05-26,E11,US West Distribution,USD,-1540436.96,21104.21,4
2025-06-02,E01,Group Treasury HQ,CNY,-80645.16,-15095.73,1
2025-06-02,E01,Group Treasury HQ,EUR,-1780600.0,-2614144.14,3
2025-06-02,E01,Group Treasury HQ,SGD,-674184.93,-915307.36,6
2025-06-02,E01,Group Treasury HQ,USD,257462.68,335262.48,3
2025-06-02,E02,SG Operations,SGD,-2833943.36,-14396.33,6
2025-06-02,E02,SG Operations,USD,-82277.89,-107000.84,5
2025-06-02,E03,Shanghai Mfg,CNY,9579928.4,1783987.39,4
2025-06-02,E03,Shanghai Mfg,EUR,-18374.59,-26863.4,1
2025-06-02,E03,Shanghai Mfg,USD,291356.33,381716.24,4
2025-06-02,E04,Shenzhen Sourcing,CNY,-4274447.97,-775355.94,5
2025-06-02,E04,Shenzhen Sourcing,USD,-59916.83,-78520.91,4
2025-06-02,E05,India Services,EUR,-123830.2,-181210.04,4
2025-06-02,E05,India Services,INR,53864208.53,843752.3,5
2025-06-02,E05,India Services,USD,1141272.07,1491056.64,5
2025-06-02,E06,Germany GmbH,EUR,-146478.6,574848.78,5
2025-06-02,E06,Germany GmbH,USD,958077.75,1249414.83,4
2025-06-02,E07,Germany Sales Office,EUR,224756.27,327973.73,5
2025-06-02,E07,Germany Sales Office,USD,120708.76,158312.91,5
2025-06-02,E08,Netherlands BV,EUR,116502.17,439586.53,5
2025-06-02,E08,Netherlands BV,USD,-13648.79,-18017.93,4
2025-06-02,E09,UK Ltd,EUR,198613.37,290222.17,5
2025-06-02,E09,UK Ltd,GBP,-331447.63,-145801.53,5
2025-06-02,E09,UK Ltd,USD,215334.59,281086.59,4
2025-06-02,E10,US Inc,EUR,20504.41,30462.61,5
2025-06-02,E10,US Inc,USD,-725608.75,1173238.9,5
2025-06-02,E11,US West Distribution,USD,-2484018.88,-646567.24,5
2025-06-09,E01,Group Treasury HQ,CNY,-3951612.9,-740998.55,1
2025-06-09,E01,Group Treasury HQ,EUR,-438778.71,-645613.62,3
2025-06-09,E01,Group Treasury HQ,SGD,-1854870.03,-601559.43,5
2025-06-09,E01,Group Treasury HQ,USD,593283.58,784852.55,5
2025-06-09,E02,SG Operations,SGD,-1919747.79,-122385.82,5
2025-06-09,E02,SG Operations,USD,159931.16,211212.99,6
2025-06-09,E03,Shanghai Mfg,CNY,548463.98,33301.75,5
2025-06-09,E03,Shanghai Mfg,EUR,36313.95,53370.69,3
2025-06-09,E03,Shanghai Mfg,USD,-187513.96,-249255.34,4
2025-06-09,E04,Shenzhen Sourcing,CNY,932400.41,236077.4,5
2025-06-09,E04,Shenzhen Sourcing,USD,95152.5,124863.84,4
2025-06-09,E05,India Services,EUR,-23811.76,-34964.91,3
2025-06-09,E05,India Services,INR,49159385.28,736138.94,5
2025-06-09,E05,India Services,USD,169409.02,223369.6,3
2025-06-09,E06,Germany GmbH,EUR,-1160383.56,-839943.97,4
2025-06-09,E06,Germany GmbH,USD,-903389.9,-1193337.38,4
2025-06-09,E07,Germany Sales Office,EUR,-1445278.28,-2068846.75,4
2025-06-09,E07,Germany Sales Office,USD,166921.99,220161.46,2
2025-06-09,E08,Netherlands BV,EUR,-633343.1,-650039.65,4
2025-06-09,E08,Netherlands BV,USD,410251.62,541830.0,4
2025-06-09,E09,UK Ltd,EUR,56129.03,82765.65,4
2025-06-09,E09,UK Ltd,GBP,31106.56,33428.42,5
2025-06-09,E09,UK Ltd,USD,141696.76,186028.96,4
2025-06-09,E10,US Inc,EUR,308391.96,453021.83,4
2025-06-09,E10,US Inc,USD,-1924207.21,696472.47,5
2025-06-09,E11,US West Distribution,USD,231854.01,721355.37,5
2025-06-16,E01,Group Treasury HQ,CNY,-3064516.13,-574019.28,4
2025-06-16,E01,Group Treasury HQ,EUR,-497266.08,-723130.07,5
2025-06-16,E01,Group Treasury HQ,GBP,-218023.26,-378182.27,1
2025-06-16,E01,Group Treasury HQ,SGD,-1717787.46,-108951.35,6
2025-06-16,E01,Group Treasury HQ,USD,2373134.33,3144520.66,3
2025-06-16,E02,SG Operations,SGD,-2351119.69,-150919.42,6
2025-06-16,E02,SG Operations,USD,133326.12,176882.39,5
2025-06-16,E03,Shanghai Mfg,CNY,1015844.39,218282.98,5
2025-06-16,E03,Shanghai Mfg,EUR,63075.2,91725.42,4
2025-06-16,E03,Shanghai Mfg,USD,162288.8,214731.28,5
2025-06-16,E04,Shenzhen Sourcing,CNY,-412013.8,-292049.84,5
2025-06-16,E04,Shenzhen Sourcing,USD,56633.65,75580.6,5
2025-06-16,E05,India Services,EUR,32000.71,46344.97,3
2025-06-16,E05,India Services,INR,32010639.34,170556.89,5
2025-06-16,E05,India Services,USD,267287.0,354869.95,5
2025-06-16,E06,Germany GmbH,EUR,147954.88,557826.79,5
2025-06-16,E06,Germany GmbH,USD,-19816.17,-25678.08,5
2025-06-16,E07,Germany Sales Office,EUR,-146426.58,-209242.61,5
2025-06-16,E07,Germany Sales Office,USD,72829.48,96647.5,3
2025-06-16,E08,Netherlands BV,EUR,-1115377.83,-949820.65,5
2025-06-16,E08,Netherlands BV,USD,1058703.6,1399014.22,5
2025-06-16,E09,UK Ltd,EUR,234249.54,340387.76,5
2025-06-16,E09,UK Ltd,GBP,-1914899.04,-216936.82,5
2025-06-16,E09,UK Ltd,USD,71678.63,95753.66,5
2025-06-16,E10,US Inc,EUR,-102147.09,-149579.54,5
2025-06-16,E10,US Inc,USD,-1839833.51,356405.24,5
2025-06-16,E11,US West Distribution,USD,308950.86,464097.45,4
2025-06-23,E01,Group Treasury HQ,CNY,-1370967.74,-255970.65,1
2025-06-23,E01,Group Treasury HQ,EUR,-1545574.61,-2253863.12,5
2025-06-23,E01,Group Treasury HQ,GBP,-235465.12,-402991.95,1
2025-06-23,E01,Group Treasury HQ,SGD,-25633.01,755648.33,6
2025-06-23,E01,Group Treasury HQ,USD,537313.43,709093.02,3
2025-06-23,E02,SG Operations,SGD,-1203455.62,587176.41,6
2025-06-23,E02,SG Operations,USD,-289870.63,-382263.99,5
2025-06-23,E03,Shanghai Mfg,CNY,-4804357.92,-900367.5,5
2025-06-23,E03,Shanghai Mfg,EUR,-39117.78,-57381.82,4
2025-06-23,E03,Shanghai Mfg,USD,30250.68,39461.14,4
2025-06-23,E04,Shenzhen Sourcing,CNY,2593182.99,497910.09,5
2025-06-23,E04,Shenzhen Sourcing,USD,193006.6,255146.65,5
2025-06-23,E05,India Services,EUR,4354.85,6330.7,1
2025-06-23,E05,India Services,INR,47585179.73,776823.37,5
2025-06-23,E05,India Services,USD,235749.74,311591.04,5
2025-06-23,E06,Germany GmbH,EUR,-1703242.47,-43369.24,6
2025-06-23,E06,Germany GmbH,USD,175649.74,232104.39,5
2025-06-23,E07,Germany Sales Office,EUR,-782258.88,530225.98,5
2025-06-23,E07,Germany Sales Office,USD,277808.97,367341.1,4
2025-06-23,E08,Netherlands BV,EUR,-1091404.02,93074.5,5
2025-06-23,E08,Netherlands BV,USD,561346.44,740821.04,5
2025-06-23,E09,UK Ltd,EUR,75741.77,109999.42,4
2025-06-23,E09,UK Ltd,GBP,127401.39,336259.35,5
2025-06-23,E09,UK Ltd,USD,594456.29,784745.73,4
2025-06-23,E10,US Inc,EUR,-289494.32,-421727.54,5
2025-06-23,E10,US Inc,USD,-3019200.53,13857.31,5
2025-06-23,E11,US West Distribution,USD,-91914.36,-14377.04,5
2025-06-30,E01,Group Treasury HQ,CNY,-806451.61,-151020.33,3
2025-06-30,E01,Group Treasury HQ,EUR,-615861.18,-896869.14,4
2025-06-30,E01,Group Treasury HQ,GBP,-313953.49,-528498.63,1
2025-06-30,E01,Group Treasury HQ,SGD,-1668071.33,-622616.46,6
2025-06-30,E01,Group Treasury HQ,USD,1444029.84,1912796.53,3
2025-06-30,E02,SG Operations,SGD,-3211485.92,45871.21,6
2025-06-30,E02,SG Operations,USD,86194.59,116283.87,5
2025-06-30,E03,Shanghai Mfg,CNY,4463217.39,826275.69,5
2025-06-30,E03,Shanghai Mfg,EUR,20339.78,29732.18,3
2025-06-30,E03,Shanghai Mfg,USD,-139232.41,-184021.28,3
2025-06-30,E04,Shenzhen Sourcing,CNY,-2759794.43,-440912.57,5
2025-06-30,E04,Shenzhen Sourcing,USD,-249794.38,-330624.31,3
2025-06-30,E05,India Services,EUR,-28751.46,-41770.06,1
2025-06-30,E05,India Services,INR,50847827.72,688513.04,5
2025-06-30,E05,India Services,USD,126487.05,168022.82,5
2025-06-30,E06,Germany GmbH,EUR,-1190919.01,-351470.76,5
2025-06-30,E06,Germany GmbH,USD,-177006.82,-233084.75,5
2025-06-30,E07,Germany Sales Office,EUR,-8660.36,5380.36,5
2025-06-30,E07,Germany Sales Office,USD,213123.32,283360.06,3
2025-06-30,E08,Netherlands BV,EUR,-2116936.95,-857313.1,5
2025-06-30,E08,Netherlands BV,USD,1134726.04,1503778.77,5
2025-06-30,E09,UK Ltd,EUR,144036.52,209115.87,4
2025-06-30,E09,UK Ltd,GBP,-685124.5,-2578.34,5
2025-06-30,E09,UK Ltd,USD,934649.55,1237342.78,5
2025-06-30,E10,US Inc,EUR,-429.83,700.56,5
2025-06-30,E10,US Inc,USD,-1903168.08,-745347.97,5
2025-06-30,E11,US West Distribution,USD,-1231102.64,57212.59,5
2025-07-07,E01,Group Treasury HQ,CNY,-1048387.1,-196821.05,1
2025-07-07,E01,Group Treasury HQ,EUR,-849424.13,-1235953.0,4
2025-07-07,E01,Group Treasury HQ,GBP,-1421511.63,-2389093.37,1
2025-07-07,E01,Group Treasury HQ,SGD,-1371560.0,-539085.21,5
2025-07-07,E01,Group Treasury HQ,USD,671641.79,888345.6,3
2025-07-07,E02,SG Operations,SGD,-3525120.74,101731.67,5
2025-07-07,E02,SG Operations,USD,137547.5,181809.24,5
2025-07-07,E03,Shanghai Mfg,CNY,-63823.14,-37260.98,5
2025-07-07,E03,Shanghai Mfg,EUR,30063.32,42678.55,3
2025-07-07,E03,Shanghai Mfg,USD,-63950.32,-84522.86,5
2025-07-07,E04,Shenzhen Sourcing,CNY,-48214.97,88514.05,5
2025-07-07,E04,Shenzhen Sourcing,USD,-48198.11,-63481.22,5
2025-07-07,E05,India Services,EUR,55535.79,80590.15,3
2025-07-07,E05,India Services,INR,80220497.13,1307777.72,5
2025-07-07,E05,India Services,USD,159578.49,211153.7,4
2025-07-07,E06,Germany GmbH,EUR,-150141.86,-91524.15,5
2025-07-07,E06,Germany GmbH,USD,-39915.58,-52962.49,5
2025-07-07,E07,Germany Sales Office,EUR,348131.31,547643.23,6
2025-07-07,E07,Germany Sales Office,USD,6413.12,8411.17,2
2025-07-07,E08,Netherlands BV,EUR,-85918.85,-180197.47,5
2025-07-07,E08,Netherlands BV,USD,981781.38,1298895.89,5
2025-07-07,E09,UK Ltd,EUR,132627.18,193070.39,4
2025-07-07,E09,UK Ltd,GBP,1196250.42,2312785.47,5
2025-07-07,E09,UK Ltd,USD,435880.01,576699.51,5
2025-07-07,E10,US Inc,EUR,342457.88,498127.64,5
2025-07-07,E10,US Inc,USD,-1078703.24,1382475.63,5
2025-07-07,E11,US West Distribution,USD,137668.92,305962.17,5
2025-07-14,E01,Group Treasury HQ,CNY,-2258064.52,-422897.1,1
2025-07-14,E01,Group Treasury HQ,EUR,-1294327.77,-1892326.31,5
2025-07-14,E01,Group Treasury HQ,GBP,-191860.47,-321272.46,1
2025-07-14,E01,Group Treasury HQ,SGD,1528284.66,1996872.73,5
2025-07-14,E01,Group Treasury HQ,USD,235074.63,312584.37,2
2025-07-14,E02,SG Operations,SGD,-2875354.6,-194888.89,5
2025-07-14,E02,SG Operations,USD,-220997.27,-293652.28,5
2025-07-14,E03,Shanghai Mfg,CNY,-3731365.66,-644010.69,5
2025-07-14,E03,Shanghai Mfg,EUR,-98972.44,-144805.31,3
2025-07-14,E03,Shanghai Mfg,USD,44994.92,59841.83,4
2025-07-14,E04,Shenzhen Sourcing,CNY,3766741.3,444266.95,5
2025-07-14,E04,Shenzhen Sourcing,USD,54417.56,72094.97,4
2025-07-14,E05,India Services,EUR,15610.08,22825.67,2
2025-07-14,E05,India Services,INR,69150504.83,967351.51,5
2025-07-14,E05,India Services,USD,336185.48,445979.9,4
2025-07-14,E06,Germany GmbH,EUR,-401575.06,126276.75,5
2025-07-14,E06,Germany GmbH,USD,85791.23,113922.52,5
2025-07-14,E07,Germany Sales Office,EUR,88021.18,130001.08,5
2025-07-14,E07,Germany Sales Office,USD,29203.26,38579.02,3
2025-07-14,E08,Netherlands BV,EUR,-675155.87,46305.87,5
2025-07-14,E08,Netherlands BV,USD,610210.37,810251.41,5
2025-07-14,E09,UK Ltd,EUR,-269041.81,-393276.57,3
2025-07-14,E09,UK Ltd,GBP,-2517593.12,-2349520.39,5
2025-07-14,E09,UK Ltd,USD,-5002.34,-6911.79,5
2025-07-14,E10,US Inc,EUR,-335555.25,-493406.29,5
2025-07-14,E10,US Inc,USD,-2811084.58,89146.07,5
2025-07-14,E11,US West Distribution,USD,-1744989.23,-412026.07,5
2025-07-21,E01,Group Treasury HQ,CNY,-1612903.22,-301916.13,2
2025-07-21,E01,Group Treasury HQ,EUR,-1634681.91,-2379046.97,5
2025-07-21,E01,Group Treasury HQ,SGD,-1410406.0,-901182.15,6
2025-07-21,E01,Group Treasury HQ,USD,1332089.54,1772686.77,3
2025-07-21,E02,SG Operations,SGD,-5182569.59,-129680.97,6
2025-07-21,E02,SG Operations,USD,42082.51,55856.64,5
2025-07-21,E03,Shanghai Mfg,CNY,-7303745.24,-1365376.23,5
2025-07-21,E03,Shanghai Mfg,EUR,-54075.98,-78768.36,3
2025-07-21,E03,Shanghai Mfg,USD,538.39,2679.11,5
2025-07-21,E04,Shenzhen Sourcing,CNY,2801196.73,620626.63,5
2025-07-21,E04,Shenzhen Sourcing,USD,100421.75,134920.74,5
2025-07-21,E05,India Services,EUR,-403839.3,-588117.51,4
2025-07-21,E05,India Services,INR,47593164.92,592650.61,5
2025-07-21,E05,India Services,USD,307840.43,410165.69,5
2025-07-21,E06,Germany GmbH,EUR,63923.12,550143.07,5
2025-07-21,E06,Germany GmbH,USD,-56127.93,-74326.29,5
2025-07-21,E07,Germany Sales Office,EUR,-977450.14,-1692718.98,5
2025-07-21,E07,Germany Sales Office,USD,150596.69,200883.43,4
2025-07-21,E08,Netherlands BV,EUR,-2851374.98,-497655.56,5
2025-07-21,E08,Netherlands BV,USD,847048.03,1127412.16,5
2025-07-21,E09,UK Ltd,EUR,28381.15,41454.61,4
2025-07-21,E09,UK Ltd,GBP,-1095345.17,-41839.99,5
2025-07-21,E09,UK Ltd,USD,236559.8,314779.23,5
2025-07-21,E10,US Inc,EUR,56221.25,81442.63,5
2025-07-21,E10,US Inc,USD,-356535.86,448017.44,5
2025-07-21,E11,US West Distribution,USD,120031.28,371536.65,5
2025-07-28,E01,Group Treasury HQ,CNY,-80645.16,-15098.63,1
2025-07-28,E01,Group Treasury HQ,EUR,-158037.36,-229294.44,3
2025-07-28,E01,Group Treasury HQ,SGD,-759454.69,360588.45,5
2025-07-28,E01,Group Treasury HQ,USD,358208.96,478123.61,3
2025-07-28,E02,SG Operations,SGD,-2240298.45,23708.46,5
2025-07-28,E02,SG Operations,USD,-32573.16,-43689.25,4
2025-07-28,E03,Shanghai Mfg,CNY,-2385564.63,-446834.92,5
2025-07-28,E03,Shanghai Mfg,EUR,5368.64,7718.0,1
2025-07-28,E03,Shanghai Mfg,USD,-35256.94,-47057.75,4
2025-07-28,E04,Shenzhen Sourcing,CNY,-1947878.47,-473784.32,5
2025-07-28,E04,Shenzhen Sourcing,USD,91565.64,122373.52,4
2025-07-28,E05,India Services,EUR,-76788.68,-111093.89,3
2025-07-28,E05,India Services,INR,19185492.75,195130.96,5
2025-07-28,E05,India Services,USD,142542.47,190091.83,5
2025-07-28,E06,Germany GmbH,EUR,-109490.6,-392.1,5
2025-07-28,E06,Germany GmbH,USD,143015.61,190686.74,5
2025-07-28,E07,Germany Sales Office,EUR,731096.94,993293.27,5
2025-07-28,E07,Germany Sales Office,USD,152898.62,204128.24,2
2025-07-28,E08,Netherlands BV,EUR,-659363.11,-694343.6,5
2025-07-28,E08,Netherlands BV,USD,312957.56,417670.46,5
2025-07-28,E09,UK Ltd,EUR,186230.62,269002.19,4
2025-07-28,E09,UK Ltd,GBP,-691218.63,-320899.11,5
2025-07-28,E09,UK Ltd,USD,456300.27,609287.66,5
2025-07-28,E10,US Inc,EUR,91659.08,135287.45,5
2025-07-28,E10,US Inc,USD,-1428743.54,-143687.89,5
2025-07-28,E11,US West Distribution,USD,-809543.14,221551.14,5
2025-08-04,E01,Group Treasury HQ,CNY,-2822580.64,-528805.57,3
2025-08-04,E01,Group Treasury HQ,EUR,-878394.33,-1265558.52,5
2025-08-04,E01,Group Treasury HQ,GBP,-261627.91,-436744.62,1
2025-08-04,E01,Group Treasury HQ,SGD,-2495584.42,-1844132.27,6
2025-08-04,E01,Group Treasury HQ,USD,291044.77,387553.81,3
2025-08-04,E02,SG Operations,SGD,-1925226.95,-6211.45,6
2025-08-04,E02,SG Operations,USD,-33484.22,-44938.38,5
2025-08-04,E03,Shanghai Mfg,CNY,-1636969.46,-372139.83,5
2025-08-04,E03,Shanghai Mfg,EUR,28253.3,40744.53,3
2025-08-04,E03,Shanghai Mfg,USD,-68567.97,-93159.63,4
2025-08-04,E04,Shenzhen Sourcing,CNY,-2560155.78,-488545.43,5
2025-08-04,E04,Shenzhen Sourcing,USD,-94613.78,-123600.3,5
2025-08-04,E05,India Services,EUR,20997.51,30266.51,2
2025-08-04,E05,India Services,INR,169480204.4,2727025.88,5
2025-08-04,E05,India Services,USD,917465.01,1228531.19,5
2025-08-04,E06,Germany GmbH,EUR,-3294818.21,-381969.97,5
2025-08-04,E06,Germany GmbH,USD,-28474.93,-37698.55,5
2025-08-04,E07,Germany Sales Office,EUR,-321467.07,-124973.4,5
2025-08-04,E07,Germany Sales Office,USD,173376.78,232280.25,4
2025-08-04,E08,Netherlands BV,EUR,-29159.82,-64881.89,5
2025-08-04,E08,Netherlands BV,USD,1250724.27,1678408.82,5
2025-08-04,E09,UK Ltd,EUR,-201383.7,-291298.5,5
2025-08-04,E09,UK Ltd,GBP,-868000.55,426064.56,5
2025-08-04,E09,UK Ltd,USD,203001.56,271921.44,5
2025-08-04,E10,US Inc,EUR,-80574.66,-116433.58,4
2025-08-04,E10,US Inc,USD,-950736.99,949693.17,5
2025-08-04,E11,US West Distribution,USD,284129.7,418164.93,5
2025-08-11,E01,Group Treasury HQ,CNY,-5483870.97,-1026209.11,3
2025-08-11,E01,Group Treasury HQ,EUR,-1485665.75,-2152743.21,5
2025-08-11,E01,Group Treasury HQ,GBP,941860.47,1593577.05,1
2025-08-11,E01,Group Treasury HQ,SGD,-581664.29,-417642.15,6
2025-08-11,E01,Group Treasury HQ,USD,906716.42,1225498.35,3
2025-08-11,E02,SG Operations,SGD,-1562475.93,420675.78,6
2025-08-11,E02,SG Operations,USD,97365.38,131465.74,5
2025-08-11,E03,Shanghai Mfg,CNY,5982687.53,1131540.88,5
2025-08-11,E03,Shanghai Mfg,EUR,37395.18,54147.04,2
2025-08-11,E03,Shanghai Mfg,USD,6814.85,6743.92,5
2025-08-11,E04,Shenzhen Sourcing,CNY,-1851114.5,-386787.67,5
2025-08-11,E04,Shenzhen Sourcing,USD,-150467.27,-204282.21,5
2025-08-11,E05,India Services,EUR,-63989.54,-92691.53,3
2025-08-11,E05,India Services,INR,6153332.15,119782.25,5
2025-08-11,E05,India Services,USD,538727.35,726496.8,4
2025-08-11,E06,Germany GmbH,EUR,167618.03,351584.05,5
2025-08-11,E06,Germany GmbH,USD,-168286.5,-228796.88,5
2025-08-11,E07,Germany Sales Office,EUR,-624415.16,603510.36,5
2025-08-11,E07,Germany Sales Office,USD,228759.08,308406.52,3
2025-08-11,E08,Netherlands BV,EUR,-1512457.7,-243314.48,5
2025-08-11,E08,Netherlands BV,USD,941528.04,1270584.97,4
2025-08-11,E09,UK Ltd,EUR,-6743.03,-9443.27,4
2025-08-11,E09,UK Ltd,GBP,307450.57,-141926.38,5
2025-08-11,E09,UK Ltd,USD,132336.29,176827.06,4
2025-08-11,E10,US Inc,EUR,56615.48,82560.56,5
2025-08-11,E10,US Inc,USD,92437.07,1317703.79,5
2025-08-11,E11,US West Distribution,USD,-747126.55,225329.3,5
2025-08-18,E01,Group Treasury HQ,CNY,-1693548.39,-317315.08,1
2025-08-18,E01,Group Treasury HQ,EUR,-663215.23,-965836.33,5
2025-08-18,E01,Group Treasury HQ,GBP,-366279.07,-625028.13,1
2025-08-18,E01,Group Treasury HQ,SGD,-2175709.22,-847591.09,6
2025-08-18,E01,Group Treasury HQ,USD,962686.57,1312555.99,2
2025-08-18,E02,SG Operations,SGD,-5008391.03,30139.83,6
2025-08-18,E02,SG Operations,USD,-96147.66,-133238.37,4
2025-08-18,E03,Shanghai Mfg,CNY,6176008.66,1137877.71,5
2025-08-18,E03,Shanghai Mfg,EUR,-6190.46,-9055.21,2
2025-08-18,E03,Shanghai Mfg,USD,312276.25,425084.31,5
2025-08-18,E04,Shenzhen Sourcing,CNY,4435200.36,1223489.89,5
2025-08-18,E04,Shenzhen Sourcing,USD,392422.9,533874.03,5
2025-08-18,E05,India Services,EUR,1023.48,1389.64,2
2025-08-18,E05,India Services,INR,56611977.9,873899.3,5
2025-08-18,E05,India Services,USD,645166.12,877123.25,5
2025-08-18,E06,Germany GmbH,EUR,-339414.24,-295989.66,5
2025-08-18,E06,Germany GmbH,USD,405327.72,552966.36,5
2025-08-18,E07,Germany Sales Office,EUR,-124588.58,26881.41,5
2025-08-18,E07,Germany Sales Office,USD,18821.91,25574.33,4
2025-08-18,E08,Netherlands BV,EUR,-550134.55,-114329.14,5
2025-08-18,E08,Netherlands BV,USD,139168.14,191360.45,5
2025-08-18,E09,UK Ltd,EUR,35818.6,51521.32,3
2025-08-18,E09,UK Ltd,GBP,-961942.71,190444.27,5
2025-08-18,E09,UK Ltd,USD,226086.35,308084.67,4
2025-08-18,E10,US Inc,EUR,-157115.7,-233649.94,5
2025-08-18,E10,US Inc,USD,-2017673.69,605830.39,5
2025-08-18,E11,US West Distribution,USD,-426674.14,-491305.16,5
2025-08-25,E01,Group Treasury HQ,CNY,-241935.48,-45292.91,3
2025-08-25,E01,Group Treasury HQ,EUR,-2160100.05,-3195194.88,4
2025-08-25,E01,Group Treasury HQ,SGD,-16654.87,208701.56,6
2025-08-25,E01,Group Treasury HQ,USD,1309701.49,1779345.9,5
2025-08-25,E02,SG Operations,SGD,-5726772.08,-561792.29,6
2025-08-25,E02,SG Operations,USD,10506.21,14002.26,4
2025-08-25,E03,Shanghai Mfg,CNY,-2670210.92,-534888.67,5
2025-08-25,E03,Shanghai Mfg,EUR,-48456.79,-71697.34,1
2025-08-25,E03,Shanghai Mfg,USD,-157040.67,-213177.15,5
2025-08-25,E04,Shenzhen Sourcing,CNY,-6470872.8,-1324551.35,5
2025-08-25,E04,Shenzhen Sourcing,USD,-376459.46,-509114.58,5
2025-08-25,E05,India Services,EUR,161381.42,238887.75,1
2025-08-25,E05,India Services,INR,69990547.0,1157101.37,5
2025-08-25,E05,India Services,USD,494133.62,674056.7,5
2025-08-25,E06,Germany GmbH,EUR,-347898.72,-220467.82,6
2025-08-25,E06,Germany GmbH,USD,-106021.76,-142001.17,5
2025-08-25,E07,Germany Sales Office,EUR,-156930.9,9549.37,6
2025-08-25,E07,Germany Sales Office,USD,31400.31,42649.62,2
2025-08-25,E08,Netherlands BV,EUR,-243354.23,-314476.32,5
2025-08-25,E08,Netherlands BV,USD,65565.39,91002.97,5
2025-08-25,E09,UK Ltd,EUR,-176162.46,-256178.27,4
2025-08-25,E09,UK Ltd,GBP,-1111729.16,-26936.27,5
2025-08-25,E09,UK Ltd,USD,13938.85,20890.92,4
2025-08-25,E10,US Inc,EUR,270050.96,396662.56,4
2025-08-25,E10,US Inc,USD,-1047509.72,966032.15,5
2025-08-25,E11,US West Distribution,USD,209647.03,241277.91,5
2025-09-01,E01,Group Treasury HQ,CNY,-17338709.67,-3237677.9,3
2025-09-01,E01,Group Treasury HQ,EUR,-615709.01,-902621.09,5
2025-09-01,E01,Group Treasury HQ,SGD,-2464257.74,-1435802.03,6
2025-09-01,E01,Group Treasury HQ,USD,358208.95,488686.86,4
2025-09-01,E02,SG Operations,SGD,-3077326.18,1205538.24,6
2025-09-01,E02,SG Operations,USD,326461.13,443267.3,5
2025-09-01,E03,Shanghai Mfg,CNY,13693240.44,2550534.88,5
2025-09-01,E03,Shanghai Mfg,EUR,463764.92,683024.18,4
2025-09-01,E03,Shanghai Mfg,USD,71831.62,97398.61,4
2025-09-01,E04,Shenzhen Sourcing,CNY,5672267.33,1104354.36,5
2025-09-01,E04,Shenzhen Sourcing,USD,6086.69,9373.46,5
2025-09-01,E05,India Services,EUR,-82058.07,-120689.24,3
2025-09-01,E05,India Services,INR,47001362.73,1790631.17,5
2025-09-01,E05,India Services,USD,109974.39,148745.47,4
2025-09-01,E06,Germany GmbH,EUR,-10519.52,514128.46,5
2025-09-01,E06,Germany GmbH,USD,-218082.08,-297847.72,5
2025-09-01,E07,Germany Sales Office,EUR,-124605.96,-202808.52,5
2025-09-01,E07,Germany Sales Office,USD,277911.99,376883.99,4
2025-09-01,E08,Netherlands BV,EUR,-1087107.12,-56990.33,6
2025-09-01,E08,Netherlands BV,USD,170199.36,229084.74,4
2025-09-01,E09,UK Ltd,EUR,475212.65,699759.81,4
2025-09-01,E09,UK Ltd,GBP,-342140.74,-343734.59,5
2025-09-01,E09,UK Ltd,USD,595813.51,806712.19,4
2025-09-01,E10,US Inc,EUR,-187781.78,-275995.46,4
2025-09-01,E10,US Inc,USD,-893194.23,1833506.46,5
2025-09-01,E11,US West Distribution,USD,-671574.04,100221.91,5
2025-09-08,E01,Group Treasury HQ,CNY,-3548387.1,-662036.77,1
2025-09-08,E01,Group Treasury HQ,EUR,-858561.15,-1254079.8,5
2025-09-08,E01,Group Treasury HQ,GBP,-470930.23,-797043.09,2
2025-09-08,E01,Group Treasury HQ,SGD,-2426353.68,-2009000.98,6
2025-09-08,E01,Group Treasury HQ,USD,2529850.75,3456593.14,5
2025-09-08,E02,SG Operations,SGD,-2370924.25,751162.07,6
2025-09-08,E02,SG Operations,USD,154991.87,211098.66,5
2025-09-08,E03,Shanghai Mfg,CNY,-21523574.4,-3982605.64,5
2025-09-08,E03,Shanghai Mfg,EUR,-32464.52,-47012.29,3
2025-09-08,E03,Shanghai Mfg,USD,-222165.37,-303026.21,5
2025-09-08,E04,Shenzhen Sourcing,CNY,-1833031.26,-164438.09,5
2025-09-08,E04,Shenzhen Sourcing,USD,330055.64,448084.55,5
2025-09-08,E05,India Services,EUR,-33843.46,-49128.92,3
2025-09-08,E05,India Services,INR,26372037.45,409162.34,5
2025-09-08,E05,India Services,USD,278713.14,380256.37,3
2025-09-08,E06,Germany GmbH,EUR,-146216.76,-121269.8,5
2025-09-08,E06,Germany GmbH,USD,298780.56,399930.36,5
2025-09-08,E07,Germany Sales Office,EUR,-103301.44,213905.58,5
2025-09-08,E07,Germany Sales Office,USD,241401.74,328514.55,4
2025-09-08,E08,Netherlands BV,EUR,-728109.75,-148463.79,5
2025-09-08,E08,Netherlands BV,USD,704578.14,959892.01,5
2025-09-08,E09,UK Ltd,EUR,45794.8,66682.21,5
2025-09-08,E09,UK Ltd,GBP,-134185.01,446871.96,5
2025-09-08,E09,UK Ltd,USD,340850.41,464259.68,5
2025-09-08,E10,US Inc,EUR,49894.63,74881.07,5
2025-09-08,E10,US Inc,USD,-514653.44,1170643.47,5
2025-09-08,E11,US West Distribution,USD,133611.15,167714.34,5
2025-09-15,E01,Group Treasury HQ,CNY,-2258064.52,-421456.45,1
2025-09-15,E01,Group Treasury HQ,EUR,-1486931.32,-2155932.58,5
2025-09-15,E01,Group Treasury HQ,GBP,-165697.67,-282508.24,1
2025-09-15,E01,Group Treasury HQ,SGD,-599364.45,208860.53,6
2025-09-15,E01,Group Treasury HQ,USD,1589552.24,2147607.34,3
2025-09-15,E02,SG Operations,SGD,-5196919.2,-1533175.65,6
2025-09-15,E02,SG Operations,USD,-351956.54,-475419.6,5
2025-09-15,E03,Shanghai Mfg,CNY,-117978.09,-9390.99,5
2025-09-15,E03,Shanghai Mfg,EUR,60928.86,88262.01,2
2025-09-15,E03,Shanghai Mfg,USD,84122.6,113658.24,3
2025-09-15,E04,Shenzhen Sourcing,CNY,-750002.18,10338.76,5
2025-09-15,E04,Shenzhen Sourcing,USD,-119384.44,-161420.44,4
2025-09-15,E05,India Services,EUR,-73021.04,-106006.08,4
2025-09-15,E05,India Services,INR,47422525.99,698952.26,5
2025-09-15,E05,India Services,USD,-65716.18,-89639.36,5
2025-09-15,E06,Germany GmbH,EUR,257569.15,359475.39,5
2025-09-15,E06,Germany GmbH,USD,-266374.97,-360985.68,5
2025-09-15,E07,Germany Sales Office,EUR,-199112.94,-240109.66,5
2025-09-15,E07,Germany Sales Office,USD,28054.84,37908.54,3
2025-09-15,E08,Netherlands BV,EUR,-875541.22,-513741.86,5
2025-09-15,E08,Netherlands BV,USD,453321.21,612648.41,5
2025-09-15,E09,UK Ltd,EUR,329144.93,476690.7,3
2025-09-15,E09,UK Ltd,GBP,-1022337.7,175918.09,5
2025-09-15,E09,UK Ltd,USD,220337.72,297859.98,5
2025-09-15,E10,US Inc,EUR,-19905.15,-30612.87,5
2025-09-15,E10,US Inc,USD,-625541.0,1326538.45,5
2025-09-15,E11,US West Distribution,USD,-635291.87,191341.79,5
2025-09-22,E01,Group Treasury HQ,CNY,-19838709.68,-3695746.04,3
2025-09-22,E01,Group Treasury HQ,EUR,1057791.41,1536201.91,5
2025-09-22,E01,Group Treasury HQ,GBP,-784883.72,-1325342.88,1
2025-09-22,E01,Group Treasury HQ,SGD,-2885280.18,-1315576.72,6
2025-09-22,E01,Group Treasury HQ,USD,190298.5,254391.73,4
2025-09-22,E02,SG Operations,SGD,-1879366.52,667731.73,6
2025-09-22,E02,SG Operations,USD,-51927.53,-70888.02,5
2025-09-22,E03,Shanghai Mfg,CNY,9164294.82,1706513.79,5
2025-09-22,E03,Shanghai Mfg,EUR,-89800.12,-129624.06,4
2025-09-22,E03,Shanghai Mfg,USD,337990.22,457822.06,5
2025-09-22,E04,Shenzhen Sourcing,CNY,6280454.49,904693.83,5
2025-09-22,E04,Shenzhen Sourcing,USD,-78920.6,-105909.78,5
2025-09-22,E05,India Services,EUR,57755.71,83674.48,3
2025-09-22,E05,India Services,INR,13635294.76,11656.51,5
2025-09-22,E05,India Services,USD,452386.04,612009.96,5
2025-09-22,E06,Germany GmbH,EUR,-1470328.62,-481371.31,5
2025-09-22,E06,Germany GmbH,USD,468945.55,634431.02,5
2025-09-22,E07,Germany Sales Office,EUR,183234.3,228833.4,5
2025-09-22,E07,Germany Sales Office,USD,6556.33,8834.87,3
2025-09-22,E08,Netherlands BV,EUR,-417322.69,-4387.43,5
2025-09-22,E08,Netherlands BV,USD,92245.33,123848.32,5
2025-09-22,E09,UK Ltd,EUR,-189423.85,-273930.84,3
2025-09-22,E09,UK Ltd,GBP,1099382.48,2221108.3,5
2025-09-22,E09,UK Ltd,USD,240764.66,324303.08,5
2025-09-22,E10,US Inc,EUR,-64345.86,-94916.38,5
2025-09-22,E10,US Inc,USD,-2934334.7,97988.48,5
2025-09-22,E11,US West Distribution,USD,-1263275.0,131007.3,5
2025-09-29,E01,Group Treasury HQ,CNY,-1048387.1,-195192.9,1
2025-09-29,E01,Group Treasury HQ,EUR,-2213793.09,-3218296.89,4
2025-09-29,E01,Group Treasury HQ,GBP,366279.07,622640.35,1
2025-09-29,E01,Group Treasury HQ,SGD,1496557.53,1677997.99,5
2025-09-29,E01,Group Treasury HQ,USD,973880.6,1317098.72,3
2025-09-29,E02,SG Operations,SGD,-1447223.9,449570.66,5
2025-09-29,E02,SG Operations,USD,-16104.38,-21499.66,5
2025-09-29,E03,Shanghai Mfg,CNY,1350725.82,221146.35,2
2025-09-29,E03,Shanghai Mfg,EUR,-116438.92,-168973.49,1
2025-09-29,E03,Shanghai Mfg,USD,188282.2,256184.16,3
2025-09-29,E04,Shenzhen Sourcing,CNY,-1192221.13,-313564.04,2
2025-09-29,E04,Shenzhen Sourcing,USD,-119072.24,-160854.04,3
2025-09-29,E05,India Services,EUR,75929.18,112336.46,3
2025-09-29,E05,India Services,INR,52196531.5,579820.48,4
2025-09-29,E05,India Services,USD,400914.46,542284.21,3
2025-09-29,E06,Germany GmbH,EUR,2181047.47,3110290.19,4
2025-09-29,E06,Germany GmbH,USD,-568758.62,-768855.38,5
2025-09-29,E07,Germany Sales Office,EUR,1092202.97,1574519.69,4
2025-09-29,E07,Germany Sales Office,USD,215346.43,291783.09,3
2025-09-29,E08,Netherlands BV,EUR,-962889.86,-537803.3,5
2025-09-29,E08,Netherlands BV,USD,1017055.35,1376809.15,4
2025-09-29,E09,UK Ltd,EUR,174741.68,252931.24,3
2025-09-29,E09,UK Ltd,GBP,-1101954.04,-2017121.08,5
2025-09-29,E09,UK Ltd,USD,230290.2,312977.92,5
2025-09-29,E10,US Inc,EUR,370640.48,537886.63,4
2025-09-29,E10,US Inc,USD,460917.03,657025.93,5
2025-09-29,E11,US West Distribution,USD,-1011307.78,-216530.25,5
2025-10-06,E01,Group Treasury HQ,EUR,624755.17,939968.68,4
2025-10-06,E01,Group Treasury HQ,SGD,-3204011.53,-1118914.44,6
2025-10-06,E01,Group Treasury HQ,USD,1029850.74,1395466.73,3
2025-10-06,E02,SG Operations,SGD,-10063917.78,-1346290.23,6
2025-10-06,E02,SG Operations,USD,588957.78,800916.66,5
2025-10-06,E03,Shanghai Mfg,CNY,1308698.55,-158558.89,2
2025-10-06,E03,Shanghai Mfg,EUR,-74255.66,-108729.02,2
2025-10-06,E03,Shanghai Mfg,USD,-53232.27,-72005.29,2
2025-10-06,E04,Shenzhen Sourcing,CNY,5596173.82,1040624.1,2
2025-10-06,E04,Shenzhen Sourcing,USD,299834.86,407357.21,2
2025-10-06,E05,India Services,EUR,-88301.33,-129771.9,2
2025-10-06,E05,India Services,INR,33146044.95,308127.59,5
2025-10-06,E05,India Services,USD,419936.57,568871.97,4
2025-10-06,E06,Germany GmbH,EUR,-3617569.95,-2252939.59,5
2025-10-06,E06,Germany GmbH,USD,140157.68,189803.77,4
2025-10-06,E07,Germany Sales Office,EUR,-379939.03,166416.63,5
2025-10-06,E07,Germany Sales Office,USD,121554.27,164708.54,3
2025-10-06,E08,Netherlands BV,EUR,-1023147.47,37168.89,5
2025-10-06,E08,Netherlands BV,USD,350518.3,475003.86,5
2025-10-06,E09,UK Ltd,EUR,154279.25,225477.96,4
2025-10-06,E09,UK Ltd,GBP,-3077671.59,-567116.85,5
2025-10-06,E09,UK Ltd,USD,428780.02,581727.43,6
2025-10-06,E10,US Inc,EUR,-234790.22,-350600.16,5
2025-10-06,E10,US Inc,USD,-9716031.69,-950410.54,5
2025-10-06,E11,US West Distribution,USD,-2341502.1,-320440.15,5
2025-10-13,E01,Group Treasury HQ,EUR,-58929.89,-91685.61,5
2025-10-13,E01,Group Treasury HQ,GBP,-270348.84,-465742.65,1
2025-10-13,E01,Group Treasury HQ,SGD,-430554.16,1520059.34,5
2025-10-13,E01,Group Treasury HQ,USD,2731343.28,3702875.13,4
2025-10-13,E02,SG Operations,SGD,-85021.51,1684477.09,5
2025-10-13,E02,SG Operations,USD,-562068.49,-755517.53,5
2025-10-13,E03,Shanghai Mfg,CNY,2260489.09,434807.25,5
2025-10-13,E03,Shanghai Mfg,EUR,-20727.73,-30673.04,3
2025-10-13,E03,Shanghai Mfg,USD,-311869.21,-422822.45,5
2025-10-13,E04,Shenzhen Sourcing,CNY,-6837768.26,-1228427.23,5
2025-10-13,E04,Shenzhen Sourcing,USD,-306322.18,-415573.76,5
2025-10-13,E05,India Services,EUR,77053.13,111648.34,2
2025-10-13,E05,India Services,INR,28978838.39,396522.83,5
2025-10-13,E05,India Services,USD,113824.55,154112.2,3
2025-10-13,E06,Germany GmbH,EUR,-595870.05,-785678.21,5
2025-10-13,E06,Germany GmbH,USD,38554.3,51703.45,5
2025-10-13,E07,Germany Sales Office,EUR,-135814.69,-188082.95,6
2025-10-13,E07,Germany Sales Office,USD,231040.75,313674.62,4
2025-10-13,E08,Netherlands BV,EUR,-2142233.85,-60319.31,5
2025-10-13,E08,Netherlands BV,USD,-234580.19,-316245.93,5
2025-10-13,E09,UK Ltd,EUR,106652.63,155361.56,4
2025-10-13,E09,UK Ltd,GBP,-492003.55,-277701.23,5
2025-10-13,E09,UK Ltd,USD,355778.88,483260.59,5
2025-10-13,E10,US Inc,EUR,-105358.43,-149216.43,4
2025-10-13,E10,US Inc,USD,-2104052.87,-96434.08,4
2025-10-13,E11,US West Distribution,USD,-437875.41,-157064.0,4
2025-10-20,E01,Group Treasury HQ,EUR,-774084.92,-1106900.69,5
2025-10-20,E01,Group Treasury HQ,GBP,-218023.26,-380415.7,1
2025-10-20,E01,Group Treasury HQ,SGD,1602922.81,1887937.31,6
2025-10-20,E01,Group Treasury HQ,USD,615671.63,838495.05,4
2025-10-20,E02,SG Operations,SGD,-4377659.71,-1184211.12,6
2025-10-20,E02,SG Operations,USD,-72639.56,-98845.11,5
2025-10-20,E03,Shanghai Mfg,CNY,-1978388.15,-571479.59,5
2025-10-20,E03,Shanghai Mfg,EUR,37352.42,53331.71,1
2025-10-20,E03,Shanghai Mfg,USD,-234465.93,-318929.73,4
2025-10-20,E04,Shenzhen Sourcing,CNY,2370578.11,285985.36,5
2025-10-20,E04,Shenzhen Sourcing,USD,112451.67,151972.54,4
2025-10-20,E05,India Services,EUR,-26733.85,-38097.1,3
2025-10-20,E05,India Services,INR,-17431122.7,-271659.09,4
2025-10-20,E05,India Services,USD,-192842.17,-262696.46,4
2025-10-20,E06,Germany GmbH,EUR,-623105.24,-226435.1,5
2025-10-20,E06,Germany GmbH,USD,-108207.47,-147438.79,6
2025-10-20,E07,Germany Sales Office,EUR,-1929555.79,-1015374.57,5
2025-10-20,E07,Germany Sales Office,USD,-1819.14,-2803.87,5
2025-10-20,E08,Netherlands BV,EUR,-534168.89,171913.45,5
2025-10-20,E08,Netherlands BV,USD,799242.51,1086515.8,4
2025-10-20,E09,UK Ltd,EUR,120035.54,172029.14,4
2025-10-20,E09,UK Ltd,GBP,116009.59,342827.67,5
2025-10-20,E09,UK Ltd,USD,332089.49,451003.89,5
2025-10-20,E10,US Inc,EUR,74538.32,109180.96,5
2025-10-20,E10,US Inc,USD,-2401082.05,-427857.69,6
2025-10-20,E11,US West Distribution,USD,-308694.28,147863.82,5
2025-10-27,E01,Group Treasury HQ,CNY,-1693548.39,-316602.1,1
2025-10-27,E01,Group Treasury HQ,EUR,112004.62,161966.14,4
2025-10-27,E01,Group Treasury HQ,SGD,-1571965.56,-110425.45,5
2025-10-27,E01,Group Treasury HQ,USD,1970149.25,2678262.58,4
2025-10-27,E02,SG Operations,SGD,-3644586.52,-615314.18,5
2025-10-27,E02,SG Operations,USD,104243.8,142093.4,5
2025-10-27,E03,Shanghai Mfg,CNY,-2801612.49,-417411.74,5
2025-10-27,E03,Shanghai Mfg,EUR,71464.18,101241.32,4
2025-10-27,E03,Shanghai Mfg,USD,171092.51,231590.39,5
2025-10-27,E04,Shenzhen Sourcing,CNY,552673.0,35390.71,5
2025-10-27,E04,Shenzhen Sourcing,USD,-89610.58,-122160.8,4
2025-10-27,E05,India Services,EUR,-37059.41,-52571.97,2
2025-10-27,E05,India Services,INR,-13548222.48,-53855.34,5
2025-10-27,E05,India Services,USD,134279.99,182407.15,4
2025-10-27,E06,Germany GmbH,EUR,85744.31,227174.89,5
2025-10-27,E06,Germany GmbH,USD,-47343.01,-65525.21,5
2025-10-27,E07,Germany Sales Office,EUR,66423.4,120741.11,5
2025-10-27,E07,Germany Sales Office,USD,51028.74,69173.12,2
2025-10-27,E08,Netherlands BV,EUR,-1832581.11,-127104.27,5
2025-10-27,E08,Netherlands BV,USD,775242.66,1053499.31,5
2025-10-27,E09,UK Ltd,EUR,-116869.9,-166623.04,5
2025-10-27,E09,UK Ltd,GBP,-1283770.01,-360459.85,5
2025-10-27,E09,UK Ltd,USD,491273.13,667243.68,5
2025-10-27,E10,US Inc,EUR,-168319.38,-240729.55,4
2025-10-27,E10,US Inc,USD,-1683661.85,492057.84,5
2025-10-27,E11,US West Distribution,USD,-672998.74,-673307.58,5
2025-11-03,E01,Group Treasury HQ,EUR,-7280.45,-12285.71,4
2025-11-03,E01,Group Treasury HQ,GBP,-418604.65,-732201.29,2
2025-11-03,E01,Group Treasury HQ,SGD,-1109770.64,-683525.67,6
2025-11-03,E01,Group Treasury HQ,USD,638059.71,863672.78,2
2025-11-03,E02,SG Operations,SGD,-3622302.17,-81504.84,6
2025-11-03,E02,SG Operations,USD,-71007.44,-97120.19,5
2025-11-03,E03,Shanghai Mfg,CNY,-3248250.9,-572121.52,5
2025-11-03,E03,Shanghai Mfg,EUR,14919.11,21222.69,2
2025-11-03,E03,Shanghai Mfg,USD,325709.58,439614.11,4
2025-11-03,E04,Shenzhen Sourcing,CNY,-892221.37,-177832.95,5
2025-11-03,E04,Shenzhen Sourcing,USD,161696.14,218154.35,5
2025-11-03,E05,India Services,EUR,-78968.0,-112453.99,2
2025-11-03,E05,India Services,INR,29276622.63,431186.15,5
2025-11-03,E05,India Services,USD,-76119.6,-102456.7,3
2025-11-03,E06,Germany GmbH,EUR,-428375.55,-342620.49,5
2025-11-03,E06,Germany GmbH,USD,124223.31,167858.55,5
2025-11-03,E07,Germany Sales Office,EUR,-614613.14,-825809.56,5
2025-11-03,E07,Germany Sales Office,USD,203378.81,275262.13,3
2025-11-03,E08,Netherlands BV,EUR,-750549.39,-589096.43,5
2025-11-03,E08,Netherlands BV,USD,506386.08,685812.85,6
2025-11-03,E09,UK Ltd,EUR,146999.18,208805.91,2
2025-11-03,E09,UK Ltd,GBP,19921.95,520841.26,5
2025-11-03,E09,UK Ltd,USD,68443.2,93507.3,6
2025-11-03,E10,US Inc,EUR,87305.61,124193.05,5
2025-11-03,E10,US Inc,USD,-3168042.47,-492225.86,5
2025-11-03,E11,US West Distribution,USD,68564.05,458866.5,6
2025-11-10,E01,Group Treasury HQ,CNY,-5000000.0,-928450.0,1
2025-11-10,E01,Group Treasury HQ,EUR,-517241.38,-738425.1,4
2025-11-10,E01,Group Treasury HQ,SGD,2334103.97,2988601.17,6
2025-11-10,E01,Group Treasury HQ,USD,1555970.14,2072067.59,3
2025-11-10,E02,SG Operations,SGD,-1892937.13,29038.57,6
2025-11-10,E02,SG Operations,USD,152138.45,202293.65,4
2025-11-10,E03,Shanghai Mfg,CNY,-2681407.78,-502245.51,5
2025-11-10,E03,Shanghai Mfg,EUR,-67987.65,-97015.41,3
2025-11-10,E03,Shanghai Mfg,USD,-486423.4,-646966.98,2
2025-11-10,E04,Shenzhen Sourcing,CNY,-6153315.37,-1095977.16,5
2025-11-10,E04,Shenzhen Sourcing,USD,389438.92,517467.5,4
2025-11-10,E05,India Services,EUR,30379.21,43321.7,1
2025-11-10,E05,India Services,INR,-10513258.91,-100698.02,5
2025-11-10,E05,India Services,USD,15252.51,20108.91,4
2025-11-10,E06,Germany GmbH,EUR,-470843.66,27318.93,5
2025-11-10,E06,Germany GmbH,USD,-160184.88,-209662.53,5
2025-11-10,E07,Germany Sales Office,EUR,183021.63,252000.72,5
2025-11-10,E07,Germany Sales Office,USD,438485.98,585098.05,3
2025-11-10,E08,Netherlands BV,EUR,-2657372.47,-394686.76,5
2025-11-10,E08,Netherlands BV,USD,525823.7,702718.97,5
2025-11-10,E09,UK Ltd,EUR,236209.15,337172.15,3
2025-11-10,E09,UK Ltd,GBP,-944206.09,-426776.67,5
2025-11-10,E09,UK Ltd,USD,31879.44,43058.87,5
2025-11-10,E10,US Inc,EUR,121298.7,173016.81,4
2025-11-10,E10,US Inc,USD,-853741.49,668188.01,4
2025-11-10,E11,US West Distribution,USD,124886.04,443828.19,4
2025-11-17,E01,Group Treasury HQ,CNY,-5241935.49,-976142.74,1
2025-11-17,E01,Group Treasury HQ,EUR,-1164977.85,-1658860.77,5
2025-11-17,E01,Group Treasury HQ,GBP,-549418.61,-956628.65,2
2025-11-17,E01,Group Treasury HQ,SGD,-174244.31,277319.99,6
2025-11-17,E01,Group Treasury HQ,USD,1947761.19,2570045.99,3
2025-11-17,E02,SG Operations,SGD,-1897690.91,79592.78,6
2025-11-17,E02,SG Operations,USD,-169079.22,-224186.82,5
2025-11-17,E03,Shanghai Mfg,CNY,154396.29,54279.96,5
2025-11-17,E03,Shanghai Mfg,EUR,120330.96,171554.28,3
2025-11-17,E03,Shanghai Mfg,USD,298261.61,394300.78,5
2025-11-17,E04,Shenzhen Sourcing,CNY,3537042.38,677728.69,5
2025-11-17,E04,Shenzhen Sourcing,USD,-526483.46,-692675.31,4
2025-11-17,E05,India Services,EUR,164.99,255.71,2
2025-11-17,E05,India Services,INR,116244911.49,1798468.31,5
2025-11-17,E05,India Services,USD,23165.35,30706.43,5
2025-11-17,E06,Germany GmbH,EUR,-1754294.59,-8716.42,5
2025-11-17,E06,Germany GmbH,USD,-30813.7,-38218.1,5
2025-11-17,E07,Germany Sales Office,EUR,-211919.41,-287519.51,5
2025-11-17,E07,Germany Sales Office,USD,-69141.24,-90911.75,2
2025-11-17,E08,Netherlands BV,EUR,333120.28,548448.67,5
2025-11-17,E08,Netherlands BV,USD,173855.74,229869.26,5
2025-11-17,E09,UK Ltd,EUR,-116055.7,-163958.51,3
2025-11-17,E09,UK Ltd,GBP,-475098.6,1083420.0,5
2025-11-17,E09,UK Ltd,USD,871325.56,1152134.59,5
2025-11-17,E10,US Inc,EUR,225496.4,323200.43,5
2025-11-17,E10,US Inc,USD,-5770921.85,-1074673.57,5
2025-11-17,E11,US West Distribution,USD,-680401.39,-55784.82,5
2025-11-24,E01,Group Treasury HQ,CNY,-161290.32,-29965.65,1
2025-11-24,E01,Group Treasury HQ,EUR,-1824040.88,-2574378.01,4
2025-11-24,E01,Group Treasury HQ,GBP,-1787790.7,-3095366.51,1
2025-11-24,E01,Group Treasury HQ,SGD,-1464019.6,-493762.94,6
2025-11-24,E01,Group Treasury HQ,USD,951492.54,1267567.39,2
2025-11-24,E02,SG Operations,SGD,-2811493.18,-52754.37,6
2025-11-24,E02,SG Operations,USD,303750.52,403489.03,5
2025-11-24,E03,Shanghai Mfg,CNY,1890564.26,321996.67,5
2025-11-24,E03,Shanghai Mfg,EUR,-177718.65,-248663.95,3
2025-11-24,E03,Shanghai Mfg,USD,-281686.43,-375887.91,5
2025-11-24,E04,Shenzhen Sourcing,CNY,-4296256.53,-658400.81,5
2025-11-24,E04,Shenzhen Sourcing,USD,-93849.85,-125625.66,4
2025-11-24,E05,India Services,EUR,-51711.6,-72605.83,2
2025-11-24,E05,India Services,INR,156160360.88,2726714.99,5
2025-11-24,E05,India Services,USD,380640.15,506788.25,4
2025-11-24,E06,Germany GmbH,EUR,-4327142.56,177853.38,5
2025-11-24,E06,Germany GmbH,USD,-3784.09,-5480.54,5
2025-11-24,E07,Germany Sales Office,EUR,-31649.69,-45634.88,5
2025-11-24,E07,Germany Sales Office,USD,151597.82,201619.91,4
2025-11-24,E08,Netherlands BV,EUR,-8237320.46,-848233.51,5
2025-11-24,E08,Netherlands BV,USD,328078.58,436172.56,5
2025-11-24,E09,UK Ltd,EUR,10974.3,15439.55,2
2025-11-24,E09,UK Ltd,GBP,-2198765.76,1906714.47,5
2025-11-24,E09,UK Ltd,USD,354108.34,471410.73,5
2025-11-24,E10,US Inc,EUR,-150078.12,-206429.55,3
2025-11-24,E10,US Inc,USD,-2743953.75,-347511.4,5
2025-11-24,E11,US West Distribution,USD,-1477134.41,-392265.39,4
2025-12-01,E01,Group Treasury HQ,CNY,-2500000.0,-466445.0,1
2025-12-01,E01,Group Treasury HQ,EUR,-1471679.32,-2070317.7,5
2025-12-01,E01,Group Treasury HQ,SGD,-1274497.88,-257845.85,6
2025-12-01,E01,Group Treasury HQ,USD,1555970.14,2062249.88,3
2025-12-01,E02,SG Operations,SGD,-3138566.51,677810.87,6
2025-12-01,E02,SG Operations,USD,-51875.19,-70016.61,5
2025-12-01,E03,Shanghai Mfg,CNY,3529729.07,905260.59,5
2025-12-01,E03,Shanghai Mfg,EUR,86705.09,121823.67,1
2025-12-01,E03,Shanghai Mfg,USD,-16103.94,-19220.79,4
2025-12-01,E04,Shenzhen Sourcing,CNY,-1510453.55,-449343.24,5
2025-12-01,E04,Shenzhen Sourcing,USD,109341.02,145771.23,4
2025-12-01,E05,India Services,EUR,99799.13,140253.21,3
2025-12-01,E05,India Services,INR,54478174.28,902385.99,5
2025-12-01,E05,India Services,USD,451317.18,597156.52,5
2025-12-01,E06,Germany GmbH,EUR,1000890.93,1409400.76,5
2025-12-01,E06,Germany GmbH,USD,-50898.09,-62700.94,5
2025-12-01,E07,Germany Sales Office,EUR,-55401.67,75311.46,5
2025-12-01,E07,Germany Sales Office,USD,88131.89,120383.84,4
2025-12-01,E08,Netherlands BV,EUR,-2485257.39,-1017398.16,5
2025-12-01,E08,Netherlands BV,USD,2066162.14,2750411.67,5
2025-12-01,E09,UK Ltd,EUR,76406.75,107205.24,3
2025-12-01,E09,UK Ltd,GBP,-1613046.48,-2732965.7,5
2025-12-01,E09,UK Ltd,USD,375014.32,499349.36,5
2025-12-01,E10,US Inc,EUR,31301.59,41345.27,5
2025-12-01,E10,US Inc,USD,-1944559.55,276589.98,5
2025-12-01,E11,US West Distribution,USD,450203.8,661739.84,5
2025-12-08,E01,Group Treasury HQ,CNY,-3870967.74,-720437.42,1
2025-12-08,E01,Group Treasury HQ,EUR,748522.39,1056911.93,4
2025-12-08,E01,Group Treasury HQ,GBP,-165697.67,-287230.29,1
2025-12-08,E01,Group Treasury HQ,SGD,535640.6,1338897.78,5
2025-12-08,E01,Group Treasury HQ,USD,2507462.69,3286859.95,3
2025-12-08,E02,SG Operations,SGD,-6304476.08,-128919.83,5
2025-12-08,E02,SG Operations,USD,-294428.31,-384949.25,5
2025-12-08,E03,Shanghai Mfg,CNY,-4615430.15,-904747.93,5
2025-12-08,E03,Shanghai Mfg,EUR,-114975.96,-162187.96,1
2025-12-08,E03,Shanghai Mfg,USD,466170.03,607269.1,4
2025-12-08,E04,Shenzhen Sourcing,CNY,3185186.51,849646.08,5
2025-12-08,E04,Shenzhen Sourcing,USD,-121098.8,-155630.94,4
2025-12-08,E05,India Services,EUR,13848.13,19634.84,3
2025-12-08,E05,India Services,INR,29012928.41,361541.23,5
2025-12-08,E05,India Services,USD,396457.09,519504.47,4
2025-12-08,E06,Germany GmbH,EUR,-372944.56,-409735.91,5
2025-12-08,E06,Germany GmbH,USD,262117.92,344132.88,4
2025-12-08,E07,Germany Sales Office,EUR,340025.15,477522.66,5
2025-12-08,E07,Germany Sales Office,USD,124540.83,163253.55,4
2025-12-08,E08,Netherlands BV,EUR,-424183.26,70192.51,5
2025-12-08,E08,Netherlands BV,USD,462805.88,605459.56,6
2025-12-08,E09,UK Ltd,EUR,-177096.34,-250940.82,3
2025-12-08,E09,UK Ltd,GBP,-577639.83,-23647.36,5
2025-12-08,E09,UK Ltd,USD,190998.94,256110.4,5
2025-12-08,E10,US Inc,EUR,-171301.41,-242224.1,5
2025-12-08,E10,US Inc,USD,-2296102.65,169945.5,5
2025-12-08,E11,US West Distribution,USD,-383642.19,126078.26,5
2025-12-15,E01,Group Treasury HQ,CNY,-241935.48,-45011.13,2
2025-12-15,E01,Group Treasury HQ,EUR,-1943432.84,-2732320.2,4
2025-12-15,E01,Group Treasury HQ,GBP,-784883.73,-1356791.01,3
2025-12-15,E01,Group Treasury HQ,SGD,-1285623.09,-761801.65,6
2025-12-15,E01,Group Treasury HQ,USD,1186567.15,1542966.67,3
2025-12-15,E02,SG Operations,SGD,-1878013.02,910806.07,6
2025-12-15,E02,SG Operations,USD,155057.79,200739.29,5
2025-12-15,E03,Shanghai Mfg,CNY,2756030.48,539329.11,5
2025-12-15,E03,Shanghai Mfg,EUR,-25376.37,-35888.44,2
2025-12-15,E03,Shanghai Mfg,USD,-467500.42,-610561.42,5
2025-12-15,E04,Shenzhen Sourcing,CNY,-1551446.24,-272968.92,5
2025-12-15,E04,Shenzhen Sourcing,USD,59157.7,77952.09,5
2025-12-15,E05,India Services,EUR,-37116.5,-52194.19,1
2025-12-15,E05,India Services,INR,32316106.22,502785.67,5
2025-12-15,E05,India Services,USD,610774.54,793190.71,3
2025-12-15,E06,Germany GmbH,EUR,983043.57,1505986.26,6
2025-12-15,E06,Germany GmbH,USD,-68953.82,-92346.21,4
2025-12-15,E07,Germany Sales Office,EUR,-481507.85,-680859.59,5
2025-12-15,E07,Germany Sales Office,USD,513223.14,667440.52,4
2025-12-15,E08,Netherlands BV,EUR,-1029370.37,-1114278.73,5
2025-12-15,E08,Netherlands BV,USD,488965.19,635505.97,5
2025-12-15,E09,UK Ltd,EUR,413434.25,586883.96,3
2025-12-15,E09,UK Ltd,GBP,-1135483.59,1413391.68,5
2025-12-15,E09,UK Ltd,USD,394353.69,513790.52,5
2025-12-15,E10,US Inc,EUR,-126630.42,-175887.75,5
2025-12-15,E10,US Inc,USD,-4354625.15,-798636.75,5
2025-12-15,E11,US West Distribution,USD,-119239.55,220302.83,5
2025-12-22,E01,Group Treasury HQ,CNY,-14516129.03,-2714078.23,2
2025-12-22,E01,Group Treasury HQ,EUR,691155.79,977773.34,3
2025-12-22,E01,Group Treasury HQ,SGD,-2401111.97,-1483561.25,5
2025-12-22,E01,Group Treasury HQ,USD,783582.08,1025522.31,4
2025-12-22,E02,SG Operations,SGD,-3094858.02,699142.15,5
2025-12-22,E02,SG Operations,USD,-8302.57,-8056.03,4
2025-12-22,E03,Shanghai Mfg,CNY,978296.41,191648.44,5
2025-12-22,E03,Shanghai Mfg,EUR,98069.64,138698.79,2
2025-12-22,E03,Shanghai Mfg,USD,89817.45,108479.43,5
2025-12-22,E04,Shenzhen Sourcing,CNY,8933752.26,1846862.17,5
2025-12-22,E04,Shenzhen Sourcing,USD,2627.55,-1804.98,5
2025-12-22,E05,India Services,EUR,51970.53,73421.73,1
2025-12-22,E05,India Services,INR,36467987.6,513905.15,5
2025-12-22,E05,India Services,USD,227048.36,296940.17,4
2025-12-22,E06,Germany GmbH,EUR,-7521417.32,-1258606.14,3
2025-12-22,E06,Germany GmbH,USD,119977.71,156934.49,3
2025-12-22,E07,Germany Sales Office,EUR,-1541822.02,-896884.91,4
2025-12-22,E07,Germany Sales Office,USD,10530.22,13687.73,1
2025-12-22,E08,Netherlands BV,EUR,-158572.08,209423.62,3
2025-12-22,E08,Netherlands BV,USD,480010.88,625745.74,3
2025-12-22,E09,UK Ltd,EUR,168765.57,238851.15,3
2025-12-22,E09,UK Ltd,GBP,-3170940.11,-1076061.62,3
2025-12-22,E09,UK Ltd,USD,-127855.93,-167614.12,3
2025-12-22,E10,US Inc,EUR,136990.97,194839.47,3
2025-12-22,E10,US Inc,USD,-1040031.77,392711.82,4
2025-12-22,E11,US West Distribution,USD,-3911557.09,-636492.75,4
2025-12-29,E01,Group Treasury HQ,EUR,1385916.18,1966030.45,4
2025-12-29,E01,Group Treasury HQ,GBP,-235465.12,-400672.62,1
2025-12-29,E01,Group Treasury HQ,SGD,-1459377.3,-481895.98,5
2025-12-29,E01,Group Treasury HQ,USD,1600746.26,2110826.91,2
2025-12-29,E02,SG Operations,SGD,-4172005.63,-1587651.52,6
2025-12-29,E02,SG Operations,USD,-86633.5,-115038.07,3
2025-12-29,E03,Shanghai Mfg,CNY,-4152739.59,-806243.76,3
2025-12-29,E03,Shanghai Mfg,EUR,-127277.79,-180476.65,3
2025-12-29,E03,Shanghai Mfg,USD,-69243.25,-91461.43,3
2025-12-29,E04,Shenzhen Sourcing,CNY,-4870169.22,-1117211.36,3
2025-12-29,E04,Shenzhen Sourcing,USD,180499.2,238117.87,3
2025-12-29,E05,India Services,EUR,29387.14,41623.75,3
2025-12-29,E05,India Services,INR,127594939.76,2019376.36,5
2025-12-29,E05,India Services,USD,173927.56,229528.79,3
2025-12-29,E06,Germany GmbH,EUR,-1143292.53,-1152690.37,4
2025-12-29,E06,Germany GmbH,USD,-327104.72,-431211.96,2
2025-12-29,E07,Germany Sales Office,EUR,-709305.64,-964495.7,4
2025-12-29,E07,Germany Sales Office,USD,338769.33,446264.6,2
2025-12-29,E08,Netherlands BV,EUR,-208315.19,-198319.38,4
2025-12-29,E08,Netherlands BV,USD,937108.55,1236158.05,4
2025-12-29,E09,UK Ltd,EUR,-415737.25,-590951.84,4
2025-12-29,E09,UK Ltd,GBP,-1598557.29,-507324.61,4
2025-12-29,E09,UK Ltd,USD,435822.38,574296.37,3
2025-12-29,E10,US Inc,EUR,62050.38,86828.84,4
2025-12-29,E10,US Inc,USD,-3678098.55,103614.07,4
2025-12-29,E11,US West Distribution,USD,-1012805.69,-180705.69,4
2026-01-05,E01,Group Treasury HQ,EUR,1015581.93,1464945.12,4
2026-01-05,E01,Group Treasury HQ,SGD,-210742.62,165643.82,6
2026-01-05,E01,Group Treasury HQ,USD,2294776.11,3026250.63,4
2026-01-05,E02,SG Operations,SGD,-5210424.53,104147.56,6
2026-01-05,E02,SG Operations,USD,187445.85,247828.23,5
2026-01-05,E03,Shanghai Mfg,CNY,3960091.12,804733.19,5
2026-01-05,E03,Shanghai Mfg,EUR,-142824.25,-205683.24,3
2026-01-05,E03,Shanghai Mfg,USD,125332.18,166321.65,5
2026-01-05,E04,Shenzhen Sourcing,CNY,-3285122.33,-594150.85,5
2026-01-05,E04,Shenzhen Sourcing,USD,441954.47,586272.05,5
2026-01-05,E05,India Services,EUR,127.48,204.13,2
2026-01-05,E05,India Services,INR,21451296.65,430352.05,5
2026-01-05,E05,India Services,USD,300660.04,397145.5,4
2026-01-05,E06,Germany GmbH,EUR,-1734632.1,-478205.38,5
2026-01-05,E06,Germany GmbH,USD,40726.7,54830.53,5
2026-01-05,E07,Germany Sales Office,EUR,-192161.87,125022.02,5
2026-01-05,E07,Germany Sales Office,USD,444122.26,587666.14,4
2026-01-05,E08,Netherlands BV,EUR,-865019.07,-460594.89,5
2026-01-05,E08,Netherlands BV,USD,528649.2,698843.34,5
2026-01-05,E09,UK Ltd,EUR,41234.1,58859.66,3
2026-01-05,E09,UK Ltd,GBP,-248475.87,512985.26,5
2026-01-05,E09,UK Ltd,USD,422405.43,558640.39,5
2026-01-05,E10,US Inc,EUR,-129012.82,-194487.69,5
2026-01-05,E10,US Inc,USD,-1330939.67,1207465.52,5
2026-01-05,E11,US West Distribution,USD,-579446.33,194181.72,5
2026-01-12,E01,Group Treasury HQ,CNY,-4032258.06,-752903.23,1
2026-01-12,E01,Group Treasury HQ,EUR,-1334040.92,-1915232.41,5
2026-01-12,E01,Group Treasury HQ,SGD,-125862.09,747322.41,5
2026-01-12,E01,Group Treasury HQ,USD,1063432.83,1400747.15,3
2026-01-12,E02,SG Operations,SGD,-2382761.76,-505847.54,5
2026-01-12,E02,SG Operations,USD,283191.18,378612.39,5
2026-01-12,E03,Shanghai Mfg,CNY,-3124530.7,-573404.8,5
2026-01-12,E03,Shanghai Mfg,EUR,-96510.6,-137368.9,2
2026-01-12,E03,Shanghai Mfg,USD,47025.77,61242.23,5
2026-01-12,E04,Shenzhen Sourcing,CNY,-665084.12,-132593.04,5
2026-01-12,E04,Shenzhen Sourcing,USD,-474960.16,-625599.61,5
2026-01-12,E05,India Services,EUR,177566.52,258725.14,3
2026-01-12,E05,India Services,INR,89766033.09,1418946.71,5
2026-01-12,E05,India Services,USD,363970.4,479936.81,3
2026-01-12,E06,Germany GmbH,EUR,-334505.95,267590.19,5
2026-01-12,E06,Germany GmbH,USD,200161.45,263652.36,5
2026-01-12,E07,Germany Sales Office,EUR,-1624282.37,-478250.07,5
2026-01-12,E07,Germany Sales Office,USD,387212.85,512256.8,3
2026-01-12,E08,Netherlands BV,EUR,-424371.0,-431267.53,5
2026-01-12,E08,Netherlands BV,USD,821548.04,1084876.74,5
2026-01-12,E09,UK Ltd,EUR,283827.57,411823.3,3
2026-01-12,E09,UK Ltd,GBP,-22052.61,459192.86,5
2026-01-12,E09,UK Ltd,USD,362554.09,478564.18,5
2026-01-12,E10,US Inc,EUR,1202160.51,1714573.44,5
2026-01-12,E10,US Inc,USD,-2028564.38,652275.87,5
2026-01-12,E11,US West Distribution,USD,-412837.38,268684.13,5
2026-01-19,E01,Group Treasury HQ,CNY,-5725806.45,-1070135.08,2
2026-01-19,E01,Group Treasury HQ,EUR,93124.03,133048.23,3
2026-01-19,E01,Group Treasury HQ,SGD,-24677.66,377794.98,6
2026-01-19,E01,Group Treasury HQ,USD,537313.43,716467.8,2
2026-01-19,E02,SG Operations,SGD,-3550663.56,-288501.26,6
2026-01-19,E02,SG Operations,USD,-162420.74,-217956.22,5
2026-01-19,E03,Shanghai Mfg,CNY,-437907.42,-101324.68,5
2026-01-19,E03,Shanghai Mfg,EUR,17905.81,25393.45,2
2026-01-19,E03,Shanghai Mfg,USD,-159152.21,-212061.94,5
2026-01-19,E04,Shenzhen Sourcing,CNY,2914646.96,1001262.85,5
2026-01-19,E04,Shenzhen Sourcing,USD,-92670.37,-122862.04,4
2026-01-19,E05,India Services,EUR,-35102.46,-49995.78,2
2026-01-19,E05,India Services,INR,61079985.22,990210.24,5
2026-01-19,E05,India Services,USD,69358.0,92134.85,4
2026-01-19,E06,Germany GmbH,EUR,-398349.14,270074.38,5
2026-01-19,E06,Germany GmbH,USD,74350.24,98432.02,5
2026-01-19,E07,Germany Sales Office,EUR,19609.64,141201.87,5
2026-01-19,E07,Germany Sales Office,USD,346871.85,460608.28,3
2026-01-19,E08,Netherlands BV,EUR,-2872339.37,414517.07,5
2026-01-19,E08,Netherlands BV,USD,811131.11,1079346.92,5
2026-01-19,E09,UK Ltd,EUR,113424.09,161346.99,4
2026-01-19,E09,UK Ltd,GBP,-523061.14,-192372.18,5
2026-01-19,E09,UK Ltd,USD,270228.03,358912.68,5
2026-01-19,E10,US Inc,EUR,-1243468.83,-1777987.61,4
2026-01-19,E10,US Inc,USD,-1762956.87,163203.59,5
2026-01-19,E11,US West Distribution,USD,862520.63,1386035.2,4
2026-01-26,E01,Group Treasury HQ,CNY,-2338709.68,-437549.19,1
2026-01-26,E01,Group Treasury HQ,EUR,300628.21,430944.66,4
2026-01-26,E01,Group Treasury HQ,SGD,-1429592.26,522234.27,5
2026-01-26,E01,Group Treasury HQ,USD,2328358.21,3087291.34,4
2026-01-26,E02,SG Operations,SGD,-2996071.68,-36677.29,5
2026-01-26,E02,SG Operations,USD,-64429.63,-86629.38,5
2026-01-26,E03,Shanghai Mfg,CNY,-1830984.65,-380898.63,5
2026-01-26,E03,Shanghai Mfg,EUR,-51811.2,-73731.55,2
2026-01-26,E03,Shanghai Mfg,USD,220800.79,292085.0,3
2026-01-26,E04,Shenzhen Sourcing,CNY,2489266.5,643311.32,5
2026-01-26,E04,Shenzhen Sourcing,USD,-94168.84,-122620.06,5
2026-01-26,E05,India Services,EUR,20238.68,28927.52,2
2026-01-26,E05,India Services,INR,85465577.04,1401433.82,4
2026-01-26,E05,India Services,USD,-413171.58,-544554.48,4
2026-01-26,E06,Germany GmbH,EUR,-474122.08,-291857.95,5
2026-01-26,E06,Germany GmbH,USD,-123202.57,-160885.09,5
2026-01-26,E07,Germany Sales Office,EUR,-468036.38,-302451.0,5
2026-01-26,E07,Germany Sales Office,USD,65270.75,86535.57,4
2026-01-26,E08,Netherlands BV,EUR,-1061962.84,-129500.02,5
2026-01-26,E08,Netherlands BV,USD,497885.9,660386.63,5
2026-01-26,E09,UK Ltd,EUR,181878.65,258716.05,4
2026-01-26,E09,UK Ltd,GBP,-77277.61,-148076.78,5
2026-01-26,E09,UK Ltd,USD,387335.63,512415.16,4
2026-01-26,E10,US Inc,EUR,159901.65,227360.09,5
2026-01-26,E10,US Inc,USD,-1666657.05,-21720.57,5
2026-01-26,E11,US West Distribution,USD,-344773.36,-283885.9,5
2026-02-02,E01,Group Treasury HQ,EUR,-472347.33,-678613.08,5
2026-02-02,E01,Group Treasury HQ,SGD,-1770138.53,-406865.38,5
2026-02-02,E01,Group Treasury HQ,USD,-246268.65,-329885.98,4
2026-02-02,E02,SG Operations,SGD,-910916.89,579378.93,5
2026-02-02,E02,SG Operations,USD,-206932.56,-274237.97,5
2026-02-02,E03,Shanghai Mfg,CNY,-1864312.02,-335577.17,5
2026-02-02,E03,Shanghai Mfg,EUR,-204367.65,-294032.27,2
2026-02-02,E03,Shanghai Mfg,USD,-248853.29,-329762.66,4
2026-02-02,E04,Shenzhen Sourcing,CNY,-5330379.31,-835228.57,5
2026-02-02,E04,Shenzhen Sourcing,USD,156432.98,207684.63,4
2026-02-02,E05,India Services,EUR,376.25,178.69,2
2026-02-02,E05,India Services,INR,20594433.74,351935.86,5
2026-02-02,E05,India Services,USD,738069.28,982077.56,4
2026-02-02,E06,Germany GmbH,EUR,257466.37,485849.61,5
2026-02-02,E06,Germany GmbH,USD,90313.14,119489.2,4
2026-02-02,E07,Germany Sales Office,EUR,-129313.73,-175618.76,5
2026-02-02,E07,Germany Sales Office,USD,138360.71,183683.91,2
2026-02-02,E08,Netherlands BV,EUR,-2013732.12,-634994.64,5
2026-02-02,E08,Netherlands BV,USD,537860.52,713732.91,5
2026-02-02,E09,UK Ltd,EUR,-140929.16,-200804.3,5
2026-02-02,E09,UK Ltd,GBP,-1365705.2,-386027.06,5
2026-02-02,E09,UK Ltd,USD,200822.51,266371.15,5
2026-02-02,E10,US Inc,EUR,-14643.08,-25219.35,5
2026-02-02,E10,US Inc,USD,-3463450.47,331360.59,5
2026-02-02,E11,US West Distribution,USD,-83247.39,-26504.78,5
2026-02-09,E01,Group Treasury HQ,CNY,-22419354.83,-4156835.0,4
2026-02-09,E01,Group Treasury HQ,EUR,-178017.9,-258711.35,5
2026-02-09,E01,Group Treasury HQ,SGD,-2294011.29,-1111792.49,5
2026-02-09,E01,Group Treasury HQ,USD,1679104.49,2226021.26,4
2026-02-09,E02,SG Operations,SGD,-3128900.32,8731.2,5
2026-02-09,E02,SG Operations,USD,247630.96,329633.23,4
2026-02-09,E03,Shanghai Mfg,CNY,6319003.64,1069819.21,5
2026-02-09,E03,Shanghai Mfg,EUR,-1064698.56,-1536640.71,5
2026-02-09,E03,Shanghai Mfg,USD,6578.82,7753.3,4
2026-02-09,E04,Shenzhen Sourcing,CNY,-2922440.38,-729716.68,5
2026-02-09,E04,Shenzhen Sourcing,USD,-85027.57,-113351.25,5
2026-02-09,E05,India Services,EUR,913.56,1190.74,3
2026-02-09,E05,India Services,INR,45741549.44,657376.98,5
2026-02-09,E05,India Services,USD,63538.51,84275.72,4
2026-02-09,E06,Germany GmbH,EUR,-541299.72,-667846.72,5
2026-02-09,E06,Germany GmbH,USD,-83150.85,-110475.57,5
2026-02-09,E07,Germany Sales Office,EUR,-881389.24,-124847.93,5
2026-02-09,E07,Germany Sales Office,USD,106334.0,140912.73,3
2026-02-09,E08,Netherlands BV,EUR,-857325.4,-512495.83,5
2026-02-09,E08,Netherlands BV,USD,480334.71,636606.98,5
2026-02-09,E09,UK Ltd,EUR,239671.39,346070.75,4
2026-02-09,E09,UK Ltd,GBP,-151723.75,227905.88,5
2026-02-09,E09,UK Ltd,USD,133646.54,176658.82,5
2026-02-09,E10,US Inc,EUR,-32653.1,-48098.42,5
2026-02-09,E10,US Inc,USD,-4351206.02,712504.75,5
2026-02-09,E11,US West Distribution,USD,-617493.29,-434197.98,5
2026-02-16,E01,Group Treasury HQ,EUR,-1524551.31,-2188616.85,5
2026-02-16,E01,Group Treasury HQ,SGD,-74304.52,-104841.82,3
2026-02-16,E01,Group Treasury HQ,USD,-145522.39,-193138.1,2
2026-02-16,E02,SG Operations,SGD,654858.08,836962.51,3
2026-02-16,E02,SG Operations,USD,134241.5,178932.94,2
2026-02-16,E03,Shanghai Mfg,USD,-3864.26,-5144.35,1
2026-02-16,E05,India Services,EUR,-76854.01,-110378.42,2
2026-02-16,E05,India Services,INR,46861879.08,705216.09,5
2026-02-16,E05,India Services,USD,14883.58,19893.26,4
2026-02-16,E06,Germany GmbH,EUR,515752.21,590384.53,5
2026-02-16,E06,Germany GmbH,USD,24530.23,29604.94,5
2026-02-16,E07,Germany Sales Office,EUR,56601.15,76765.92,5
2026-02-16,E07,Germany Sales Office,USD,224626.5,300161.24,2
2026-02-16,E08,Netherlands BV,EUR,-62340.74,-52994.31,5
2026-02-16,E08,Netherlands BV,USD,322311.4,428995.9,5
2026-02-16,E09,UK Ltd,EUR,-23040.02,-32914.99,3
2026-02-16,E09,UK Ltd,GBP,337293.33,294581.91,5
2026-02-16,E09,UK Ltd,USD,570310.76,760493.93,5
2026-02-16,E10,US Inc,EUR,110516.34,158363.69,5
2026-02-16,E10,US Inc,USD,781989.27,1044236.21,4
2026-02-16,E11,US West Distribution,USD,315906.95,385934.69,5
2026-02-23,E01,Group Treasury HQ,EUR,-836365.59,-1192882.44,4
2026-02-23,E01,Group Treasury HQ,SGD,-3384145.16,-2560446.32,6
2026-02-23,E01,Group Treasury HQ,USD,4085820.9,5431645.8,2
2026-02-23,E02,SG Operations,SGD,-10367852.11,635583.91,6
2026-02-23,E02,SG Operations,USD,4166.47,6108.88,5
2026-02-23,E03,Shanghai Mfg,CNY,-288884.53,77313.52,4
2026-02-23,E03,Shanghai Mfg,EUR,296982.47,423991.55,4
2026-02-23,E03,Shanghai Mfg,USD,190412.4,252314.03,3
2026-02-23,E04,Shenzhen Sourcing,CNY,7655072.8,1411511.98,4
2026-02-23,E04,Shenzhen Sourcing,USD,250261.88,331621.52,3
2026-02-23,E05,India Services,EUR,20519.58,29252.93,3
2026-02-23,E05,India Services,INR,25471173.61,408279.5,5
2026-02-23,E05,India Services,USD,473893.17,629959.37,5
2026-02-23,E06,Germany GmbH,EUR,-2376663.67,618144.76,5
2026-02-23,E06,Germany GmbH,USD,-57996.09,-75375.88,5
2026-02-23,E07,Germany Sales Office,EUR,217160.89,272693.66,5
2026-02-23,E07,Germany Sales Office,USD,289209.19,385206.71,3
2026-02-23,E08,Netherlands BV,EUR,-881219.3,-356875.27,5
2026-02-23,E08,Netherlands BV,USD,446375.32,596795.22,5
2026-02-23,E09,UK Ltd,EUR,573778.56,818303.31,3
2026-02-23,E09,UK Ltd,GBP,-2408417.23,-740209.68,5
2026-02-23,E09,UK Ltd,USD,530397.92,706479.55,5
2026-02-23,E10,US Inc,EUR,-115258.6,-164538.39,5
2026-02-23,E10,US Inc,USD,-7195549.58,-875182.88,5
2026-02-23,E11,US West Distribution,USD,-445404.06,166671.24,5
2026-03-02,E01,Group Treasury HQ,EUR,-13649.53,-19580.94,4
2026-03-02,E01,Group Treasury HQ,GBP,-680232.56,-1231178.08,1
2026-03-02,E01,Group Treasury HQ,SGD,-538035.68,-297701.51,6
2026-03-02,E01,Group Treasury HQ,USD,1970149.25,2599494.07,4
2026-03-02,E02,SG Operations,SGD,-11536330.56,-825620.8,6
2026-03-02,E02,SG Operations,USD,531138.34,699297.29,5
2026-03-02,E03,Shanghai Mfg,CNY,-73937.96,-105487.2,5
2026-03-02,E03,Shanghai Mfg,EUR,212472.35,303613.24,4
2026-03-02,E03,Shanghai Mfg,USD,-176968.99,-233437.97,4
2026-03-02,E04,Shenzhen Sourcing,CNY,-40353.95,-26337.07,5
2026-03-02,E04,Shenzhen Sourcing,USD,-286489.52,-377818.58,5
2026-03-02,E05,India Services,EUR,-112287.54,-160596.53,3
2026-03-02,E05,India Services,INR,43840105.72,749705.52,4
2026-03-02,E05,India Services,USD,577860.75,761229.59,4
2026-03-02,E06,Germany GmbH,EUR,-523798.97,-379573.63,5
2026-03-02,E06,Germany GmbH,USD,50720.53,67148.92,5
2026-03-02,E07,Germany Sales Office,EUR,-1483753.38,32904.16,5
2026-03-02,E07,Germany Sales Office,USD,689326.94,909155.06,4
2026-03-02,E08,Netherlands BV,EUR,-496266.72,-677821.06,5
2026-03-02,E08,Netherlands BV,USD,479600.39,631139.68,5
2026-03-02,E09,UK Ltd,EUR,-1238.77,-1671.05,4
2026-03-02,E09,UK Ltd,GBP,-1913916.16,-4247.92,5
2026-03-02,E09,UK Ltd,USD,568428.98,751564.87,4
2026-03-02,E10,US Inc,EUR,168750.46,241633.28,4
2026-03-02,E10,US Inc,USD,-429138.01,1006224.9,5
2026-03-02,E11,US West Distribution,USD,-911989.09,-850049.68,5
2026-03-09,E01,Group Treasury HQ,EUR,-984261.05,-1400057.47,5
2026-03-09,E01,Group Treasury HQ,SGD,-1581155.47,-1273122.17,6
2026-03-09,E01,Group Treasury HQ,USD,2574626.87,3339157.83,3
2026-03-09,E02,SG Operations,SGD,-6224501.01,16765.66,6
2026-03-09,E02,SG Operations,USD,-913236.52,-1189696.42,5
2026-03-09,E03,Shanghai Mfg,CNY,393477.72,-341154.69,5
2026-03-09,E03,Shanghai Mfg,EUR,-8956.06,-12724.6,3
2026-03-09,E03,Shanghai Mfg,USD,-46891.06,-59396.25,5
2026-03-09,E04,Shenzhen Sourcing,CNY,-1978494.29,-535567.27,5
2026-03-09,E04,Shenzhen Sourcing,USD,-51790.15,-56009.41,5
2026-03-09,E05,India Services,EUR,105107.94,149982.76,2
2026-03-09,E05,India Services,INR,10334297.13,169435.14,5
2026-03-09,E05,India Services,USD,794576.84,1035234.86,3
2026-03-09,E06,Germany GmbH,EUR,-527804.57,-190292.36,5
2026-03-09,E06,Germany GmbH,USD,143472.61,187184.54,5
2026-03-09,E07,Germany Sales Office,EUR,277133.16,395461.69,5
2026-03-09,E07,Germany Sales Office,USD,44868.04,58556.79,4
2026-03-09,E08,Netherlands BV,EUR,379631.13,933132.06,5
2026-03-09,E08,Netherlands BV,USD,240782.29,314132.72,4
2026-03-09,E09,UK Ltd,EUR,268460.49,383438.23,4
2026-03-09,E09,UK Ltd,GBP,-1258292.45,-25794.92,5
2026-03-09,E09,UK Ltd,USD,770026.97,1003456.9,5
2026-03-09,E10,US Inc,EUR,-381189.09,-548824.0,5
2026-03-09,E10,US Inc,USD,-5364620.73,757208.39,5
2026-03-09,E11,US West Distribution,USD,-40511.51,217956.64,5
2026-03-16,E01,Group Treasury HQ,EUR,-843295.49,-1232067.23,4
2026-03-16,E01,Group Treasury HQ,SGD,288385.08,416148.1,5
2026-03-16,E01,Group Treasury HQ,USD,794776.11,1037482.43,4
2026-03-16,E02,SG Operations,SGD,-6722537.3,-555686.02,5
2026-03-16,E02,SG Operations,USD,124176.36,162168.87,6
2026-03-16,E03,Shanghai Mfg,CNY,4104174.96,847081.48,5
2026-03-16,E03,Shanghai Mfg,EUR,-101093.69,-143910.44,2
2026-03-16,E03,Shanghai Mfg,USD,183045.95,239356.48,4
2026-03-16,E04,Shenzhen Sourcing,CNY,12844914.77,2730099.79,5
2026-03-16,E04,Shenzhen Sourcing,USD,269544.5,350901.44,3
2026-03-16,E05,India Services,EUR,57811.88,83963.05,2
2026-03-16,E05,India Services,INR,42947783.53,789665.47,5
2026-03-16,E05,India Services,USD,203193.75,265309.08,4
2026-03-16,E06,Germany GmbH,EUR,-1010845.07,-119916.7,5
2026-03-16,E06,Germany GmbH,USD,-253082.26,-331837.65,4
2026-03-16,E07,Germany Sales Office,EUR,-378177.23,-360924.04,4
2026-03-16,E07,Germany Sales Office,USD,192690.3,250950.8,4
2026-03-16,E08,Netherlands BV,EUR,-2156116.52,-55686.01,5
2026-03-16,E08,Netherlands BV,USD,621315.38,809723.64,5
2026-03-16,E09,UK Ltd,EUR,172530.71,249856.69,4
2026-03-16,E09,UK Ltd,GBP,-24539.4,330848.75,5
2026-03-16,E09,UK Ltd,USD,293746.48,383379.06,5
2026-03-16,E10,US Inc,EUR,198505.61,307169.71,5
2026-03-16,E10,US Inc,USD,-4227341.47,-892802.4,5
2026-03-16,E11,US West Distribution,USD,48017.93,327351.49,5
2026-03-23,E01,Group Treasury HQ,CNY,-5322580.64,-991932.58,2
2026-03-23,E01,Group Treasury HQ,EUR,-289655.17,-416331.52,3
2026-03-23,E01,Group Treasury HQ,SGD,719258.5,885704.84,5
2026-03-23,E01,Group Treasury HQ,USD,1276119.41,1683278.65,3
2026-03-23,E02,SG Operations,SGD,-1736637.62,-133444.41,5
2026-03-23,E02,SG Operations,USD,34208.32,44954.03,5
2026-03-23,E03,Shanghai Mfg,CNY,-3091023.44,-800700.39,5
2026-03-23,E03,Shanghai Mfg,EUR,27204.81,38436.23,2
2026-03-23,E03,Shanghai Mfg,USD,-273333.89,-360899.71,2
2026-03-23,E04,Shenzhen Sourcing,CNY,-4923705.61,-1091250.21,5
2026-03-23,E04,Shenzhen Sourcing,USD,-148142.66,-197126.27,5
2026-03-23,E05,India Services,EUR,-17542.48,-25145.26,2
2026-03-23,E05,India Services,INR,17805672.14,195566.63,4
2026-03-23,E05,India Services,USD,-161589.35,-212312.49,4
2026-03-23,E06,Germany GmbH,EUR,-112551.53,-409694.61,5
2026-03-23,E06,Germany GmbH,USD,-7639.07,-10821.93,5
2026-03-23,E07,Germany Sales Office,EUR,-377619.71,-97762.47,5
2026-03-23,E07,Germany Sales Office,USD,277219.38,365017.37,4
2026-03-23,E08,Netherlands BV,EUR,-531332.38,-224418.23,5
2026-03-23,E08,Netherlands BV,USD,207424.04,271779.29,5
2026-03-23,E09,UK Ltd,EUR,-48146.32,-69026.11,3
2026-03-23,E09,UK Ltd,GBP,-3038681.51,-455321.61,5
2026-03-23,E09,UK Ltd,USD,394413.05,519665.07,5
2026-03-23,E10,US Inc,EUR,36708.11,51984.82,5
2026-03-23,E10,US Inc,USD,-1520021.51,815369.16,6
2026-03-23,E11,US West Distribution,USD,-548244.71,175244.94,5
2026-03-30,E01,Group Treasury HQ,CNY,-11854838.72,-2196807.02,3
2026-03-30,E01,Group Treasury HQ,EUR,-1488479.03,-2139789.61,4
2026-03-30,E01,Group Treasury HQ,GBP,-1029069.76,-1860224.76,2
2026-03-30,E01,Group Treasury HQ,SGD,-800425.1,-91274.04,5
2026-03-30,E01,Group Treasury HQ,USD,1208955.21,1587945.55,4
2026-03-30,E02,SG Operations,SGD,-2142315.87,440195.01,6
2026-03-30,E02,SG Operations,USD,-63764.3,-81621.76,4
2026-03-30,E03,Shanghai Mfg,CNY,9406511.97,1657510.51,5
2026-03-30,E03,Shanghai Mfg,EUR,142657.78,205052.27,4
2026-03-30,E03,Shanghai Mfg,USD,181738.34,241445.32,4
2026-03-30,E04,Shenzhen Sourcing,CNY,1490362.39,254712.95,5
2026-03-30,E04,Shenzhen Sourcing,USD,84386.43,113258.02,5
2026-03-30,E05,India Services,EUR,33687.62,48162.84,3
2026-03-30,E05,India Services,INR,57669343.31,753828.32,3
2026-03-30,E05,India Services,USD,1004527.98,1323557.98,3
2026-03-30,E06,Germany GmbH,EUR,250315.78,1394547.65,5
2026-03-30,E06,Germany GmbH,USD,156169.06,210905.15,5
2026-03-30,E07,Germany Sales Office,EUR,170324.21,835538.28,5
2026-03-30,E07,Germany Sales Office,USD,743072.27,978367.15,3
2026-03-30,E08,Netherlands BV,EUR,-1204356.12,-24290.87,5
2026-03-30,E08,Netherlands BV,USD,176440.62,233569.83,4
2026-03-30,E09,UK Ltd,EUR,60190.3,85790.26,3
2026-03-30,E09,UK Ltd,GBP,474844.69,1585336.42,4
2026-03-30,E09,UK Ltd,USD,240728.08,318545.89,4
2026-03-30,E10,US Inc,EUR,-15752.9,-23348.18,3
2026-03-30,E10,US Inc,USD,-640404.54,2305495.07,5
2026-03-30,E11,US West Distribution,USD,-53801.7,-101569.21,5
2026-04-06,E01,Group Treasury HQ,EUR,-59643.22,-89726.26,5
2026-04-06,E01,Group Treasury HQ,GBP,-366279.07,-651435.02,1
2026-04-06,E01,Group Treasury HQ,SGD,-2733712.22,-1991838.19,5
2026-04-06,E01,Group Treasury HQ,USD,1399253.73,1834586.34,2
2026-04-06,E02,SG Operations,SGD,-3756644.83,-691685.37,5
2026-04-06,E02,SG Operations,USD,-104047.55,-138049.41,5
2026-04-06,E03,Shanghai Mfg,CNY,-5739361.06,-944584.13,5
2026-04-06,E03,Shanghai Mfg,EUR,48718.56,70084.56,2
2026-04-06,E03,Shanghai Mfg,USD,626383.95,821907.51,5
2026-04-06,E04,Shenzhen Sourcing,CNY,1982403.73,759194.03,4
2026-04-06,E04,Shenzhen Sourcing,USD,-4767.77,-6760.62,4
2026-04-06,E05,India Services,EUR,20574.36,29817.39,1
2026-04-06,E05,India Services,INR,30621089.88,513089.45,5
2026-04-06,E05,India Services,USD,850349.62,1119504.68,4
2026-04-06,E06,Germany GmbH,EUR,-597107.09,-857906.66,5
2026-04-06,E06,Germany GmbH,USD,-199654.92,-257668.35,4
2026-04-06,E07,Germany Sales Office,EUR,92205.0,82757.26,4
2026-04-06,E07,Germany Sales Office,USD,72216.31,95399.12,5
2026-04-06,E08,Netherlands BV,EUR,-1621911.87,-193477.59,4
2026-04-06,E08,Netherlands BV,USD,294952.2,387483.81,5
2026-04-06,E09,UK Ltd,EUR,64203.93,92679.14,4
2026-04-06,E09,UK Ltd,GBP,-23137.37,36750.29,5
2026-04-06,E09,UK Ltd,USD,406178.15,532675.67,5
2026-04-06,E10,US Inc,EUR,107898.81,158088.41,5
2026-04-06,E10,US Inc,USD,-1323876.05,-943343.04,5
2026-04-06,E11,US West Distribution,USD,-3257508.01,72316.09,5
2026-04-13,E01,Group Treasury HQ,EUR,-784531.13,-1136096.34,4
2026-04-13,E01,Group Treasury HQ,SGD,1723879.02,2450202.52,5
2026-04-13,E01,Group Treasury HQ,USD,1578358.21,2089915.85,4
2026-04-13,E02,SG Operations,SGD,-1385629.82,76964.08,5
2026-04-13,E02,SG Operations,USD,255635.47,340053.8,6
2026-04-13,E03,Shanghai Mfg,CNY,7483437.61,1416936.8,5
2026-04-13,E03,Shanghai Mfg,EUR,-13723.28,-20644.24,3
2026-04-13,E03,Shanghai Mfg,USD,-651202.1,-861995.77,4
2026-04-13,E04,Shenzhen Sourcing,CNY,5793399.27,1142946.19,5
2026-04-13,E04,Shenzhen Sourcing,USD,-153027.69,-202609.42,5
2026-04-13,E05,India Services,EUR,901680.49,1303527.9,3
2026-04-13,E05,India Services,INR,57366028.15,1002055.31,4
2026-04-13,E05,India Services,USD,323107.64,428888.62,4
2026-04-13,E06,Germany GmbH,EUR,-111364.64,25976.38,5
2026-04-13,E06,Germany GmbH,USD,77796.96,104209.3,5
2026-04-13,E07,Germany Sales Office,EUR,-139661.86,27472.73,5
2026-04-13,E07,Germany Sales Office,USD,203085.26,270169.83,4
2026-04-13,E08,Netherlands BV,EUR,-1376859.13,-279317.28,5
2026-04-13,E08,Netherlands BV,USD,491724.59,651074.06,5
2026-04-13,E09,UK Ltd,EUR,448838.68,648144.73,4
2026-04-13,E09,UK Ltd,GBP,-887182.36,-1109510.27,5
2026-04-13,E09,UK Ltd,USD,199817.79,265763.1,5
2026-04-13,E10,US Inc,EUR,9448.46,14166.26,5
2026-04-13,E10,US Inc,USD,-433618.09,1394679.97,5
2026-04-13,E11,US West Distribution,USD,-336041.02,-163961.72,5
2026-04-20,E01,Group Treasury HQ,EUR,-527586.21,-763149.41,2
2026-04-20,E01,Group Treasury HQ,SGD,196681.24,589006.06,6
2026-04-20,E01,Group Treasury HQ,USD,895522.38,1192126.21,4
2026-04-20,E02,SG Operations,SGD,-2213931.31,739800.15,6
2026-04-20,E02,SG Operations,USD,-250089.33,-332806.85,4
2026-04-20,E03,Shanghai Mfg,CNY,-1594948.8,-255819.26,5
2026-04-20,E03,Shanghai Mfg,EUR,-110380.71,-159542.49,3
2026-04-20,E03,Shanghai Mfg,USD,33116.45,43951.55,4
2026-04-20,E04,Shenzhen Sourcing,CNY,929886.19,-229421.6,5
2026-04-20,E04,Shenzhen Sourcing,USD,-9012.1,-14369.3,5
2026-04-20,E05,India Services,EUR,71771.04,103808.13,1
2026-04-20,E05,India Services,INR,54300080.38,851094.31,5
2026-04-20,E05,India Services,USD,253803.98,336816.47,4
2026-04-20,E06,Germany GmbH,EUR,-351617.86,208146.61,5
2026-04-20,E06,Germany GmbH,USD,-42890.14,-58952.1,5
2026-04-20,E07,Germany Sales Office,EUR,-286053.78,-46316.91,5
2026-04-20,E07,Germany Sales Office,USD,892163.14,1184688.2,3
2026-04-20,E08,Netherlands BV,EUR,-388342.69,-189567.88,5
2026-04-20,E08,Netherlands BV,USD,1010205.99,1338755.6,5
2026-04-20,E09,UK Ltd,EUR,107023.19,154919.03,4
2026-04-20,E09,UK Ltd,GBP,-1424770.69,-339346.38,5
2026-04-20,E09,UK Ltd,USD,123394.75,163444.55,5
2026-04-20,E10,US Inc,EUR,75667.12,109431.46,5
2026-04-20,E10,US Inc,USD,-3414605.8,-497080.51,5
2026-04-20,E11,US West Distribution,USD,1296441.85,1964763.17,5
2026-04-27,E01,Group Treasury HQ,CNY,-3064516.13,-572381.13,1
2026-04-27,E01,Group Treasury HQ,EUR,730414.34,1073646.85,2
2026-04-27,E01,Group Treasury HQ,GBP,-671511.63,-1177002.79,2
2026-04-27,E01,Group Treasury HQ,SGD,-1472452.29,-589317.41,5
2026-04-27,E01,Group Treasury HQ,USD,-33582.1,-46158.72,2
2026-04-27,E02,SG Operations,SGD,-6222746.03,-317813.81,5
2026-04-27,E02,SG Operations,USD,160859.58,214276.25,4
2026-04-27,E03,Shanghai Mfg,CNY,3864809.04,551081.89,4
2026-04-27,E03,Shanghai Mfg,EUR,-216536.74,-318374.11,3
2026-04-27,E03,Shanghai Mfg,USD,-80527.08,-107483.86,3
2026-04-27,E04,Shenzhen Sourcing,CNY,-11158056.59,-1530305.33,4
2026-04-27,E04,Shenzhen Sourcing,USD,266275.76,354062.42,5
2026-04-27,E05,India Services,EUR,-26432.61,-39235.73,2
2026-04-27,E05,India Services,INR,-15010397.26,-194782.03,4
2026-04-27,E05,India Services,USD,367432.36,489730.89,4
2026-04-27,E06,Germany GmbH,EUR,-276540.41,75758.41,4
2026-04-27,E06,Germany GmbH,USD,344795.65,459974.3,4
2026-04-27,E07,Germany Sales Office,EUR,559708.66,819888.49,3
2026-04-27,E07,Germany Sales Office,USD,259200.69,345062.14,3
2026-04-27,E08,Netherlands BV,EUR,-1389623.04,-868351.67,4
2026-04-27,E08,Netherlands BV,USD,615575.95,818329.96,3
2026-04-27,E09,UK Ltd,EUR,-128614.48,-190802.73,4
2026-04-27,E09,UK Ltd,GBP,-114953.72,760344.13,5
2026-04-27,E09,UK Ltd,USD,166891.19,222228.03,5
2026-04-27,E10,US Inc,EUR,-31896.45,-47907.72,4
2026-04-27,E10,US Inc,USD,-1283610.57,-72555.13,5
2026-04-27,E11,US West Distribution,USD,287024.74,401349.18,5
2026-05-04,E01,Group Treasury HQ,EUR,-592071.9,-865532.49,4
2026-05-04,E01,Group Treasury HQ,SGD,-2228082.18,143802.79,5
2026-05-04,E01,Group Treasury HQ,USD,2339552.24,3120324.37,2
2026-05-04,E02,SG Operations,SGD,-3573051.53,-196480.46,5
2026-05-04,E02,SG Operations,USD,-130807.29,-174798.66,5
2026-05-04,E03,Shanghai Mfg,CNY,-9932812.77,-1607916.72,3
2026-05-04,E03,Shanghai Mfg,EUR,-11758.48,-17164.69,1
2026-05-04,E03,Shanghai Mfg,USD,152210.91,203632.75,3
2026-05-04,E04,Shenzhen Sourcing,CNY,2030357.55,97213.76,3
2026-05-04,E04,Shenzhen Sourcing,USD,317350.9,426596.67,3
2026-05-04,E05,India Services,EUR,-81732.31,-119757.98,3
2026-05-04,E05,India Services,INR,48103584.42,933379.89,5
2026-05-04,E05,India Services,USD,348892.88,463812.95,4
2026-05-04,E06,Germany GmbH,EUR,-3144513.54,713096.61,6
2026-05-04,E06,Germany GmbH,USD,233226.7,306380.4,5
2026-05-04,E07,Germany Sales Office,EUR,98029.75,205913.95,5
2026-05-04,E07,Germany Sales Office,USD,70193.61,93360.69,2
2026-05-04,E08,Netherlands BV,EUR,-1289756.13,-170271.82,5
2026-05-04,E08,Netherlands BV,USD,208101.41,277001.42,5
2026-05-04,E09,UK Ltd,EUR,52259.76,77132.49,3
2026-05-04,E09,UK Ltd,GBP,-1560805.83,-857599.67,4
2026-05-04,E09,UK Ltd,USD,380321.46,505981.72,4
2026-05-04,E10,US Inc,EUR,-257872.83,-379188.26,4
2026-05-04,E10,US Inc,USD,-449120.51,874596.59,5
2026-05-04,E11,US West Distribution,USD,-1126679.82,-248038.32,5
2026-05-11,E01,Group Treasury HQ,EUR,525579.75,765093.54,4
2026-05-11,E01,Group Treasury HQ,GBP,-226744.19,-403348.66,1
2026-05-11,E01,Group Treasury HQ,SGD,50638.57,437073.42,6
2026-05-11,E01,Group Treasury HQ,USD,1712686.56,2266998.87,3
2026-05-11,E02,SG Operations,SGD,-2808575.05,-70745.78,6
2026-05-11,E02,SG Operations,USD,127542.54,168050.46,6
2026-05-11,E03,Shanghai Mfg,CNY,-2168715.53,497390.41,5
2026-05-11,E03,Shanghai Mfg,EUR,-235354.66,-346465.32,2
2026-05-11,E03,Shanghai Mfg,USD,-128042.18,-170342.89,4
2026-05-11,E04,Shenzhen Sourcing,CNY,-51131.94,206544.77,5
2026-05-11,E04,Shenzhen Sourcing,USD,-567519.3,-751776.9,4
2026-05-11,E05,India Services,EUR,-63296.69,-93623.17,2
2026-05-11,E05,India Services,INR,25530616.83,408028.33,5
2026-05-11,E05,India Services,USD,230566.77,304248.35,4
2026-05-11,E06,Germany GmbH,EUR,-1668208.0,-1222964.9,4
2026-05-11,E06,Germany GmbH,USD,-562346.12,-744356.58,3
2026-05-11,E07,Germany Sales Office,EUR,-7245.7,641678.65,4
2026-05-11,E07,Germany Sales Office,USD,423951.75,558769.6,3
2026-05-11,E08,Netherlands BV,EUR,83615.89,135449.48,4
2026-05-11,E08,Netherlands BV,USD,470602.02,620407.34,3
2026-05-11,E09,UK Ltd,EUR,14194.7,17257.66,4
2026-05-11,E09,UK Ltd,GBP,-239232.84,240466.2,5
2026-05-11,E09,UK Ltd,USD,78490.23,102623.05,4
2026-05-11,E10,US Inc,EUR,85967.62,123888.96,5
2026-05-11,E10,US Inc,USD,-1689651.65,1316167.68,5
2026-05-11,E11,US West Distribution,USD,-444031.65,216897.73,5
2026-05-18,E01,Group Treasury HQ,EUR,-1674947.5,-2484804.47,4
2026-05-18,E01,Group Treasury HQ,GBP,-671511.63,-1202125.54,2
2026-05-18,E01,Group Treasury HQ,SGD,-151376.94,437886.2,6
2026-05-18,E01,Group Treasury HQ,USD,78358.21,104231.19,3
2026-05-18,E02,SG Operations,SGD,-2923964.84,-31266.97,6
2026-05-18,E02,SG Operations,USD,-175230.1,-232510.46,5
2026-05-18,E03,Shanghai Mfg,CNY,827555.66,85861.65,5
2026-05-18,E03,Shanghai Mfg,EUR,-132193.86,-195949.12,3
2026-05-18,E03,Shanghai Mfg,USD,48933.16,64761.33,4
2026-05-18,E04,Shenzhen Sourcing,CNY,4372207.19,867514.2,5
2026-05-18,E04,Shenzhen Sourcing,USD,-21172.61,-27683.42,5
2026-05-18,E05,India Services,EUR,20314.98,30211.54,3
2026-05-18,E05,India Services,INR,26875405.86,370148.48,5
2026-05-18,E05,India Services,USD,241724.47,321378.28,4
2026-05-18,E06,Germany GmbH,EUR,-1294306.09,-162113.52,5
2026-05-18,E06,Germany GmbH,USD,-66553.34,-87922.69,5
2026-05-18,E07,Germany Sales Office,EUR,129424.62,145442.99,5
2026-05-18,E07,Germany Sales Office,USD,81140.59,108001.96,4
2026-05-18,E08,Netherlands BV,EUR,-405376.01,623482.6,5
2026-05-18,E08,Netherlands BV,USD,774218.36,1028888.78,4
2026-05-18,E09,UK Ltd,EUR,14171.45,21073.5,4
2026-05-18,E09,UK Ltd,GBP,-3152314.03,698388.76,5
2026-05-18,E09,UK Ltd,USD,147878.73,196803.11,4
2026-05-18,E10,US Inc,EUR,1158162.69,1716344.75,5
2026-05-18,E10,US Inc,USD,-1135464.57,673810.38,5
2026-05-18,E11,US West Distribution,USD,269270.83,408371.06,5
2026-05-25,E01,Group Treasury HQ,EUR,-1661336.76,-2462383.57,4
2026-05-25,E01,Group Treasury HQ,GBP,-488372.09,-870062.15,2
2026-05-25,E01,Group Treasury HQ,SGD,-3126287.34,-591405.47,4
2026-05-25,E01,Group Treasury HQ,USD,1063432.83,1410385.24,1
2026-05-25,E02,SG Operations,SGD,-1918520.41,654741.12,4
2026-05-25,E02,SG Operations,USD,472826.2,628492.92,4
2026-05-25,E03,Shanghai Mfg,CNY,3253081.05,537626.22,5
2026-05-25,E03,Shanghai Mfg,EUR,-238294.71,-353859.32,2
2026-05-25,E03,Shanghai Mfg,USD,-71255.87,-96833.16,5
2026-05-25,E04,Shenzhen Sourcing,CNY,-3066055.28,-709885.9,5
2026-05-25,E04,Shenzhen Sourcing,USD,149397.36,198132.15,5
2026-05-25,E05,India Services,EUR,-11240.03,-16650.77,1
2026-05-25,E05,India Services,INR,8081574.15,147717.0,4
2026-05-25,E05,India Services,USD,176722.58,235676.69,4
2026-05-25,E06,Germany GmbH,EUR,-1167603.08,832510.05,4
2026-05-25,E06,Germany GmbH,USD,69619.87,91870.02,4
2026-05-25,E07,Germany Sales Office,EUR,-1333485.74,-724168.69,4
2026-05-25,E07,Germany Sales Office,USD,552007.61,732039.23,2
2026-05-25,E08,Netherlands BV,EUR,-886065.59,-342036.6,4
2026-05-25,E08,Netherlands BV,USD,1096566.02,1453727.33,4
2026-05-25,E09,UK Ltd,EUR,707266.39,1049898.46,4
2026-05-25,E09,UK Ltd,GBP,-2231635.41,324280.16,5
2026-05-25,E09,UK Ltd,USD,81804.0,107734.08,3
2026-05-25,E10,US Inc,EUR,-1141456.43,-1700692.63,4
2026-05-25,E10,US Inc,USD,-3541992.42,1491998.48,4
2026-05-25,E11,US West Distribution,USD,-1073147.33,-261704.84,5
2026-06-01,E01,Group Treasury HQ,EUR,-268196.49,-399440.83,5
2026-06-01,E01,Group Treasury HQ,SGD,97348.03,785017.89,6
2026-06-01,E01,Group Treasury HQ,USD,2373134.32,3184525.32,2
2026-06-01,E02,SG Operations,SGD,-3705200.2,2140742.22,6
2026-06-01,E02,SG Operations,USD,-220785.45,-298138.22,5
2026-06-01,E03,Shanghai Mfg,CNY,2676895.8,104458.0,5
2026-06-01,E03,Shanghai Mfg,USD,-31603.36,-42454.6,4
2026-06-01,E04,Shenzhen Sourcing,CNY,2056269.44,369478.93,5
2026-06-01,E04,Shenzhen Sourcing,USD,-206302.3,-274376.65,5
2026-06-01,E05,India Services,INR,28985355.82,465250.74,5
2026-06-01,E05,India Services,USD,140497.25,189003.46,2
2026-06-01,E06,Germany GmbH,EUR,-1749366.24,-752161.53,5
2026-06-01,E06,Germany GmbH,USD,460588.84,619779.23,5
2026-06-01,E07,Germany Sales Office,EUR,406014.3,605253.91,5
2026-06-01,E07,Germany Sales Office,USD,488573.03,655605.1,3
2026-06-01,E08,Netherlands BV,EUR,215415.63,485372.18,5
2026-06-01,E08,Netherlands BV,USD,1430291.78,1921066.3,5
2026-06-01,E09,UK Ltd,EUR,297982.07,441721.65,3
2026-06-01,E09,UK Ltd,GBP,-395521.86,-529967.48,5
2026-06-01,E09,UK Ltd,USD,507714.2,681512.17,5
2026-06-01,E10,US Inc,EUR,58355.58,88237.41,4
2026-06-01,E10,US Inc,USD,-2705888.9,246370.83,6
2026-06-01,E11,US West Distribution,USD,-700193.65,-424046.9,5
2026-06-08,E01,Group Treasury HQ,EUR,315552.51,480050.13,5
2026-06-08,E01,Group Treasury HQ,GBP,-174418.6,-305367.73,1
2026-06-08,E01,Group Treasury HQ,SGD,2468315.38,2802178.99,5
2026-06-08,E01,Group Treasury HQ,USD,1567164.18,2095298.75,2
2026-06-08,E02,SG Operations,SGD,-5249539.4,-2773217.52,6
2026-06-08,E02,SG Operations,USD,-200752.65,-267469.62,4
2026-06-08,E03,Shanghai Mfg,CNY,2715458.7,517296.9,5
2026-06-08,E03,Shanghai Mfg,EUR,-111355.92,-164854.69,4
2026-06-08,E03,Shanghai Mfg,USD,206300.0,276008.07,5
2026-06-08,E04,Shenzhen Sourcing,CNY,-610208.9,-336888.7,5
2026-06-08,E04,Shenzhen Sourcing,USD,258065.7,346013.19,3
2026-06-08,E05,India Services,EUR,-20482.09,-30551.66,2
2026-06-08,E05,India Services,INR,24553509.97,471945.83,5
2026-06-08,E05,India Services,USD,274048.11,367392.59,5
2026-06-08,E06,Germany GmbH,EUR,53916.66,336053.86,5
2026-06-08,E06,Germany GmbH,USD,-394637.31,-525599.95,5
2026-06-08,E07,Germany Sales Office,EUR,282216.49,452685.98,5
2026-06-08,E07,Germany Sales Office,USD,181670.58,243546.55,2
2026-06-08,E08,Netherlands BV,EUR,-5099.99,446768.69,5
2026-06-08,E08,Netherlands BV,USD,397562.21,532654.19,5
2026-06-08,E09,UK Ltd,EUR,425935.46,629650.76,5
2026-06-08,E09,UK Ltd,GBP,-1552401.8,-203324.87,5
2026-06-08,E09,UK Ltd,USD,770026.62,1032107.88,5
2026-06-08,E10,US Inc,EUR,33723.22,38472.81,5
2026-06-08,E10,US Inc,USD,-1809549.98,1332674.3,5
2026-06-08,E11,US West Distribution,USD,-292195.6,90913.01,5
2026-06-15,E01,Group Treasury HQ,EUR,-535774.11,-801697.59,3
2026-06-15,E01,Group Treasury HQ,SGD,-2775589.84,-1308352.38,6
2026-06-15,E01,Group Treasury HQ,USD,1735074.62,2328684.87,3
2026-06-15,E02,SG Operations,SGD,-3032892.39,199289.78,6
2026-06-15,E02,SG Operations,USD,166838.74,222926.72,5
2026-06-15,E03,Shanghai Mfg,CNY,-4053681.62,-781330.6,4
2026-06-15,E03,Shanghai Mfg,EUR,-47070.51,-69741.71,3
2026-06-15,E03,Shanghai Mfg,USD,38457.33,51187.27,4
2026-06-15,E04,Shenzhen Sourcing,CNY,-198301.9,-155126.06,4
2026-06-15,E04,Shenzhen Sourcing,USD,46856.29,62836.39,4
2026-06-15,E05,India Services,EUR,-28961.13,-42892.27,2
2026-06-15,E05,India Services,INR,26667053.82,346612.55,5
2026-06-15,E05,India Services,USD,895243.57,1199676.66,4
2026-06-15,E06,Germany GmbH,EUR,-251199.03,-363805.34,5
2026-06-15,E06,Germany GmbH,USD,123881.66,165523.11,5
2026-06-15,E07,Germany Sales Office,EUR,-136117.56,-236196.97,5
2026-06-15,E07,Germany Sales Office,USD,317965.87,426749.23,3
2026-06-15,E08,Netherlands BV,EUR,-2805463.22,-997133.22,5
2026-06-15,E08,Netherlands BV,USD,597088.09,799595.42,5
2026-06-15,E09,UK Ltd,EUR,328994.23,490007.55,5
2026-06-15,E09,UK Ltd,GBP,-365419.26,-560809.02,5
2026-06-15,E09,UK Ltd,USD,66574.51,89616.19,5
2026-06-15,E10,US Inc,EUR,-61340.32,-89472.51,5
2026-06-15,E10,US Inc,USD,-1360033.05,1371622.46,5
2026-06-15,E11,US West Distribution,USD,-400601.59,-239089.65,5
2026-06-22,E01,Group Treasury HQ,EUR,-1357885.6,-1979081.91,4
2026-06-22,E01,Group Treasury HQ,GBP,-313953.49,-532380.35,1
2026-06-22,E01,Group Treasury HQ,SGD,-2479485.04,-1339287.25,6
2026-06-22,E01,Group Treasury HQ,USD,3335820.89,4443893.48,2
2026-06-22,E02,SG Operations,SGD,-4057096.93,-133824.21,6
2026-06-22,E02,SG Operations,USD,-248367.69,-329906.11,4
2026-06-22,E03,Shanghai Mfg,CNY,-1342479.59,-169815.06,5
2026-06-22,E03,Shanghai Mfg,EUR,-27138.01,-39116.42,3
2026-06-22,E03,Shanghai Mfg,USD,-72522.11,-97812.87,4
2026-06-22,E04,Shenzhen Sourcing,CNY,-14053.36,202127.41,5
2026-06-22,E04,Shenzhen Sourcing,USD,-276412.03,-368505.07,5
2026-06-22,E05,India Services,EUR,53102.68,78177.19,3
2026-06-22,E05,India Services,INR,28590224.3,459938.26,4
2026-06-22,E05,India Services,USD,430556.86,573746.77,4
2026-06-22,E06,Germany GmbH,EUR,-1044891.49,8874.59,5
2026-06-22,E06,Germany GmbH,USD,-160553.63,-213902.91,5
2026-06-22,E07,Germany Sales Office,EUR,155435.04,885506.9,5
2026-06-22,E07,Germany Sales Office,USD,456348.57,608288.95,5
2026-06-22,E08,Netherlands BV,EUR,-867863.73,-135074.88,5
2026-06-22,E08,Netherlands BV,USD,402510.95,535970.24,4
2026-06-22,E09,UK Ltd,EUR,61044.56,88902.75,5
2026-06-22,E09,UK Ltd,GBP,-1052935.44,220825.09,5
2026-06-22,E09,UK Ltd,USD,250772.64,334295.23,4
2026-06-22,E10,US Inc,EUR,1467.4,7137.94,5
2026-06-22,E10,US Inc,USD,-5796328.94,-54779.51,5
2026-06-22,E11,US West Distribution,USD,-348658.69,594382.98,5
2026-06-29,E01,Group Treasury HQ,EUR,-133548.2,-195036.92,4
2026-06-29,E01,Group Treasury HQ,SGD,-6910996.46,-2234725.72,6
2026-06-29,E01,Group Treasury HQ,USD,1029850.75,1370818.1,4
2026-06-29,E02,SG Operations,SGD,-2020444.56,771958.01,6
2026-06-29,E02,SG Operations,USD,-36519.41,-48428.89,3
2026-06-29,E03,Shanghai Mfg,CNY,8743126.03,1624173.42,5
2026-06-29,E03,Shanghai Mfg,EUR,-282535.02,-409099.11,4
2026-06-29,E03,Shanghai Mfg,USD,-58747.86,-78420.11,5
2026-06-29,E04,Shenzhen Sourcing,CNY,1726659.13,60847.77,5
2026-06-29,E04,Shenzhen Sourcing,USD,107664.62,143419.98,5
2026-06-29,E05,India Services,EUR,-45881.91,-66613.48,2
2026-06-29,E05,India Services,INR,24861858.26,566616.4,5
2026-06-29,E05,India Services,USD,351776.73,468470.93,4
2026-06-29,E06,Germany GmbH,EUR,-1394637.09,-219941.3,6
2026-06-29,E06,Germany GmbH,USD,121989.31,162709.36,5
2026-06-29,E07,Germany Sales Office,EUR,256768.16,506968.37,5
2026-06-29,E07,Germany Sales Office,USD,444075.4,591527.58,3
2026-06-29,E08,Netherlands BV,EUR,-1422177.54,-60340.15,5
2026-06-29,E08,Netherlands BV,USD,369799.18,493038.72,4
2026-06-29,E09,UK Ltd,EUR,359576.85,520365.45,3
2026-06-29,E09,UK Ltd,GBP,307772.85,617058.5,6
2026-06-29,E09,UK Ltd,USD,614012.31,818105.4,5
2026-06-29,E10,US Inc,EUR,8175.01,11296.83,4
2026-06-29,E10,US Inc,USD,-1352270.59,614417.36,5
2026-06-29,E11,US West Distribution,USD,-1586269.34,-187812.59,5
2026-07-06,E01,Group Treasury HQ,EUR,-880739.22,-1292978.03,5
2026-07-06,E01,Group Treasury HQ,SGD,-1120670.93,-1016687.59,6
2026-07-06,E01,Group Treasury HQ,USD,749999.99,998470.63,4
2026-07-06,E02,SG Operations,SGD,-8360362.73,-888332.98,6
2026-07-06,E02,SG Operations,USD,50740.36,67740.14,4
2026-07-06,E03,Shanghai Mfg,CNY,-1327523.76,-252034.83,5
2026-07-06,E03,Shanghai Mfg,EUR,-42466.42,-62189.16,3
2026-07-06,E03,Shanghai Mfg,USD,317592.81,424489.26,5
2026-07-06,E04,Shenzhen Sourcing,CNY,-5663906.63,-1327707.81,5
2026-07-06,E04,Shenzhen Sourcing,USD,124194.54,168352.93,5
2026-07-06,E05,India Services,EUR,-56828.48,-83064.95,3
2026-07-06,E05,India Services,INR,-77392064.35,-1294274.56,5
2026-07-06,E05,India Services,USD,244855.47,327261.24,5
2026-07-06,E06,Germany GmbH,EUR,539497.22,890271.0,5
2026-07-06,E06,Germany GmbH,USD,-150900.41,-199981.71,5
2026-07-06,E07,Germany Sales Office,EUR,-461664.24,-674628.06,5
2026-07-06,E07,Germany Sales Office,USD,154524.08,206233.19,4
2026-07-06,E08,Netherlands BV,EUR,-1363308.52,-440337.3,5
2026-07-06,E08,Netherlands BV,USD,394356.28,528459.72,5
2026-07-06,E09,UK Ltd,EUR,59201.19,87012.01,2
2026-07-06,E09,UK Ltd,GBP,-329553.25,-83738.73,5
2026-07-06,E09,UK Ltd,USD,1095354.04,1465067.89,5
2026-07-06,E10,US Inc,EUR,-173304.65,-252753.38,5
2026-07-06,E10,US Inc,USD,-1555125.88,456589.87,5
2026-07-06,E11,US West Distribution,USD,88402.55,618546.06,5
2026-07-13,E01,Group Treasury HQ,EUR,-627304.16,-916617.76,5
2026-07-13,E01,Group Treasury HQ,SGD,-1254077.11,1110887.76,6
2026-07-13,E01,Group Treasury HQ,USD,1555970.14,2078707.44,4
2026-07-13,E02,SG Operations,SGD,-1765623.42,3667.35,6
2026-07-13,E02,SG Operations,USD,34908.26,48818.91,5
2026-07-13,E03,Shanghai Mfg,CNY,6244040.31,1203254.24,5
2026-07-13,E03,Shanghai Mfg,EUR,-40590.3,-59379.09,2
2026-07-13,E03,Shanghai Mfg,USD,-340152.46,-458505.11,5
2026-07-13,E04,Shenzhen Sourcing,CNY,1808847.39,161194.25,5
2026-07-13,E04,Shenzhen Sourcing,USD,-168392.71,-231128.17,5
2026-07-13,E05,India Services,EUR,-51038.96,-75006.7,1
2026-07-13,E05,India Services,INR,11160742.37,154420.54,5
2026-07-13,E05,India Services,USD,38633.65,51718.55,4
2026-07-13,E06,Germany GmbH,EUR,-223525.42,-206339.6,5
2026-07-13,E06,Germany GmbH,USD,101182.51,132993.35,5
2026-07-13,E07,Germany Sales Office,EUR,-63644.81,-89891.7,5
2026-07-13,E07,Germany Sales Office,USD,20416.89,27295.48,2
2026-07-13,E08,Netherlands BV,EUR,-683393.05,-620985.1,5
2026-07-13,E08,Netherlands BV,USD,619658.59,829892.66,5
2026-07-13,E09,UK Ltd,EUR,-72073.63,-106055.02,3
2026-07-13,E09,UK Ltd,GBP,-556966.96,-577148.12,5
2026-07-13,E09,UK Ltd,USD,761001.72,1018331.97,5
2026-07-13,E10,US Inc,EUR,56161.55,80200.03,5
2026-07-13,E10,US Inc,USD,-4040796.79,437573.42,5
2026-07-13,E11,US West Distribution,USD,-201241.58,153001.9,5
2026-07-20,E01,Group Treasury HQ,EUR,-216728.84,-311963.18,5
2026-07-20,E01,Group Treasury HQ,GBP,-1386627.9,-2349084.79,2
2026-07-20,E01,Group Treasury HQ,SGD,-1446536.51,-719859.9,6
2026-07-20,E01,Group Treasury HQ,USD,11194.03,14872.15,4
2026-07-20,E02,SG Operations,SGD,-2482812.76,817023.93,6
2026-07-20,E02,SG Operations,USD,-59676.22,-81254.94,5
2026-07-20,E03,Shanghai Mfg,CNY,5641042.2,773550.15,5
2026-07-20,E03,Shanghai Mfg,EUR,4299.26,6289.05,1
2026-07-20,E03,Shanghai Mfg,USD,-15499.04,-21497.6,4
2026-07-20,E04,Shenzhen Sourcing,CNY,1580935.89,629169.06,5
2026-07-20,E04,Shenzhen Sourcing,USD,57221.87,77104.08,4
2026-07-20,E05,India Services,INR,78776108.0,1205200.49,5
2026-07-20,E05,India Services,USD,266216.41,360972.36,5
2026-07-20,E06,Germany GmbH,EUR,-436856.61,-19323.03,5
2026-07-20,E06,Germany GmbH,USD,222936.95,302508.61,6
2026-07-20,E07,Germany Sales Office,EUR,-236996.52,-341716.72,5
2026-07-20,E07,Germany Sales Office,USD,183833.83,249175.92,3
2026-07-20,E08,Netherlands BV,EUR,-598072.7,-110969.24,5
2026-07-20,E08,Netherlands BV,USD,228214.6,309488.54,5
2026-07-20,E09,UK Ltd,EUR,245661.29,359755.26,5
2026-07-20,E09,UK Ltd,GBP,-27302.9,609835.75,5
2026-07-20,E09,UK Ltd,USD,844509.57,1145316.04,5
2026-07-20,E10,US Inc,EUR,121353.05,181550.54,5
2026-07-20,E10,US Inc,USD,-866403.25,1477739.96,5
2026-07-20,E11,US West Distribution,USD,548209.65,751212.46,5
2026-07-27,E01,Group Treasury HQ,EUR,-261292.71,-391758.45,3
2026-07-27,E01,Group Treasury HQ,SGD,-1229026.93,-293127.01,6
2026-07-27,E01,Group Treasury HQ,USD,3235074.62,4336696.77,4
2026-07-27,E02,SG Operations,SGD,-7138688.37,-306522.12,6
2026-07-27,E02,SG Operations,USD,29743.14,40695.31,5
2026-07-27,E03,Shanghai Mfg,CNY,-2076540.27,-375720.13,5
2026-07-27,E03,Shanghai Mfg,EUR,-232089.86,-338371.77,2
2026-07-27,E03,Shanghai Mfg,USD,47111.3,64348.26,4
2026-07-27,E04,Shenzhen Sourcing,CNY,-7160082.52,-1459461.25,5
2026-07-27,E04,Shenzhen Sourcing,USD,-110226.16,-147525.73,5
2026-07-27,E05,India Services,EUR,14398.8,21025.28,2
2026-07-27,E05,India Services,INR,40642363.18,395546.48,5
2026-07-27,E05,India Services,USD,947703.77,1272243.14,5
2026-07-27,E06,Germany GmbH,EUR,-113128.37,-254482.03,5
2026-07-27,E06,Germany GmbH,USD,174603.05,233724.43,5
2026-07-27,E07,Germany Sales Office,EUR,-570450.3,-51991.25,5
2026-07-27,E07,Germany Sales Office,USD,510780.24,686968.45,4
2026-07-27,E08,Netherlands BV,EUR,-384554.33,201122.95,5
2026-07-27,E08,Netherlands BV,USD,-29226.38,-37950.79,4
2026-07-27,E09,UK Ltd,EUR,432272.58,631314.11,5
2026-07-27,E09,UK Ltd,GBP,-510856.4,-441923.05,5
2026-07-27,E09,UK Ltd,USD,737080.04,987939.6,5
2026-07-27,E10,US Inc,EUR,-90651.75,-126096.09,4
2026-07-27,E10,US Inc,USD,-1968236.81,695683.41,5
2026-07-27,E11,US West Distribution,USD,-666410.44,-513598.54,5
2026-08-03,E01,Group Treasury HQ,EUR,-300444.01,-433687.28,4
2026-08-03,E01,Group Treasury HQ,GBP,-209302.33,-354735.63,1
2026-08-03,E01,Group Treasury HQ,SGD,-2452630.7,-1052547.45,5
2026-08-03,E01,Group Treasury HQ,USD,1085820.88,1448776.89,4
2026-08-03,E02,SG Operations,SGD,-1239218.86,-235483.58,5
2026-08-03,E02,SG Operations,USD,88203.76,117821.97,5
2026-08-03,E03,Shanghai Mfg,CNY,12812854.14,2403050.5,5
2026-08-03,E03,Shanghai Mfg,EUR,63843.77,92091.46,5
2026-08-03,E03,Shanghai Mfg,USD,-15776.27,-21448.34,4
2026-08-03,E04,Shenzhen Sourcing,CNY,-3777384.32,-725512.09,5
2026-08-03,E04,Shenzhen Sourcing,USD,62051.65,82837.33,4
2026-08-03,E05,India Services,EUR,-72985.11,-105679.67,1
2026-08-03,E05,India Services,INR,7971678.59,86874.29,5
2026-08-03,E05,India Services,USD,443000.26,591520.39,5
2026-08-03,E06,Germany GmbH,EUR,-1311328.72,191763.12,5
2026-08-03,E06,Germany GmbH,USD,-386128.96,-515789.66,5
2026-08-03,E07,Germany Sales Office,EUR,-488960.94,-244486.09,5
2026-08-03,E07,Germany Sales Office,USD,238071.12,317812.87,5
2026-08-03,E08,Netherlands BV,EUR,58862.82,219492.58,5
2026-08-03,E08,Netherlands BV,USD,758208.73,1012704.96,5
2026-08-03,E09,UK Ltd,EUR,160324.77,231955.01,3
2026-08-03,E09,UK Ltd,GBP,53422.75,941871.19,5
2026-08-03,E09,UK Ltd,USD,406654.67,543173.65,4
2026-08-03,E10,US Inc,EUR,-54354.41,-79539.02,5
2026-08-03,E10,US Inc,USD,-3612689.78,290140.58,5
2026-08-03,E11,US West Distribution,USD,-184369.53,-166913.95,5
2026-08-10,E01,Group Treasury HQ,CNY,-4354838.71,-815637.58,2
2026-08-10,E01,Group Treasury HQ,EUR,-549644.14,-797458.54,4
2026-08-10,E01,Group Treasury HQ,GBP,322674.42,545304.6,1
2026-08-10,E01,Group Treasury HQ,SGD,-1041255.34,-369274.35,6
2026-08-10,E01,Group Treasury HQ,USD,-235074.63,-311054.35,3
2026-08-10,E02,SG Operations,SGD,-2968402.05,270971.4,6
2026-08-10,E02,SG Operations,USD,264014.11,352315.94,4
2026-08-10,E03,Shanghai Mfg,CNY,3875322.66,785213.71,5
2026-08-10,E03,Shanghai Mfg,EUR,18364.27,26338.99,2
2026-08-10,E03,Shanghai Mfg,USD,40925.43,55251.87,5
2026-08-10,E04,Shenzhen Sourcing,CNY,-3798241.52,-345108.05,5
2026-08-10,E04,Shenzhen Sourcing,USD,234161.6,304904.08,5
2026-08-10,E05,India Services,EUR,-73309.39,-105816.8,3
2026-08-10,E05,India Services,INR,41434424.07,841561.96,5
2026-08-10,E05,India Services,USD,-1627.96,-4120.98,4
2026-08-10,E06,Germany GmbH,EUR,-166415.91,860755.0,5
2026-08-10,E06,Germany GmbH,USD,55908.06,74075.87,5
2026-08-10,E07,Germany Sales Office,EUR,-394780.49,-577005.99,5
2026-08-10,E07,Germany Sales Office,USD,36901.86,49443.93,3
2026-08-10,E08,Netherlands BV,EUR,-117327.25,-190776.77,5
2026-08-10,E08,Netherlands BV,USD,457019.86,609316.86,5
2026-08-10,E09,UK Ltd,EUR,76826.49,110658.13,5
2026-08-10,E09,UK Ltd,GBP,-752840.48,-697615.86,5
2026-08-10,E09,UK Ltd,USD,471137.49,627758.77,5
2026-08-10,E10,US Inc,EUR,-55915.85,-82526.57,5
2026-08-10,E10,US Inc,USD,-3759725.64,481107.27,5
2026-08-10,E11,US West Distribution,USD,-1040546.72,27072.13,6
2026-08-17,E01,Group Treasury HQ,CNY,-1048387.1,-196942.26,2
2026-08-17,E01,Group Treasury HQ,EUR,22150.5,36471.68,5
2026-08-17,E01,Group Treasury HQ,GBP,-252906.98,-429029.62,1
2026-08-17,E01,Group Treasury HQ,SGD,-1023720.28,-871189.36,6
2026-08-17,E01,Group Treasury HQ,USD,2597014.93,3495819.93,2
2026-08-17,E02,SG Operations,SGD,-2217136.43,700012.56,6
2026-08-17,E02,SG Operations,USD,-142691.87,-195661.46,5
2026-08-17,E03,Shanghai Mfg,CNY,-1117423.31,-175317.66,5
2026-08-17,E03,Shanghai Mfg,EUR,-72813.83,-104482.37,2
2026-08-17,E03,Shanghai Mfg,USD,-20587.61,-26801.87,4
2026-08-17,E04,Shenzhen Sourcing,CNY,-2063990.73,-301432.94,5
2026-08-17,E04,Shenzhen Sourcing,USD,-250287.69,-334966.46,5
2026-08-17,E05,India Services,INR,84869383.71,1389892.48,5
2026-08-17,E05,India Services,USD,187798.62,252460.71,5
2026-08-17,E06,Germany GmbH,EUR,-944727.5,-1252798.9,6
2026-08-17,E06,Germany GmbH,USD,185900.01,249725.97,5
2026-08-17,E07,Germany Sales Office,EUR,-228454.73,-327523.07,5
2026-08-17,E07,Germany Sales Office,USD,82632.03,111274.26,3
2026-08-17,E08,Netherlands BV,EUR,3574.33,-38424.56,5
2026-08-17,E08,Netherlands BV,USD,426070.95,572713.39,5
2026-08-17,E09,UK Ltd,EUR,399494.52,572874.73,5
2026-08-17,E09,UK Ltd,GBP,-209190.69,65823.57,5
2026-08-17,E09,UK Ltd,USD,685439.33,921548.67,5
2026-08-17,E10,US Inc,EUR,47492.48,64349.32,5
2026-08-17,E10,US Inc,USD,-2036743.85,-601649.92,5
2026-08-17,E11,US West Distribution,USD,-1702656.94,-947689.41,5
2026-08-24,E01,Group Treasury HQ,CNY,-3467741.94,-650877.82,1
2026-08-24,E01,Group Treasury HQ,EUR,-1317997.02,-1895535.02,5
2026-08-24,E01,Group Treasury HQ,GBP,-200581.4,-339173.91,1
2026-08-24,E01,Group Treasury HQ,SGD,-2242597.17,-497157.63,6
2026-08-24,E01,Group Treasury HQ,USD,-223880.6,-299534.71,3
2026-08-24,E02,SG Operations,SGD,-9364448.12,-986175.12,6
2026-08-24,E02,SG Operations,USD,-197112.63,-266272.67,4
2026-08-24,E03,Shanghai Mfg,CNY,3826853.07,681871.8,5
2026-08-24,E03,Shanghai Mfg,EUR,11350.74,16513.48,2
2026-08-24,E03,Shanghai Mfg,USD,-17304.46,-22689.34,5
2026-08-24,E04,Shenzhen Sourcing,CNY,4943631.67,963578.1,5
2026-08-24,E04,Shenzhen Sourcing,USD,31470.54,42774.25,5
2026-08-24,E05,India Services,EUR,20011.05,28754.36,2
2026-08-24,E05,India Services,INR,65586640.95,697094.02,4
2026-08-24,E05,India Services,USD,158865.98,213572.81,4
2026-08-24,E06,Germany GmbH,EUR,-362178.19,652312.82,5
2026-08-24,E06,Germany GmbH,USD,14116.07,18588.62,6
2026-08-24,E07,Germany Sales Office,EUR,-951154.68,-202819.75,5
2026-08-24,E07,Germany Sales Office,USD,24743.06,33311.34,4
2026-08-24,E08,Netherlands BV,EUR,-407741.34,-19123.45,5
2026-08-24,E08,Netherlands BV,USD,-794679.88,-1072929.76,5
2026-08-24,E09,UK Ltd,EUR,124798.8,178930.29,4
2026-08-24,E09,UK Ltd,GBP,-1848594.68,-416944.09,5
2026-08-24,E09,UK Ltd,USD,1334440.14,1797723.22,5
2026-08-24,E10,US Inc,EUR,15540.54,15713.63,5
2026-08-24,E10,US Inc,USD,-4290716.54,-630457.86,5
2026-08-24,E11,US West Distribution,USD,-1195756.12,410964.54,5
2026-08-31,E01,Group Treasury HQ,EUR,-917947.14,-1329045.47,3
2026-08-31,E01,Group Treasury HQ,GBP,-514534.88,-869286.07,2
2026-08-31,E01,Group Treasury HQ,SGD,765903.18,1099923.2,5
2026-08-31,E01,Group Treasury HQ,USD,940298.5,1285159.07,5
2026-08-31,E02,SG Operations,SGD,-5046094.88,-164239.38,5
2026-08-31,E02,SG Operations,USD,459925.87,627257.91,5
2026-08-31,E03,Shanghai Mfg,CNY,613408.71,96238.21,5
2026-08-31,E03,Shanghai Mfg,EUR,-50542.27,-73770.74,3
2026-08-31,E03,Shanghai Mfg,USD,168584.35,226024.27,5
2026-08-31,E04,Shenzhen Sourcing,CNY,-2320554.49,-180011.46,5
2026-08-31,E04,Shenzhen Sourcing,USD,364742.44,496813.02,5
2026-08-31,E05,India Services,EUR,119729.65,173991.36,2
2026-08-31,E05,India Services,INR,-1553776.44,-244230.17,5
2026-08-31,E05,India Services,USD,68503.62,93009.74,4
2026-08-31,E06,Germany GmbH,EUR,-788052.73,-61740.9,5
2026-08-31,E06,Germany GmbH,USD,336866.43,458003.28,5
2026-08-31,E07,Germany Sales Office,EUR,214876.14,287009.83,5
2026-08-31,E07,Germany Sales Office,USD,98674.7,134244.5,2
2026-08-31,E08,Netherlands BV,EUR,-595127.91,-742985.83,5
2026-08-31,E08,Netherlands BV,USD,695733.84,947538.21,4
2026-08-31,E09,UK Ltd,EUR,230930.69,335202.67,3
2026-08-31,E09,UK Ltd,GBP,-1598726.2,127297.8,5
2026-08-31,E09,UK Ltd,USD,416196.46,567089.75,5
2026-08-31,E10,US Inc,EUR,76655.43,106945.26,5
2026-08-31,E10,US Inc,USD,-1648857.63,665757.75,5
2026-08-31,E11,US West Distribution,USD,233763.09,446697.42,5
2026-09-07,E01,Group Treasury HQ,CNY,-2983870.97,-563420.48,1
2026-09-07,E01,Group Treasury HQ,EUR,214439.26,313854.16,4
2026-09-07,E01,Group Treasury HQ,GBP,-174418.6,-296899.88,1
2026-09-07,E01,Group Treasury HQ,SGD,-593088.67,145717.02,6
2026-09-07,E01,Group Treasury HQ,USD,2686567.16,3640878.39,3
2026-09-07,E02,SG Operations,SGD,-2019160.32,388637.29,5
2026-09-07,E02,SG Operations,USD,-488278.45,-661188.02,4
2026-09-07,E03,Shanghai Mfg,CNY,505411.99,85034.8,5
2026-09-07,E03,Shanghai Mfg,EUR,95825.1,139804.61,2
2026-09-07,E03,Shanghai Mfg,USD,-190201.65,-258680.67,4
2026-09-07,E04,Shenzhen Sourcing,CNY,456513.12,-223454.97,5
2026-09-07,E04,Shenzhen Sourcing,USD,-396419.53,-537601.41,5
2026-09-07,E05,India Services,EUR,288118.16,420481.93,3
2026-09-07,E05,India Services,INR,39692226.22,644150.31,5
2026-09-07,E05,India Services,USD,734154.14,999361.84,5
2026-09-07,E06,Germany GmbH,EUR,-284765.04,-499960.41,5
2026-09-07,E06,Germany GmbH,USD,-516514.16,-697057.58,5
2026-09-07,E07,Germany Sales Office,EUR,-467061.9,-319474.24,5
2026-09-07,E07,Germany Sales Office,USD,252456.22,343415.78,5
2026-09-07,E08,Netherlands BV,EUR,-153440.33,-54935.48,5
2026-09-07,E08,Netherlands BV,USD,730710.02,991127.27,6
2026-09-07,E09,UK Ltd,EUR,-102540.7,-149880.2,4
2026-09-07,E09,UK Ltd,GBP,-723744.87,28466.89,5
2026-09-07,E09,UK Ltd,USD,-503502.32,-687840.12,5
2026-09-07,E10,US Inc,EUR,427123.07,625191.49,4
2026-09-07,E10,US Inc,USD,-2656004.27,943457.04,5
2026-09-07,E11,US West Distribution,USD,-144572.92,82151.79,4
2026-09-14,E01,Group Treasury HQ,EUR,382643.45,553813.85,5
2026-09-14,E01,Group Treasury HQ,GBP,-558139.53,-971834.99,2
2026-09-14,E01,Group Treasury HQ,SGD,-3107263.15,-30607.45,6
2026-09-14,E01,Group Treasury HQ,USD,2082089.56,2838827.56,4
2026-09-14,E02,SG Operations,SGD,-4633753.68,302303.66,6
2026-09-14,E02,SG Operations,USD,78662.84,108573.03,4
2026-09-14,E03,Shanghai Mfg,CNY,2236759.78,554470.58,5
2026-09-14,E03,Shanghai Mfg,EUR,-394940.01,-568410.91,2
2026-09-14,E03,Shanghai Mfg,USD,122461.0,167862.24,4
2026-09-14,E04,Shenzhen Sourcing,CNY,-1639617.42,-339435.83,5
2026-09-14,E04,Shenzhen Sourcing,USD,459451.56,627871.76,5
2026-09-14,E05,India Services,EUR,39521.33,57514.75,2
2026-09-14,E05,India Services,INR,37366612.36,-123216.26,5
2026-09-14,E05,India Services,USD,244199.86,333295.65,5
2026-09-14,E06,Germany GmbH,EUR,61383.87,467521.93,5
2026-09-14,E06,Germany GmbH,USD,67038.38,92288.45,5
2026-09-14,E07,Germany Sales Office,EUR,-395474.63,-484020.48,5
2026-09-14,E07,Germany Sales Office,USD,123157.24,168013.04,4
2026-09-14,E08,Netherlands BV,EUR,-249893.38,539079.08,5
2026-09-14,E08,Netherlands BV,USD,957707.87,1310303.53,5
2026-09-14,E09,UK Ltd,EUR,76877.36,112382.33,5
2026-09-14,E09,UK Ltd,GBP,-456424.56,453581.86,5
2026-09-14,E09,UK Ltd,USD,-904695.02,-1231902.65,5
2026-09-14,E10,US Inc,EUR,-264565.36,-376259.32,5
2026-09-14,E10,US Inc,USD,-947187.22,721566.25,5
2026-09-14,E11,US West Distribution,USD,-905216.33,-695596.84,5
2026-09-21,E01,Group Treasury HQ,EUR,-237931.03,-341201.71,5
2026-09-21,E01,Group Treasury HQ,GBP,-218023.26,-383411.12,1
2026-09-21,E01,Group Treasury HQ,SGD,-1379700.81,-498089.22,5
2026-09-21,E01,Group Treasury HQ,USD,179104.48,246338.05,4
2026-09-21,E02,SG Operations,SGD,-6414789.15,-554819.44,5
2026-09-21,E02,SG Operations,USD,443644.53,605128.65,5
2026-09-21,E03,Shanghai Mfg,CNY,-900968.01,29319.31,4
2026-09-21,E03,Shanghai Mfg,EUR,-260577.76,-372439.11,3
2026-09-21,E03,Shanghai Mfg,USD,104181.74,141945.64,4
2026-09-21,E04,Shenzhen Sourcing,CNY,3212971.34,555935.78,4
2026-09-21,E04,Shenzhen Sourcing,USD,-475366.75,-648312.72,4
2026-09-21,E05,India Services,EUR,-70713.78,-102126.18,1
2026-09-21,E05,India Services,INR,73365191.08,1126721.24,5
2026-09-21,E05,India Services,USD,211164.8,288683.86,4
2026-09-21,E06,Germany GmbH,EUR,-182287.7,62459.26,5
2026-09-21,E06,Germany GmbH,USD,-156178.19,-212769.55,5
2026-09-21,E07,Germany Sales Office,EUR,-270548.6,-391949.39,5
2026-09-21,E07,Germany Sales Office,USD,337323.62,460218.9,3
2026-09-21,E08,Netherlands BV,EUR,-423689.89,-602817.05,5
2026-09-21,E08,Netherlands BV,USD,403047.69,550029.35,5
2026-09-21,E09,UK Ltd,EUR,48883.42,70728.75,3
2026-09-21,E09,UK Ltd,GBP,-186672.61,-227324.98,5
2026-09-21,E09,UK Ltd,USD,-13724.56,-17741.06,5
2026-09-21,E10,US Inc,EUR,-119047.04,-164878.11,5
2026-09-21,E10,US Inc,USD,-135691.55,-107324.42,5
2026-09-21,E11,US West Distribution,USD,33196.78,175008.83,5
2026-09-28,E01,Group Treasury HQ,EUR,427321.65,606912.0,2
2026-09-28,E01,Group Treasury HQ,SGD,1575705.65,1584142.62,4
2026-09-28,E01,Group Treasury HQ,USD,2664179.11,3639559.19,2
2026-09-28,E02,SG Operations,SGD,-948812.53,-282992.34,4
2026-09-28,E02,SG Operations,USD,-373079.79,-511291.24,3
2026-09-28,E03,Shanghai Mfg,CNY,-2634285.38,327302.17,3
2026-09-28,E03,Shanghai Mfg,EUR,17796.43,25272.66,1
2026-09-28,E03,Shanghai Mfg,USD,-256778.0,-349790.15,3
2026-09-28,E04,Shenzhen Sourcing,CNY,-252057.76,-156768.74,3
2026-09-28,E04,Shenzhen Sourcing,USD,36790.93,54084.75,3
2026-09-28,E05,India Services,EUR,22257.42,31655.7,1
2026-09-28,E05,India Services,INR,35084943.18,683961.77,4
2026-09-28,E05,India Services,USD,166779.8,228142.01,2
2026-09-28,E06,Germany GmbH,EUR,-1190275.36,-967717.39,4
2026-09-28,E06,Germany GmbH,USD,-111084.1,-151296.68,3
2026-09-28,E07,Germany Sales Office,EUR,424117.21,710453.99,4
2026-09-28,E07,Germany Sales Office,USD,297102.66,406193.64,2
2026-09-28,E08,Netherlands BV,EUR,-50892.46,-75199.74,3
2026-09-28,E08,Netherlands BV,USD,944366.12,1291887.95,3
2026-09-28,E09,UK Ltd,EUR,181586.55,258106.97,2
2026-09-28,E09,UK Ltd,GBP,-731691.09,-173013.71,3
2026-09-28,E09,UK Ltd,USD,454837.34,621898.45,3
2026-09-28,E10,US Inc,EUR,-130794.56,-185568.34,3
2026-09-28,E10,US Inc,USD,-782572.55,844586.15,3
2026-09-28,E11,US West Distribution,USD,-150687.88,-57061.49,3
