date_id,entity_id,entity_name,currency_code,net_flow,gross_flow,net_flow_sgd,gross_flow_sgd,date
20241001,E01,Group Treasury HQ,SGD,1095397.08,1135827.76,1088438.84,1142786.0,2024-10-01
20241001,E01,Group Treasury HQ,USD,235074.63,257462.69,315988.73,346082.89,2024-10-01
20241001,E02,SG Operations,SGD,-1242625.85,1242625.85,-1271983.8,1271983.8,2024-10-01
20241001,E02,SG Operations,USD,-246268.66,246268.66,-331035.81,331035.81,2024-10-01
20241001,E05,India Services,INR,-4663314.85,6950835.31,-74351.9,110824.12,2024-10-01
20241001,E06,Germany GmbH,EUR,-181928.11,189634.21,-299101.39,310590.89,2024-10-01
20241001,E06,Germany GmbH,USD,-87524.76,87524.76,-117638.3,117638.3,2024-10-01
20241001,E07,Germany Sales Office,EUR,-9421.6,9421.6,-15886.22,15886.22,2024-10-01
20241001,E07,Germany Sales Office,USD,7059.55,7059.55,9489.49,9489.49,2024-10-01
20241001,E08,Netherlands BV,EUR,-18206.32,22048.96,-26769.94,33249.2,2024-10-01
20241001,E08,Netherlands BV,USD,14984.87,14984.87,20142.75,20142.75,2024-10-01
20241001,E09,UK Ltd,USD,-7173.21,7173.21,-9640.54,9640.54,2024-10-01
20241001,E10,US Inc,USD,25019.38,29338.12,33631.72,39435.96,2024-10-01
20241001,E11,US West Distribution,USD,10166.65,12221.41,13666.07,16428.09,2024-10-01
20241002,E01,Group Treasury HQ,EUR,489666.61,489666.61,726565.85,726565.85,2024-10-02
20241002,E01,Group Treasury HQ,SGD,-17253.34,17253.34,-23187.89,23187.89,2024-10-02
20241002,E01,Group Treasury HQ,USD,-55970.15,55970.15,-75221.92,75221.92,2024-10-02
20241002,E02,SG Operations,SGD,8126.37,61651.21,23428.92,76953.76,2024-10-02
20241002,E02,SG Operations,USD,2893.27,2893.27,3877.16,3877.16,2024-10-02
20241002,E06,Germany GmbH,EUR,-916941.39,1221873.89,-1360554.92,1813012.84,2024-10-02
20241002,E06,Germany GmbH,USD,177685.56,310766.18,238803.17,417658.87,2024-10-02
20241002,E07,Germany Sales Office,EUR,242007.68,493656.8,359090.26,732486.5,2024-10-02
20241002,E07,Germany Sales Office,USD,55970.15,55970.15,75221.92,75221.92,2024-10-02
20241002,E08,Netherlands BV,EUR,-24303.95,32826.19,-35260.2,49509.34,2024-10-02
20241002,E08,Netherlands BV,USD,51261.17,51261.17,68893.22,68893.22,2024-10-02
20241002,E09,UK Ltd,EUR,50830.85,50830.85,75422.66,75422.66,2024-10-02
20241002,E09,UK Ltd,GBP,-142410.77,142410.77,-238110.1,238110.1,2024-10-02
20241002,E09,UK Ltd,USD,145756.68,172715.4,195891.87,232123.45,2024-10-02
20241002,E10,US Inc,EUR,-203648.75,352729.79,-302173.4,523379.4,2024-10-02
20241002,E10,US Inc,USD,191527.01,191527.01,257405.6,257405.6,2024-10-02
20241002,E11,US West Distribution,USD,69231.8,77163.6,81391.48,93160.66,2024-10-02
20241003,E01,Group Treasury HQ,SGD,-145871.24,205350.16,-152051.8,231784.0,2024-10-03
20241003,E02,SG Operations,SGD,220453.99,224488.23,255754.88,259789.12,2024-10-03
20241003,E02,SG Operations,USD,-93415.85,117134.75,-125182.85,156967.59,2024-10-03
20241003,E05,India Services,EUR,7442.58,7442.58,11067.88,11067.88,2024-10-03
20241003,E05,India Services,INR,-4257643.64,14793258.8,-92265.37,260255.75,2024-10-03
20241003,E05,India Services,USD,-7210.27,7210.27,-9662.19,9662.19,2024-10-03
20241003,E06,Germany GmbH,USD,-10896.99,10896.99,-14602.62,14602.62,2024-10-03
20241003,E08,Netherlands BV,EUR,-12336.32,19421.5,-21277.3,31813.7,2024-10-03
20241003,E08,Netherlands BV,USD,-52090.22,52090.22,-69812.28,69812.28,2024-10-03
20241003,E09,UK Ltd,EUR,9452.35,9452.35,14056.62,14056.62,2024-10-03
20241003,E09,UK Ltd,GBP,-11988.75,11988.75,-20167.97,20167.97,2024-10-03
20241003,E09,UK Ltd,USD,-41994.48,41994.48,-56275.12,56275.12,2024-10-03
20241003,E10,US Inc,USD,-25304.11,185286.45,-33934.29,248320.23,2024-10-03
20241003,E11,US West Distribution,USD,8772.51,33178.67,11752.09,44465.01,2024-10-03
20241004,E01,Group Treasury HQ,SGD,-7469.14,7469.14,-7469.14,7469.14,2024-10-04
20241004,E02,SG Operations,SGD,23818.39,224983.91,7785.15,241017.15,2024-10-04
20241004,E02,SG Operations,USD,4649.51,4649.51,6232.72,6232.72,2024-10-04
20241004,E05,India Services,INR,-3736985.4,3935338.74,-59769.35,62941.81,2024-10-04
20241004,E05,India Services,USD,-5926.21,5926.21,-7944.16,7944.16,2024-10-04
20241004,E06,Germany GmbH,EUR,30093.62,61775.52,44654.93,91666.65,2024-10-04
20241004,E06,Germany GmbH,USD,19293.55,19293.55,25863.24,25863.24,2024-10-04
20241004,E07,Germany Sales Office,EUR,16687.93,58243.45,6634.26,68297.12,2024-10-04
20241004,E08,Netherlands BV,EUR,-332696.09,332696.09,-493676.76,493676.76,2024-10-04
20241004,E08,Netherlands BV,USD,46461.65,46461.65,62282.4,62282.4,2024-10-04
20241004,E09,UK Ltd,GBP,-566.53,566.53,-951.36,951.36,2024-10-04
20241004,E09,UK Ltd,USD,-1720.08,1720.08,-2305.79,2305.79,2024-10-04
20241004,E10,US Inc,EUR,-40488.64,40488.64,-60079.76,60079.76,2024-10-04
20241004,E10,US Inc,USD,-67779.72,67779.72,-90859.53,90859.53,2024-10-04
20241004,E11,US West Distribution,USD,-281861.28,281861.28,-381009.79,381009.79,2024-10-04
20241006,E01,Group Treasury HQ,SGD,-795000.0,795000.0,-795000.0,795000.0,2024-10-06
20241006,E02,SG Operations,SGD,795000.0,795000.0,795000.0,795000.0,2024-10-06
20241006,E08,Netherlands BV,USD,-46925.8,46925.8,-62624.59,62624.59,2024-10-06
20241007,E01,Group Treasury HQ,EUR,-55100.0,55100.0,-81983.35,81983.35,2024-10-07
20241007,E01,Group Treasury HQ,SGD,-289931.96,303868.04,-329675.02,348273.34,2024-10-07
20241007,E01,Group Treasury HQ,USD,-123134.33,123134.33,-164328.3,164328.3,2024-10-07
20241007,E02,SG Operations,SGD,386112.16,449554.32,439699.83,503141.99,2024-10-07
20241007,E02,SG Operations,USD,84270.33,84270.33,112462.55,112462.55,2024-10-07
20241007,E05,India Services,EUR,24418.89,24418.89,36332.89,36332.89,2024-10-07
20241007,E05,India Services,INR,34616927.35,34864047.55,552797.71,556743.99,2024-10-07
20241007,E05,India Services,USD,4219.05,4219.05,5630.51,5630.51,2024-10-07
20241007,E06,Germany GmbH,EUR,152081.39,153972.73,170771.32,173585.46,2024-10-07
20241007,E06,Germany GmbH,USD,167554.23,167554.23,223608.66,223608.66,2024-10-07
20241007,E07,Germany Sales Office,EUR,67963.64,69738.34,101123.19,103763.75,2024-10-07
20241007,E07,Germany Sales Office,USD,44072.16,44072.16,58816.29,58816.29,2024-10-07
20241007,E08,Netherlands BV,EUR,22046.41,23145.03,31561.44,33196.08,2024-10-07
20241007,E08,Netherlands BV,USD,221097.75,221097.75,295064.89,295064.89,2024-10-07
20241007,E09,UK Ltd,EUR,26529.61,26529.61,39473.43,39473.43,2024-10-07
20241007,E09,UK Ltd,GBP,-33223.39,165832.01,-55836.85,278705.41,2024-10-07
20241007,E09,UK Ltd,USD,181967.36,181967.36,242843.63,242843.63,2024-10-07
20241007,E10,US Inc,EUR,212940.37,460435.39,316834.19,685082.27,2024-10-07
20241007,E10,US Inc,USD,241507.07,242704.41,278868.88,280465.72,2024-10-07
20241007,E11,US West Distribution,USD,398059.17,470259.81,530343.89,637274.43,2024-10-07
20241008,E01,Group Treasury HQ,EUR,-598289.66,598289.66,-891556.89,891556.89,2024-10-08
20241008,E01,Group Treasury HQ,SGD,-815037.95,1477431.15,-168652.75,837009.71,2024-10-08
20241008,E01,Group Treasury HQ,USD,425373.13,447761.19,567167.01,597017.91,2024-10-08
20241008,E02,SG Operations,SGD,-3480849.62,4310498.88,-541140.05,1415317.33,2024-10-08
20241008,E02,SG Operations,USD,-153753.27,771158.39,-204888.74,1028099.66,2024-10-08
20241008,E03,Shanghai Mfg,CNY,4765095.35,6805151.39,891031.1,1268098.72,2024-10-08
20241008,E03,Shanghai Mfg,EUR,-7454.51,7454.51,-11108.53,11108.53,2024-10-08
20241008,E03,Shanghai Mfg,USD,221672.48,229982.76,295564.79,306645.21,2024-10-08
20241008,E04,Shenzhen Sourcing,CNY,6651321.87,6825281.01,1456489.56,1488642.76,2024-10-08
20241008,E04,Shenzhen Sourcing,USD,139980.43,139980.43,186521.05,186521.05,2024-10-08
20241008,E05,India Services,EUR,1562.14,1562.14,2327.86,2327.86,2024-10-08
20241008,E05,India Services,INR,-5332270.66,22958114.14,-82049.6,371445.26,2024-10-08
20241008,E05,India Services,USD,166154.5,166154.5,221540.44,221540.44,2024-10-08
20241008,E06,Germany GmbH,EUR,485094.25,978166.21,885038.88,1291528.7,2024-10-08
20241008,E06,Germany GmbH,USD,232317.24,256693.46,309757.88,342259.66,2024-10-08
20241008,E07,Germany Sales Office,EUR,36882.14,42625.26,54960.87,63519.15,2024-10-08
20241008,E07,Germany Sales Office,USD,4619.39,4619.39,6159.22,6159.22,2024-10-08
20241008,E08,Netherlands BV,EUR,17602.21,19057.39,26230.4,28398.86,2024-10-08
20241008,E08,Netherlands BV,USD,96835.07,195459.83,129233.78,260494.7,2024-10-08
20241008,E09,UK Ltd,EUR,35369.91,41046.79,52707.39,61166.95,2024-10-08
20241008,E09,UK Ltd,GBP,733.61,2548.55,111.06,3171.1,2024-10-08
20241008,E09,UK Ltd,USD,68102.01,72488.45,90803.13,96651.75,2024-10-08
20241008,E10,US Inc,EUR,2010.3,2010.3,2995.7,2995.7,2024-10-08
20241008,E10,US Inc,USD,-22662.35,828094.05,383507.77,693053.69,2024-10-08
20241008,E11,US West Distribution,USD,-136653.15,456978.01,24869.65,422263.69,2024-10-08
20241009,E01,Group Treasury HQ,EUR,672413.8,672413.8,1004208.31,1004208.31,2024-10-09
20241009,E01,Group Treasury HQ,SGD,26277.11,28235.67,26277.11,28235.67,2024-10-09
20241009,E01,Group Treasury HQ,USD,727611.94,884328.36,966875.49,1175125.59,2024-10-09
20241009,E02,SG Operations,SGD,-146748.39,529008.37,-19385.56,465713.82,2024-10-09
20241009,E02,SG Operations,USD,283665.53,283665.53,376944.4,376944.4,2024-10-09
20241009,E03,Shanghai Mfg,CNY,1098749.54,1629968.4,202935.74,301050.26,2024-10-09
20241009,E03,Shanghai Mfg,USD,-376311.08,532756.22,-500054.96,707944.56,2024-10-09
20241009,E04,Shenzhen Sourcing,CNY,-53629.82,803170.04,4229.95,162478.31,2024-10-09
20241009,E04,Shenzhen Sourcing,USD,109029.4,109029.4,144881.97,144881.97,2024-10-09
20241009,E05,India Services,INR,1815269.55,1979818.95,29162.3,31805.8,2024-10-09
20241009,E05,India Services,USD,34073.83,34073.83,45278.46,45278.46,2024-10-09
20241009,E06,Germany GmbH,EUR,-566942.51,1300607.97,-702322.63,1781619.23,2024-10-09
20241009,E06,Germany GmbH,USD,-582048.54,594974.28,-773445.9,790622.06,2024-10-09
20241009,E07,Germany Sales Office,EUR,39492.35,47613.59,58296.53,71790.77,2024-10-09
20241009,E07,Germany Sales Office,USD,-11046.71,11046.71,-14679.24,14679.24,2024-10-09
20241009,E08,Netherlands BV,EUR,-770430.19,777705.83,-140514.03,151379.75,2024-10-09
20241009,E08,Netherlands BV,USD,20906.35,20906.35,27781.07,27781.07,2024-10-09
20241009,E09,UK Ltd,GBP,-126838.26,244129.0,56602.91,141619.03,2024-10-09
20241009,E09,UK Ltd,USD,32588.22,32588.22,43304.33,43304.33,2024-10-09
20241009,E10,US Inc,EUR,-193372.01,344559.03,-288789.1,514577.54,2024-10-09
20241009,E10,US Inc,USD,-21997.32,439446.72,213533.01,333062.43,2024-10-09
20241009,E11,US West Distribution,USD,48093.25,140642.23,64486.32,187468.68,2024-10-09
20241010,E01,Group Treasury HQ,EUR,-486734.69,486734.69,-727668.85,727668.85,2024-10-10
20241010,E01,Group Treasury HQ,SGD,-856089.9,856089.9,-219347.76,219347.76,2024-10-10
20241010,E01,Group Treasury HQ,USD,-156716.42,156716.42,-208443.49,208443.49,2024-10-10
20241010,E02,SG Operations,SGD,-4969028.89,5153786.03,-873043.11,1061597.93,2024-10-10
20241010,E02,SG Operations,USD,-4421.59,16253.21,-5881.01,21617.87,2024-10-10
20241010,E03,Shanghai Mfg,CNY,-893079.26,1796944.82,-165043.74,332080.8,2024-10-10
20241010,E03,Shanghai Mfg,EUR,-17649.97,17649.97,-26386.72,26386.72,2024-10-10
20241010,E03,Shanghai Mfg,USD,-54192.58,54192.58,-72074.62,72074.62,2024-10-10
20241010,E04,Shenzhen Sourcing,CNY,-2197294.4,2695794.72,-622719.2,714843.56,2024-10-10
20241010,E04,Shenzhen Sourcing,USD,-22136.89,29689.37,-29443.57,39488.89,2024-10-10
20241010,E05,India Services,INR,-1619745.73,1619745.73,-46450.42,46450.42,2024-10-10
20241010,E05,India Services,USD,24407.68,30814.62,32463.87,40985.53,2024-10-10
20241010,E06,Germany GmbH,EUR,128931.52,466900.6,192576.13,698193.49,2024-10-10
20241010,E06,Germany GmbH,USD,23462.38,77816.72,31255.61,103452.47,2024-10-10
20241010,E07,Germany Sales Office,EUR,-142.23,142.23,-212.64,212.64,2024-10-10
20241010,E07,Germany Sales Office,USD,-26208.86,26208.86,-34859.57,34859.57,2024-10-10
20241010,E08,Netherlands BV,EUR,-40108.24,495280.66,-64030.8,744514.02,2024-10-10
20241010,E09,UK Ltd,EUR,11509.03,30432.73,17206.01,45496.97,2024-10-10
20241010,E09,UK Ltd,GBP,32231.41,37481.97,54573.55,63463.69,2024-10-10
20241010,E09,UK Ltd,USD,15592.07,15592.07,20738.52,20738.52,2024-10-10
20241010,E10,US Inc,EUR,44588.61,137149.65,66660.02,205038.86,2024-10-10
20241010,E10,US Inc,USD,-281748.22,300231.1,-62999.89,87583.37,2024-10-10
20241010,E11,US West Distribution,USD,-524454.0,840491.94,-148775.19,569127.13,2024-10-10
20241011,E01,Group Treasury HQ,EUR,-165517.24,165517.24,-247823.5,247823.5,2024-10-11
20241011,E01,Group Treasury HQ,SGD,-31455.96,58102.18,-27105.38,62452.76,2024-10-11
20241011,E01,Group Treasury HQ,USD,-694029.85,694029.85,-920661.13,920661.13,2024-10-11
20241011,E02,SG Operations,SGD,-203842.14,266404.74,-110654.8,173217.4,2024-10-11
20241011,E03,Shanghai Mfg,CNY,1054863.7,2294813.88,195111.82,424457.96,2024-10-11
20241011,E03,Shanghai Mfg,USD,-26524.12,26524.12,-35185.42,35185.42,2024-10-11
20241011,E04,Shenzhen Sourcing,CNY,-1729614.22,1764213.64,-317267.96,351867.38,2024-10-11
20241011,E05,India Services,INR,1039834.58,1146169.82,16631.11,18331.85,2024-10-11
20241011,E06,Germany GmbH,EUR,-557452.82,903312.32,-834655.7,1352499.72,2024-10-11
20241011,E06,Germany GmbH,USD,-179184.46,179184.46,-237696.07,237696.07,2024-10-11
20241011,E07,Germany Sales Office,EUR,-145354.8,145354.8,-217634.93,217634.93,2024-10-11
20241011,E08,Netherlands BV,EUR,-45010.35,45010.35,-59547.2,59547.2,2024-10-11
20241011,E08,Netherlands BV,USD,374758.39,374758.39,497133.49,497133.49,2024-10-11
20241011,E09,UK Ltd,GBP,-457741.3,457741.3,-92453.36,92453.36,2024-10-11
20241011,E10,US Inc,EUR,-13921.63,101045.03,-20844.4,151291.4,2024-10-11
20241011,E10,US Inc,USD,-447661.71,474270.47,-263862.11,299159.79,2024-10-11
20241011,E11,US West Distribution,USD,464932.16,945908.48,604635.44,1263098.46,2024-10-11
20241012,E02,SG Operations,SGD,-37174.74,37174.74,-37174.74,37174.74,2024-10-12
20241013,E01,Group Treasury HQ,SGD,-315000.0,315000.0,-315000.0,315000.0,2024-10-13
20241013,E02,SG Operations,SGD,315000.0,315000.0,315000.0,315000.0,2024-10-13
20241013,E03,Shanghai Mfg,USD,71517.58,71517.58,95201.2,95201.2,2024-10-13
20241014,E01,Group Treasury HQ,GBP,-270348.84,270348.84,-460082.9,460082.9,2024-10-14
20241014,E01,Group Treasury HQ,SGD,184201.05,455798.95,184201.05,455798.95,2024-10-14
20241014,E01,Group Treasury HQ,USD,-167910.45,167910.45,-223515.34,223515.34,2024-10-14
20241014,E02,SG Operations,SGD,-362734.07,799730.43,-129961.85,610727.47,2024-10-14
20241014,E02,SG Operations,USD,335870.2,335870.2,447104.25,447104.25,2024-10-14
20241014,E03,Shanghai Mfg,CNY,2303817.87,2321832.07,425602.72,428930.6,2024-10-14
20241014,E03,Shanghai Mfg,EUR,79193.56,79193.56,118871.59,118871.59,2024-10-14
20241014,E03,Shanghai Mfg,USD,4608.32,4608.32,6134.4,6134.4,2024-10-14
20241014,E04,Shenzhen Sourcing,CNY,1449622.83,1471603.19,278756.75,282817.79,2024-10-14
20241014,E04,Shenzhen Sourcing,USD,214824.44,214824.44,285965.27,285965.27,2024-10-14
20241014,E05,India Services,INR,8714172.35,8823393.79,176125.79,177873.19,2024-10-14
20241014,E05,India Services,USD,119878.75,119878.75,159577.56,159577.56,2024-10-14
20241014,E06,Germany GmbH,EUR,51726.11,411109.41,16330.33,555773.99,2024-10-14
20241014,E06,Germany GmbH,USD,188871.89,221492.13,251418.33,294841.01,2024-10-14
20241014,E07,Germany Sales Office,EUR,-78565.05,78565.05,-117928.18,117928.18,2024-10-14
20241014,E07,Germany Sales Office,USD,54911.26,54911.26,73095.56,73095.56,2024-10-14
20241014,E08,Netherlands BV,EUR,37085.43,38817.39,55666.19,58265.91,2024-10-14
20241014,E08,Netherlands BV,USD,146898.79,146898.79,195545.49,195545.49,2024-10-14
20241014,E09,UK Ltd,EUR,74229.0,74229.0,111419.66,111419.66,2024-10-14
20241014,E09,UK Ltd,GBP,147358.89,393338.79,250777.11,669388.69,2024-10-14
20241014,E09,UK Ltd,USD,451541.64,451541.64,601073.26,601073.26,2024-10-14
20241014,E10,US Inc,USD,-25845.59,25845.59,-25845.59,25845.59,2024-10-14
20241015,E01,Group Treasury HQ,EUR,-155172.41,155172.41,-234844.76,234844.76,2024-10-15
20241015,E01,Group Treasury HQ,SGD,2098160.23,2159712.89,2345042.93,2370843.49,2024-10-15
20241015,E01,Group Treasury HQ,USD,604477.61,604477.61,805291.72,805291.72,2024-10-15
20241015,E02,SG Operations,SGD,-1143818.24,3323657.76,-184352.65,3086625.29,2024-10-15
20241015,E02,SG Operations,USD,-607995.46,1030358.28,-809978.23,1372654.65,2024-10-15
20241015,E03,Shanghai Mfg,CNY,1114225.57,1139686.29,205465.43,210160.41,2024-10-15
20241015,E03,Shanghai Mfg,EUR,9789.2,9789.2,14815.41,14815.41,2024-10-15
20241015,E03,Shanghai Mfg,USD,69282.5,69282.5,92314.01,92314.01,2024-10-15
20241015,E04,Shenzhen Sourcing,CNY,717769.4,756291.06,132357.9,139461.8,2024-10-15
20241015,E04,Shenzhen Sourcing,USD,63817.32,63817.32,85018.14,85018.14,2024-10-15
20241015,E05,India Services,EUR,31265.62,31265.62,47318.76,47318.76,2024-10-15
20241015,E05,India Services,INR,4299280.2,14396579.76,68762.69,230258.91,2024-10-15
20241015,E05,India Services,USD,33947.74,33947.74,45225.55,45225.55,2024-10-15
20241015,E06,Germany GmbH,EUR,786083.63,878322.69,1144548.43,1291000.77,2024-10-15
20241015,E06,Germany GmbH,USD,62384.85,62384.85,83109.78,83109.78,2024-10-15
20241015,E07,Germany Sales Office,EUR,47562.73,48550.19,71983.53,73477.99,2024-10-15
20241015,E07,Germany Sales Office,USD,18395.55,18395.55,24506.75,24506.75,2024-10-15
20241015,E08,Netherlands BV,EUR,-106788.75,118817.39,-161618.78,179823.46,2024-10-15
20241015,E08,Netherlands BV,USD,106129.26,106129.26,141386.57,141386.57,2024-10-15
20241015,E09,UK Ltd,EUR,64282.19,64282.19,97287.49,97287.49,2024-10-15
20241015,E09,UK Ltd,GBP,-401726.13,433035.51,-61018.92,95017.08,2024-10-15
20241015,E09,UK Ltd,USD,-45887.09,91715.49,-61153.71,122206.81,2024-10-15
20241015,E10,US Inc,EUR,162788.38,162788.38,246371.08,246371.08,2024-10-15
20241015,E10,US Inc,USD,-356533.6,662496.7,-397691.26,860034.08,2024-10-15
20241015,E11,US West Distribution,USD,390723.67,438121.95,540013.92,603158.5,2024-10-15
20241016,E01,Group Treasury HQ,EUR,1094180.98,1094180.98,1645651.49,1645651.49,2024-10-16
20241016,E01,Group Treasury HQ,SGD,176025.85,180521.43,257315.83,261811.41,2024-10-16
20241016,E01,Group Treasury HQ,USD,906716.41,1197761.19,1208233.18,1596061.12,2024-10-16
20241016,E02,SG Operations,SGD,-118992.88,431347.08,56542.75,336207.03,2024-10-16
20241016,E02,SG Operations,USD,54317.77,216606.75,72380.44,288636.52,2024-10-16
20241016,E03,Shanghai Mfg,CNY,-390312.98,641804.94,-71883.31,118217.19,2024-10-16
20241016,E03,Shanghai Mfg,EUR,183074.02,183074.02,275343.88,275343.88,2024-10-16
20241016,E03,Shanghai Mfg,USD,145522.39,145522.39,193913.97,193913.97,2024-10-16
20241016,E04,Shenzhen Sourcing,CNY,-94047.01,559950.79,-17326.84,103163.08,2024-10-16
20241016,E04,Shenzhen Sourcing,USD,-549042.29,592748.75,-731619.17,789859.65,2024-10-16
20241016,E05,India Services,INR,1683689.08,1780723.98,26896.94,28447.06,2024-10-16
20241016,E05,India Services,USD,-102813.12,114786.88,-137002.29,152957.77,2024-10-16
20241016,E06,Germany GmbH,EUR,-916782.69,1066057.63,-1329434.29,1553944.25,2024-10-16
20241016,E06,Germany GmbH,USD,4420.22,4420.22,5890.11,5890.11,2024-10-16
20241016,E07,Germany Sales Office,EUR,-169497.31,299172.35,-243446.48,461434.08,2024-10-16
20241016,E08,Netherlands BV,EUR,-1560139.1,1596950.24,-420692.24,463619.14,2024-10-16
20241016,E08,Netherlands BV,USD,105112.78,105112.78,140066.67,140066.67,2024-10-16
20241016,E09,UK Ltd,GBP,-46246.26,81141.5,-83950.01,133942.43,2024-10-16
20241016,E09,UK Ltd,USD,37882.06,37882.06,50479.24,50479.24,2024-10-16
20241016,E10,US Inc,EUR,6024.89,337059.37,9061.44,506938.3,2024-10-16
20241016,E10,US Inc,USD,-290598.12,544590.76,-387232.75,725687.35,2024-10-16
20241016,E11,US West Distribution,USD,-428296.89,970865.07,-521132.28,1257557.82,2024-10-16
20241017,E01,Group Treasury HQ,EUR,-104693.92,104693.92,-157522.57,157522.57,2024-10-17
20241017,E01,Group Treasury HQ,SGD,-1673967.1,2316971.46,1567.84,735254.02,2024-10-17
20241017,E02,SG Operations,SGD,-1884707.17,2026994.39,-273859.68,478453.34,2024-10-17
20241017,E02,SG Operations,USD,35206.35,58465.21,47096.1,78209.84,2024-10-17
20241017,E03,Shanghai Mfg,CNY,-6296495.32,7070559.34,-1162909.46,1305211.84,2024-10-17
20241017,E03,Shanghai Mfg,EUR,-10174.38,10174.38,-15308.38,15308.38,2024-10-17
20241017,E03,Shanghai Mfg,USD,-21908.52,21908.52,-29307.38,29307.38,2024-10-17
20241017,E04,Shenzhen Sourcing,CNY,-992794.54,1140941.2,-182513.35,209748.33,2024-10-17
20241017,E04,Shenzhen Sourcing,USD,-59006.24,59006.24,-78933.59,78933.59,2024-10-17
20241017,E05,India Services,EUR,-20807.07,20807.07,-31306.34,31306.34,2024-10-17
20241017,E05,India Services,INR,-2522808.6,2522808.6,-40271.59,40271.59,2024-10-17
20241017,E06,Germany GmbH,EUR,-30627.8,112642.34,-46999.56,168564.82,2024-10-17
20241017,E06,Germany GmbH,USD,-78752.92,243374.4,-105349.04,325565.82,2024-10-17
20241017,E07,Germany Sales Office,EUR,24112.2,46580.06,36279.24,70084.4,2024-10-17
20241017,E07,Germany Sales Office,USD,-3189.78,3189.78,-4267.02,4267.02,2024-10-17
20241017,E08,Netherlands BV,EUR,-109017.98,329259.6,-164028.58,495404.34,2024-10-17
20241017,E08,Netherlands BV,USD,-69294.52,69294.52,-92772.91,92772.91,2024-10-17
20241017,E09,UK Ltd,EUR,-35512.51,35512.51,-53432.16,53432.16,2024-10-17
20241017,E09,UK Ltd,GBP,-147140.15,147140.15,-252835.85,252835.85,2024-10-17
20241017,E09,UK Ltd,USD,50414.78,50414.78,67440.66,67440.66,2024-10-17
20241017,E10,US Inc,EUR,-4345.85,4345.85,-6538.77,6538.77,2024-10-17
20241017,E10,US Inc,USD,-375635.33,774863.93,128374.46,405680.0,2024-10-17
20241017,E11,US West Distribution,USD,-169347.34,341600.34,-211792.02,467108.62,2024-10-17
20241018,E01,Group Treasury HQ,EUR,-144827.59,144827.59,-218077.18,218077.18,2024-10-18
20241018,E01,Group Treasury HQ,SGD,-5265.68,5265.68,-5265.68,5265.68,2024-10-18
20241018,E02,SG Operations,SGD,-82934.32,159020.34,-82934.32,159020.34,2024-10-18
20241018,E02,SG Operations,USD,-3096.31,3096.31,-4163.13,4163.13,2024-10-18
20241018,E03,Shanghai Mfg,CNY,-1259177.43,1259177.43,-232287.46,232287.46,2024-10-18
20241018,E03,Shanghai Mfg,USD,-2201.58,2201.58,-2960.13,2960.13,2024-10-18
20241018,E04,Shenzhen Sourcing,CNY,-1101512.22,1101512.22,-243345.97,243345.97,2024-10-18
20241018,E05,India Services,INR,-10535594.71,10535594.71,-175605.15,175605.15,2024-10-18
20241018,E06,Germany GmbH,EUR,-169089.2,725267.74,-26005.22,728682.94,2024-10-18
20241018,E06,Germany GmbH,USD,17446.13,18933.65,23457.14,25457.18,2024-10-18
20241018,E07,Germany Sales Office,EUR,-193743.01,193743.01,-197053.04,197053.04,2024-10-18
20241018,E07,Germany Sales Office,USD,-2876.01,2876.01,-3866.93,3866.93,2024-10-18
20241018,E08,Netherlands BV,EUR,-565292.94,565292.94,-254337.84,254337.84,2024-10-18
20241018,E08,Netherlands BV,USD,48446.52,48446.52,65138.63,65138.63,2024-10-18
20241018,E09,UK Ltd,EUR,-11373.2,11373.2,-17125.43,17125.43,2024-10-18
20241018,E09,UK Ltd,GBP,-417052.5,504706.2,-29066.82,179625.02,2024-10-18
20241018,E09,UK Ltd,USD,-6908.37,13664.85,-9288.63,18373.03,2024-10-18
20241018,E10,US Inc,EUR,-109137.16,146823.08,-164335.56,221081.94,2024-10-18
20241018,E10,US Inc,USD,-146316.19,231521.17,-183625.85,297277.31,2024-10-18
20241018,E11,US West Distribution,USD,-729838.51,794416.59,-993580.1,1090819.9,2024-10-18
20241020,E01,Group Treasury HQ,SGD,-135000.0,135000.0,-135000.0,135000.0,2024-10-20
20241020,E02,SG Operations,SGD,135000.0,135000.0,135000.0,135000.0,2024-10-20
20241021,E01,Group Treasury HQ,EUR,-103448.28,103448.28,-155864.59,155864.59,2024-10-21
20241021,E01,Group Treasury HQ,GBP,-462209.3,462209.3,-792312.72,792312.72,2024-10-21
20241021,E01,Group Treasury HQ,SGD,-368962.98,1041815.56,-251817.37,1158961.17,2024-10-21
20241021,E01,Group Treasury HQ,USD,-33582.09,33582.09,-45279.4,45279.4,2024-10-21
20241021,E02,SG Operations,SGD,769927.18,893647.2,767986.25,952719.27,2024-10-21
20241021,E02,SG Operations,USD,11239.37,31128.19,15154.26,41970.76,2024-10-21
20241021,E03,Shanghai Mfg,CNY,2728178.69,3597190.69,500124.26,659429.78,2024-10-21
20241021,E03,Shanghai Mfg,USD,-310800.54,332999.46,-419058.59,448989.83,2024-10-21
20241021,E04,Shenzhen Sourcing,CNY,758300.83,771094.07,139010.18,141355.44,2024-10-21
20241021,E04,Shenzhen Sourcing,USD,26949.32,26949.32,36336.31,36336.31,2024-10-21
20241021,E05,India Services,INR,7586265.77,12768686.73,120978.18,203622.24,2024-10-21
20241021,E05,India Services,USD,48540.0,48540.0,65447.45,65447.45,2024-10-21
20241021,E06,Germany GmbH,EUR,79637.99,101082.97,126323.16,158634.1,2024-10-21
20241021,E06,Germany GmbH,USD,111105.54,111105.54,149805.82,149805.82,2024-10-21
20241021,E07,Germany Sales Office,EUR,-117499.26,155533.84,-177035.09,234341.43,2024-10-21
20241021,E08,Netherlands BV,EUR,130267.54,130796.34,196272.93,197069.67,2024-10-21
20241021,E08,Netherlands BV,USD,725824.88,725824.88,978644.22,978644.22,2024-10-21
20241021,E09,UK Ltd,GBP,-512904.89,1522203.61,527022.98,1142482.58,2024-10-21
20241021,E09,UK Ltd,USD,112571.67,112571.67,151782.64,151782.64,2024-10-21
20241021,E10,US Inc,EUR,89923.64,89923.64,135487.14,135487.14,2024-10-21
20241021,E10,US Inc,USD,269661.87,287025.37,359691.65,366280.05,2024-10-21
20241021,E11,US West Distribution,USD,142568.15,184619.37,192227.47,248925.99,2024-10-21
20241022,E01,Group Treasury HQ,EUR,-610344.83,610344.83,-918224.73,918224.73,2024-10-22
20241022,E01,Group Treasury HQ,GBP,-209302.33,209302.33,-361250.16,361250.16,2024-10-22
20241022,E01,Group Treasury HQ,SGD,325268.29,333325.77,383857.28,385481.86,2024-10-22
20241022,E01,Group Treasury HQ,USD,78358.21,458955.23,105444.84,617605.48,2024-10-22
20241022,E02,SG Operations,SGD,-97528.1,394726.2,35496.43,400249.51,2024-10-22
20241022,E02,SG Operations,USD,-102151.97,443786.27,-137463.54,597192.98,2024-10-22
20241022,E03,Shanghai Mfg,CNY,-3098273.63,4147484.35,-555934.17,772600.33,2024-10-22
20241022,E03,Shanghai Mfg,EUR,646648.38,646648.38,972841.1,972841.1,2024-10-22
20241022,E03,Shanghai Mfg,USD,89208.74,133648.22,120046.14,179847.34,2024-10-22
20241022,E04,Shenzhen Sourcing,CNY,-243175.24,369250.18,-51751.62,103286.12,2024-10-22
20241022,E04,Shenzhen Sourcing,USD,-227915.93,227915.93,-306701.23,306701.23,2024-10-22
20241022,E05,India Services,INR,8617909.91,15801218.31,160176.6,274326.56,2024-10-22
20241022,E05,India Services,USD,17991.36,17991.36,24259.25,24259.25,2024-10-22
20241022,E06,Germany GmbH,EUR,769010.54,930099.76,1163892.33,1406240.75,2024-10-22
20241022,E06,Germany GmbH,USD,6578.32,30535.98,8808.38,41135.48,2024-10-22
20241022,E07,Germany Sales Office,EUR,-33381.1,183317.16,-47513.58,273082.78,2024-10-22
20241022,E08,Netherlands BV,EUR,302023.59,304933.53,317185.14,321562.96,2024-10-22
20241022,E08,Netherlands BV,USD,53539.38,223873.0,72046.71,301260.75,2024-10-22
20241022,E09,UK Ltd,EUR,257189.4,267721.02,386924.99,402769.13,2024-10-22
20241022,E09,UK Ltd,GBP,-379685.01,896557.21,159348.28,696113.8,2024-10-22
20241022,E09,UK Ltd,USD,37514.76,37514.76,50482.75,50482.75,2024-10-22
20241022,E10,US Inc,EUR,33244.6,33244.6,50014.37,50014.37,2024-10-22
20241022,E10,US Inc,USD,162787.25,307634.19,289278.59,344629.89,2024-10-22
20241022,E11,US West Distribution,USD,-432892.85,1819090.55,654410.58,1069707.62,2024-10-22
20241023,E01,Group Treasury HQ,EUR,413793.1,413793.1,624947.58,624947.58,2024-10-23
20241023,E01,Group Treasury HQ,GBP,-287790.7,287790.7,-492851.35,492851.35,2024-10-23
20241023,E01,Group Treasury HQ,SGD,-67715.55,83581.47,-65852.89,85444.13,2024-10-23
20241023,E02,SG Operations,SGD,166327.24,262610.18,195225.11,291508.05,2024-10-23
20241023,E02,SG Operations,USD,58422.65,58422.65,78832.19,78832.19,2024-10-23
20241023,E03,Shanghai Mfg,CNY,153983.08,758057.84,28236.03,139005.81,2024-10-23
20241023,E03,Shanghai Mfg,EUR,39849.5,39849.5,60184.3,60184.3,2024-10-23
20241023,E04,Shenzhen Sourcing,CNY,-433801.69,454262.49,-184690.66,215592.4,2024-10-23
20241023,E05,India Services,INR,-4138764.46,4826785.18,245217.21,404277.35,2024-10-23
20241023,E06,Germany GmbH,EUR,-328722.09,561523.19,-494581.03,846178.19,2024-10-23
20241023,E06,Germany GmbH,USD,-3827.94,3827.94,-5165.2,5165.2,2024-10-23
20241023,E07,Germany Sales Office,EUR,-67514.3,137585.52,-100595.88,209164.32,2024-10-23
20241023,E08,Netherlands BV,EUR,-883662.99,883662.99,-756522.72,756522.72,2024-10-23
20241023,E09,UK Ltd,GBP,280413.27,309706.85,501348.15,509252.61,2024-10-23
20241023,E09,UK Ltd,USD,19438.67,19438.67,26229.44,26229.44,2024-10-23
20241023,E10,US Inc,EUR,-254554.88,254554.88,-384451.7,384451.7,2024-10-23
20241023,E10,US Inc,USD,156263.97,522220.69,296403.01,619105.53,2024-10-23
20241023,E11,US West Distribution,USD,101946.63,164131.97,142382.88,246962.1,2024-10-23
20241024,E01,Group Treasury HQ,SGD,-1017085.47,1017085.47,-370893.24,370893.24,2024-10-24
20241024,E01,Group Treasury HQ,USD,-11194.03,11194.03,-15149.25,15149.25,2024-10-24
20241024,E02,SG Operations,SGD,-1422742.1,1983409.82,-125362.28,686030.0,2024-10-24
20241024,E02,SG Operations,USD,-10194.37,16503.73,-13796.38,22335.04,2024-10-24
20241024,E03,Shanghai Mfg,CNY,-3054576.38,3242047.72,-522735.81,710207.15,2024-10-24
20241024,E03,Shanghai Mfg,USD,-23770.98,23770.98,-32170.05,32170.05,2024-10-24
20241024,E04,Shenzhen Sourcing,CNY,-5344031.03,5500746.47,-1170423.44,1276472.22,2024-10-24
20241024,E04,Shenzhen Sourcing,USD,-6185.35,6185.35,-8370.84,8370.84,2024-10-24
20241024,E05,India Services,EUR,-19193.82,19193.82,-28945.43,28945.43,2024-10-24
20241024,E05,India Services,INR,-93416.2,98285.86,909.56,3960.1,2024-10-24
20241024,E05,India Services,USD,-23947.58,23947.58,-32409.05,32409.05,2024-10-24
20241024,E06,Germany GmbH,EUR,-553896.94,702530.9,-56664.07,205298.03,2024-10-24
20241024,E06,Germany GmbH,USD,8404.86,24755.5,11374.57,33502.43,2024-10-24
20241024,E07,Germany Sales Office,EUR,-11124.98,38305.2,-16777.14,57766.54,2024-10-24
20241024,E08,Netherlands BV,EUR,-300540.34,303920.76,-156522.16,161620.04,2024-10-24
20241024,E08,Netherlands BV,USD,-89861.54,184145.94,-121612.59,249210.77,2024-10-24
20241024,E09,UK Ltd,GBP,130492.5,159376.46,120316.36,169552.6,2024-10-24
20241024,E09,UK Ltd,USD,-3669.38,3669.38,-4971.53,4971.53,2024-10-24
20241024,E10,US Inc,EUR,101096.62,101096.62,152459.77,152459.77,2024-10-24
20241024,E10,US Inc,USD,-2423623.17,2455948.73,-663079.44,706826.7,2024-10-24
20241024,E11,US West Distribution,USD,-519213.31,552809.35,-186974.8,232441.42,2024-10-24
20241025,E01,Group Treasury HQ,EUR,-134482.76,134482.76,-202217.42,202217.42,2024-10-25
20241025,E01,Group Treasury HQ,SGD,-426158.83,426158.83,-78490.58,78490.58,2024-10-25
20241025,E01,Group Treasury HQ,USD,-235074.63,235074.63,-318495.56,318495.56,2024-10-25
20241025,E02,SG Operations,SGD,-1300256.28,1588655.5,-682872.88,1009636.42,2024-10-25
20241025,E02,SG Operations,USD,365955.29,365955.29,495821.84,495821.84,2024-10-25
20241025,E03,Shanghai Mfg,CNY,143015.87,902405.47,26307.62,165996.58,2024-10-25
20241025,E03,Shanghai Mfg,USD,235074.63,235074.63,318495.56,318495.56,2024-10-25
20241025,E04,Shenzhen Sourcing,CNY,-808665.86,1147235.84,-212359.04,274638.64,2024-10-25
20241025,E05,India Services,INR,4299937.51,4331184.69,68420.61,68917.81,2024-10-25
20241025,E05,India Services,USD,18986.3,18986.3,25723.97,25723.97,2024-10-25
20241025,E06,Germany GmbH,EUR,-470436.29,758682.67,-714901.23,1143151.15,2024-10-25
20241025,E07,Germany Sales Office,EUR,-35921.49,60874.25,-54013.99,91534.65,2024-10-25
20241025,E08,Netherlands BV,EUR,-449943.55,514218.53,-228136.2,333216.08,2024-10-25
20241025,E08,Netherlands BV,USD,223437.27,223437.27,302728.45,302728.45,2024-10-25
20241025,E09,UK Ltd,GBP,-2629447.99,2735923.61,-681390.32,863552.54,2024-10-25
20241025,E09,UK Ltd,USD,-3605.08,3605.08,-4884.41,4884.41,2024-10-25
20241025,E10,US Inc,EUR,-48447.03,55174.93,-72848.25,82964.77,2024-10-25
20241025,E10,US Inc,USD,-1583450.99,1842000.13,-261492.62,611793.1,2024-10-25
20241025,E11,US West Distribution,USD,-196904.79,303758.13,-248125.77,405528.39,2024-10-25
20241028,E01,Group Treasury HQ,EUR,20825.32,20825.32,31018.0,31018.0,2024-10-28
20241028,E01,Group Treasury HQ,SGD,47557.78,80345.62,70442.64,103230.48,2024-10-28
20241028,E01,Group Treasury HQ,USD,-100746.27,100746.27,-136797.92,136797.92,2024-10-28
20241028,E02,SG Operations,SGD,-22372.65,134449.85,-3026.12,153796.38,2024-10-28
20241028,E02,SG Operations,USD,201782.5,201782.5,273989.24,273989.24,2024-10-28
20241028,E03,Shanghai Mfg,CNY,3127249.62,7695039.48,575801.73,1416841.47,2024-10-28
20241028,E03,Shanghai Mfg,USD,82952.46,124998.7,112635.6,169727.92,2024-10-28
20241028,E04,Shenzhen Sourcing,CNY,617327.73,1418411.23,268535.58,416034.3,2024-10-28
20241028,E04,Shenzhen Sourcing,USD,147681.12,147681.12,200528.21,200528.21,2024-10-28
20241028,E05,India Services,EUR,14531.96,14531.96,21644.44,21644.44,2024-10-28
20241028,E05,India Services,INR,17022718.78,18145869.7,200481.57,358839.67,2024-10-28
20241028,E05,India Services,USD,74026.19,74026.19,100516.16,100516.16,2024-10-28
20241028,E06,Germany GmbH,EUR,-50701.07,338358.09,21638.48,406808.56,2024-10-28
20241028,E06,Germany GmbH,USD,311609.15,311609.15,423117.23,423117.23,2024-10-28
20241028,E07,Germany Sales Office,EUR,-2538.37,71974.79,-3780.74,107201.92,2024-10-28
20241028,E07,Germany Sales Office,USD,276470.34,276470.34,375404.15,375404.15,2024-10-28
20241028,E08,Netherlands BV,EUR,282692.74,347830.44,333075.76,430094.24,2024-10-28
20241028,E08,Netherlands BV,USD,107519.62,107519.62,145995.08,145995.08,2024-10-28
20241028,E09,UK Ltd,EUR,150583.83,150583.83,224285.13,224285.13,2024-10-28
20241028,E09,UK Ltd,GBP,-269404.88,269404.88,-456752.0,456752.0,2024-10-28
20241028,E09,UK Ltd,USD,222118.72,222118.72,301603.01,301603.01,2024-10-28
20241028,E10,US Inc,EUR,82280.2,137765.88,122551.18,205193.6,2024-10-28
20241028,E10,US Inc,USD,231106.67,237320.55,297939.19,306376.69,2024-10-28
20241028,E11,US West Distribution,USD,437803.96,738811.58,601505.43,1010227.41,2024-10-28
20241029,E01,Group Treasury HQ,EUR,-391725.46,391725.46,-581823.17,581823.17,2024-10-29
20241029,E01,Group Treasury HQ,SGD,695640.66,1215434.56,920946.98,1016614.02,2024-10-29
20241029,E01,Group Treasury HQ,USD,593283.58,615671.64,805571.12,835970.04,2024-10-29
20241029,E02,SG Operations,SGD,-1716054.82,2869475.84,-496877.26,1711809.58,2024-10-29
20241029,E02,SG Operations,USD,-637262.24,810146.14,-865055.21,1100261.95,2024-10-29
20241029,E03,Shanghai Mfg,CNY,-89704.95,2956529.29,-10620.99,550032.31,2024-10-29
20241029,E03,Shanghai Mfg,EUR,-2204.22,64385.06,-3273.89,95630.03,2024-10-29
20241029,E03,Shanghai Mfg,USD,124145.04,126157.14,168566.37,171298.43,2024-10-29
20241029,E04,Shenzhen Sourcing,CNY,-88371.57,2420631.59,-4071.02,457538.2,2024-10-29
20241029,E04,Shenzhen Sourcing,USD,5230.18,5230.18,7101.63,7101.63,2024-10-29
20241029,E05,India Services,EUR,-756.44,756.44,-1123.53,1123.53,2024-10-29
20241029,E05,India Services,INR,-8101594.54,20267485.3,-139847.59,333382.57,2024-10-29
20241029,E05,India Services,USD,133990.1,213680.3,181934.17,290138.95,2024-10-29
20241029,E06,Germany GmbH,EUR,189158.37,576358.87,280953.71,856056.03,2024-10-29
20241029,E06,Germany GmbH,USD,71290.05,71290.05,96798.91,96798.91,2024-10-29
20241029,E07,Germany Sales Office,EUR,380314.71,380883.11,570551.57,571395.79,2024-10-29
20241029,E07,Germany Sales Office,USD,78692.31,78692.31,106849.84,106849.84,2024-10-29
20241029,E08,Netherlands BV,EUR,-695.68,30703.86,-7814.96,38822.26,2024-10-29
20241029,E08,Netherlands BV,USD,28897.8,72354.32,39237.95,98243.99,2024-10-29
20241029,E09,UK Ltd,EUR,238106.57,294052.49,353655.64,436751.16,2024-10-29
20241029,E09,UK Ltd,GBP,25742.63,26510.67,25470.72,26782.58,2024-10-29
20241029,E09,UK Ltd,USD,186680.28,591160.9,253000.59,803166.17,2024-10-29
20241029,E10,US Inc,EUR,222644.51,222644.51,330690.1,330690.1,2024-10-29
20241029,E10,US Inc,USD,223351.71,321777.81,336741.72,403444.98,2024-10-29
20241029,E11,US West Distribution,USD,163036.12,211315.26,215712.97,281611.03,2024-10-29
20241030,E01,Group Treasury HQ,EUR,393103.45,827586.21,582990.88,1227349.24,2024-10-30
20241030,E01,Group Treasury HQ,GBP,-252906.98,252906.98,-430828.3,430828.3,2024-10-30
20241030,E01,Group Treasury HQ,SGD,-30907.48,30907.48,-30907.48,30907.48,2024-10-30
20241030,E01,Group Treasury HQ,USD,1231343.28,1231343.28,1681682.46,1681682.46,2024-10-30
20241030,E02,SG Operations,SGD,74764.88,340186.12,92757.85,358179.09,2024-10-30
20241030,E02,SG Operations,USD,63960.25,63960.25,87352.43,87352.43,2024-10-30
20241030,E03,Shanghai Mfg,CNY,19833.74,745886.7,-45996.68,186722.32,2024-10-30
20241030,E03,Shanghai Mfg,USD,-309496.85,315740.91,-423021.08,431548.78,2024-10-30
20241030,E04,Shenzhen Sourcing,CNY,-762740.26,1150725.12,-140177.95,211482.57,2024-10-30
20241030,E04,Shenzhen Sourcing,USD,105500.63,105500.63,144106.23,144106.23,2024-10-30
20241030,E05,India Services,INR,10826487.01,16479239.21,172834.04,263074.58,2024-10-30
20241030,E05,India Services,USD,16200.17,16200.17,22125.06,22125.06,2024-10-30
20241030,E06,Germany GmbH,EUR,130542.5,791368.1,309535.15,1067357.19,2024-10-30
20241030,E06,Germany GmbH,USD,-556660.2,564920.56,-760247.53,771528.95,2024-10-30
20241030,E07,Germany Sales Office,EUR,158094.62,194363.46,234461.76,288250.14,2024-10-30
20241030,E07,Germany Sales Office,USD,23334.51,23334.51,31868.64,31868.64,2024-10-30
20241030,E08,Netherlands BV,EUR,-363460.61,403476.67,-548693.99,588710.05,2024-10-30
20241030,E08,Netherlands BV,USD,-1862.86,16399.56,-2544.16,22397.38,2024-10-30
20241030,E09,UK Ltd,EUR,63397.9,63397.9,94022.07,94022.07,2024-10-30
20241030,E09,UK Ltd,GBP,235366.91,364156.85,490015.33,514326.93,2024-10-30
20241030,E09,UK Ltd,USD,4576.74,4576.74,6250.59,6250.59,2024-10-30
20241030,E10,US Inc,EUR,-329080.5,329080.5,-488041.84,488041.84,2024-10-30
20241030,E10,US Inc,USD,-547641.57,794120.71,-191497.63,528121.57,2024-10-30
20241030,E11,US West Distribution,USD,-476852.08,1020508.1,-651284.1,1393771.44,2024-10-30
20241031,E02,SG Operations,SGD,-323508.08,323508.08,-59420.35,59420.35,2024-10-31
20241031,E03,Shanghai Mfg,CNY,-1111938.0,1453831.12,-204235.21,267032.43,2024-10-31
20241031,E03,Shanghai Mfg,USD,-2150.27,15974.11,-2939.04,21833.72,2024-10-31
20241031,E04,Shenzhen Sourcing,CNY,-1589416.73,1589416.73,-323607.24,323607.24,2024-10-31
20241031,E05,India Services,EUR,-72976.05,72976.05,-106501.54,106501.54,2024-10-31
20241031,E06,Germany GmbH,EUR,-46443.77,88240.95,-74279.07,135791.31,2024-10-31
20241031,E06,Germany GmbH,USD,34518.22,43078.3,47180.16,58880.24,2024-10-31
20241031,E07,Germany Sales Office,EUR,-462.58,462.58,-680.76,680.76,2024-10-31
20241031,E08,Netherlands BV,EUR,-59809.71,59809.71,-88020.99,88020.99,2024-10-31
20241031,E08,Netherlands BV,USD,-22530.77,97874.61,-30795.49,133776.87,2024-10-31
20241031,E09,UK Ltd,GBP,-149199.04,149199.04,-254327.37,254327.37,2024-10-31
20241031,E09,UK Ltd,USD,-17564.54,52153.82,-23952.21,71229.49,2024-10-31
20241031,E10,US Inc,EUR,-64126.18,64126.18,-94373.47,94373.47,2024-10-31
20241031,E10,US Inc,USD,-289876.56,516421.78,27568.05,282078.25,2024-10-31
20241031,E11,US West Distribution,USD,-185154.85,382813.91,14963.26,256846.18,2024-10-31
20241101,E01,Group Treasury HQ,EUR,-486206.9,486206.9,-709572.29,709572.29,2024-11-01
20241101,E01,Group Treasury HQ,SGD,2532.51,53107.55,2532.51,53107.55,2024-11-01
20241101,E02,SG Operations,SGD,24449.58,37728.92,25620.27,38899.61,2024-11-01
20241101,E02,SG Operations,USD,32598.43,32598.43,44502.56,44502.56,2024-11-01
20241101,E03,Shanghai Mfg,CNY,991078.28,1080569.42,181674.55,198079.19,2024-11-01
20241101,E03,Shanghai Mfg,EUR,-9524.23,9524.23,-13899.7,13899.7,2024-11-01
20241101,E03,Shanghai Mfg,USD,-21119.61,55338.71,-28831.96,75547.02,2024-11-01
20241101,E04,Shenzhen Sourcing,CNY,-61716.24,747225.26,-11313.22,136973.88,2024-11-01
20241101,E04,Shenzhen Sourcing,USD,-8105.71,8105.71,-11065.71,11065.71,2024-11-01
20241101,E05,India Services,INR,7092729.96,7148239.5,112589.99,113471.17,2024-11-01
20241101,E05,India Services,USD,245336.02,245336.02,334926.6,334926.6,2024-11-01
20241101,E06,Germany GmbH,EUR,-217974.78,1204529.32,199891.7,1239889.94,2024-11-01
20241101,E06,Germany GmbH,USD,-3734.26,106515.38,-5097.92,145412.12,2024-11-01
20241101,E07,Germany Sales Office,EUR,-4453.21,4453.21,-6499.03,6499.03,2024-11-01
20241101,E07,Germany Sales Office,USD,-65125.12,70206.96,-88907.19,95844.79,2024-11-01
20241101,E08,Netherlands BV,EUR,-53063.61,53063.61,-67534.1,67534.1,2024-11-01
20241101,E08,Netherlands BV,USD,209478.21,232417.91,285974.42,317291.12,2024-11-01
20241101,E09,UK Ltd,EUR,19461.19,19461.19,28401.74,28401.74,2024-11-01
20241101,E09,UK Ltd,GBP,-146446.24,414600.68,-43357.82,311512.26,2024-11-01
20241101,E10,US Inc,EUR,26107.3,56945.9,38101.1,83107.08,2024-11-01
20241101,E10,US Inc,USD,-480315.26,810040.62,-160549.23,573447.61,2024-11-01
20241101,E11,US West Distribution,USD,193514.13,568858.85,262861.44,778512.78,2024-11-01
20241103,E01,Group Treasury HQ,SGD,-405000.0,405000.0,-405000.0,405000.0,2024-11-03
20241103,E02,SG Operations,SGD,405000.0,405000.0,405000.0,405000.0,2024-11-03
20241104,E01,Group Treasury HQ,EUR,-413793.1,413793.1,-602596.97,602596.97,2024-11-04
20241104,E01,Group Treasury HQ,SGD,-324373.28,341755.88,-55463.02,72845.62,2024-11-04
20241104,E01,Group Treasury HQ,USD,-11194.03,11194.03,-15334.15,15334.15,2024-11-04
20241104,E02,SG Operations,SGD,42619.5,45817.3,45718.92,48916.72,2024-11-04
20241104,E02,SG Operations,USD,205791.6,205791.6,281769.01,281769.01,2024-11-04
20241104,E03,Shanghai Mfg,CNY,1675847.3,3122566.54,306975.01,571979.25,2024-11-04
20241104,E03,Shanghai Mfg,USD,62692.1,62692.1,85878.84,85878.84,2024-11-04
20241104,E04,Shenzhen Sourcing,CNY,308752.8,911567.1,56556.11,166977.21,2024-11-04
20241104,E04,Shenzhen Sourcing,USD,76954.3,86595.18,105415.93,118622.49,2024-11-04
20241104,E05,India Services,INR,13676015.32,13818423.38,301611.41,303873.85,2024-11-04
20241104,E05,India Services,USD,109074.08,109074.08,149415.23,149415.23,2024-11-04
20241104,E06,Germany GmbH,EUR,252171.15,359325.37,370001.28,526047.4,2024-11-04
20241104,E06,Germany GmbH,USD,5317.2,5317.2,7283.77,7283.77,2024-11-04
20241104,E07,Germany Sales Office,EUR,134746.52,215469.5,179589.63,297144.57,2024-11-04
20241104,E07,Germany Sales Office,USD,62773.26,62773.26,85990.01,85990.01,2024-11-04
20241104,E08,Netherlands BV,EUR,245191.59,247072.03,357066.63,359805.07,2024-11-04
20241104,E08,Netherlands BV,USD,369601.21,369601.21,506298.59,506298.59,2024-11-04
20241104,E09,UK Ltd,EUR,47224.46,47224.46,68771.84,68771.84,2024-11-04
20241104,E09,UK Ltd,GBP,-139468.33,188480.57,-222350.2,293037.6,2024-11-04
20241104,E09,UK Ltd,USD,165313.16,165313.16,226454.4,226454.4,2024-11-04
20241104,E10,US Inc,EUR,80016.27,80016.27,116525.77,116525.77,2024-11-04
20241104,E10,US Inc,USD,-197809.24,500361.76,56577.52,344018.54,2024-11-04
20241104,E11,US West Distribution,USD,32453.55,407609.11,266488.31,336747.21,2024-11-04
20241105,E01,Group Treasury HQ,CNY,-2741935.48,2741935.48,-503285.0,503285.0,2024-11-05
20241105,E01,Group Treasury HQ,EUR,-278823.3,341866.36,-406546.57,498408.39,2024-11-05
20241105,E01,Group Treasury HQ,SGD,18200.38,19061.32,25011.99,25872.93,2024-11-05
20241105,E01,Group Treasury HQ,USD,179104.48,179104.48,244586.69,244586.69,2024-11-05
20241105,E02,SG Operations,SGD,-256395.42,571385.64,108954.14,267611.78,2024-11-05
20241105,E02,SG Operations,USD,-108689.38,249519.58,-148423.29,340750.09,2024-11-05
20241105,E03,Shanghai Mfg,CNY,1783919.38,2393674.74,334444.37,446365.57,2024-11-05
20241105,E03,Shanghai Mfg,EUR,-13311.36,13311.36,-19407.74,19407.74,2024-11-05
20241105,E04,Shenzhen Sourcing,CNY,3045036.07,3077705.85,558919.42,564916.0,2024-11-05
20241105,E04,Shenzhen Sourcing,USD,-8856.41,8856.41,-12094.39,12094.39,2024-11-05
20241105,E05,India Services,EUR,17848.96,17848.96,26023.48,26023.48,2024-11-05
20241105,E05,India Services,INR,11885820.05,19644631.89,189079.62,312506.8,2024-11-05
20241105,E05,India Services,USD,51647.49,127104.11,70530.28,173574.52,2024-11-05
20241105,E06,Germany GmbH,EUR,551200.21,608257.69,814672.98,897861.84,2024-11-05
20241105,E06,Germany GmbH,USD,45665.22,97304.3,62357.2,132883.28,2024-11-05
20241105,E07,Germany Sales Office,EUR,634996.57,635551.51,925814.21,926623.31,2024-11-05
20241105,E07,Germany Sales Office,USD,144110.74,144110.74,196798.93,196798.93,2024-11-05
20241105,E08,Netherlands BV,EUR,-27.18,12723.56,-39.63,18550.73,2024-11-05
20241105,E08,Netherlands BV,USD,188842.48,188842.48,257884.99,257884.99,2024-11-05
20241105,E09,UK Ltd,EUR,104039.98,104039.98,151688.52,151688.52,2024-11-05
20241105,E09,UK Ltd,GBP,38062.8,42357.0,36506.86,43912.94,2024-11-05
20241105,E09,UK Ltd,USD,21388.36,21388.36,29208.14,29208.14,2024-11-05
20241105,E10,US Inc,EUR,-28588.18,83190.96,-41681.08,121291.0,2024-11-05
20241105,E10,US Inc,USD,-379098.06,812469.58,-123195.74,693899.06,2024-11-05
20241105,E11,US West Distribution,USD,172125.52,903543.88,681385.82,819094.52,2024-11-05
20241106,E01,Group Treasury HQ,EUR,217241.38,217241.38,316456.82,316456.82,2024-11-06
20241106,E01,Group Treasury HQ,SGD,152880.82,190414.62,271601.24,309135.04,2024-11-06
20241106,E01,Group Treasury HQ,USD,1164179.11,1164179.11,1589977.61,1589977.61,2024-11-06
20241106,E02,SG Operations,SGD,416646.47,438194.13,467455.5,489003.16,2024-11-06
20241106,E02,SG Operations,USD,61282.64,61282.64,83696.77,83696.77,2024-11-06
20241106,E03,Shanghai Mfg,CNY,1846519.15,1864264.75,339685.68,342950.14,2024-11-06
20241106,E03,Shanghai Mfg,USD,-179104.48,179104.48,-244611.94,244611.94,2024-11-06
20241106,E04,Shenzhen Sourcing,CNY,44163.41,150844.89,8124.29,27749.43,2024-11-06
20241106,E04,Shenzhen Sourcing,USD,147055.27,147055.27,200830.51,200830.51,2024-11-06
20241106,E05,India Services,INR,3765176.23,4692493.85,59715.69,74422.95,2024-11-06
20241106,E05,India Services,USD,74152.36,74152.36,101053.41,101053.41,2024-11-06
20241106,E06,Germany GmbH,EUR,874704.15,2711045.25,1270606.89,3952775.75,2024-11-06
20241106,E06,Germany GmbH,USD,22378.64,22378.64,30563.63,30563.63,2024-11-06
20241106,E07,Germany Sales Office,EUR,142549.03,147219.27,207652.02,214455.2,2024-11-06
20241106,E07,Germany Sales Office,USD,18323.44,18323.44,25025.24,25025.24,2024-11-06
20241106,E08,Netherlands BV,EUR,-127262.3,160896.68,-183910.98,221194.88,2024-11-06
20241106,E08,Netherlands BV,USD,164386.14,164386.14,224510.37,224510.37,2024-11-06
20241106,E09,UK Ltd,EUR,9431.99,9431.99,13739.63,13739.63,2024-11-06
20241106,E09,UK Ltd,GBP,-472700.13,536053.57,-102649.95,211717.77,2024-11-06
20241106,E10,US Inc,USD,-85796.05,417913.45,-20380.29,473969.61,2024-11-06
20241106,E11,US West Distribution,USD,-1080509.03,1304856.59,-1475683.11,1787220.33,2024-11-06
20241107,E01,Group Treasury HQ,CNY,-4677419.35,4677419.35,-861697.58,861697.58,2024-11-07
20241107,E01,Group Treasury HQ,SGD,-818759.99,818759.99,-520339.07,520339.07,2024-11-07
20241107,E02,SG Operations,SGD,-3211863.83,3222964.91,-601851.97,612953.05,2024-11-07
20241107,E02,SG Operations,USD,-138976.19,227809.57,-189354.09,310388.95,2024-11-07
20241107,E03,Shanghai Mfg,CNY,-5716204.59,6757234.35,-1053067.79,1244851.51,2024-11-07
20241107,E03,Shanghai Mfg,EUR,-4833.84,4833.84,-6968.59,6968.59,2024-11-07
20241107,E03,Shanghai Mfg,USD,-9191.92,9191.92,-12528.77,12528.77,2024-11-07
20241107,E04,Shenzhen Sourcing,CNY,2266307.59,7129486.55,437603.18,1344834.44,2024-11-07
20241107,E04,Shenzhen Sourcing,USD,-15296.97,58737.91,-20842.01,80029.99,2024-11-07
20241107,E05,India Services,EUR,372599.22,372599.22,537149.1,537149.1,2024-11-07
20241107,E05,India Services,INR,5120409.1,8998473.14,73589.81,151083.97,2024-11-07
20241107,E05,India Services,USD,328266.44,551707.04,447260.72,751696.98,2024-11-07
20241107,E06,Germany GmbH,EUR,-151413.96,151413.96,-219249.48,219249.48,2024-11-07
20241107,E06,Germany GmbH,USD,-48539.86,48539.86,-66215.26,66215.26,2024-11-07
20241107,E07,Germany Sales Office,EUR,21709.91,21827.05,31297.59,31466.47,2024-11-07
20241107,E07,Germany Sales Office,USD,73272.46,73272.46,99833.21,99833.21,2024-11-07
20241107,E08,Netherlands BV,EUR,-216762.18,216762.18,-97732.15,97732.15,2024-11-07
20241107,E08,Netherlands BV,USD,-41109.59,58162.37,-56011.53,79245.83,2024-11-07
20241107,E09,UK Ltd,EUR,-14849.58,26845.52,-21407.55,38701.23,2024-11-07
20241107,E09,UK Ltd,GBP,-383875.32,417643.86,-328980.11,386771.11,2024-11-07
20241107,E09,UK Ltd,USD,-9597.51,9597.51,-13092.37,13092.37,2024-11-07
20241107,E10,US Inc,EUR,-17430.17,17430.17,-25127.8,25127.8,2024-11-07
20241107,E10,US Inc,USD,236898.87,465095.01,408028.27,548433.49,2024-11-07
20241107,E11,US West Distribution,USD,-762982.38,867646.42,-94988.23,237826.73,2024-11-07
20241108,E01,Group Treasury HQ,EUR,-144827.59,144827.59,-207244.66,207244.66,2024-11-08
20241108,E01,Group Treasury HQ,SGD,-550069.52,563641.44,-432009.25,445581.17,2024-11-08
20241108,E02,SG Operations,SGD,146600.23,219675.13,153987.4,227062.3,2024-11-08
20241108,E02,SG Operations,USD,-46724.35,46724.35,-63738.65,63738.65,2024-11-08
20241108,E03,Shanghai Mfg,CNY,-2684315.74,2684315.74,-494547.59,494547.59,2024-11-08
20241108,E03,Shanghai Mfg,EUR,-37599.44,37599.44,-53803.86,53803.86,2024-11-08
20241108,E03,Shanghai Mfg,USD,15889.06,15889.06,21674.93,21674.93,2024-11-08
20241108,E04,Shenzhen Sourcing,CNY,-3455960.71,3552611.17,-638314.99,678044.47,2024-11-08
20241108,E04,Shenzhen Sourcing,USD,-6082.38,6082.38,-8297.23,8297.23,2024-11-08
20241108,E05,India Services,INR,395259.36,1733498.68,-49580.47,159114.67,2024-11-08
20241108,E05,India Services,USD,86376.73,94130.97,117830.12,128408.0,2024-11-08
20241108,E06,Germany GmbH,EUR,-758929.25,758929.25,-791440.9,791440.9,2024-11-08
20241108,E06,Germany GmbH,USD,-78692.03,78692.03,-107347.11,107347.11,2024-11-08
20241108,E07,Germany Sales Office,EUR,-405710.07,405710.07,-580560.96,580560.96,2024-11-08
20241108,E07,Germany Sales Office,USD,-17131.15,17131.15,-23369.32,23369.32,2024-11-08
20241108,E08,Netherlands BV,EUR,-748364.6,812319.56,-99499.63,191017.57,2024-11-08
20241108,E08,Netherlands BV,USD,106075.56,106075.56,144702.13,144702.13,2024-11-08
20241108,E09,UK Ltd,EUR,12284.26,12284.26,17578.47,17578.47,2024-11-08
20241108,E09,UK Ltd,GBP,69762.98,249644.62,251621.9,291823.94,2024-11-08
20241108,E09,UK Ltd,USD,-49431.42,121158.06,-67431.48,165276.8,2024-11-08
20241108,E10,US Inc,EUR,124460.78,166553.54,178100.27,238333.95,2024-11-08
20241108,E10,US Inc,USD,-752007.52,875958.1,-560494.07,729580.27,2024-11-08
20241108,E11,US West Distribution,USD,-93937.31,175215.25,-128696.71,239571.35,2024-11-08
20241110,E01,Group Treasury HQ,SGD,-120000.0,120000.0,-120000.0,120000.0,2024-11-10
20241110,E02,SG Operations,SGD,120000.0,120000.0,120000.0,120000.0,2024-11-10
20241111,E01,Group Treasury HQ,CNY,-4677419.35,4677419.35,-861632.1,861632.1,2024-11-11
20241111,E01,Group Treasury HQ,SGD,340137.25,430188.49,455726.26,545777.5,2024-11-11
20241111,E02,SG Operations,SGD,-553879.04,1126358.32,136983.01,450959.87,2024-11-11
20241111,E02,SG Operations,USD,105141.64,120802.74,142434.64,163670.52,2024-11-11
20241111,E03,Shanghai Mfg,CNY,1857716.96,2848874.7,342211.91,524794.07,2024-11-11
20241111,E03,Shanghai Mfg,USD,704252.85,704252.85,954941.51,954941.51,2024-11-11
20241111,E04,Shenzhen Sourcing,CNY,5785213.47,6305979.89,1081087.73,1177018.63,2024-11-11
20241111,E04,Shenzhen Sourcing,USD,45750.78,45750.78,62036.42,62036.42,2024-11-11
20241111,E05,India Services,INR,25052370.68,25311036.64,399334.79,403457.91,2024-11-11
20241111,E05,India Services,USD,95727.49,95727.49,129803.03,129803.03,2024-11-11
20241111,E06,Germany GmbH,EUR,177955.26,182787.96,227057.47,233962.93,2024-11-11
20241111,E06,Germany GmbH,USD,74679.8,74679.8,101263.12,101263.12,2024-11-11
20241111,E07,Germany Sales Office,EUR,63431.9,64390.38,90638.35,92007.93,2024-11-11
20241111,E08,Netherlands BV,EUR,88532.98,89713.12,100424.39,102110.71,2024-11-11
20241111,E08,Netherlands BV,USD,117230.97,117230.97,158960.97,158960.97,2024-11-11
20241111,E09,UK Ltd,EUR,263819.79,263819.79,376974.21,376974.21,2024-11-11
20241111,E09,UK Ltd,GBP,-114591.36,228762.12,-233640.6,347811.36,2024-11-11
20241111,E09,UK Ltd,USD,86591.64,245921.04,117415.15,333460.09,2024-11-11
20241111,E10,US Inc,EUR,-49368.94,49368.94,-70543.67,70543.67,2024-11-11
20241111,E11,US West Distribution,USD,-52343.17,52343.17,-70975.45,70975.45,2024-11-11
20241112,E01,Group Treasury HQ,EUR,18995.65,18995.65,26942.59,26942.59,2024-11-12
20241112,E01,Group Treasury HQ,SGD,460120.02,1438436.84,755461.48,1153246.04,2024-11-12
20241112,E01,Group Treasury HQ,USD,123134.33,324626.87,166602.47,439224.69,2024-11-12
20241112,E02,SG Operations,SGD,-2042420.16,3524760.04,-347510.21,2080012.73,2024-11-12
20241112,E02,SG Operations,USD,-87217.55,360543.65,-118006.55,487820.61,2024-11-12
20241112,E03,Shanghai Mfg,CNY,238817.19,2495039.21,-9547.73,513350.97,2024-11-12
20241112,E03,Shanghai Mfg,EUR,74736.42,74736.42,106627.87,106627.87,2024-11-12
20241112,E03,Shanghai Mfg,USD,87704.22,122155.4,118665.04,165277.96,2024-11-12
20241112,E04,Shenzhen Sourcing,CNY,-3616051.38,6007856.96,-637586.15,1135936.55,2024-11-12
20241112,E04,Shenzhen Sourcing,USD,127869.56,127869.56,173091.87,173091.87,2024-11-12
20241112,E05,India Services,EUR,353026.17,353026.17,503669.14,503669.14,2024-11-12
20241112,E05,India Services,INR,6300290.3,6441338.78,125198.71,127443.91,2024-11-12
20241112,E05,India Services,USD,89313.41,89313.41,120842.3,120842.3,2024-11-12
20241112,E06,Germany GmbH,EUR,26652.53,30332.09,38025.68,43275.36,2024-11-12
20241112,E06,Germany GmbH,USD,260506.06,260506.06,352468.34,352468.34,2024-11-12
20241112,E07,Germany Sales Office,EUR,66123.64,116182.88,94339.85,165760.33,2024-11-12
20241112,E07,Germany Sales Office,USD,182822.59,182822.59,247361.53,247361.53,2024-11-12
20241112,E08,Netherlands BV,EUR,79201.81,155721.81,132221.1,243954.4,2024-11-12
20241112,E08,Netherlands BV,USD,133643.76,239092.38,180879.82,323553.28,2024-11-12
20241112,E09,UK Ltd,GBP,52044.27,52287.89,88176.52,88589.28,2024-11-12
20241112,E09,UK Ltd,USD,5913.74,5913.74,8001.37,8001.37,2024-11-12
20241112,E10,US Inc,EUR,-59982.93,177166.19,-85578.78,252766.36,2024-11-12
20241112,E10,US Inc,USD,528598.39,561599.77,699755.54,744548.68,2024-11-12
20241112,E11,US West Distribution,USD,284794.57,362701.97,401640.89,490730.17,2024-11-12
20241113,E01,Group Treasury HQ,EUR,1479310.35,1479310.35,2098188.71,2098188.71,2024-11-13
20241113,E01,Group Treasury HQ,SGD,-435740.0,464525.94,-435740.0,464525.94,2024-11-13
20241113,E01,Group Treasury HQ,USD,1477611.94,1477611.94,2006381.29,2006381.29,2024-11-13
20241113,E02,SG Operations,SGD,382086.56,874755.52,610235.27,733582.13,2024-11-13
20241113,E02,SG Operations,USD,54290.7,54290.7,73718.84,73718.84,2024-11-13
20241113,E03,Shanghai Mfg,CNY,643495.24,1479494.8,118350.98,272107.22,2024-11-13
20241113,E03,Shanghai Mfg,EUR,13994.05,26847.47,19869.87,38100.59,2024-11-13
20241113,E03,Shanghai Mfg,USD,-671335.51,739112.25,-911575.61,1003606.53,2024-11-13
20241113,E04,Shenzhen Sourcing,CNY,609040.66,1037924.04,112014.13,190893.97,2024-11-13
20241113,E04,Shenzhen Sourcing,USD,-355541.3,517593.02,-482773.18,702815.76,2024-11-13
20241113,E05,India Services,INR,-3007864.23,3007864.23,-82039.35,82039.35,2024-11-13
20241113,E05,India Services,USD,28062.03,28062.03,38104.14,38104.14,2024-11-13
20241113,E06,Germany GmbH,EUR,-1065162.76,1685602.64,-1510779.99,2390784.63,2024-11-13
20241113,E06,Germany GmbH,USD,-78903.08,612156.7,-107138.87,831219.41,2024-11-13
20241113,E07,Germany Sales Office,EUR,211750.48,260038.14,300337.57,368826.65,2024-11-13
20241113,E08,Netherlands BV,EUR,12546.48,28122.8,20753.37,36930.15,2024-11-13
20241113,E08,Netherlands BV,USD,-155002.69,218209.45,-210471.03,296296.57,2024-11-13
20241113,E09,UK Ltd,EUR,36766.78,36766.78,52148.38,52148.38,2024-11-13
20241113,E09,UK Ltd,GBP,-58510.2,108149.1,24445.22,59477.42,2024-11-13
20241113,E09,UK Ltd,USD,63422.08,77802.92,86117.92,105645.0,2024-11-13
20241113,E10,US Inc,EUR,65625.12,708064.1,93079.79,1004286.97,2024-11-13
20241113,E10,US Inc,USD,787594.2,1333761.5,1212051.21,1329269.53,2024-11-13
20241113,E11,US West Distribution,USD,106314.45,213095.51,148152.89,297015.83,2024-11-13
20241114,E01,Group Treasury HQ,SGD,-3412155.79,3412155.79,-636166.71,636166.71,2024-11-14
20241114,E01,Group Treasury HQ,USD,-111940.3,111940.3,-151906.57,151906.57,2024-11-14
20241114,E02,SG Operations,SGD,-1654521.59,1724060.81,-343913.96,433604.64,2024-11-14
20241114,E02,SG Operations,USD,-79650.32,79650.32,-108088.03,108088.03,2024-11-14
20241114,E03,Shanghai Mfg,CNY,-3005040.96,3117689.28,-564406.86,585194.76,2024-11-14
20241114,E03,Shanghai Mfg,EUR,-21740.87,21740.87,-30859.0,30859.0,2024-11-14
20241114,E03,Shanghai Mfg,USD,-31391.93,181846.61,-42599.85,246771.67,2024-11-14
20241114,E04,Shenzhen Sourcing,CNY,-1819026.35,1819026.35,-828842.15,828842.15,2024-11-14
20241114,E05,India Services,EUR,-4067.0,4067.0,-5772.7,5772.7,2024-11-14
20241114,E05,India Services,INR,-16840445.09,16840445.09,-267897.8,267897.8,2024-11-14
20241114,E05,India Services,USD,-6595.39,6595.39,-8925.41,8925.41,2024-11-14
20241114,E06,Germany GmbH,EUR,-144755.73,144755.73,-205466.28,205466.28,2024-11-14
20241114,E06,Germany GmbH,USD,-7030.58,18692.96,-9540.73,25366.95,2024-11-14
20241114,E07,Germany Sales Office,EUR,-141.96,141.96,-201.5,201.5,2024-11-14
20241114,E08,Netherlands BV,EUR,-607853.17,607853.17,-163815.31,163815.31,2024-11-14
20241114,E08,Netherlands BV,USD,-103864.78,215029.72,-140947.83,291802.21,2024-11-14
20241114,E09,UK Ltd,EUR,41831.18,64863.02,59375.18,92066.56,2024-11-14
20241114,E09,UK Ltd,GBP,-2392.59,2392.59,-4065.5,4065.5,2024-11-14
20241114,E09,UK Ltd,USD,39937.2,39937.2,54196.06,54196.06,2024-11-14
20241114,E10,US Inc,EUR,-135471.08,165201.88,-191736.64,233936.54,2024-11-14
20241114,E10,US Inc,USD,-5034783.15,5499454.63,-907113.41,1537687.47,2024-11-14
20241114,E11,US West Distribution,USD,-72571.31,329462.09,71417.44,277191.58,2024-11-14
20241115,E01,Group Treasury HQ,EUR,-201296.31,212496.79,-284362.45,300184.87,2024-11-15
20241115,E01,Group Treasury HQ,SGD,-48377.68,48377.68,-48377.68,48377.68,2024-11-15
20241115,E02,SG Operations,SGD,-320055.78,376822.92,-269889.93,337846.23,2024-11-15
20241115,E02,SG Operations,USD,31113.02,31113.02,42104.63,42104.63,2024-11-15
20241115,E03,Shanghai Mfg,CNY,-482.62,51336.38,-10445.9,19795.42,2024-11-15
20241115,E04,Shenzhen Sourcing,CNY,355628.99,532829.69,78507.58,111086.12,2024-11-15
20241115,E04,Shenzhen Sourcing,USD,125399.28,125399.28,169700.33,169700.33,2024-11-15
20241115,E05,India Services,INR,-123193.47,123193.47,-22649.24,22649.24,2024-11-15
20241115,E06,Germany GmbH,EUR,-537468.6,966601.84,-759495.19,1365712.85,2024-11-15
20241115,E06,Germany GmbH,USD,-7567.21,7567.21,-10240.56,10240.56,2024-11-15
20241115,E07,Germany Sales Office,EUR,-800248.46,810288.34,-339105.54,353288.44,2024-11-15
20241115,E07,Germany Sales Office,USD,59902.84,59902.84,81065.32,81065.32,2024-11-15
20241115,E08,Netherlands BV,EUR,-444728.27,476470.45,-201958.53,246799.31,2024-11-15
20241115,E09,UK Ltd,EUR,-40336.2,40336.2,-56981.17,56981.17,2024-11-15
20241115,E09,UK Ltd,GBP,-203304.26,204805.18,-39270.96,41811.98,2024-11-15
20241115,E10,US Inc,EUR,-12534.11,12534.11,-17706.38,17706.38,2024-11-15
20241115,E10,US Inc,USD,-114832.46,114832.46,-88556.12,88556.12,2024-11-15
20241115,E11,US West Distribution,USD,-276253.54,276253.54,-377739.47,377739.47,2024-11-15
20241117,E01,Group Treasury HQ,SGD,-540000.0,540000.0,-540000.0,540000.0,2024-11-17
20241117,E02,SG Operations,SGD,540000.0,540000.0,540000.0,540000.0,2024-11-17
20241118,E01,Group Treasury HQ,CNY,-3467741.94,3467741.94,-638237.9,638237.9,2024-11-18
20241118,E01,Group Treasury HQ,EUR,-693918.71,712977.83,-989125.62,1016292.88,2024-11-18
20241118,E01,Group Treasury HQ,SGD,29855.26,32224.2,29855.26,32224.2,2024-11-18
20241118,E01,Group Treasury HQ,USD,-246268.66,246268.66,-332944.88,332944.88,2024-11-18
20241118,E02,SG Operations,SGD,181989.26,294391.34,256340.68,368742.76,2024-11-18
20241118,E02,SG Operations,USD,15729.23,15729.23,21265.25,21265.25,2024-11-18
20241118,E03,Shanghai Mfg,CNY,4268494.29,4511045.35,767603.41,848270.85,2024-11-18
20241118,E03,Shanghai Mfg,EUR,35118.45,35118.45,50058.54,50058.54,2024-11-18
20241118,E03,Shanghai Mfg,USD,309769.61,309769.61,418795.5,418795.5,2024-11-18
20241118,E04,Shenzhen Sourcing,CNY,4570695.82,4594212.1,842442.32,846770.26,2024-11-18
20241118,E04,Shenzhen Sourcing,USD,184157.82,184157.82,248927.76,248927.76,2024-11-18
20241118,E05,India Services,EUR,23297.71,23297.71,33209.02,33209.02,2024-11-18
20241118,E05,India Services,INR,23887322.34,25008587.04,381934.41,399862.31,2024-11-18
20241118,E05,India Services,USD,345791.43,345791.43,467495.48,467495.48,2024-11-18
20241118,E06,Germany GmbH,EUR,337898.89,395779.45,481647.83,564151.95,2024-11-18
20241118,E06,Germany GmbH,USD,266922.36,271129.72,360867.82,366556.0,2024-11-18
20241118,E07,Germany Sales Office,EUR,-31284.11,211291.07,-56295.05,289476.45,2024-11-18
20241118,E07,Germany Sales Office,USD,141109.36,141109.36,190773.93,190773.93,2024-11-18
20241118,E08,Netherlands BV,EUR,108049.48,246289.86,150447.09,347497.69,2024-11-18
20241118,E08,Netherlands BV,USD,247565.59,247565.59,334698.28,334698.28,2024-11-18
20241118,E09,UK Ltd,EUR,72900.19,72900.19,103913.39,103913.39,2024-11-18
20241118,E09,UK Ltd,GBP,-17884.98,30311.24,-30230.45,51234.19,2024-11-18
20241118,E09,UK Ltd,USD,12466.5,68851.78,16854.18,93084.72,2024-11-18
20241118,E10,US Inc,EUR,290192.25,290192.25,413645.84,413645.84,2024-11-18
20241118,E10,US Inc,USD,-71721.47,399827.39,-96882.51,540467.93,2024-11-18
20241118,E11,US West Distribution,USD,323127.4,363730.02,440578.56,495471.38,2024-11-18
20241119,E01,Group Treasury HQ,CNY,-1048387.1,1048387.1,-192907.42,192907.42,2024-11-19
20241119,E01,Group Treasury HQ,EUR,-898133.89,984624.73,-1274201.42,1396907.78,2024-11-19
20241119,E01,Group Treasury HQ,SGD,308706.28,677661.4,436706.3,549661.38,2024-11-19
20241119,E01,Group Treasury HQ,USD,134328.36,134328.36,181540.07,181540.07,2024-11-19
20241119,E02,SG Operations,SGD,-3103894.55,3813734.95,-681023.73,1501336.79,2024-11-19
20241119,E02,SG Operations,USD,-66505.0,202151.72,-89879.16,273200.98,2024-11-19
20241119,E03,Shanghai Mfg,CNY,-2165428.28,2269248.38,-436468.06,455571.38,2024-11-19
20241119,E03,Shanghai Mfg,EUR,-3516.2,15974.78,-4988.51,22663.75,2024-11-19
20241119,E03,Shanghai Mfg,USD,-156525.43,156525.43,-211538.64,211538.64,2024-11-19
20241119,E04,Shenzhen Sourcing,CNY,1028368.27,3435417.63,180776.18,640578.28,2024-11-19
20241119,E04,Shenzhen Sourcing,USD,66548.77,66548.77,89938.33,89938.33,2024-11-19
20241119,E05,India Services,INR,3675620.78,4193191.94,27510.13,97942.35,2024-11-19
20241119,E05,India Services,USD,155692.61,168973.31,210507.5,228455.9,2024-11-19
20241119,E06,Germany GmbH,EUR,1150513.86,1205275.02,1630575.61,1711631.55,2024-11-19
20241119,E06,Germany GmbH,USD,32854.02,35299.86,44395.85,47711.73,2024-11-19
20241119,E07,Germany Sales Office,EUR,10391.53,170104.99,105755.67,150318.55,2024-11-19
20241119,E08,Netherlands BV,EUR,38762.82,57932.16,54993.61,82189.57,2024-11-19
20241119,E08,Netherlands BV,USD,68837.52,70216.58,93028.57,94898.19,2024-11-19
20241119,E09,UK Ltd,EUR,52747.82,173347.12,74834.44,245931.2,2024-11-19
20241119,E09,UK Ltd,GBP,55285.83,70788.61,59134.97,85351.91,2024-11-19
20241119,E09,UK Ltd,USD,135624.42,135624.42,183291.67,183291.67,2024-11-19
20241119,E10,US Inc,EUR,194995.42,194995.42,276644.1,276644.1,2024-11-19
20241119,E10,US Inc,USD,63014.77,615689.05,403732.33,513512.15,2024-11-19
20241119,E11,US West Distribution,USD,156392.64,460966.12,173508.15,586422.51,2024-11-19
20241120,E01,Group Treasury HQ,EUR,413793.11,413793.11,585680.69,585680.69,2024-11-20
20241120,E01,Group Treasury HQ,GBP,-366279.07,366279.07,-619834.66,619834.66,2024-11-20
20241120,E01,Group Treasury HQ,SGD,-120921.74,120921.74,-120921.74,120921.74,2024-11-20
20241120,E01,Group Treasury HQ,USD,772388.06,794776.12,1047142.71,1077494.67,2024-11-20
20241120,E02,SG Operations,SGD,-368146.68,808889.8,151377.8,369291.96,2024-11-20
20241120,E02,SG Operations,USD,402617.1,402617.1,545810.02,545810.02,2024-11-20
20241120,E03,Shanghai Mfg,CNY,-398957.53,530679.73,-73463.88,97700.36,2024-11-20
20241120,E03,Shanghai Mfg,USD,-76786.83,82508.69,-104101.53,111858.77,2024-11-20
20241120,E04,Shenzhen Sourcing,CNY,-322177.8,322177.8,-59288.67,59288.67,2024-11-20
20241120,E04,Shenzhen Sourcing,USD,-427731.87,427731.87,-579885.07,579885.07,2024-11-20
20241120,E05,India Services,EUR,2734.4,2734.4,3870.26,3870.26,2024-11-20
20241120,E05,India Services,INR,348045.28,485891.36,5545.06,7741.22,2024-11-20
20241120,E06,Germany GmbH,EUR,-590391.32,1491588.82,-251051.58,1442505.3,2024-11-20
20241120,E06,Germany GmbH,USD,-425373.13,425373.13,-576687.29,576687.29,2024-11-20
20241120,E07,Germany Sales Office,EUR,150355.52,183294.78,212812.44,259434.52,2024-11-20
20241120,E08,Netherlands BV,EUR,-4634.78,4634.78,-6560.04,6560.04,2024-11-20
20241120,E08,Netherlands BV,USD,120980.35,169968.99,164015.61,230430.53,2024-11-20
20241120,E09,UK Ltd,GBP,408544.33,419940.59,691357.92,710643.2,2024-11-20
20241120,E09,UK Ltd,USD,62464.99,62464.99,84685.1,84685.1,2024-11-20
20241120,E10,US Inc,EUR,-166808.37,254990.31,-236099.73,360911.99,2024-11-20
20241120,E10,US Inc,USD,-49233.0,342785.08,15962.76,382011.94,2024-11-20
20241120,E11,US West Distribution,USD,-405652.2,802860.04,-2337.58,540840.58,2024-11-20
20241121,E01,Group Treasury HQ,CNY,-80645.16,80645.16,-14857.42,14857.42,2024-11-21
20241121,E01,Group Treasury HQ,SGD,-35438.03,79140.45,16160.89,42930.83,2024-11-21
20241121,E01,Group Treasury HQ,USD,-11194.03,11194.03,-15135.87,15135.87,2024-11-21
20241121,E02,SG Operations,SGD,-1481042.53,1631297.99,-409570.71,623501.83,2024-11-21
20241121,E02,SG Operations,USD,249626.06,264823.48,337528.88,358077.88,2024-11-21
20241121,E03,Shanghai Mfg,CNY,-149790.09,3009207.47,-65506.68,592302.86,2024-11-21
20241121,E03,Shanghai Mfg,USD,-56686.25,56686.25,-76721.73,76721.73,2024-11-21
20241121,E04,Shenzhen Sourcing,CNY,-5990033.55,6151323.87,-1146441.09,1176155.93,2024-11-21
20241121,E04,Shenzhen Sourcing,USD,51276.98,112542.48,69333.55,152172.97,2024-11-21
20241121,E05,India Services,EUR,-561041.42,561041.42,-794261.29,794261.29,2024-11-21
20241121,E05,India Services,INR,-596014.32,596014.32,-19197.26,19197.26,2024-11-21
20241121,E05,India Services,USD,-13771.88,13771.88,-18621.48,18621.48,2024-11-21
20241121,E06,Germany GmbH,EUR,-84235.65,84235.65,-120547.49,120547.49,2024-11-21
20241121,E06,Germany GmbH,USD,30524.31,46450.45,41250.41,62830.09,2024-11-21
20241121,E07,Germany Sales Office,EUR,-12292.93,12292.93,-17403.01,17403.01,2024-11-21
20241121,E08,Netherlands BV,EUR,-69984.51,107823.31,-106941.05,144779.85,2024-11-21
20241121,E08,Netherlands BV,USD,-148224.95,173738.83,-200420.58,234918.86,2024-11-21
20241121,E09,UK Ltd,EUR,-41270.9,41270.9,-58426.84,58426.84,2024-11-21
20241121,E09,UK Ltd,GBP,6702.88,29114.32,11319.98,49168.9,2024-11-21
20241121,E09,UK Ltd,USD,-160829.02,160829.02,-217920.91,217920.91,2024-11-21
20241121,E10,US Inc,EUR,12833.35,18416.31,18168.06,26071.8,2024-11-21
20241121,E10,US Inc,USD,-259249.65,291361.57,-170903.71,214323.45,2024-11-21
20241121,E11,US West Distribution,USD,-163699.74,269484.64,-100239.64,243275.4,2024-11-21
20241122,E01,Group Treasury HQ,CNY,-806451.61,806451.61,-148603.23,148603.23,2024-11-22
20241122,E01,Group Treasury HQ,EUR,146897.45,146897.45,207598.56,207598.56,2024-11-22
20241122,E01,Group Treasury HQ,SGD,-63513.85,63513.85,-49997.8,49997.8,2024-11-22
20241122,E01,Group Treasury HQ,USD,-111940.3,111940.3,-151677.43,151677.43,2024-11-22
20241122,E02,SG Operations,SGD,-328798.36,401858.98,-181041.72,254861.9,2024-11-22
20241122,E02,SG Operations,USD,48560.17,106567.89,65798.3,144397.9,2024-11-22
20241122,E03,Shanghai Mfg,CNY,-1315568.75,3077491.45,-242417.23,567083.21,2024-11-22
20241122,E03,Shanghai Mfg,EUR,-60252.12,60252.12,-85149.56,85149.56,2024-11-22
20241122,E03,Shanghai Mfg,USD,-1886.03,1886.03,-2555.54,2555.54,2024-11-22
20241122,E04,Shenzhen Sourcing,CNY,-1394241.74,3007144.96,-256914.13,554120.59,2024-11-22
20241122,E05,India Services,INR,14348879.06,14448452.92,228807.22,230395.04,2024-11-22
20241122,E05,India Services,USD,18057.52,18057.52,24467.67,24467.67,2024-11-22
20241122,E06,Germany GmbH,EUR,-1313216.54,1323349.16,-1649494.49,1663814.13,2024-11-22
20241122,E06,Germany GmbH,USD,-78768.29,201298.41,-106729.85,272756.33,2024-11-22
20241122,E07,Germany Sales Office,EUR,108590.67,268739.67,206484.31,432810.25,2024-11-22
20241122,E07,Germany Sales Office,USD,-59242.6,99377.0,-80272.84,134654.34,2024-11-22
20241122,E08,Netherlands BV,EUR,-1397701.36,1552690.94,-292165.71,511200.23,2024-11-22
20241122,E08,Netherlands BV,USD,-31901.7,31901.7,-43226.32,43226.32,2024-11-22
20241122,E09,UK Ltd,EUR,-20299.72,47574.84,-28687.99,67233.77,2024-11-22
20241122,E09,UK Ltd,GBP,-299408.93,324247.41,-51204.34,93287.1,2024-11-22
20241122,E09,UK Ltd,USD,-1404.03,1404.03,-1902.44,1902.44,2024-11-22
20241122,E10,US Inc,EUR,-281466.59,281466.59,-397774.49,397774.49,2024-11-22
20241122,E10,US Inc,USD,-565756.23,603497.15,-661209.31,715410.59,2024-11-22
20241122,E11,US West Distribution,USD,5378.9,245804.6,9115.77,331234.11,2024-11-22
20241124,E01,Group Treasury HQ,SGD,-255000.0,255000.0,-255000.0,255000.0,2024-11-24
20241124,E02,SG Operations,SGD,255000.0,255000.0,255000.0,255000.0,2024-11-24
20241125,E01,Group Treasury HQ,CNY,-2096774.19,2096774.19,-386783.55,386783.55,2024-11-25
20241125,E01,Group Treasury HQ,EUR,203166.12,203166.12,285961.07,285961.07,2024-11-25
20241125,E01,Group Treasury HQ,SGD,-619739.99,644082.83,-372095.93,400172.55,2024-11-25
20241125,E01,Group Treasury HQ,USD,-291044.78,291044.78,-392732.91,392732.91,2024-11-25
20241125,E02,SG Operations,SGD,298925.04,463244.62,379343.04,413337.54,2024-11-25
20241125,E02,SG Operations,USD,353801.44,353801.44,477416.12,477416.12,2024-11-25
20241125,E03,Shanghai Mfg,CNY,5572722.32,6399660.84,1043302.67,1195844.71,2024-11-25
20241125,E03,Shanghai Mfg,USD,-61216.53,397037.43,-82604.98,535758.34,2024-11-25
20241125,E04,Shenzhen Sourcing,CNY,2379903.97,2433545.69,509134.77,519029.85,2024-11-25
20241125,E04,Shenzhen Sourcing,USD,115608.16,115608.16,156005.27,156005.27,2024-11-25
20241125,E05,India Services,EUR,84101.56,84101.56,119165.35,119165.35,2024-11-25
20241125,E05,India Services,INR,48509714.01,48542263.93,782322.24,782839.38,2024-11-25
20241125,E05,India Services,USD,36755.67,36755.67,49597.74,49597.74,2024-11-25
20241125,E06,Germany GmbH,EUR,99990.15,189761.27,130399.7,257598.4,2024-11-25
20241125,E06,Germany GmbH,USD,162535.7,162535.7,219324.04,219324.04,2024-11-25
20241125,E07,Germany Sales Office,EUR,17378.37,37552.79,24623.79,53209.37,2024-11-25
20241125,E07,Germany Sales Office,USD,126041.16,126041.16,170078.68,170078.68,2024-11-25
20241125,E08,Netherlands BV,EUR,71647.59,74839.75,101519.04,106042.08,2024-11-25
20241125,E08,Netherlands BV,USD,173248.31,173248.31,233779.54,233779.54,2024-11-25
20241125,E09,UK Ltd,EUR,17638.4,17638.4,24992.24,24992.24,2024-11-25
20241125,E09,UK Ltd,GBP,-249347.83,293985.89,-426093.24,493588.72,2024-11-25
20241125,E09,UK Ltd,USD,84571.54,84571.54,114119.98,114119.98,2024-11-25
20241125,E10,US Inc,EUR,266147.14,266147.14,377109.73,377109.73,2024-11-25
20241125,E10,US Inc,USD,41815.28,47505.54,58735.6,66414.4,2024-11-25
20241125,E11,US West Distribution,USD,69622.85,116944.87,93948.31,157804.31,2024-11-25
20241126,E01,Group Treasury HQ,CNY,-5161290.32,5161290.32,-954900.65,954900.65,2024-11-26
20241126,E01,Group Treasury HQ,EUR,-323222.34,669881.1,-454916.06,942817.46,2024-11-26
20241126,E01,Group Treasury HQ,SGD,1454579.71,1504408.09,1455159.19,1516097.87,2024-11-26
20241126,E01,Group Treasury HQ,USD,1231343.28,1231343.28,1662618.81,1662618.81,2024-11-26
20241126,E02,SG Operations,SGD,-1294858.71,3969958.99,-310504.79,3241215.89,2024-11-26
20241126,E02,SG Operations,USD,-1081644.33,1503512.63,-1460330.96,2030838.0,2024-11-26
20241126,E03,Shanghai Mfg,CNY,1871072.71,6511021.31,346170.91,1204617.07,2024-11-26
20241126,E03,Shanghai Mfg,EUR,9834.73,9834.73,13841.79,13841.79,2024-11-26
20241126,E03,Shanghai Mfg,USD,3990.98,87518.7,5447.41,118230.55,2024-11-26
20241126,E04,Shenzhen Sourcing,CNY,4477118.15,5923020.39,828320.58,1095829.86,2024-11-26
20241126,E04,Shenzhen Sourcing,USD,62644.51,67053.29,84585.63,90538.57,2024-11-26
20241126,E05,India Services,EUR,1546.54,1546.54,2176.66,2176.66,2024-11-26
20241126,E05,India Services,INR,-2825304.02,8228909.08,-66125.88,151870.28,2024-11-26
20241126,E05,India Services,USD,-44756.33,82616.27,-60432.15,111552.45,2024-11-26
20241126,E06,Germany GmbH,EUR,972459.85,1112561.93,1368678.92,1565864.16,2024-11-26
20241126,E06,Germany GmbH,USD,4462.42,4462.42,6025.37,6025.37,2024-11-26
20241126,E07,Germany Sales Office,EUR,200647.77,239002.45,282399.7,336381.6,2024-11-26
20241126,E07,Germany Sales Office,USD,75336.84,75336.84,101723.42,101723.42,2024-11-26
20241126,E08,Netherlands BV,EUR,3856.92,166309.18,4577.55,233219.33,2024-11-26
20241126,E08,Netherlands BV,USD,579520.25,620506.11,782496.05,837837.13,2024-11-26
20241126,E09,UK Ltd,EUR,-1501.16,37919.76,-2112.79,53369.79,2024-11-26
20241126,E09,UK Ltd,GBP,221738.96,222369.3,283555.28,284620.06,2024-11-26
20241126,E09,UK Ltd,USD,453552.61,453552.61,612408.51,612408.51,2024-11-26
20241126,E10,US Inc,EUR,-37615.01,98491.79,-52719.37,138399.77,2024-11-26
20241126,E10,US Inc,USD,-4228054.45,5034058.67,-347856.59,1415501.27,2024-11-26
20241126,E11,US West Distribution,USD,-2110873.83,2363154.31,-531298.17,832151.13,2024-11-26
20241127,E01,Group Treasury HQ,EUR,852820.21,852820.21,1194814.78,1194814.78,2024-11-27
20241127,E01,Group Treasury HQ,SGD,-28857.47,74843.87,-20697.9,83003.44,2024-11-27
20241127,E02,SG Operations,SGD,-152297.96,187879.52,-54829.9,104680.24,2024-11-27
20241127,E02,SG Operations,USD,25172.18,25172.18,34105.01,34105.01,2024-11-27
20241127,E03,Shanghai Mfg,CNY,323402.71,345990.11,59961.79,64149.67,2024-11-27
20241127,E03,Shanghai Mfg,EUR,15084.92,15084.92,21134.21,21134.21,2024-11-27
20241127,E04,Shenzhen Sourcing,CNY,-656288.88,915643.5,-121680.82,169767.48,2024-11-27
20241127,E04,Shenzhen Sourcing,USD,5226.45,5226.45,7081.16,7081.16,2024-11-27
20241127,E05,India Services,INR,1068923.13,1362905.85,16993.75,21667.47,2024-11-27
20241127,E05,India Services,USD,48760.97,48760.97,66064.73,66064.73,2024-11-27
20241127,E06,Germany GmbH,EUR,-510770.15,1034924.59,-713762.68,1451780.44,2024-11-27
20241127,E06,Germany GmbH,USD,220876.83,220876.83,299259.16,299259.16,2024-11-27
20241127,E07,Germany Sales Office,EUR,26424.3,36553.34,37020.87,51211.81,2024-11-27
20241127,E07,Germany Sales Office,USD,33378.62,33378.62,45223.66,45223.66,2024-11-27
20241127,E08,Netherlands BV,EUR,-122003.1,122003.1,-123820.26,123820.26,2024-11-27
20241127,E08,Netherlands BV,USD,49432.88,49432.88,66975.08,66975.08,2024-11-27
20241127,E09,UK Ltd,EUR,1942.91,61763.09,2722.05,86531.07,2024-11-27
20241127,E09,UK Ltd,GBP,9057.82,36659.02,24822.47,52470.47,2024-11-27
20241127,E09,UK Ltd,USD,15205.39,15205.39,20601.32,20601.32,2024-11-27
20241127,E10,US Inc,EUR,-290859.01,343026.45,-407498.14,480585.56,2024-11-27
20241127,E10,US Inc,USD,-1572866.01,1788944.31,-1271839.11,1564596.89,2024-11-27
20241127,E11,US West Distribution,USD,-365666.23,544030.79,-502999.97,744660.57,2024-11-27
20241128,E01,Group Treasury HQ,CNY,-645161.29,645161.29,-119630.32,119630.32,2024-11-28
20241128,E01,Group Treasury HQ,EUR,-299320.65,299320.65,-420538.62,420538.62,2024-11-28
20241128,E01,Group Treasury HQ,SGD,-972430.52,972430.52,-180314.88,180314.88,2024-11-28
20241128,E02,SG Operations,SGD,-1565907.09,1796036.99,-187084.14,440713.3,2024-11-28
20241128,E02,SG Operations,USD,-2264.8,23298.24,-3063.24,31511.84,2024-11-28
20241128,E03,Shanghai Mfg,CNY,-1416277.27,2331673.27,-277232.0,446971.12,2024-11-28
20241128,E03,Shanghai Mfg,USD,55684.74,217021.18,75315.94,293530.26,2024-11-28
20241128,E04,Shenzhen Sourcing,CNY,-1031982.03,2322304.61,-253352.91,492613.55,2024-11-28
20241128,E04,Shenzhen Sourcing,USD,-41175.93,41175.93,-55692.17,55692.17,2024-11-28
20241128,E05,India Services,INR,-19968885.26,23271874.36,-318064.4,370674.42,2024-11-28
20241128,E06,Germany GmbH,EUR,106439.47,112471.31,149545.0,158019.62,2024-11-28
20241128,E06,Germany GmbH,USD,5838.28,5838.28,7896.52,7896.52,2024-11-28
20241128,E07,Germany Sales Office,EUR,-1105.74,1105.74,-1553.54,1553.54,2024-11-28
20241128,E08,Netherlands BV,EUR,-124782.11,813060.09,-4949.29,971964.01,2024-11-28
20241128,E08,Netherlands BV,USD,3085.52,3085.52,4173.3,4173.3,2024-11-28
20241128,E09,UK Ltd,EUR,-29162.57,29162.57,-40972.74,40972.74,2024-11-28
20241128,E09,UK Ltd,GBP,-154472.08,191547.68,-222937.85,286062.17,2024-11-28
20241128,E10,US Inc,USD,-17919.96,17919.96,-24237.5,24237.5,2024-11-28
20241129,E01,Group Treasury HQ,SGD,-73476.85,73476.85,-73476.85,73476.85,2024-11-29
20241129,E02,SG Operations,SGD,-11812.44,1617376.64,410440.91,1196145.11,2024-11-29
20241129,E03,Shanghai Mfg,CNY,415378.69,479833.77,69399.46,96897.0,2024-11-29
20241129,E03,Shanghai Mfg,EUR,-1052.85,1052.85,-1476.17,1476.17,2024-11-29
20241129,E03,Shanghai Mfg,USD,-86626.44,86626.44,-117178.2,117178.2,2024-11-29
20241129,E04,Shenzhen Sourcing,CNY,-1291590.45,1291590.45,-1205752.57,1205752.57,2024-11-29
20241129,E04,Shenzhen Sourcing,USD,-11675.28,11675.28,-15792.96,15792.96,2024-11-29
20241129,E05,India Services,INR,3438496.36,9026930.64,100241.17,189628.19,2024-11-29
20241129,E06,Germany GmbH,EUR,-484558.81,697481.03,-624449.41,922981.91,2024-11-29
20241129,E06,Germany GmbH,USD,47733.96,291140.68,64568.97,393821.33,2024-11-29
20241129,E07,Germany Sales Office,EUR,-436105.15,436105.15,-599814.25,599814.25,2024-11-29
20241129,E07,Germany Sales Office,USD,-114637.24,114637.24,-155067.96,155067.96,2024-11-29
20241129,E08,Netherlands BV,EUR,-154753.64,154753.64,-92482.45,92482.45,2024-11-29
20241129,E08,Netherlands BV,USD,272007.67,285330.43,367940.43,385961.91,2024-11-29
20241129,E09,UK Ltd,EUR,-3795.25,3795.25,-5321.22,5321.22,2024-11-29
20241129,E09,UK Ltd,GBP,-51373.38,51373.38,-10117.04,10117.04,2024-11-29
20241129,E09,UK Ltd,USD,-49547.13,49547.13,-67021.61,67021.61,2024-11-29
20241129,E10,US Inc,EUR,11194.26,11194.26,15695.17,15695.17,2024-11-29
20241129,E10,US Inc,USD,51825.09,68427.31,70102.98,92560.54,2024-11-29
20241129,E11,US West Distribution,USD,-1130.47,1130.47,-1529.17,1529.17,2024-11-29
20241201,E01,Group Treasury HQ,SGD,-15000.0,15000.0,-15000.0,15000.0,2024-12-01
20241201,E02,SG Operations,SGD,15000.0,15000.0,15000.0,15000.0,2024-12-01
20241202,E01,Group Treasury HQ,CNY,-4838709.68,4838709.68,-899312.9,899312.9,2024-12-02
20241202,E01,Group Treasury HQ,EUR,-134482.76,134482.76,-188407.26,188407.26,2024-12-02
20241202,E01,Group Treasury HQ,SGD,154844.94,155678.46,154844.94,155678.46,2024-12-02
20241202,E01,Group Treasury HQ,USD,-11194.03,11194.03,-15204.63,15204.63,2024-12-02
20241202,E02,SG Operations,SGD,295559.96,301847.64,415541.06,421828.74,2024-12-02
20241202,E02,SG Operations,USD,370819.98,370819.98,503677.36,503677.36,2024-12-02
20241202,E03,Shanghai Mfg,CNY,2817218.76,3063073.42,523602.65,569296.71,2024-12-02
20241202,E04,Shenzhen Sourcing,CNY,5132292.01,5157229.85,953877.51,958512.43,2024-12-02
20241202,E04,Shenzhen Sourcing,USD,80308.79,80308.79,109074.14,109074.14,2024-12-02
20241202,E05,India Services,INR,13688634.43,16590400.55,235005.4,281236.32,2024-12-02
20241202,E05,India Services,USD,146548.98,146548.98,199054.56,199054.56,2024-12-02
20241202,E06,Germany GmbH,EUR,136388.78,326438.4,224095.86,490351.02,2024-12-02
20241202,E06,Germany GmbH,USD,72483.01,72483.01,98452.22,98452.22,2024-12-02
20241202,E07,Germany Sales Office,EUR,21268.75,23132.43,29797.03,32408.01,2024-12-02
20241202,E07,Germany Sales Office,USD,11782.82,11782.82,16004.37,16004.37,2024-12-02
20241202,E08,Netherlands BV,EUR,110345.31,114358.11,131857.95,137479.79,2024-12-02
20241202,E08,Netherlands BV,USD,-78924.43,187808.91,-107201.47,255097.09,2024-12-02
20241202,E09,UK Ltd,EUR,-459.38,48952.94,-643.58,68581.94,2024-12-02
20241202,E09,UK Ltd,GBP,-145896.47,145896.47,-250034.0,250034.0,2024-12-02
20241202,E09,UK Ltd,USD,36953.06,36953.06,50192.6,50192.6,2024-12-02
20241202,E10,US Inc,EUR,245570.5,245570.5,344038.63,344038.63,2024-12-02
20241202,E10,US Inc,USD,177893.9,248493.2,250726.72,346620.28,2024-12-02
20241202,E11,US West Distribution,USD,82211.18,162003.12,111785.75,220158.27,2024-12-02
20241203,E01,Group Treasury HQ,EUR,-849779.66,888151.38,-1192151.63,1245983.13,2024-12-03
20241203,E01,Group Treasury HQ,SGD,733613.12,1089599.64,881364.59,947564.75,2024-12-03
20241203,E01,Group Treasury HQ,USD,481343.28,503731.34,653699.32,684103.94,2024-12-03
20241203,E02,SG Operations,SGD,-1393552.43,1734730.41,-819145.47,1214710.15,2024-12-03
20241203,E02,SG Operations,USD,-401246.53,583828.09,-544922.09,792881.17,2024-12-03
20241203,E03,Shanghai Mfg,CNY,4575232.93,5247049.03,849963.87,974770.55,2024-12-03
20241203,E03,Shanghai Mfg,USD,148030.51,148030.51,201036.24,201036.24,2024-12-03
20241203,E04,Shenzhen Sourcing,CNY,-763257.38,1021384.98,-116860.63,214681.31,2024-12-03
20241203,E04,Shenzhen Sourcing,USD,59907.26,59907.26,81358.43,81358.43,2024-12-03
20241203,E05,India Services,EUR,2453.17,2453.17,3441.54,3441.54,2024-12-03
20241203,E05,India Services,INR,12795610.67,14047651.25,204166.76,224144.32,2024-12-03
20241203,E05,India Services,USD,44699.66,44699.66,60705.4,60705.4,2024-12-03
20241203,E06,Germany GmbH,EUR,919065.33,992150.87,1280044.62,1401191.02,2024-12-03
20241203,E06,Germany GmbH,USD,348930.84,348930.84,473873.56,473873.56,2024-12-03
20241203,E07,Germany Sales Office,EUR,35488.05,37832.15,49786.01,53074.53,2024-12-03
20241203,E07,Germany Sales Office,USD,-4449.97,30025.09,-6043.38,40776.26,2024-12-03
20241203,E08,Netherlands BV,EUR,-27694.19,78066.59,-43709.76,106363.02,2024-12-03
20241203,E08,Netherlands BV,USD,459486.8,459486.8,624016.63,624016.63,2024-12-03
20241203,E09,UK Ltd,EUR,16198.75,16198.75,22725.14,22725.14,2024-12-03
20241203,E09,UK Ltd,GBP,-21205.48,37081.28,-36266.64,63418.22,2024-12-03
20241203,E09,UK Ltd,USD,143473.08,150530.4,194846.92,204431.28,2024-12-03
20241203,E10,US Inc,EUR,49232.44,95180.6,69067.94,133528.38,2024-12-03
20241203,E10,US Inc,USD,-213482.36,737201.56,231321.73,479927.23,2024-12-03
20241203,E11,US West Distribution,USD,191956.59,219779.11,263449.63,301389.43,2024-12-03
20241204,E01,Group Treasury HQ,EUR,129287.07,129287.07,181003.06,181003.06,2024-12-04
20241204,E01,Group Treasury HQ,GBP,-436046.51,436046.51,-748581.54,748581.54,2024-12-04
20241204,E01,Group Treasury HQ,SGD,11137.2,61982.5,11137.2,61982.5,2024-12-04
20241204,E01,Group Treasury HQ,USD,1444029.86,1444029.86,1969255.28,1969255.28,2024-12-04
20241204,E02,SG Operations,SGD,48355.27,60717.57,61430.83,73793.13,2024-12-04
20241204,E02,SG Operations,USD,24532.61,24532.61,33455.66,33455.66,2024-12-04
20241204,E03,Shanghai Mfg,CNY,38916.38,64716.16,7219.92,12006.4,2024-12-04
20241204,E03,Shanghai Mfg,USD,-179104.48,179104.48,-244248.72,244248.72,2024-12-04
20241204,E04,Shenzhen Sourcing,CNY,433761.73,2098435.79,10702.43,459080.99,2024-12-04
20241204,E04,Shenzhen Sourcing,USD,-321885.2,327368.54,-438961.92,446439.68,2024-12-04
20241204,E05,India Services,INR,19296637.01,19590008.49,330947.65,335638.37,2024-12-04
20241204,E05,India Services,USD,8140.62,8140.62,11101.54,11101.54,2024-12-04
20241204,E06,Germany GmbH,EUR,-33599.83,164576.85,-70528.83,206920.29,2024-12-04
20241204,E06,Germany GmbH,USD,-958135.4,958135.4,-1306630.32,1306630.32,2024-12-04
20241204,E07,Germany Sales Office,EUR,18613.79,28824.75,26059.47,40354.91,2024-12-04
20241204,E08,Netherlands BV,EUR,-1716963.96,1808603.44,-285943.42,414239.52,2024-12-04
20241204,E08,Netherlands BV,USD,38765.21,38765.21,52864.97,52864.97,2024-12-04
20241204,E09,UK Ltd,GBP,1051959.92,1053054.74,1805949.03,1807828.57,2024-12-04
20241204,E09,UK Ltd,USD,-13440.49,13440.49,-18329.09,18329.09,2024-12-04
20241204,E10,US Inc,EUR,8722.29,8722.29,12211.28,12211.28,2024-12-04
20241204,E10,US Inc,USD,17644.92,35376.26,24062.34,48243.8,2024-12-04
20241204,E11,US West Distribution,USD,79026.95,155311.13,106404.24,213167.76,2024-12-04
20241205,E01,Group Treasury HQ,CNY,-1693548.39,1693548.39,-313817.9,313817.9,2024-12-05
20241205,E01,Group Treasury HQ,EUR,-4685.15,4685.15,-6559.4,6559.4,2024-12-05
20241205,E01,Group Treasury HQ,SGD,-580995.22,580995.22,-222021.88,222021.88,2024-12-05
20241205,E02,SG Operations,SGD,-1747347.79,2373671.95,-66446.88,783332.82,2024-12-05
20241205,E02,SG Operations,USD,49905.49,49905.49,68280.14,68280.14,2024-12-05
20241205,E03,Shanghai Mfg,CNY,-4300598.54,4300598.54,-796909.52,796909.52,2024-12-05
20241205,E03,Shanghai Mfg,EUR,-1074.37,1074.37,-1504.16,1504.16,2024-12-05
20241205,E03,Shanghai Mfg,USD,28999.87,28999.87,39677.3,39677.3,2024-12-05
20241205,E04,Shenzhen Sourcing,CNY,-1551254.79,5093861.55,-348445.43,1011115.37,2024-12-05
20241205,E04,Shenzhen Sourcing,USD,21134.89,82005.89,28916.53,112199.55,2024-12-05
20241205,E05,India Services,EUR,-17651.84,17651.84,-24713.3,24713.3,2024-12-05
20241205,E05,India Services,INR,-24733432.56,24733432.56,-395067.13,395067.13,2024-12-05
20241205,E05,India Services,USD,96423.08,96423.08,131925.0,131925.0,2024-12-05
20241205,E06,Germany GmbH,EUR,-72877.99,600704.65,-116571.82,855550.8,2024-12-05
20241205,E07,Germany Sales Office,EUR,-5223.15,5223.15,-7312.62,7312.62,2024-12-05
20241205,E08,Netherlands BV,EUR,-244673.6,244673.6,-353170.44,353170.44,2024-12-05
20241205,E08,Netherlands BV,USD,-91201.48,112775.02,-124987.71,154504.39,2024-12-05
20241205,E09,UK Ltd,EUR,-289.24,73002.62,-404.95,102206.67,2024-12-05
20241205,E09,UK Ltd,GBP,23941.47,48336.27,39089.18,80525.96,2024-12-05
20241205,E09,UK Ltd,USD,71590.12,116883.18,97861.08,160006.02,2024-12-05
20241205,E10,US Inc,EUR,-13966.54,13966.54,-19553.73,19553.73,2024-12-05
20241205,E10,US Inc,USD,-2306608.07,2338039.79,-489716.8,532721.34,2024-12-05
20241205,E11,US West Distribution,USD,-41421.02,144645.82,-37277.73,178508.77,2024-12-05
20241206,E01,Group Treasury HQ,SGD,-787697.69,787697.69,-1041426.55,1041426.55,2024-12-06
20241206,E02,SG Operations,SGD,-209183.42,572108.42,38501.8,328892.8,2024-12-06
20241206,E03,Shanghai Mfg,CNY,-18870.42,342780.26,40908.07,107819.25,2024-12-06
20241206,E03,Shanghai Mfg,USD,93648.43,93648.43,128520.2,128520.2,2024-12-06
20241206,E04,Shenzhen Sourcing,CNY,142572.19,171880.43,26378.12,31800.64,2024-12-06
20241206,E05,India Services,INR,381086.98,439574.56,6106.16,7043.3,2024-12-06
20241206,E05,India Services,USD,152304.46,216483.56,209017.92,297095.32,2024-12-06
20241206,E06,Germany GmbH,EUR,-1173827.1,1391902.52,-1377451.44,1683426.52,2024-12-06
20241206,E06,Germany GmbH,USD,17795.73,23985.45,24422.31,32916.89,2024-12-06
20241206,E07,Germany Sales Office,EUR,-4138.91,70013.19,-5807.18,98233.4,2024-12-06
20241206,E08,Netherlands BV,EUR,4063.82,93317.22,41547.98,59473.72,2024-12-06
20241206,E08,Netherlands BV,USD,-40874.98,48945.98,-56095.56,67171.94,2024-12-06
20241206,E09,UK Ltd,EUR,-34860.69,34860.69,-48911.99,48911.99,2024-12-06
20241206,E09,UK Ltd,GBP,-158282.2,478972.92,212205.55,332410.67,2024-12-06
20241206,E09,UK Ltd,USD,-15419.81,15419.81,-21161.67,21161.67,2024-12-06
20241206,E10,US Inc,EUR,-171568.13,171568.13,-240722.09,240722.09,2024-12-06
20241206,E10,US Inc,USD,-84658.32,251574.24,-57845.3,293641.66,2024-12-06
20241206,E11,US West Distribution,USD,-120625.65,371237.67,-164403.06,509007.34,2024-12-06
20241208,E01,Group Treasury HQ,SGD,-150000.0,150000.0,-150000.0,150000.0,2024-12-08
20241208,E02,SG Operations,SGD,150000.0,150000.0,150000.0,150000.0,2024-12-08
20241209,E01,Group Treasury HQ,CNY,-3629032.26,3629032.26,-668598.39,668598.39,2024-12-09
20241209,E01,Group Treasury HQ,EUR,-39038.12,47961.88,-54673.32,67171.14,2024-12-09
20241209,E01,Group Treasury HQ,SGD,11151.5,41548.9,20415.55,50812.95,2024-12-09
20241209,E01,Group Treasury HQ,USD,-503731.34,503731.34,-690972.81,690972.81,2024-12-09
20241209,E02,SG Operations,SGD,106597.88,177795.18,174473.34,191129.44,2024-12-09
20241209,E02,SG Operations,USD,146934.43,155996.55,201547.25,213977.85,2024-12-09
20241209,E03,Shanghai Mfg,CNY,4730549.94,4944730.62,894900.87,934360.63,2024-12-09
20241209,E03,Shanghai Mfg,USD,489183.38,489183.38,671014.89,671014.89,2024-12-09
20241209,E04,Shenzhen Sourcing,CNY,5790869.2,6059824.0,1056535.32,1146568.96,2024-12-09
20241209,E04,Shenzhen Sourcing,USD,279765.86,279765.86,383757.35,383757.35,2024-12-09
20241209,E05,India Services,INR,18599131.51,18698035.13,298664.87,300253.03,2024-12-09
20241209,E05,India Services,USD,82341.42,82341.42,112948.47,112948.47,2024-12-09
20241209,E06,Germany GmbH,EUR,105321.49,292954.17,147503.89,410285.55,2024-12-09
20241209,E06,Germany GmbH,USD,71466.86,71466.86,98031.73,98031.73,2024-12-09
20241209,E07,Germany Sales Office,EUR,43060.98,43939.02,60307.37,61537.09,2024-12-09
20241209,E08,Netherlands BV,EUR,153556.96,155973.22,160623.81,164007.81,2024-12-09
20241209,E08,Netherlands BV,USD,164907.65,303997.17,226205.31,416995.67,2024-12-09
20241209,E09,UK Ltd,EUR,18891.04,22586.1,26457.1,31632.08,2024-12-09
20241209,E09,UK Ltd,GBP,-223694.43,555817.17,-496300.94,828423.68,2024-12-09
20241209,E09,UK Ltd,USD,62323.95,62323.95,85490.32,85490.32,2024-12-09
20241209,E10,US Inc,EUR,147030.75,189913.67,205918.18,265976.18,2024-12-09
20241209,E10,US Inc,USD,174303.81,209119.65,239098.56,286846.86,2024-12-09
20241209,E11,US West Distribution,USD,134786.96,134866.44,186494.04,186603.04,2024-12-09
20241210,E01,Group Treasury HQ,EUR,-310344.83,310344.83,-435171.72,435171.72,2024-12-10
20241210,E01,Group Treasury HQ,SGD,226661.51,823338.49,291891.79,758108.21,2024-12-10
20241210,E01,Group Treasury HQ,USD,302238.81,302238.81,414492.72,414492.72,2024-12-10
20241210,E02,SG Operations,SGD,-347929.38,1244012.88,-66156.37,1084174.63,2024-12-10
20241210,E02,SG Operations,USD,-179808.51,594380.77,-246590.82,815138.54,2024-12-10
20241210,E03,Shanghai Mfg,CNY,-1245022.97,2138166.77,-228307.36,392088.48,2024-12-10
20241210,E03,Shanghai Mfg,EUR,-47854.97,92174.55,-67103.21,129249.01,2024-12-10
20241210,E03,Shanghai Mfg,USD,-2948.62,2948.62,-4043.76,4043.76,2024-12-10
20241210,E04,Shenzhen Sourcing,CNY,-1038789.84,3492003.3,-237585.79,750741.03,2024-12-10
20241210,E04,Shenzhen Sourcing,USD,779729.96,779729.96,1069327.91,1069327.91,2024-12-10
20241210,E05,India Services,INR,78532101.07,82074596.07,1259811.98,1316640.68,2024-12-10
20241210,E05,India Services,USD,32306.2,32306.2,44304.98,44304.98,2024-12-10
20241210,E06,Germany GmbH,EUR,791001.53,860763.15,1095226.45,1193047.59,2024-12-10
20241210,E06,Germany GmbH,USD,390140.42,390140.42,535041.68,535041.68,2024-12-10
20241210,E07,Germany Sales Office,EUR,71807.41,73226.41,100689.8,102679.54,2024-12-10
20241210,E07,Germany Sales Office,USD,3975.77,3975.77,5452.4,5452.4,2024-12-10
20241210,E08,Netherlands BV,EUR,31186.0,63220.06,44109.23,89028.01,2024-12-10
20241210,E08,Netherlands BV,USD,312751.11,312751.11,428909.39,428909.39,2024-12-10
20241210,E09,UK Ltd,EUR,-35904.55,54983.59,-50346.07,77099.09,2024-12-10
20241210,E09,UK Ltd,GBP,-219647.0,270567.44,-20560.97,71481.41,2024-12-10
20241210,E09,UK Ltd,USD,113929.41,113929.41,156243.71,156243.71,2024-12-10
20241210,E10,US Inc,EUR,649016.89,649016.89,910064.46,910064.46,2024-12-10
20241210,E10,US Inc,USD,-850146.24,1852550.98,360235.09,939965.31,2024-12-10
20241210,E11,US West Distribution,USD,-65159.11,299131.43,124754.17,192997.83,2024-12-10
20241211,E01,Group Treasury HQ,EUR,1417241.38,1417241.38,1986985.17,1986985.17,2024-12-11
20241211,E01,Group Treasury HQ,GBP,444767.44,444767.44,756696.19,756696.19,2024-12-11
20241211,E01,Group Treasury HQ,SGD,-627.12,627.12,-627.12,627.12,2024-12-11
20241211,E01,Group Treasury HQ,USD,1634328.36,1634328.36,2227489.86,2227489.86,2024-12-11
20241211,E02,SG Operations,SGD,130103.22,751368.5,210684.98,690871.58,2024-12-11
20241211,E02,SG Operations,USD,41420.89,41420.89,56560.76,56560.76,2024-12-11
20241211,E03,Shanghai Mfg,CNY,180501.01,860926.55,86609.39,224528.37,2024-12-11
20241211,E03,Shanghai Mfg,EUR,4032.02,4032.02,5652.93,5652.93,2024-12-11
20241211,E04,Shenzhen Sourcing,CNY,1074738.89,1084457.25,197142.57,198925.25,2024-12-11
20241211,E04,Shenzhen Sourcing,USD,-1097014.93,1097014.93,-1495164.43,1495164.43,2024-12-11
20241211,E05,India Services,EUR,46425.81,46425.81,65089.4,65089.4,2024-12-11
20241211,E05,India Services,INR,-808666.72,808666.72,-12979.9,12979.9,2024-12-11
20241211,E05,India Services,USD,32372.39,32372.39,44121.59,44121.59,2024-12-11
20241211,E06,Germany GmbH,EUR,-367004.99,895629.73,-514544.29,1255680.93,2024-12-11
20241211,E06,Germany GmbH,USD,-443195.99,631430.87,-604049.1,860601.76,2024-12-11
20241211,E07,Germany Sales Office,EUR,-257483.87,325655.27,-94089.41,189666.33,2024-12-11
20241211,E08,Netherlands BV,EUR,-140890.87,140890.87,-43505.65,43505.65,2024-12-11
20241211,E08,Netherlands BV,USD,-231790.18,309609.82,-315915.88,421979.3,2024-12-11
20241211,E09,UK Ltd,EUR,4544.82,4544.82,6371.88,6371.88,2024-12-11
20241211,E09,UK Ltd,GBP,-397506.57,576937.03,-612462.54,917732.96,2024-12-11
20241211,E09,UK Ltd,USD,34239.22,34239.22,46665.97,46665.97,2024-12-11
20241211,E10,US Inc,EUR,-788573.28,1222446.98,-1105586.84,1713881.66,2024-12-11
20241211,E10,US Inc,USD,-525763.56,835922.2,-405337.72,828065.02,2024-12-11
20241211,E11,US West Distribution,USD,65589.41,75730.65,89393.62,103217.02,2024-12-11
20241212,E01,Group Treasury HQ,CNY,-80645.16,80645.16,-14811.69,14811.69,2024-12-12
20241212,E01,Group Treasury HQ,SGD,-10162.99,10162.99,-13708.98,13708.98,2024-12-12
20241212,E01,Group Treasury HQ,USD,-89552.24,89552.24,-122284.75,122284.75,2024-12-12
20241212,E02,SG Operations,SGD,-1847690.3,2026554.5,-258910.08,471399.14,2024-12-12
20241212,E02,SG Operations,USD,-35939.44,45580.14,-49000.44,62164.94,2024-12-12
20241212,E03,Shanghai Mfg,CNY,-6081135.07,6195096.65,-1116891.55,1137822.31,2024-12-12
20241212,E03,Shanghai Mfg,EUR,-30226.43,30226.43,-42683.4,42683.4,2024-12-12
20241212,E03,Shanghai Mfg,USD,-657048.72,672657.76,-897208.57,918522.91,2024-12-12
20241212,E04,Shenzhen Sourcing,CNY,-4288901.51,4713463.93,-753865.34,907162.66,2024-12-12
20241212,E04,Shenzhen Sourcing,USD,3964.86,23739.42,5414.07,32416.49,2024-12-12
20241212,E05,India Services,EUR,-241624.37,241624.37,-341203.09,341203.09,2024-12-12
20241212,E05,India Services,INR,-28540356.12,41903156.46,-458158.34,672671.38,2024-12-12
20241212,E05,India Services,USD,-9019.9,9019.9,-12316.79,12316.79,2024-12-12
20241212,E06,Germany GmbH,EUR,-60818.56,192160.1,-100872.77,286343.05,2024-12-12
20241212,E06,Germany GmbH,USD,-26183.13,26183.13,-35660.53,35660.53,2024-12-12
20241212,E07,Germany Sales Office,EUR,-292764.44,292764.44,-180909.31,180909.31,2024-12-12
20241212,E07,Germany Sales Office,USD,89552.24,89552.24,122284.75,122284.75,2024-12-12
20241212,E08,Netherlands BV,EUR,-257736.72,257736.72,-363955.69,363955.69,2024-12-12
20241212,E08,Netherlands BV,USD,28377.01,74629.29,38749.18,101907.26,2024-12-12
20241212,E09,UK Ltd,EUR,-69351.15,69351.15,-97932.28,97932.28,2024-12-12
20241212,E09,UK Ltd,GBP,-81786.3,89379.7,-11232.91,24070.53,2024-12-12
20241212,E09,UK Ltd,USD,-189480.76,320573.92,-258738.44,437747.86,2024-12-12
20241212,E10,US Inc,EUR,-62890.06,91973.3,-88808.44,129877.52,2024-12-12
20241212,E10,US Inc,USD,-894676.54,948875.82,-280973.37,354983.19,2024-12-12
20241212,E11,US West Distribution,USD,-439758.19,593584.87,-362938.25,572990.59,2024-12-12
20241213,E01,Group Treasury HQ,EUR,-193826.02,199277.42,-273037.29,280716.53,2024-12-13
20241213,E01,Group Treasury HQ,SGD,-364212.86,467672.82,-58037.09,198946.03,2024-12-13
20241213,E02,SG Operations,SGD,61929.34,316893.02,135426.57,390390.25,2024-12-13
20241213,E03,Shanghai Mfg,CNY,-1141726.74,1420935.98,-209365.68,260565.96,2024-12-13
20241213,E03,Shanghai Mfg,EUR,52570.13,52570.13,74054.07,74054.07,2024-12-13
20241213,E03,Shanghai Mfg,USD,15900.35,15900.35,21655.74,21655.74,2024-12-13
20241213,E04,Shenzhen Sourcing,CNY,-1122148.73,1548006.29,-295844.48,373936.52,2024-12-13
20241213,E04,Shenzhen Sourcing,USD,7345.26,7345.26,10003.99,10003.99,2024-12-13
20241213,E05,India Services,EUR,1686.9,1686.9,2376.29,2376.29,2024-12-13
20241213,E05,India Services,INR,731857.93,921329.47,19489.61,22534.79,2024-12-13
20241213,E05,India Services,USD,11007.0,11007.0,14991.16,14991.16,2024-12-13
20241213,E06,Germany GmbH,EUR,-659007.75,1060670.93,-553924.94,1119736.62,2024-12-13
20241213,E06,Germany GmbH,USD,11481.59,35304.57,15637.54,48083.62,2024-12-13
20241213,E07,Germany Sales Office,EUR,-231457.69,288941.01,-326047.96,407023.1,2024-12-13
20241213,E07,Germany Sales Office,USD,2215.79,2215.79,3017.83,3017.83,2024-12-13
20241213,E08,Netherlands BV,EUR,-554992.9,586399.54,-237733.68,290840.9,2024-12-13
20241213,E08,Netherlands BV,USD,28732.94,36664.74,39133.29,49936.13,2024-12-13
20241213,E09,UK Ltd,EUR,-4170.67,4170.67,-5875.11,5875.11,2024-12-13
20241213,E09,UK Ltd,GBP,-401885.78,440336.96,-350210.29,415229.51,2024-12-13
20241213,E09,UK Ltd,USD,-328886.69,351474.43,-447932.49,478696.23,2024-12-13
20241213,E10,US Inc,EUR,-42078.2,42078.2,-59274.39,59274.39,2024-12-13
20241213,E10,US Inc,USD,-236649.18,301282.46,-169065.95,257094.29,2024-12-13
20241213,E11,US West Distribution,USD,49189.84,143562.38,76926.71,185595.27,2024-12-13
20241215,E01,Group Treasury HQ,SGD,-120000.0,120000.0,-120000.0,120000.0,2024-12-15
20241215,E02,SG Operations,SGD,120000.0,120000.0,120000.0,120000.0,2024-12-15
20241216,E01,Group Treasury HQ,CNY,-967741.94,967741.94,-177145.16,177145.16,2024-12-16
20241216,E01,Group Treasury HQ,EUR,-372413.79,372413.79,-524246.52,524246.52,2024-12-16
20241216,E01,Group Treasury HQ,SGD,-4636.83,4636.83,-4636.83,4636.83,2024-12-16
20241216,E01,Group Treasury HQ,USD,-11194.03,11194.03,-15367.79,15367.79,2024-12-16
20241216,E02,SG Operations,SGD,-58710.81,152983.57,29262.34,71325.62,2024-12-16
20241216,E02,SG Operations,USD,444863.04,444863.04,609606.29,609606.29,2024-12-16
20241216,E03,Shanghai Mfg,CNY,4283021.83,4310079.57,799263.9,804216.82,2024-12-16
20241216,E03,Shanghai Mfg,USD,65686.85,65686.85,90178.59,90178.59,2024-12-16
20241216,E04,Shenzhen Sourcing,CNY,3232659.56,3434370.92,591738.35,628661.61,2024-12-16
20241216,E04,Shenzhen Sourcing,USD,164086.83,164086.83,225267.58,225267.58,2024-12-16
20241216,E05,India Services,EUR,6327.4,6327.4,8907.07,8907.07,2024-12-16
20241216,E05,India Services,INR,24544306.21,24608476.49,415017.7,416051.7,2024-12-16
20241216,E05,India Services,USD,51768.06,51768.06,70888.13,70888.13,2024-12-16
20241216,E06,Germany GmbH,EUR,140264.86,461507.86,190298.13,647176.19,2024-12-16
20241216,E06,Germany GmbH,USD,63172.72,80913.06,86826.95,110982.09,2024-12-16
20241216,E07,Germany Sales Office,EUR,7123.26,7432.3,10027.4,10462.44,2024-12-16
20241216,E07,Germany Sales Office,USD,33690.41,33690.41,46252.09,46252.09,2024-12-16
20241216,E08,Netherlands BV,EUR,206868.1,207882.0,271219.84,272647.1,2024-12-16
20241216,E08,Netherlands BV,USD,1313843.15,1313843.15,1803717.46,1803717.46,2024-12-16
20241216,E09,UK Ltd,EUR,423621.23,423621.23,596331.19,596331.19,2024-12-16
20241216,E09,UK Ltd,GBP,-85081.75,88321.85,-143717.57,146957.67,2024-12-16
20241216,E09,UK Ltd,USD,227210.51,227210.51,311927.31,311927.31,2024-12-16
20241216,E10,US Inc,EUR,28356.22,28356.22,39917.02,39917.02,2024-12-16
20241216,E10,US Inc,USD,97065.93,234006.23,133261.85,321252.55,2024-12-16
20241216,E11,US West Distribution,USD,90915.74,158600.36,125191.33,218093.57,2024-12-16
20241217,E01,Group Treasury HQ,EUR,-941379.31,941379.31,-1322180.42,1322180.42,2024-12-17
20241217,E01,Group Treasury HQ,SGD,633150.49,1277081.03,900373.93,1018464.35,2024-12-17
20241217,E01,Group Treasury HQ,USD,615671.64,615671.64,838294.81,838294.81,2024-12-17
20241217,E02,SG Operations,SGD,-176016.37,1684694.35,-129194.36,1656826.64,2024-12-17
20241217,E02,SG Operations,USD,-448640.73,782702.55,-610866.53,1065723.09,2024-12-17
20241217,E03,Shanghai Mfg,CNY,-808558.84,2328524.7,-148281.59,427028.11,2024-12-17
20241217,E03,Shanghai Mfg,USD,168471.99,168471.99,229407.94,229407.94,2024-12-17
20241217,E04,Shenzhen Sourcing,CNY,52957.77,1259722.99,16311.1,237619.8,2024-12-17
20241217,E05,India Services,INR,180524.62,4867249.72,2902.29,78250.77,2024-12-17
20241217,E05,India Services,USD,-68243.62,74617.44,-92926.2,101604.76,2024-12-17
20241217,E06,Germany GmbH,EUR,1087730.71,1376810.45,1415623.57,1893555.99,2024-12-17
20241217,E06,Germany GmbH,USD,18148.61,18148.61,24711.04,24711.04,2024-12-17
20241217,E07,Germany Sales Office,EUR,152199.6,289158.74,213766.46,406127.5,2024-12-17
20241217,E07,Germany Sales Office,USD,74441.48,74441.48,101359.07,101359.07,2024-12-17
20241217,E08,Netherlands BV,EUR,92281.55,105105.13,103393.04,121403.94,2024-12-17
20241217,E08,Netherlands BV,USD,329860.67,353755.29,449120.16,481687.22,2024-12-17
20241217,E09,UK Ltd,EUR,-14640.23,18976.57,-20562.4,26652.86,2024-12-17
20241217,E09,UK Ltd,GBP,3593.52,6040.28,6038.56,10150.1,2024-12-17
20241217,E09,UK Ltd,USD,23161.07,23161.07,31535.99,31535.99,2024-12-17
20241217,E10,US Inc,EUR,19529.83,19529.83,27429.92,27429.92,2024-12-17
20241217,E10,US Inc,USD,-318870.29,816834.83,-176038.37,774126.89,2024-12-17
20241217,E11,US West Distribution,USD,-210552.48,1055753.1,428856.41,746468.13,2024-12-17
20241218,E01,Group Treasury HQ,EUR,82758.62,82758.62,116252.44,116252.44,2024-12-18
20241218,E01,Group Treasury HQ,SGD,64420.05,65713.05,79519.07,80812.07,2024-12-18
20241218,E01,Group Treasury HQ,USD,190298.51,212686.57,259366.4,289880.1,2024-12-18
20241218,E02,SG Operations,SGD,-62569.37,119972.55,-9801.83,90437.05,2024-12-18
20241218,E02,SG Operations,USD,6051.55,6051.55,8247.93,8247.93,2024-12-18
20241218,E03,Shanghai Mfg,CNY,-255194.31,636950.87,-46816.73,116941.21,2024-12-18
20241218,E03,Shanghai Mfg,EUR,-19205.25,19205.25,-26977.94,26977.94,2024-12-18
20241218,E03,Shanghai Mfg,USD,-201492.54,201492.54,-274623.25,274623.25,2024-12-18
20241218,E04,Shenzhen Sourcing,CNY,-7810.76,492559.72,709.01,92621.59,2024-12-18
20241218,E04,Shenzhen Sourcing,USD,20295.5,20295.5,27661.65,27661.65,2024-12-18
20241218,E05,India Services,INR,-46530.49,118332.45,34579.24,37222.72,2024-12-18
20241218,E06,Germany GmbH,EUR,212056.23,860690.07,297878.97,1209025.99,2024-12-18
20241218,E06,Germany GmbH,USD,68309.45,68309.45,93102.02,93102.02,2024-12-18
20241218,E07,Germany Sales Office,EUR,-264255.73,368294.03,-90639.81,236784.17,2024-12-18
20241218,E07,Germany Sales Office,USD,-32576.89,121393.43,-44400.51,165452.57,2024-12-18
20241218,E08,Netherlands BV,EUR,-118474.98,118474.98,-37391.75,37391.75,2024-12-18
20241218,E08,Netherlands BV,USD,-53282.17,169914.77,-72620.66,231584.5,2024-12-18
20241218,E09,UK Ltd,EUR,4000.58,4000.58,5619.68,5619.68,2024-12-18
20241218,E09,UK Ltd,GBP,-176352.01,540025.73,111980.91,262817.55,2024-12-18
20241218,E09,UK Ltd,USD,-86341.27,97820.45,-117678.4,133323.9,2024-12-18
20241218,E10,US Inc,EUR,10636.59,31558.47,14941.4,44330.72,2024-12-18
20241218,E10,US Inc,USD,-85824.26,316088.82,58479.4,255358.52,2024-12-18
20241218,E11,US West Distribution,USD,1741.8,124734.44,1872.33,170765.33,2024-12-18
20241219,E01,Group Treasury HQ,CNY,-80645.16,80645.16,-14797.98,14797.98,2024-12-19
20241219,E01,Group Treasury HQ,EUR,-165517.24,165517.24,-231322.59,231322.59,2024-12-19
20241219,E01,Group Treasury HQ,SGD,-1091498.79,1091498.79,-814623.4,814623.4,2024-12-19
20241219,E01,Group Treasury HQ,USD,-246268.66,246268.66,-336097.36,336097.36,2024-12-19
20241219,E02,SG Operations,SGD,-4046251.48,6106180.5,29823.64,2084560.42,2024-12-19
20241219,E02,SG Operations,USD,6316.23,86662.15,8620.31,118272.77,2024-12-19
20241219,E03,Shanghai Mfg,CNY,-1071331.3,1343050.48,-208904.51,258763.63,2024-12-19
20241219,E03,Shanghai Mfg,EUR,-1975.63,1975.63,-2761.09,2761.09,2024-12-19
20241219,E03,Shanghai Mfg,USD,-6301.78,6301.78,-8600.41,8600.41,2024-12-19
20241219,E04,Shenzhen Sourcing,CNY,-1649147.38,2193711.76,-463142.39,563067.21,2024-12-19
20241219,E04,Shenzhen Sourcing,USD,-25814.19,25814.19,-35230.15,35230.15,2024-12-19
20241219,E05,India Services,EUR,-21770.02,21770.02,-30425.21,30425.21,2024-12-19
20241219,E05,India Services,INR,-9125372.91,9476485.91,-146288.85,151917.55,2024-12-19
20241219,E05,India Services,USD,-55021.15,55021.15,-75090.61,75090.61,2024-12-19
20241219,E06,Germany GmbH,EUR,36470.19,40004.55,50969.77,55909.33,2024-12-19
20241219,E06,Germany GmbH,USD,112562.4,357586.86,153620.81,488019.61,2024-12-19
20241219,E07,Germany Sales Office,EUR,-4985.53,4985.53,-6967.65,6967.65,2024-12-19
20241219,E07,Germany Sales Office,USD,29636.24,57917.16,40446.33,79042.97,2024-12-19
20241219,E08,Netherlands BV,EUR,-407590.47,747383.39,-582076.71,1056962.45,2024-12-19
20241219,E08,Netherlands BV,USD,-143688.45,143688.45,-196099.96,196099.96,2024-12-19
20241219,E09,UK Ltd,EUR,-34411.56,48789.46,-48092.71,68186.89,2024-12-19
20241219,E09,UK Ltd,GBP,-151750.1,154998.74,-44707.45,50179.77,2024-12-19
20241219,E09,UK Ltd,USD,-99377.64,153627.06,-135621.42,209658.8,2024-12-19
20241219,E10,US Inc,EUR,-33054.73,33054.73,-46196.43,46196.43,2024-12-19
20241219,E10,US Inc,USD,-1451874.48,1451874.48,-1770064.84,1770064.84,2024-12-19
20241219,E11,US West Distribution,USD,-127173.11,237527.57,-149973.62,300580.86,2024-12-19
20241220,E01,Group Treasury HQ,EUR,-465517.24,465517.24,-648225.77,648225.77,2024-12-20
20241220,E01,Group Treasury HQ,SGD,-20413.44,64114.34,-20413.44,64114.34,2024-12-20
20241220,E01,Group Treasury HQ,USD,-22388.06,22388.06,-30553.06,30553.06,2024-12-20
20241220,E02,SG Operations,SGD,-115818.52,191481.32,-7745.18,113104.5,2024-12-20
20241220,E02,SG Operations,USD,17441.76,17441.76,23802.82,23802.82,2024-12-20
20241220,E03,Shanghai Mfg,CNY,-2281494.56,3856272.56,-418469.44,707313.66,2024-12-20
20241220,E03,Shanghai Mfg,USD,13892.58,13892.58,18959.25,18959.25,2024-12-20
20241220,E04,Shenzhen Sourcing,CNY,161006.34,712202.16,29531.62,130631.4,2024-12-20
20241220,E04,Shenzhen Sourcing,USD,-23336.91,23336.91,-31847.95,31847.95,2024-12-20
20241220,E05,India Services,INR,8718510.09,8841684.63,139984.4,141962.08,2024-12-20
20241220,E05,India Services,USD,11194.03,11194.03,15276.53,15276.53,2024-12-20
20241220,E06,Germany GmbH,EUR,-2491602.79,3081179.43,-1183081.15,2000028.41,2024-12-20
20241220,E06,Germany GmbH,USD,185987.96,241288.72,253818.33,329287.45,2024-12-20
20241220,E07,Germany Sales Office,EUR,-985718.74,1030411.04,-1369136.49,1431369.85,2024-12-20
20241220,E08,Netherlands BV,EUR,-1404879.8,1404879.8,-329334.8,329334.8,2024-12-20
20241220,E08,Netherlands BV,USD,60445.83,60445.83,82490.6,82490.6,2024-12-20
20241220,E09,UK Ltd,EUR,19581.64,19581.64,27267.14,27267.14,2024-12-20
20241220,E09,UK Ltd,GBP,-478546.34,478546.34,-238809.28,238809.28,2024-12-20
20241220,E09,UK Ltd,USD,-629.55,36027.79,-859.15,49167.23,2024-12-20
20241220,E10,US Inc,EUR,55243.94,296480.2,76926.36,412844.22,2024-12-20
20241220,E10,US Inc,USD,-1271073.64,1284085.0,-1247014.89,1264771.53,2024-12-20
20241220,E11,US West Distribution,USD,-299569.71,353132.73,-411656.07,484753.69,2024-12-20
20241221,E11,US West Distribution,USD,4568.96,4568.96,6235.27,6235.27,2024-12-21
20241222,E01,Group Treasury HQ,SGD,-360000.0,360000.0,-360000.0,360000.0,2024-12-22
20241222,E02,SG Operations,SGD,360000.0,360000.0,360000.0,360000.0,2024-12-22
20241223,E01,Group Treasury HQ,CNY,-403225.81,403225.81,-74010.08,74010.08,2024-12-23
20241223,E01,Group Treasury HQ,EUR,-279310.34,279310.34,-388916.19,388916.19,2024-12-23
20241223,E01,Group Treasury HQ,GBP,-270348.84,270348.84,-456350.19,456350.19,2024-12-23
20241223,E01,Group Treasury HQ,SGD,34034.21,34560.47,36670.97,37197.23,2024-12-23
20241223,E02,SG Operations,SGD,214781.4,219311.54,224252.3,228782.44,2024-12-23
20241223,E02,SG Operations,USD,223287.89,223287.89,304208.32,304208.32,2024-12-23
20241223,E03,Shanghai Mfg,CNY,1410250.79,2758868.15,279832.72,527364.7,2024-12-23
20241223,E03,Shanghai Mfg,EUR,6627.06,6627.06,9227.62,9227.62,2024-12-23
20241223,E03,Shanghai Mfg,USD,600658.71,600658.71,818339.84,818339.84,2024-12-23
20241223,E04,Shenzhen Sourcing,CNY,1278525.72,1750522.28,313741.01,400373.63,2024-12-23
20241223,E04,Shenzhen Sourcing,USD,12063.46,12063.46,16450.71,16450.71,2024-12-23
20241223,E05,India Services,INR,35086594.7,35248859.28,564017.03,566625.43,2024-12-23
20241223,E05,India Services,USD,57089.83,57089.83,77779.42,77779.42,2024-12-23
20241223,E06,Germany GmbH,EUR,349256.5,412499.12,432445.77,520505.81,2024-12-23
20241223,E06,Germany GmbH,USD,89970.93,89970.93,122576.76,122576.76,2024-12-23
20241223,E07,Germany Sales Office,EUR,31821.19,34576.65,31280.55,35117.29,2024-12-23
20241223,E08,Netherlands BV,EUR,79149.78,658650.86,223747.61,803577.81,2024-12-23
20241223,E08,Netherlands BV,USD,463236.33,463236.33,631115.04,631115.04,2024-12-23
20241223,E09,UK Ltd,EUR,86503.86,86503.86,120449.36,120449.36,2024-12-23
20241223,E09,UK Ltd,GBP,285956.84,492148.98,434763.61,719831.77,2024-12-23
20241223,E09,UK Ltd,USD,361750.39,361750.39,492850.17,492850.17,2024-12-23
20241223,E10,US Inc,EUR,109624.97,109624.97,152643.55,152643.55,2024-12-23
20241223,E10,US Inc,USD,86178.34,92502.44,117409.09,126026.33,2024-12-23
20241223,E11,US West Distribution,USD,343319.55,542360.83,481775.33,752991.75,2024-12-23
20241224,E01,Group Treasury HQ,GBP,-183139.53,183139.53,-310857.38,310857.38,2024-12-24
20241224,E01,Group Treasury HQ,SGD,-319683.16,390344.2,-50422.1,121083.14,2024-12-24
20241224,E02,SG Operations,SGD,87470.45,367232.59,261596.69,323490.67,2024-12-24
20241224,E02,SG Operations,USD,32358.99,32358.99,44192.45,44192.45,2024-12-24
20241224,E03,Shanghai Mfg,CNY,-197856.01,2469295.41,-185083.49,601813.13,2024-12-24
20241224,E03,Shanghai Mfg,EUR,93383.08,119090.8,130338.78,166220.16,2024-12-24
20241224,E03,Shanghai Mfg,USD,13301.86,13301.86,18166.26,18166.26,2024-12-24
20241224,E04,Shenzhen Sourcing,CNY,606869.72,2117662.62,118566.55,395744.15,2024-12-24
20241224,E04,Shenzhen Sourcing,USD,119039.22,119039.22,162550.41,162550.41,2024-12-24
20241224,E05,India Services,INR,22784546.54,22929930.86,361301.89,376301.21,2024-12-24
20241224,E05,India Services,USD,56218.95,56218.95,76777.83,76777.83,2024-12-24
20241224,E06,Germany GmbH,EUR,415365.89,884432.07,691333.89,1096059.45,2024-12-24
20241224,E06,Germany GmbH,USD,-135996.34,135996.34,-185728.89,185728.89,2024-12-24
20241224,E07,Germany Sales Office,EUR,-31270.63,86665.49,-43645.76,120962.76,2024-12-24
20241224,E08,Netherlands BV,EUR,-74223.96,323301.88,-97485.6,459377.82,2024-12-24
20241224,E08,Netherlands BV,USD,232797.62,253535.44,317930.08,346251.58,2024-12-24
20241224,E09,UK Ltd,EUR,190995.84,238173.52,266581.11,332429.01,2024-12-24
20241224,E09,UK Ltd,GBP,141007.92,338285.14,199937.17,534791.59,2024-12-24
20241224,E09,UK Ltd,USD,46371.69,46371.69,63329.49,63329.49,2024-12-24
20241224,E10,US Inc,EUR,148062.76,148062.76,206657.56,206657.56,2024-12-24
20241224,E10,US Inc,USD,-169954.44,348581.86,58269.96,183525.76,2024-12-24
20241224,E11,US West Distribution,USD,4873.52,120207.04,20565.34,150484.94,2024-12-24
20241225,E01,Group Treasury HQ,USD,514925.37,514925.37,702071.91,702071.91,2024-12-25
20241225,E03,Shanghai Mfg,CNY,524967.12,2417103.96,96200.95,442939.47,2024-12-25
20241225,E03,Shanghai Mfg,USD,-415743.38,614107.36,-566842.82,837301.0,2024-12-25
20241225,E04,Shenzhen Sourcing,CNY,280868.43,286827.93,74782.65,75874.73,2024-12-25
20241225,E04,Shenzhen Sourcing,USD,131110.17,137691.09,178761.37,187734.09,2024-12-25
20241225,E05,India Services,INR,-37810.15,37810.15,-6928.79,6928.79,2024-12-25
20241225,E06,Germany GmbH,EUR,-1054536.25,1054536.25,-284785.1,284785.1,2024-12-25
20241225,E06,Germany GmbH,USD,-209516.97,209516.97,-285664.66,285664.66,2024-12-25
20241225,E07,Germany Sales Office,EUR,-168481.91,168481.91,-30874.65,30874.65,2024-12-25
20241225,E08,Netherlands BV,EUR,-1694813.97,1694813.97,-310578.04,310578.04,2024-12-25
20241225,E09,UK Ltd,GBP,-1188380.35,1188380.35,-225351.36,225351.36,2024-12-25
20241225,E10,US Inc,USD,-101904.74,101904.74,-18674.25,18674.25,2024-12-25
20241225,E11,US West Distribution,USD,-26824.99,26824.99,-36574.37,36574.37,2024-12-25
20241226,E01,Group Treasury HQ,SGD,-1698810.39,1716514.39,-987507.22,1011568.6,2024-12-26
20241226,E02,SG Operations,SGD,-537623.69,2655295.39,545310.29,1668306.87,2024-12-26
20241226,E02,SG Operations,USD,266248.7,288791.56,361839.02,392512.32,2024-12-26
20241226,E03,Shanghai Mfg,CNY,-5798604.49,5990765.31,-1077439.82,1130195.56,2024-12-26
20241226,E03,Shanghai Mfg,USD,-3829.66,25525.34,-5228.87,34715.31,2024-12-26
20241226,E04,Shenzhen Sourcing,CNY,-1847244.18,2459562.42,-303209.95,487308.67,2024-12-26
20241226,E04,Shenzhen Sourcing,USD,115992.33,175979.17,157644.37,239172.07,2024-12-26
20241226,E05,India Services,INR,-9384769.6,11749946.46,-154645.39,192753.11,2024-12-26
20241226,E05,India Services,USD,178554.38,183032.94,242658.05,248772.75,2024-12-26
20241226,E08,Netherlands BV,USD,-33358.5,33358.5,-45545.33,45545.33,2024-12-26
20241226,E09,UK Ltd,USD,-21756.59,21756.59,-29664.25,29664.25,2024-12-26
20241226,E10,US Inc,USD,-972155.4,1297992.68,-489475.3,932318.46,2024-12-26
20241226,E11,US West Distribution,USD,-811298.08,891033.9,-321337.79,429706.19,2024-12-26
20241227,E01,Group Treasury HQ,CNY,-1774193.55,1774193.55,-325864.35,325864.35,2024-12-27
20241227,E01,Group Treasury HQ,EUR,-11430.32,11430.32,-15857.01,15857.01,2024-12-27
20241227,E01,Group Treasury HQ,SGD,4205.51,25305.11,7898.9,28998.5,2024-12-27
20241227,E01,Group Treasury HQ,USD,-11194.03,11194.03,-15283.53,15283.53,2024-12-27
20241227,E02,SG Operations,SGD,-1303085.58,1388170.16,-800083.93,885168.51,2024-12-27
20241227,E02,SG Operations,USD,460742.93,460742.93,629065.69,629065.69,2024-12-27
20241227,E03,Shanghai Mfg,CNY,401150.81,3039570.03,73678.96,558274.78,2024-12-27
20241227,E03,Shanghai Mfg,EUR,-13330.05,13330.05,-18492.45,18492.45,2024-12-27
20241227,E03,Shanghai Mfg,USD,20621.23,24934.11,28154.76,34043.26,2024-12-27
20241227,E04,Shenzhen Sourcing,CNY,1207136.65,2341250.45,53264.99,598463.71,2024-12-27
20241227,E05,India Services,EUR,-25743.31,25743.31,-35713.08,35713.08,2024-12-27
20241227,E05,India Services,INR,7585991.01,7801526.35,13611.39,263307.91,2024-12-27
20241227,E05,India Services,USD,39094.85,45390.77,53377.33,61973.33,2024-12-27
20241227,E06,Germany GmbH,EUR,-565577.29,1105759.67,-784611.82,1533993.86,2024-12-27
20241227,E06,Germany GmbH,USD,79477.4,79477.4,108512.79,108512.79,2024-12-27
20241227,E07,Germany Sales Office,EUR,-223777.28,396480.56,-310440.86,550027.96,2024-12-27
20241227,E07,Germany Sales Office,USD,16421.24,16421.24,22420.39,22420.39,2024-12-27
20241227,E08,Netherlands BV,EUR,-165930.42,230642.26,-230191.29,319964.47,2024-12-27
20241227,E08,Netherlands BV,USD,173503.75,173503.75,236889.7,236889.7,2024-12-27
20241227,E09,UK Ltd,EUR,19447.26,19447.26,26978.71,26978.71,2024-12-27
20241227,E09,UK Ltd,GBP,1304352.41,1305803.53,1308451.67,1310916.77,2024-12-27
20241227,E10,US Inc,EUR,-23557.54,76267.1,-32680.8,105803.52,2024-12-27
20241227,E10,US Inc,USD,-261835.9,661394.5,-357492.16,903021.1,2024-12-27
20241227,E11,US West Distribution,USD,84616.62,114340.88,115529.52,156112.92,2024-12-27
20241229,E01,Group Treasury HQ,SGD,-285000.0,285000.0,-285000.0,285000.0,2024-12-29
20241229,E02,SG Operations,SGD,285000.0,285000.0,285000.0,285000.0,2024-12-29
20241229,E03,Shanghai Mfg,USD,-99202.38,99202.38,-135537.43,135537.43,2024-12-29
20241229,E04,Shenzhen Sourcing,USD,-77527.61,77527.61,-105923.8,105923.8,2024-12-29
20241230,E01,Group Treasury HQ,EUR,190660.34,273418.96,263980.49,378564.69,2024-12-30
20241230,E01,Group Treasury HQ,SGD,-1900.35,1900.35,-1900.35,1900.35,2024-12-30
20241230,E01,Group Treasury HQ,USD,-11194.03,11194.03,-15294.09,15294.09,2024-12-30
20241230,E02,SG Operations,SGD,-1296882.14,1953013.48,-11792.24,842012.78,2024-12-30
20241230,E02,SG Operations,USD,136352.43,136352.43,186294.51,186294.51,2024-12-30
20241230,E03,Shanghai Mfg,CNY,3446124.81,4081378.73,635146.64,751737.3,2024-12-30
20241230,E03,Shanghai Mfg,USD,44553.94,44553.94,60872.8,60872.8,2024-12-30
20241230,E04,Shenzhen Sourcing,CNY,1076731.23,1134364.17,206156.01,260253.97,2024-12-30
20241230,E04,Shenzhen Sourcing,USD,73958.4,73958.4,101047.3,101047.3,2024-12-30
20241230,E05,India Services,INR,27196281.18,27209165.32,439029.57,439237.55,2024-12-30
20241230,E05,India Services,USD,144647.96,144647.96,196754.78,196754.78,2024-12-30
20241230,E06,Germany GmbH,EUR,114310.82,122787.94,138219.33,149956.41,2024-12-30
20241230,E06,Germany GmbH,USD,43647.92,43647.92,59634.92,59634.92,2024-12-30
20241230,E07,Germany Sales Office,EUR,-39011.04,55126.16,-54013.08,76325.42,2024-12-30
20241230,E08,Netherlands BV,EUR,57491.12,72701.14,93076.26,114135.42,2024-12-30
20241230,E08,Netherlands BV,USD,208934.11,208934.11,285460.83,285460.83,2024-12-30
20241230,E09,UK Ltd,EUR,86609.61,86609.61,119916.11,119916.11,2024-12-30
20241230,E09,UK Ltd,GBP,65405.88,365387.18,-39269.9,470062.96,2024-12-30
20241230,E09,UK Ltd,USD,134199.99,134199.99,183353.7,183353.7,2024-12-30
20241230,E10,US Inc,EUR,352149.67,589905.93,487572.0,816759.56,2024-12-30
20241230,E10,US Inc,USD,154329.9,545044.04,416289.32,539245.7,2024-12-30
20241230,E11,US West Distribution,USD,-58072.9,336334.24,-81114.21,464390.79,2024-12-30
20241231,E01,Group Treasury HQ,EUR,16816.96,16816.96,23219.88,23219.88,2024-12-31
20241231,E01,Group Treasury HQ,SGD,35812.92,35812.92,45097.67,45097.67,2024-12-31
20241231,E02,SG Operations,SGD,-302028.53,1853295.21,684292.96,1164588.8,2024-12-31
20241231,E02,SG Operations,USD,221426.22,221426.22,301155.38,301155.38,2024-12-31
20241231,E03,Shanghai Mfg,CNY,255863.89,6487607.67,43356.5,1199596.72,2024-12-31
20241231,E03,Shanghai Mfg,EUR,-10652.48,80288.9,-14708.33,110858.25,2024-12-31
20241231,E03,Shanghai Mfg,USD,217677.68,217677.68,296057.1,296057.1,2024-12-31
20241231,E04,Shenzhen Sourcing,CNY,-548316.47,2009503.57,-32514.4,437188.32,2024-12-31
20241231,E04,Shenzhen Sourcing,USD,14698.63,14698.63,19991.18,19991.18,2024-12-31
20241231,E05,India Services,INR,1352069.69,11510503.05,36883.33,200860.77,2024-12-31
20241231,E05,India Services,USD,123330.04,127275.8,167737.6,173104.12,2024-12-31
20241231,E06,Germany GmbH,EUR,193575.5,200883.02,263505.05,273594.85,2024-12-31
20241231,E06,Germany GmbH,USD,348137.67,396393.27,473491.95,539122.99,2024-12-31
20241231,E07,Germany Sales Office,EUR,330047.95,331046.71,455711.07,457090.09,2024-12-31
20241231,E07,Germany Sales Office,USD,58376.27,61060.47,79395.87,83046.57,2024-12-31
20241231,E08,Netherlands BV,EUR,27471.04,95028.4,37930.42,131209.7,2024-12-31
20241231,E08,Netherlands BV,USD,50833.0,88136.14,69136.48,119871.4,2024-12-31
20241231,E09,UK Ltd,EUR,53899.89,53899.89,74421.84,74421.84,2024-12-31
20241231,E09,UK Ltd,GBP,-488.42,488.42,-834.56,834.56,2024-12-31
20241231,E09,UK Ltd,USD,100960.64,206273.3,137313.64,280546.34,2024-12-31
20241231,E10,US Inc,EUR,61038.46,61038.46,84278.36,84278.36,2024-12-31
20241231,E10,US Inc,USD,302314.05,304511.35,401343.86,404332.18,2024-12-31
20241231,E11,US West Distribution,USD,276707.29,277103.47,376588.9,377127.72,2024-12-31
20250101,E04,Shenzhen Sourcing,CNY,-328954.68,328954.68,-60277.0,60277.0,2025-01-01
20250101,E05,India Services,INR,-98171.31,98171.31,-1584.95,1584.95,2025-01-01
20250101,E06,Germany GmbH,USD,-4864.02,4864.02,-6628.33,6628.33,2025-01-01
20250101,E08,Netherlands BV,USD,-14204.77,14204.77,-19313.84,19313.84,2025-01-01
20250101,E10,US Inc,USD,-114976.68,114976.68,-156608.02,156608.02,2025-01-01
20250101,E11,US West Distribution,USD,-34037.77,34037.77,-46341.62,46341.62,2025-01-01
20250102,E01,Group Treasury HQ,SGD,-214723.47,264310.37,-34524.12,84111.02,2025-01-02
20250102,E02,SG Operations,SGD,-4340544.11,5124505.69,-715245.19,1679073.35,2025-01-02
20250102,E02,SG Operations,USD,81503.83,190942.21,111067.39,260201.91,2025-01-02
20250102,E03,Shanghai Mfg,CNY,271352.86,6402543.68,43585.49,1179325.95,2025-01-02
20250102,E03,Shanghai Mfg,EUR,-365916.96,632057.72,-508943.29,879110.75,2025-01-02
20250102,E03,Shanghai Mfg,USD,52634.7,110379.74,71940.04,150630.7,2025-01-02
20250102,E04,Shenzhen Sourcing,CNY,-2948432.19,4073036.67,-603227.04,809297.32,2025-01-02
20250102,E04,Shenzhen Sourcing,USD,333766.1,469257.02,454831.75,639468.75,2025-01-02
20250102,E05,India Services,EUR,-16261.23,16261.23,-22617.28,22617.28,2025-01-02
20250102,E05,India Services,INR,837163.45,2353246.69,-95811.01,147361.65,2025-01-02
20250102,E05,India Services,USD,-90450.45,121232.07,-123259.17,165206.09,2025-01-02
20250102,E06,Germany GmbH,EUR,-311991.05,507546.55,-271194.69,543187.15,2025-01-02
20250102,E06,Germany GmbH,USD,-23229.29,47710.07,-31655.15,65015.75,2025-01-02
20250102,E07,Germany Sales Office,EUR,-57399.74,57399.74,-79816.36,79816.36,2025-01-02
20250102,E07,Germany Sales Office,USD,156789.3,157239.96,213660.86,214274.98,2025-01-02
20250102,E08,Netherlands BV,EUR,-296519.68,499987.18,-445126.86,662711.42,2025-01-02
20250102,E08,Netherlands BV,USD,77447.72,107351.0,105540.02,146290.0,2025-01-02
20250102,E09,UK Ltd,EUR,-8699.12,23321.42,-12099.35,32437.09,2025-01-02
20250102,E09,UK Ltd,GBP,-1753373.91,1905187.83,-277439.45,480910.99,2025-01-02
20250102,E09,UK Ltd,USD,107164.53,111227.59,146035.88,151572.72,2025-01-02
20250102,E10,US Inc,EUR,-129797.12,174094.34,-180531.05,242142.77,2025-01-02
20250102,E10,US Inc,USD,-2799440.56,3072504.14,-501092.05,892875.67,2025-01-02
20250102,E11,US West Distribution,USD,-987126.91,1003692.81,-648252.74,670827.52,2025-01-02
20250103,E01,Group Treasury HQ,SGD,-955.31,955.31,-955.31,955.31,2025-01-03
20250103,E02,SG Operations,SGD,294120.6,827198.96,400750.02,723157.64,2025-01-03
20250103,E02,SG Operations,USD,1541.4,1541.4,2110.94,2110.94,2025-01-03
20250103,E03,Shanghai Mfg,CNY,-684495.87,2140996.33,-128112.08,394935.7,2025-01-03
20250103,E03,Shanghai Mfg,USD,18344.35,33370.49,25122.47,45700.69,2025-01-03
20250103,E04,Shenzhen Sourcing,CNY,243877.82,708393.54,44677.19,129774.15,2025-01-03
20250103,E04,Shenzhen Sourcing,USD,25501.82,129691.68,34924.59,177611.97,2025-01-03
20250103,E05,India Services,INR,-6967935.14,6996604.1,-106128.42,134797.38,2025-01-03
20250103,E05,India Services,USD,-12931.41,12931.41,-17709.49,17709.49,2025-01-03
20250103,E06,Germany GmbH,EUR,-954095.58,964590.64,-1195589.85,1210174.61,2025-01-03
20250103,E06,Germany GmbH,USD,-33968.42,33968.42,-46519.55,46519.55,2025-01-03
20250103,E07,Germany Sales Office,EUR,-225803.24,265559.56,-288417.24,343665.72,2025-01-03
20250103,E08,Netherlands BV,EUR,-508599.97,522862.29,-163064.56,182884.6,2025-01-03
20250103,E08,Netherlands BV,USD,-10486.28,53096.24,-14360.9,72714.98,2025-01-03
20250103,E09,UK Ltd,EUR,-21946.18,34342.12,-30498.13,47724.49,2025-01-03
20250103,E09,UK Ltd,GBP,-1471029.98,1696650.08,-612696.29,973557.17,2025-01-03
20250103,E09,UK Ltd,USD,-145103.75,152948.75,-198718.71,209462.39,2025-01-03
20250103,E10,US Inc,EUR,44905.44,44905.44,62404.1,62404.1,2025-01-03
20250103,E10,US Inc,USD,-255817.54,427931.44,-31390.16,242912.24,2025-01-03
20250103,E11,US West Distribution,USD,-77684.75,835664.09,163949.17,830174.01,2025-01-03
20250106,E01,Group Treasury HQ,CNY,-483870.97,483870.97,-88409.52,88409.52,2025-01-06
20250106,E01,Group Treasury HQ,EUR,-437287.3,473057.54,-609966.36,659861.8,2025-01-06
20250106,E01,Group Treasury HQ,SGD,-68996.24,68996.24,-12606.51,12606.51,2025-01-06
20250106,E01,Group Treasury HQ,USD,-100746.27,100746.27,-137917.11,137917.11,2025-01-06
20250106,E02,SG Operations,SGD,164659.46,165922.32,232964.53,234227.39,2025-01-06
20250106,E02,SG Operations,USD,453870.33,453870.33,621328.06,621328.06,2025-01-06
20250106,E03,Shanghai Mfg,CNY,4269879.93,4347091.73,801621.32,815728.92,2025-01-06
20250106,E03,Shanghai Mfg,USD,57427.7,57427.7,78609.88,78609.88,2025-01-06
20250106,E04,Shenzhen Sourcing,CNY,1653323.99,1888840.49,310163.43,353195.33,2025-01-06
20250106,E04,Shenzhen Sourcing,USD,-633.91,29492.97,-867.79,40374.55,2025-01-06
20250106,E05,India Services,EUR,51724.14,51724.14,72149.33,72149.33,2025-01-06
20250106,E05,India Services,INR,37615987.25,38077940.29,650990.34,658454.56,2025-01-06
20250106,E05,India Services,USD,123123.52,123123.52,168550.56,168550.56,2025-01-06
20250106,E06,Germany GmbH,EUR,305219.01,478853.25,465603.29,616307.65,2025-01-06
20250106,E06,Germany GmbH,USD,91549.03,337037.33,125326.48,461388.92,2025-01-06
20250106,E07,Germany Sales Office,EUR,58757.6,59035.28,65550.93,65938.27,2025-01-06
20250106,E07,Germany Sales Office,USD,230712.5,230712.5,315835.03,315835.03,2025-01-06
20250106,E08,Netherlands BV,EUR,357433.3,357905.18,390020.43,390678.65,2025-01-06
20250106,E08,Netherlands BV,USD,162752.95,278018.01,222801.46,380594.14,2025-01-06
20250106,E09,UK Ltd,EUR,212617.83,212617.83,296577.86,296577.86,2025-01-06
20250106,E09,UK Ltd,GBP,-66283.51,187385.35,-158047.98,279149.82,2025-01-06
20250106,E09,UK Ltd,USD,400369.45,400369.45,548087.76,548087.76,2025-01-06
20250106,E10,US Inc,EUR,68680.17,68680.17,95801.08,95801.08,2025-01-06
20250106,E10,US Inc,USD,50245.36,118802.5,68825.14,162593.8,2025-01-06
20250106,E11,US West Distribution,USD,23733.83,240239.55,102192.35,261506.33,2025-01-06
20250107,E01,Group Treasury HQ,CNY,-1451612.9,1451612.9,-265706.13,265706.13,2025-01-07
20250107,E01,Group Treasury HQ,EUR,-487687.79,487687.79,-681937.74,681937.74,2025-01-07
20250107,E01,Group Treasury HQ,SGD,1263145.72,2467916.1,1741932.58,1989129.24,2025-01-07
20250107,E01,Group Treasury HQ,USD,1891791.04,1891791.04,2587379.91,2587379.91,2025-01-07
20250107,E02,SG Operations,SGD,-2002558.44,3681940.28,-944153.37,3176391.61,2025-01-07
20250107,E02,SG Operations,USD,-1816497.54,1984039.3,-2484401.89,2713546.75,2025-01-07
20250107,E03,Shanghai Mfg,CNY,-1320596.64,2220049.36,-241697.56,406335.2,2025-01-07
20250107,E03,Shanghai Mfg,EUR,-4006.39,4006.39,-5602.17,5602.17,2025-01-07
20250107,E03,Shanghai Mfg,USD,31526.11,136221.07,43218.98,186409.02,2025-01-07
20250107,E04,Shenzhen Sourcing,CNY,2336487.15,3680797.15,348189.44,771083.26,2025-01-07
20250107,E04,Shenzhen Sourcing,USD,39297.5,174220.0,53746.72,238278.6,2025-01-07
20250107,E05,India Services,EUR,-4178.68,4178.68,-5843.08,5843.08,2025-01-07
20250107,E05,India Services,INR,746218.22,4667766.04,8486.34,79306.84,2025-01-07
20250107,E05,India Services,USD,87390.44,87390.44,119522.85,119522.85,2025-01-07
20250107,E06,Germany GmbH,EUR,554104.04,670361.56,772857.9,939322.16,2025-01-07
20250107,E06,Germany GmbH,USD,174902.07,174902.07,239211.47,239211.47,2025-01-07
20250107,E07,Germany Sales Office,EUR,81117.54,81525.94,111328.26,111899.32,2025-01-07
20250107,E08,Netherlands BV,EUR,827898.03,941685.83,1157656.42,1316766.84,2025-01-07
20250107,E08,Netherlands BV,USD,255883.47,255883.47,349968.76,349968.76,2025-01-07
20250107,E09,UK Ltd,EUR,34560.87,34560.87,48326.75,48326.75,2025-01-07
20250107,E09,UK Ltd,GBP,35879.95,38087.21,62194.42,66020.48,2025-01-07
20250107,E09,UK Ltd,USD,250266.06,629557.62,342285.89,861038.41,2025-01-07
20250107,E10,US Inc,EUR,122606.89,171112.19,171442.2,239267.54,2025-01-07
20250107,E10,US Inc,USD,92818.5,2454305.46,1114772.98,1582710.3,2025-01-07
20250107,E11,US West Distribution,USD,209981.57,496545.77,391202.49,562048.89,2025-01-07
20250108,E01,Group Treasury HQ,EUR,588248.28,818648.28,822144.03,1144154.29,2025-01-08
20250108,E01,Group Treasury HQ,SGD,-766081.3,856825.8,-990871.54,1113176.6,2025-01-08
20250108,E01,Group Treasury HQ,USD,3011194.03,3011194.03,4142192.49,4142192.49,2025-01-08
20250108,E02,SG Operations,SGD,262509.67,401156.45,274663.52,413310.3,2025-01-08
20250108,E02,SG Operations,USD,114027.74,114027.74,156856.33,156856.33,2025-01-08
20250108,E03,Shanghai Mfg,CNY,-477622.0,846095.56,-46238.57,250173.71,2025-01-08
20250108,E03,Shanghai Mfg,EUR,-64511.21,64511.21,-90161.77,90161.77,2025-01-08
20250108,E03,Shanghai Mfg,USD,-270981.06,714093.56,-372761.0,982305.68,2025-01-08
20250108,E04,Shenzhen Sourcing,CNY,966636.91,1349709.71,387698.71,650172.73,2025-01-08
20250108,E04,Shenzhen Sourcing,USD,-893135.13,920297.71,-1228594.89,1265959.69,2025-01-08
20250108,E05,India Services,INR,1387112.64,1509498.5,22464.29,24446.33,2025-01-08
20250108,E06,Germany GmbH,EUR,-328989.0,406858.6,-459799.64,568631.28,2025-01-08
20250108,E06,Germany GmbH,USD,-791347.81,848774.85,-1088576.47,1167572.99,2025-01-08
20250108,E07,Germany Sales Office,EUR,356114.82,536363.08,488781.19,740698.69,2025-01-08
20250108,E07,Germany Sales Office,USD,36767.0,36767.0,50576.61,50576.61,2025-01-08
20250108,E08,Netherlands BV,EUR,64949.51,71025.61,90774.32,99266.4,2025-01-08
20250108,E08,Netherlands BV,USD,-183382.75,183382.75,-252260.95,252260.95,2025-01-08
20250108,E09,UK Ltd,EUR,53854.14,53854.14,75267.3,75267.3,2025-01-08
20250108,E09,UK Ltd,GBP,-347184.03,362555.79,-85297.2,111962.7,2025-01-08
20250108,E09,UK Ltd,USD,50858.85,113637.33,69961.34,156319.28,2025-01-08
20250108,E10,US Inc,EUR,-558559.54,602401.72,-780650.63,841925.07,2025-01-08
20250108,E10,US Inc,USD,1340279.61,2057657.49,2221209.87,2452985.63,2025-01-08
20250108,E11,US West Distribution,USD,-566204.65,1050101.17,-778870.17,1444517.27,2025-01-08
20250109,E01,Group Treasury HQ,EUR,-103448.28,103448.28,-144691.86,144691.86,2025-01-09
20250109,E01,Group Treasury HQ,SGD,-186711.14,186711.14,-111578.11,111578.11,2025-01-09
20250109,E01,Group Treasury HQ,USD,-11194.03,11194.03,-15414.78,15414.78,2025-01-09
20250109,E02,SG Operations,SGD,-2938451.0,3341105.12,-450646.08,997099.14,2025-01-09
20250109,E02,SG Operations,USD,-125625.19,125625.19,-172957.37,172957.37,2025-01-09
20250109,E03,Shanghai Mfg,CNY,-11111780.07,12148221.59,-2001655.27,2285434.13,2025-01-09
20250109,E03,Shanghai Mfg,EUR,-15947.28,15947.28,-22305.27,22305.27,2025-01-09
20250109,E03,Shanghai Mfg,USD,-9737.84,9737.84,-13406.8,13406.8,2025-01-09
20250109,E04,Shenzhen Sourcing,CNY,-965741.92,1126892.88,-197059.08,226580.16,2025-01-09
20250109,E04,Shenzhen Sourcing,USD,-1692.81,67000.43,-2331.09,92263.21,2025-01-09
20250109,E05,India Services,EUR,-38988.07,38988.07,-54532.14,54532.14,2025-01-09
20250109,E05,India Services,INR,1406804.97,2378780.75,16772.03,44732.39,2025-01-09
20250109,E05,India Services,USD,11010.81,11377.25,15162.48,15667.08,2025-01-09
20250109,E06,Germany GmbH,EUR,43435.33,182640.01,55368.2,252021.98,2025-01-09
20250109,E06,Germany GmbH,USD,-23540.11,41982.17,-32407.69,57803.41,2025-01-09
20250109,E07,Germany Sales Office,EUR,77959.54,84385.66,108198.31,118871.97,2025-01-09
20250109,E07,Germany Sales Office,USD,-70002.5,70002.5,-96397.22,96397.22,2025-01-09
20250109,E08,Netherlands BV,EUR,-198495.51,219354.83,-277633.29,306808.97,2025-01-09
20250109,E08,Netherlands BV,USD,-17050.86,28515.04,-23479.96,39266.76,2025-01-09
20250109,E09,UK Ltd,EUR,-23966.65,23966.65,-33521.86,33521.86,2025-01-09
20250109,E09,UK Ltd,GBP,-361366.46,573086.14,-13755.54,315887.44,2025-01-09
20250109,E09,UK Ltd,USD,-16310.16,42804.78,-22459.97,58944.49,2025-01-09
20250109,E10,US Inc,EUR,54572.38,152324.18,76329.73,213053.99,2025-01-09
20250109,E10,US Inc,USD,-1755914.28,1946233.32,-785091.29,1047170.89,2025-01-09
20250109,E11,US West Distribution,USD,-923891.63,1005368.51,-165904.3,278102.38,2025-01-09
20250110,E01,Group Treasury HQ,EUR,-362068.97,362068.97,-511133.48,511133.48,2025-01-10
20250110,E01,Group Treasury HQ,SGD,-105804.91,243835.49,-98363.4,251277.0,2025-01-10
20250110,E01,Group Treasury HQ,USD,-11194.03,11194.03,-15411.64,15411.64,2025-01-10
20250110,E02,SG Operations,SGD,-2625047.84,2755755.66,-584093.29,735327.15,2025-01-10
20250110,E02,SG Operations,USD,-3459.84,3459.84,-4763.41,4763.41,2025-01-10
20250110,E03,Shanghai Mfg,CNY,-750946.05,909130.11,-137360.05,166294.45,2025-01-10
20250110,E03,Shanghai Mfg,EUR,-24843.0,24843.0,-35070.91,35070.91,2025-01-10
20250110,E03,Shanghai Mfg,USD,-48333.7,48333.7,-66544.53,66544.53,2025-01-10
20250110,E04,Shenzhen Sourcing,CNY,-2882052.81,3174643.47,-537675.89,591195.39,2025-01-10
20250110,E04,Shenzhen Sourcing,USD,214967.96,230655.72,295962.09,317560.57,2025-01-10
20250110,E05,India Services,INR,181290.22,569810.36,-933.66,13139.8,2025-01-10
20250110,E05,India Services,USD,-3230.29,3230.29,-4447.38,4447.38,2025-01-10
20250110,E06,Germany GmbH,EUR,-1791981.72,2516119.66,-627750.51,1650017.47,2025-01-10
20250110,E06,Germany GmbH,USD,-679.9,96506.34,-936.07,132867.33,2025-01-10
20250110,E07,Germany Sales Office,EUR,-299624.86,299624.86,-263252.45,263252.45,2025-01-10
20250110,E07,Germany Sales Office,USD,-5119.17,5119.17,-7047.94,7047.94,2025-01-10
20250110,E08,Netherlands BV,EUR,-2674967.14,2927027.18,-340367.33,696200.99,2025-01-10
20250110,E08,Netherlands BV,USD,75388.29,181456.91,103792.56,249824.98,2025-01-10
20250110,E09,UK Ltd,EUR,25540.4,25540.4,36055.43,36055.43,2025-01-10
20250110,E09,UK Ltd,GBP,-836203.13,836203.13,-392971.26,392971.26,2025-01-10
20250110,E09,UK Ltd,USD,199830.9,215776.88,275121.78,297075.78,2025-01-10
20250110,E10,US Inc,EUR,-169459.24,343979.4,-239225.94,485596.4,2025-01-10
20250110,E10,US Inc,USD,-1729347.5,1928317.48,-299149.66,573086.16,2025-01-10
20250110,E11,US West Distribution,USD,-143012.93,218653.03,-196278.52,302277.82,2025-01-10
20250112,E01,Group Treasury HQ,SGD,-90000.0,90000.0,-90000.0,90000.0,2025-01-12
20250112,E02,SG Operations,SGD,90000.0,90000.0,90000.0,90000.0,2025-01-12
20250113,E01,Group Treasury HQ,CNY,-6370967.74,6370967.74,-1166103.71,1166103.71,2025-01-13
20250113,E01,Group Treasury HQ,EUR,-868965.52,868965.52,-1227181.78,1227181.78,2025-01-13
20250113,E01,Group Treasury HQ,SGD,-358611.88,361830.56,-358012.71,362429.73,2025-01-13
20250113,E02,SG Operations,SGD,506807.39,595784.49,532647.56,621624.66,2025-01-13
20250113,E02,SG Operations,USD,296338.45,296338.45,407090.53,407090.53,2025-01-13
20250113,E03,Shanghai Mfg,CNY,7216782.46,8698718.62,1320916.58,1592161.28,2025-01-13
20250113,E03,Shanghai Mfg,USD,57079.28,57079.28,78330.46,78330.46,2025-01-13
20250113,E04,Shenzhen Sourcing,CNY,2612626.32,2996080.38,478199.44,548384.58,2025-01-13
20250113,E04,Shenzhen Sourcing,USD,59173.89,59173.89,81303.44,81303.44,2025-01-13
20250113,E05,India Services,INR,16977434.37,17112074.47,276613.35,278807.03,2025-01-13
20250113,E05,India Services,USD,211229.87,211229.87,289872.86,289872.86,2025-01-13
20250113,E06,Germany GmbH,EUR,578753.6,626372.02,796881.16,875493.32,2025-01-13
20250113,E06,Germany GmbH,USD,36533.0,36533.0,50134.6,50134.6,2025-01-13
20250113,E07,Germany Sales Office,EUR,16215.11,17423.19,19867.61,21573.69,2025-01-13
20250113,E07,Germany Sales Office,USD,108128.55,108128.55,148385.89,148385.89,2025-01-13
20250113,E08,Netherlands BV,EUR,444387.52,445089.0,611909.28,612899.92,2025-01-13
20250113,E08,Netherlands BV,USD,120740.09,120740.09,165692.83,165692.83,2025-01-13
20250113,E09,UK Ltd,EUR,111047.74,111047.74,156825.29,156825.29,2025-01-13
20250113,E09,UK Ltd,GBP,-180268.98,185598.2,-313890.48,323169.9,2025-01-13
20250113,E09,UK Ltd,USD,227785.98,227785.98,312592.98,312592.98,2025-01-13
20250113,E10,US Inc,EUR,150820.5,180489.6,212993.69,254893.37,2025-01-13
20250113,E10,US Inc,USD,484842.28,836310.16,922894.52,1060328.02,2025-01-13
20250113,E11,US West Distribution,USD,208540.39,210343.43,289500.07,291976.17,2025-01-13
20250114,E01,Group Treasury HQ,EUR,-600818.83,600818.83,-850636.9,850636.9,2025-01-14
20250114,E01,Group Treasury HQ,GBP,-165697.67,165697.67,-289817.33,289817.33,2025-01-14
20250114,E01,Group Treasury HQ,SGD,389963.43,390036.57,389963.43,390036.57,2025-01-14
20250114,E01,Group Treasury HQ,USD,817164.18,817164.18,1123344.97,1123344.97,2025-01-14
20250114,E02,SG Operations,SGD,-171700.84,799093.44,-11115.49,821282.51,2025-01-14
20250114,E02,SG Operations,USD,-282322.78,1390751.02,-388105.46,1911847.34,2025-01-14
20250114,E03,Shanghai Mfg,CNY,-512110.71,4471266.75,-93973.85,820490.87,2025-01-14
20250114,E03,Shanghai Mfg,EUR,183663.63,183663.63,260030.24,260030.24,2025-01-14
20250114,E03,Shanghai Mfg,USD,-6400.53,113295.57,-8798.73,155745.95,2025-01-14
20250114,E04,Shenzhen Sourcing,CNY,517668.95,3368230.69,-46405.7,801508.56,2025-01-14
20250114,E04,Shenzhen Sourcing,USD,395566.41,395566.41,543780.0,543780.0,2025-01-14
20250114,E05,India Services,INR,-567969.43,10101401.99,-9236.32,164269.0,2025-01-14
20250114,E05,India Services,USD,107483.28,128466.3,147755.87,176600.95,2025-01-14
20250114,E06,Germany GmbH,EUR,693349.59,701280.31,980924.02,993587.4,2025-01-14
20250114,E06,Germany GmbH,USD,18324.49,18324.49,25190.44,25190.44,2025-01-14
20250114,E07,Germany Sales Office,EUR,69582.6,110743.44,97198.87,155474.23,2025-01-14
20250114,E07,Germany Sales Office,USD,9437.82,9437.82,12974.05,12974.05,2025-01-14
20250114,E08,Netherlands BV,EUR,38020.96,52950.36,53829.93,74966.91,2025-01-14
20250114,E08,Netherlands BV,USD,215639.67,222661.35,296437.05,306089.67,2025-01-14
20250114,E09,UK Ltd,EUR,-29907.8,164784.42,-42343.34,233301.12,2025-01-14
20250114,E09,UK Ltd,GBP,172878.94,174115.94,302377.9,304541.5,2025-01-14
20250114,E09,UK Ltd,USD,47154.37,47154.37,64822.5,64822.5,2025-01-14
20250114,E10,US Inc,EUR,58692.51,58692.51,83096.62,83096.62,2025-01-14
20250114,E10,US Inc,USD,415090.0,561205.56,639542.25,671326.39,2025-01-14
20250114,E11,US West Distribution,USD,-101907.15,341943.37,86576.57,237234.25,2025-01-14
20250115,E01,Group Treasury HQ,EUR,172503.96,172503.96,242767.58,242767.58,2025-01-15
20250115,E01,Group Treasury HQ,SGD,590432.05,627718.15,734629.51,782028.13,2025-01-15
20250115,E01,Group Treasury HQ,USD,503731.34,503731.34,693987.65,693987.65,2025-01-15
20250115,E02,SG Operations,SGD,-166997.74,502425.62,-166997.74,502425.62,2025-01-15
20250115,E02,SG Operations,USD,48167.6,48167.6,66361.98,66361.98,2025-01-15
20250115,E03,Shanghai Mfg,CNY,-294458.48,294458.48,-54127.32,54127.32,2025-01-15
20250115,E03,Shanghai Mfg,USD,-99819.43,235580.57,-137520.63,324557.93,2025-01-15
20250115,E04,Shenzhen Sourcing,CNY,578836.79,1439539.81,132072.2,290259.1,2025-01-15
20250115,E04,Shenzhen Sourcing,USD,-503731.34,503731.34,-693987.65,693987.65,2025-01-15
20250115,E05,India Services,EUR,6890.89,6890.89,9697.66,9697.66,2025-01-15
20250115,E05,India Services,INR,2173746.74,6552989.28,35277.74,106348.46,2025-01-15
20250115,E05,India Services,USD,-43578.35,119421.65,-60037.63,164526.49,2025-01-15
20250115,E06,Germany GmbH,EUR,-389568.1,586908.62,-548245.39,825965.87,2025-01-15
20250115,E06,Germany GmbH,USD,122395.4,165448.74,168623.4,227937.74,2025-01-15
20250115,E07,Germany Sales Office,EUR,241918.08,242267.68,340455.18,340947.18,2025-01-15
20250115,E07,Germany Sales Office,USD,5220.22,5220.22,7191.87,7191.87,2025-01-15
20250115,E08,Netherlands BV,EUR,-82969.16,111925.32,-6186.01,35142.17,2025-01-15
20250115,E08,Netherlands BV,USD,118356.09,162418.49,163058.48,223762.98,2025-01-15
20250115,E09,UK Ltd,EUR,-14329.05,14329.05,-20165.5,20165.5,2025-01-15
20250115,E09,UK Ltd,GBP,26596.97,31750.61,46515.07,55528.19,2025-01-15
20250115,E09,UK Ltd,USD,41053.79,41053.79,56559.56,56559.56,2025-01-15
20250115,E10,US Inc,EUR,-141626.97,141626.97,-199313.91,199313.91,2025-01-15
20250115,E10,US Inc,USD,2070.37,386942.03,2852.18,533087.9,2025-01-15
20250115,E11,US West Distribution,USD,-148138.38,269218.78,-204134.07,370945.81,2025-01-15
20250116,E01,Group Treasury HQ,EUR,64669.18,64669.18,90977.31,90977.31,2025-01-16
20250116,E01,Group Treasury HQ,SGD,554667.68,588387.46,842965.83,850833.65,2025-01-16
20250116,E02,SG Operations,SGD,-2221429.25,2488983.51,-367704.04,635258.3,2025-01-16
20250116,E02,SG Operations,USD,-67689.97,148406.75,-93275.5,204501.68,2025-01-16
20250116,E03,Shanghai Mfg,CNY,-7082255.22,7204088.98,-1312845.55,1335285.51,2025-01-16
20250116,E03,Shanghai Mfg,EUR,-21560.24,21560.24,-30331.18,30331.18,2025-01-16
20250116,E03,Shanghai Mfg,USD,-10938.83,10938.83,-15073.5,15073.5,2025-01-16
20250116,E04,Shenzhen Sourcing,CNY,-2957683.75,4196841.37,-629745.17,863139.37,2025-01-16
20250116,E04,Shenzhen Sourcing,USD,-117235.13,307882.63,-161623.38,424332.02,2025-01-16
20250116,E05,India Services,EUR,-5736.83,5736.83,-8070.64,8070.64,2025-01-16
20250116,E05,India Services,INR,-9360568.28,9360568.28,-155482.03,155482.03,2025-01-16
20250116,E05,India Services,USD,-6277.04,47550.32,-8649.65,65523.45,2025-01-16
20250116,E06,Germany GmbH,EUR,291287.06,430340.5,506075.68,731796.18,2025-01-16
20250116,E06,Germany GmbH,USD,109819.53,174540.89,151329.23,240514.03,2025-01-16
20250116,E07,Germany Sales Office,EUR,-59163.94,108405.92,-85034.44,154308.6,2025-01-16
20250116,E08,Netherlands BV,EUR,-373152.36,373152.36,-530729.22,530729.22,2025-01-16
20250116,E08,Netherlands BV,USD,21136.34,57690.36,29125.48,79496.22,2025-01-16
20250116,E09,UK Ltd,EUR,60758.1,64626.76,85475.16,90917.64,2025-01-16
20250116,E09,UK Ltd,GBP,-225252.93,230114.35,-352689.54,361190.9,2025-01-16
20250116,E09,UK Ltd,USD,28719.35,104683.89,39539.08,144288.04,2025-01-16
20250116,E10,US Inc,EUR,37393.53,107029.01,52605.63,150569.59,2025-01-16
20250116,E10,US Inc,USD,-2731685.48,2887017.44,-726042.47,940086.95,2025-01-16
20250116,E11,US West Distribution,USD,-343470.94,343470.94,-123920.28,123920.28,2025-01-16
20250117,E01,Group Treasury HQ,EUR,171880.35,358087.25,241970.06,504108.78,2025-01-17
20250117,E01,Group Treasury HQ,SGD,-431.69,431.69,-431.69,431.69,2025-01-17
20250117,E01,Group Treasury HQ,USD,-11194.03,11194.03,-15457.63,15457.63,2025-01-17
20250117,E02,SG Operations,SGD,-259012.06,418209.56,-254078.51,423143.11,2025-01-17
20250117,E02,SG Operations,USD,76299.45,124104.59,105360.54,171373.8,2025-01-17
20250117,E03,Shanghai Mfg,CNY,430761.03,470807.67,79380.21,86759.97,2025-01-17
20250117,E03,Shanghai Mfg,EUR,-43359.42,43359.42,-61040.61,61040.61,2025-01-17
20250117,E04,Shenzhen Sourcing,CNY,-494747.13,2412685.83,-91171.49,444607.33,2025-01-17
20250117,E05,India Services,INR,2140520.19,2210797.77,34886.21,36031.57,2025-01-17
20250117,E06,Germany GmbH,EUR,-1449789.81,1449789.81,-1557991.89,1557991.89,2025-01-17
20250117,E06,Germany GmbH,USD,-10086.26,10086.26,-13927.93,13927.93,2025-01-17
20250117,E07,Germany Sales Office,EUR,-171531.92,171531.92,-207153.24,207153.24,2025-01-17
20250117,E08,Netherlands BV,EUR,-2852481.88,2852481.88,-1313275.18,1313275.18,2025-01-17
20250117,E08,Netherlands BV,USD,44301.06,101400.8,61174.54,140022.54,2025-01-17
20250117,E09,UK Ltd,GBP,-144707.15,159459.71,-37267.37,63175.75,2025-01-17
20250117,E09,UK Ltd,USD,-17574.34,17574.34,-24268.09,24268.09,2025-01-17
20250117,E10,US Inc,EUR,-45825.8,232032.7,-64512.74,326651.46,2025-01-17
20250117,E10,US Inc,USD,-343337.12,425934.88,-247749.93,361807.69,2025-01-17
20250117,E11,US West Distribution,USD,-82017.59,104405.65,-114864.74,145780.0,2025-01-17
20250120,E01,Group Treasury HQ,CNY,-21693548.38,21693548.38,-3998316.21,3998316.21,2025-01-20
20250120,E01,Group Treasury HQ,EUR,-231066.98,306864.06,-325292.16,431998.0,2025-01-20
20250120,E01,Group Treasury HQ,SGD,-15694.67,15694.67,-15694.67,15694.67,2025-01-20
20250120,E02,SG Operations,SGD,263461.61,265864.51,310301.65,312704.55,2025-01-20
20250120,E02,SG Operations,USD,92338.76,92338.76,127309.94,127309.94,2025-01-20
20250120,E03,Shanghai Mfg,CNY,6410627.73,6844355.17,1186331.79,1266215.99,2025-01-20
20250120,E04,Shenzhen Sourcing,CNY,18865247.28,19305581.06,3477034.86,3558192.34,2025-01-20
20250120,E04,Shenzhen Sourcing,USD,5046.88,5046.88,6958.27,6958.27,2025-01-20
20250120,E05,India Services,INR,23909418.6,28781815.08,390082.16,469575.32,2025-01-20
20250120,E05,India Services,USD,25749.7,25749.7,35501.81,35501.81,2025-01-20
20250120,E06,Germany GmbH,EUR,309115.26,519089.84,435167.21,730765.83,2025-01-20
20250120,E06,Germany GmbH,USD,13424.7,13424.7,18509.0,18509.0,2025-01-20
20250120,E07,Germany Sales Office,EUR,155191.36,176356.5,152238.93,182034.85,2025-01-20
20250120,E07,Germany Sales Office,USD,67839.04,67839.04,93531.51,93531.51,2025-01-20
20250120,E08,Netherlands BV,EUR,12741.21,13911.27,19821.58,21468.76,2025-01-20
20250120,E08,Netherlands BV,USD,451535.8,461338.54,622544.59,636059.89,2025-01-20
20250120,E09,UK Ltd,EUR,317072.88,317072.88,446369.8,446369.8,2025-01-20
20250120,E09,UK Ltd,GBP,-134806.3,134806.3,-238664.58,238664.58,2025-01-20
20250120,E09,UK Ltd,USD,38497.03,38497.03,53076.89,53076.89,2025-01-20
20250120,E11,US West Distribution,USD,-43657.89,43657.89,-8046.54,8046.54,2025-01-20
20250121,E01,Group Treasury HQ,CNY,-80645.16,80645.16,-14852.82,14852.82,2025-01-21
20250121,E01,Group Treasury HQ,EUR,-444827.59,444827.59,-624186.52,624186.52,2025-01-21
20250121,E01,Group Treasury HQ,SGD,839228.5,943877.92,880734.92,902371.5,2025-01-21
20250121,E01,Group Treasury HQ,USD,347014.93,347014.93,478350.36,478350.36,2025-01-21
20250121,E02,SG Operations,SGD,-377866.93,543198.47,-255854.87,432786.09,2025-01-21
20250121,E02,SG Operations,USD,-270416.09,438527.63,-372761.01,604498.05,2025-01-21
20250121,E03,Shanghai Mfg,CNY,256686.25,2457034.09,47276.5,452522.96,2025-01-21
20250121,E03,Shanghai Mfg,USD,-206.75,10120.23,-285.0,13950.46,2025-01-21
20250121,E04,Shenzhen Sourcing,CNY,277171.1,4056672.26,-23597.86,821783.44,2025-01-21
20250121,E04,Shenzhen Sourcing,USD,-32807.5,232129.14,-45425.04,319782.7,2025-01-21
20250121,E05,India Services,EUR,23855.01,23855.01,33473.59,33473.59,2025-01-21
20250121,E05,India Services,INR,2856170.54,3006613.86,57947.84,65994.78,2025-01-21
20250121,E06,Germany GmbH,EUR,725638.03,756803.03,996077.03,1039808.07,2025-01-21
20250121,E06,Germany GmbH,USD,-53956.16,53956.16,-74377.06,74377.06,2025-01-21
20250121,E07,Germany Sales Office,EUR,155596.05,156208.65,218333.93,219193.53,2025-01-21
20250121,E07,Germany Sales Office,USD,355347.25,355347.25,489836.23,489836.23,2025-01-21
20250121,E08,Netherlands BV,EUR,-190554.83,208140.77,-27503.74,51735.22,2025-01-21
20250121,E08,Netherlands BV,USD,247073.99,270737.97,340584.59,373204.73,2025-01-21
20250121,E09,UK Ltd,EUR,101096.53,101096.53,141859.66,141859.66,2025-01-21
20250121,E09,UK Ltd,GBP,18641.52,20134.36,32908.02,35543.36,2025-01-21
20250121,E09,UK Ltd,USD,32213.14,32213.14,44404.91,44404.91,2025-01-21
20250121,E10,US Inc,EUR,513477.13,631565.63,720516.23,886219.21,2025-01-21
20250121,E10,US Inc,USD,60195.46,709632.22,97334.14,954309.54,2025-01-21
20250121,E11,US West Distribution,USD,136122.93,145260.25,187740.03,200318.47,2025-01-21
20250122,E01,Group Treasury HQ,CNY,-80645.16,80645.16,-14848.15,14848.15,2025-01-22
20250122,E01,Group Treasury HQ,EUR,868965.51,868965.51,1216495.24,1216495.24,2025-01-22
20250122,E01,Group Treasury HQ,SGD,-854077.69,856742.35,-853576.13,857243.91,2025-01-22
20250122,E02,SG Operations,SGD,827334.29,1117692.51,966520.26,1022122.98,2025-01-22
20250122,E02,SG Operations,USD,163280.51,163280.51,224780.83,224780.83,2025-01-22
20250122,E03,Shanghai Mfg,CNY,1117611.72,1144323.9,218817.34,223735.5,2025-01-22
20250122,E03,Shanghai Mfg,USD,-40333.71,40333.71,-55517.62,55517.62,2025-01-22
20250122,E04,Shenzhen Sourcing,CNY,-1595429.22,2509230.22,-293745.66,461991.96,2025-01-22
20250122,E04,Shenzhen Sourcing,USD,10730.02,10730.02,14769.41,14769.41,2025-01-22
20250122,E05,India Services,EUR,5033.45,5033.45,7046.5,7046.5,2025-01-22
20250122,E05,India Services,INR,2123814.63,2279291.05,34664.9,37202.6,2025-01-22
20250122,E05,India Services,USD,10035.79,10035.79,13813.84,13813.84,2025-01-22
20250122,E06,Germany GmbH,EUR,-700455.22,799007.02,-603037.42,741003.52,2025-01-22
20250122,E06,Germany GmbH,USD,-47077.01,80079.77,-64799.48,110226.36,2025-01-22
20250122,E07,Germany Sales Office,EUR,-75131.99,372600.23,80078.56,336357.64,2025-01-22
20250122,E07,Germany Sales Office,USD,152263.73,152263.73,209584.48,209584.48,2025-01-22
20250122,E08,Netherlands BV,EUR,-28838.39,28838.39,-40371.87,40371.87,2025-01-22
20250122,E08,Netherlands BV,USD,74077.51,74077.51,101964.51,101964.51,2025-01-22
20250122,E09,UK Ltd,GBP,48099.0,49647.62,84074.08,86780.96,2025-01-22
20250122,E09,UK Ltd,USD,687074.7,693649.92,945728.77,954779.29,2025-01-22
20250122,E10,US Inc,EUR,-602249.71,807946.17,-843110.46,1131072.12,2025-01-22
20250122,E10,US Inc,USD,433997.55,445845.93,573330.91,589642.45,2025-01-22
20250122,E11,US West Distribution,USD,381956.28,416021.08,531463.38,578352.12,2025-01-22
20250123,E01,Group Treasury HQ,CNY,-403225.81,403225.81,-74180.24,74180.24,2025-01-23
20250123,E01,Group Treasury HQ,SGD,-203581.91,203581.91,-147656.4,147656.4,2025-01-23
20250123,E01,Group Treasury HQ,USD,-22388.06,22388.06,-30952.14,30952.14,2025-01-23
20250123,E02,SG Operations,SGD,-615098.18,1300627.48,106688.2,656358.08,2025-01-23
20250123,E02,SG Operations,USD,12867.98,12867.98,17790.36,17790.36,2025-01-23
20250123,E03,Shanghai Mfg,CNY,-7633784.69,8890310.79,-1683435.6,1914594.94,2025-01-23
20250123,E03,Shanghai Mfg,EUR,-28537.15,28537.15,-40156.59,40156.59,2025-01-23
20250123,E03,Shanghai Mfg,USD,-156774.83,156774.83,-216743.31,216743.31,2025-01-23
20250123,E04,Shenzhen Sourcing,CNY,-17758382.52,18564834.14,-3575411.52,3723772.0,2025-01-23
20250123,E04,Shenzhen Sourcing,USD,-70489.81,97988.71,-97454.2,135472.22,2025-01-23
20250123,E05,India Services,EUR,-13723.94,13723.94,-19311.9,19311.9,2025-01-23
20250123,E05,India Services,INR,-6514504.72,6514504.72,-144261.4,144261.4,2025-01-23
20250123,E05,India Services,USD,325655.94,328023.74,450228.78,453502.34,2025-01-23
20250123,E06,Germany GmbH,EUR,-93951.61,93951.61,-163409.81,163409.81,2025-01-23
20250123,E06,Germany GmbH,USD,45202.13,46888.91,62493.26,64825.28,2025-01-23
20250123,E07,Germany Sales Office,EUR,-958.93,958.93,-1349.37,1349.37,2025-01-23
20250123,E07,Germany Sales Office,USD,13201.92,13201.92,18252.04,18252.04,2025-01-23
20250123,E08,Netherlands BV,EUR,-26020.04,45257.84,-40531.11,59768.91,2025-01-23
20250123,E08,Netherlands BV,USD,20197.02,20197.02,27922.97,27922.97,2025-01-23
20250123,E09,UK Ltd,EUR,-31319.02,31319.02,-44071.15,44071.15,2025-01-23
20250123,E09,UK Ltd,GBP,66324.53,72943.33,83664.75,95193.89,2025-01-23
20250123,E09,UK Ltd,USD,7333.83,7333.83,10139.23,10139.23,2025-01-23
20250123,E10,US Inc,EUR,155242.65,181770.77,218452.65,255782.19,2025-01-23
20250123,E10,US Inc,USD,459934.76,613429.92,625885.32,715689.96,2025-01-23
20250123,E11,US West Distribution,USD,181942.07,241057.61,248691.89,336117.43,2025-01-23
20250124,E01,Group Treasury HQ,CNY,-8145161.29,8145161.29,-1497520.49,1497520.49,2025-01-24
20250124,E01,Group Treasury HQ,EUR,-237931.03,237931.03,-337182.54,337182.54,2025-01-24
20250124,E01,Group Treasury HQ,SGD,77293.37,109725.77,106174.1,147217.32,2025-01-24
20250124,E02,SG Operations,SGD,35816.34,277109.52,78975.67,279608.31,2025-01-24
20250124,E02,SG Operations,USD,-3766.33,19629.81,-5182.19,27009.13,2025-01-24
20250124,E03,Shanghai Mfg,CNY,5180723.96,11442994.34,952496.83,2103840.27,2025-01-24
20250124,E03,Shanghai Mfg,USD,-36806.43,36806.43,-50642.85,50642.85,2025-01-24
20250124,E04,Shenzhen Sourcing,CNY,2257660.78,4329714.26,479594.34,870204.12,2025-01-24
20250124,E04,Shenzhen Sourcing,USD,20844.72,20844.72,28680.75,28680.75,2025-01-24
20250124,E05,India Services,INR,427438.41,8657916.59,6941.17,140595.91,2025-01-24
20250124,E05,India Services,USD,-14402.25,25279.49,-19816.4,34782.66,2025-01-24
20250124,E06,Germany GmbH,EUR,-3972243.24,4649845.16,-1020876.55,1956407.03,2025-01-24
20250124,E06,Germany GmbH,USD,-57983.76,57983.76,-79781.25,79781.25,2025-01-24
20250124,E07,Germany Sales Office,EUR,-23797.96,23797.96,-33725.14,33725.14,2025-01-24
20250124,E07,Germany Sales Office,USD,2823.91,2823.91,3885.49,3885.49,2025-01-24
20250124,E08,Netherlands BV,EUR,259847.2,290696.78,278981.68,322699.98,2025-01-24
20250124,E08,Netherlands BV,USD,55898.92,55898.92,76912.66,76912.66,2025-01-24
20250124,E09,UK Ltd,EUR,-20453.6,20453.6,-28985.7,28985.7,2025-01-24
20250124,E09,UK Ltd,GBP,-44563.56,92974.08,9222.09,75562.73,2025-01-24
20250124,E09,UK Ltd,USD,38175.1,49779.84,52526.04,68493.28,2025-01-24
20250124,E10,US Inc,EUR,-51253.17,271602.09,-72633.14,384899.28,2025-01-24
20250124,E10,US Inc,USD,-607579.98,607579.98,-809769.21,809769.21,2025-01-24
20250124,E11,US West Distribution,USD,835779.17,848062.83,860885.58,877786.96,2025-01-24
20250127,E01,Group Treasury HQ,EUR,-165517.24,165517.24,-236167.78,236167.78,2025-01-27
20250127,E01,Group Treasury HQ,GBP,-183139.53,183139.53,-321490.28,321490.28,2025-01-27
20250127,E01,Group Treasury HQ,SGD,-8227.34,25750.54,-4954.09,29023.79,2025-01-27
20250127,E01,Group Treasury HQ,USD,-1276119.4,1276119.4,-1752866.13,1752866.13,2025-01-27
20250127,E02,SG Operations,SGD,-15882.4,209234.06,-9096.37,216020.09,2025-01-27
20250127,E02,SG Operations,USD,13523.22,13523.22,18575.37,18575.37,2025-01-27
20250127,E03,Shanghai Mfg,CNY,1892264.86,2290832.82,432901.39,506278.95,2025-01-27
20250127,E03,Shanghai Mfg,USD,301420.74,301420.74,414028.82,414028.82,2025-01-27
20250127,E04,Shenzhen Sourcing,CNY,1489095.08,1533347.72,324120.16,332267.22,2025-01-27
20250127,E05,India Services,EUR,165517.24,165517.24,236167.78,236167.78,2025-01-27
20250127,E05,India Services,INR,29609999.9,29719167.72,479237.86,481004.72,2025-01-27
20250127,E05,India Services,USD,49147.66,49147.66,67629.88,67629.88,2025-01-27
20250127,E06,Germany GmbH,EUR,28779.73,149113.09,30070.8,201768.06,2025-01-27
20250127,E06,Germany GmbH,USD,1164179.1,1164179.1,1599105.94,1599105.94,2025-01-27
20250127,E07,Germany Sales Office,EUR,-78792.98,229597.32,-57692.33,272867.05,2025-01-27
20250127,E08,Netherlands BV,EUR,-63155.72,63155.72,-90113.55,90113.55,2025-01-27
20250127,E08,Netherlands BV,USD,98440.55,98440.55,135217.06,135217.06,2025-01-27
20250127,E09,UK Ltd,EUR,169286.93,169286.93,241546.55,241546.55,2025-01-27
20250127,E09,UK Ltd,GBP,151977.34,226983.44,261996.82,393665.46,2025-01-27
20250127,E09,UK Ltd,USD,201901.66,223857.2,277330.3,307488.24,2025-01-27
20250127,E10,US Inc,EUR,147959.11,147959.11,211115.01,211115.01,2025-01-27
20250127,E10,US Inc,USD,210701.62,215897.8,290834.01,297981.29,2025-01-27
20250127,E11,US West Distribution,USD,-25818.66,103931.18,-36826.54,146104.44,2025-01-27
20250128,E01,Group Treasury HQ,EUR,-1297020.43,1343818.83,-1857590.06,1924614.64,2025-01-28
20250128,E01,Group Treasury HQ,SGD,226234.6,267404.96,232789.92,289137.76,2025-01-28
20250128,E01,Group Treasury HQ,USD,-11194.03,11194.03,-15420.32,15420.32,2025-01-28
20250128,E02,SG Operations,SGD,-99831.14,252260.28,-160213.04,326056.28,2025-01-28
20250128,E02,SG Operations,USD,-128760.05,299207.83,-177373.27,412173.45,2025-01-28
20250128,E05,India Services,INR,3706900.41,5893016.35,62227.01,97714.23,2025-01-28
20250128,E06,Germany GmbH,EUR,1438370.13,1442992.97,2060030.81,2066651.67,2025-01-28
20250128,E06,Germany GmbH,USD,121725.96,121725.96,167683.47,167683.47,2025-01-28
20250128,E07,Germany Sales Office,EUR,102906.63,104548.81,147679.49,150031.43,2025-01-28
20250128,E07,Germany Sales Office,USD,7436.56,7436.56,10244.23,10244.23,2025-01-28
20250128,E08,Netherlands BV,EUR,-32043.52,32043.52,-45892.66,45892.66,2025-01-28
20250128,E08,Netherlands BV,USD,79873.83,79873.83,110030.12,110030.12,2025-01-28
20250128,E09,UK Ltd,EUR,5547.36,5547.36,7944.92,7944.92,2025-01-28
20250128,E09,UK Ltd,GBP,42138.42,43103.82,41783.33,43458.91,2025-01-28
20250128,E09,UK Ltd,USD,-10977.52,33004.7,-15122.07,45465.59,2025-01-28
20250128,E10,US Inc,EUR,280481.22,288195.7,401704.64,412753.3,2025-01-28
20250128,E10,US Inc,USD,145582.09,206448.69,200546.72,284392.92,2025-01-28
20250128,E11,US West Distribution,USD,426152.35,438545.53,590332.32,603301.3,2025-01-28
20250129,E01,Group Treasury HQ,EUR,713793.1,713793.1,1027473.76,1027473.76,2025-01-29
20250129,E01,Group Treasury HQ,GBP,-348837.21,348837.21,-603335.23,603335.23,2025-01-29
20250129,E01,Group Treasury HQ,USD,951492.54,951492.54,1307706.6,1307706.6,2025-01-29
20250129,E05,India Services,INR,9467056.14,9835178.22,154000.62,159988.84,2025-01-29
20250129,E06,Germany GmbH,EUR,-181046.69,405042.63,-260608.75,583041.05,2025-01-29
20250129,E07,Germany Sales Office,EUR,59845.23,118875.73,86144.59,171116.39,2025-01-29
20250129,E08,Netherlands BV,EUR,714.58,109657.98,1028.6,157847.84,2025-01-29
20250129,E08,Netherlands BV,USD,57856.67,57856.67,79516.7,79516.7,2025-01-29
20250129,E09,UK Ltd,GBP,383520.67,436327.97,663322.38,754655.84,2025-01-29
20250129,E09,UK Ltd,USD,23462.56,23462.56,32246.33,32246.33,2025-01-29
20250129,E10,US Inc,EUR,-558620.69,558620.69,-804109.9,804109.9,2025-01-29
20250129,E10,US Inc,USD,10885.21,111616.71,15025.68,153337.78,2025-01-29
20250129,E11,US West Distribution,USD,-973093.95,1236117.93,-1338578.29,1700071.61,2025-01-29
20250130,E05,India Services,EUR,-177212.89,177212.89,-256047.29,256047.29,2025-01-30
20250130,E05,India Services,INR,-16134309.21,16134309.21,-262763.35,262763.35,2025-01-30
20250130,E05,India Services,USD,-25368.6,25368.6,-34772.56,34772.56,2025-01-30
20250130,E06,Germany GmbH,EUR,25725.76,75471.1,30510.35,115704.65,2025-01-30
20250130,E07,Germany Sales Office,EUR,-2070.16,2070.16,-2991.08,2991.08,2025-01-30
20250130,E08,Netherlands BV,EUR,-35421.08,35421.08,-58230.48,58230.48,2025-01-30
20250130,E08,Netherlands BV,USD,194558.9,276650.56,266940.65,379572.87,2025-01-30
20250130,E09,UK Ltd,GBP,59021.54,166271.34,101650.85,286363.63,2025-01-30
20250130,E09,UK Ltd,USD,-2343.28,2343.28,-3211.92,3211.92,2025-01-30
20250130,E10,US Inc,EUR,-8841.96,8841.96,-12775.37,12775.37,2025-01-30
20250130,E10,US Inc,USD,-909765.38,1038766.26,-1261327.52,1438320.58,2025-01-30
20250130,E11,US West Distribution,USD,-110865.12,148412.08,-121880.77,173396.33,2025-01-30
20250131,E01,Group Treasury HQ,EUR,-62068.97,62068.97,-89783.5,89783.5,2025-01-31
20250131,E01,Group Treasury HQ,SGD,70402.29,76433.17,70402.29,76433.17,2025-01-31
20250131,E02,SG Operations,SGD,-29098.76,583274.24,8858.74,621231.74,2025-01-31
20250131,E02,SG Operations,USD,22655.42,22655.42,31053.63,31053.63,2025-01-31
20250131,E05,India Services,INR,13851908.03,19561063.31,225578.33,318551.91,2025-01-31
20250131,E06,Germany GmbH,EUR,-1414036.89,1549234.05,-2052204.76,2244131.92,2025-01-31
20250131,E06,Germany GmbH,USD,-1366089.13,1374773.39,-1872488.81,1884392.27,2025-01-31
20250131,E07,Germany Sales Office,EUR,-97313.08,149555.02,-140764.55,216333.13,2025-01-31
20250131,E07,Germany Sales Office,USD,-21316.21,21316.21,-29217.98,29217.98,2025-01-31
20250131,E08,Netherlands BV,EUR,-59333.69,80835.27,-100048.8,121550.38,2025-01-31
20250131,E08,Netherlands BV,USD,36241.66,117122.92,49676.19,160539.57,2025-01-31
20250131,E09,UK Ltd,EUR,299443.34,303621.52,433148.39,439192.17,2025-01-31
20250131,E09,UK Ltd,GBP,222946.66,224618.72,328822.97,331704.29,2025-01-31
20250131,E09,UK Ltd,USD,37191.62,37191.62,50978.29,50978.29,2025-01-31
20250131,E10,US Inc,EUR,-137900.77,137900.77,-199475.11,199475.11,2025-01-31
20250131,E10,US Inc,USD,-56191.18,295484.86,-73089.52,401087.7,2025-01-31
20250131,E11,US West Distribution,USD,-60099.05,120748.03,-81812.17,168551.93,2025-01-31
20250201,E06,Germany GmbH,EUR,-72018.55,72018.55,-104175.7,104175.7,2025-02-01
20250202,E01,Group Treasury HQ,SGD,-15000.0,15000.0,-15000.0,15000.0,2025-02-02
20250202,E02,SG Operations,SGD,15000.0,15000.0,15000.0,15000.0,2025-02-02
20250202,E08,Netherlands BV,USD,-32284.27,32284.27,-44483.88,44483.88,2025-02-02
20250202,E09,UK Ltd,USD,-19133.79,19133.79,-26364.09,26364.09,2025-02-02
20250203,E01,Group Treasury HQ,EUR,-297316.13,344063.17,-431479.75,499321.35,2025-02-03
20250203,E01,Group Treasury HQ,SGD,212629.6,212958.8,291382.49,291711.69,2025-02-03
20250203,E01,Group Treasury HQ,USD,-11194.03,11194.03,-15424.04,15424.04,2025-02-03
20250203,E02,SG Operations,SGD,144227.76,197883.44,209851.0,263506.68,2025-02-03
20250203,E02,SG Operations,USD,129443.23,129443.23,178357.36,178357.36,2025-02-03
20250203,E05,India Services,INR,28922487.3,29112060.08,471639.0,474730.36,2025-02-03
20250203,E05,India Services,USD,937.8,112003.52,1361.17,154396.51,2025-02-03
20250203,E06,Germany GmbH,EUR,347536.95,349099.51,505578.85,507846.51,2025-02-03
20250203,E06,Germany GmbH,USD,74703.23,74703.23,102932.15,102932.15,2025-02-03
20250203,E07,Germany Sales Office,EUR,-207.74,207.74,-301.48,301.48,2025-02-03
20250203,E07,Germany Sales Office,USD,951562.16,951562.16,1311139.41,1311139.41,2025-02-03
20250203,E08,Netherlands BV,EUR,91369.63,98451.65,101638.52,110493.08,2025-02-03
20250203,E08,Netherlands BV,USD,494697.7,494697.7,681634.54,681634.54,2025-02-03
20250203,E09,UK Ltd,EUR,34611.48,34611.48,50229.88,50229.88,2025-02-03
20250203,E09,UK Ltd,GBP,-322185.48,374475.44,-576294.97,628584.93,2025-02-03
20250203,E09,UK Ltd,USD,53058.71,566944.15,73108.59,781181.57,2025-02-03
20250203,E10,US Inc,EUR,204905.83,204905.83,297369.4,297369.4,2025-02-03
20250203,E10,US Inc,USD,227125.79,437080.03,339333.36,575863.24,2025-02-03
20250203,E11,US West Distribution,USD,668909.56,718970.62,706158.01,775137.25,2025-02-03
20250204,E01,Group Treasury HQ,EUR,-600000.0,600000.0,-871128.6,871128.6,2025-02-04
20250204,E01,Group Treasury HQ,SGD,-448826.15,633044.61,-448826.15,633044.61,2025-02-04
20250204,E01,Group Treasury HQ,USD,156716.42,156716.42,216472.07,216472.07,2025-02-04
20250204,E02,SG Operations,SGD,637499.48,648324.34,672536.13,683360.99,2025-02-04
20250204,E02,SG Operations,USD,-133804.99,186987.73,-184824.56,258285.76,2025-02-04
20250204,E05,India Services,EUR,195294.89,197392.13,283544.94,286589.88,2025-02-04
20250204,E05,India Services,INR,6217355.94,9955862.46,101473.47,162489.63,2025-02-04
20250204,E05,India Services,USD,64795.77,102427.65,89502.26,141483.1,2025-02-04
20250204,E06,Germany GmbH,EUR,747319.97,749303.43,1085019.67,1087899.41,2025-02-04
20250204,E06,Germany GmbH,USD,-98219.3,166081.96,-135670.13,229408.69,2025-02-04
20250204,E07,Germany Sales Office,EUR,7573.76,10859.22,10996.21,15766.27,2025-02-04
20250204,E07,Germany Sales Office,USD,30651.49,30651.49,42338.84,42338.84,2025-02-04
20250204,E08,Netherlands BV,EUR,35913.92,230147.9,24435.09,312174.07,2025-02-04
20250204,E08,Netherlands BV,USD,41680.05,55215.19,57572.58,76268.64,2025-02-04
20250204,E09,UK Ltd,EUR,-4435.95,4435.95,-6440.47,6440.47,2025-02-04
20250204,E09,UK Ltd,GBP,-29408.2,29408.2,-50776.76,50776.76,2025-02-04
20250204,E09,UK Ltd,USD,199440.74,277298.4,275487.09,383031.73,2025-02-04
20250204,E10,US Inc,EUR,223451.8,264247.2,324425.42,383655.48,2025-02-04
20250204,E10,US Inc,USD,54118.54,208161.32,165552.23,196734.39,2025-02-04
20250204,E11,US West Distribution,USD,86236.55,132239.53,157322.33,166763.75,2025-02-04
20250205,E01,Group Treasury HQ,EUR,351724.14,351724.14,507597.02,507597.02,2025-02-05
20250205,E01,Group Treasury HQ,SGD,-552753.98,580825.28,-146372.67,185255.55,2025-02-05
20250205,E02,SG Operations,SGD,-4491377.91,4943403.83,-690069.81,1232311.89,2025-02-05
20250205,E02,SG Operations,USD,102958.4,102958.4,142612.52,142612.52,2025-02-05
20250205,E03,Shanghai Mfg,CNY,6571525.75,8624965.87,1327087.26,1705493.16,2025-02-05
20250205,E03,Shanghai Mfg,EUR,30081.48,30081.48,43412.63,43412.63,2025-02-05
20250205,E03,Shanghai Mfg,USD,382666.44,382666.44,530049.27,530049.27,2025-02-05
20250205,E04,Shenzhen Sourcing,CNY,4395135.66,4532912.12,942155.32,967544.62,2025-02-05
20250205,E04,Shenzhen Sourcing,USD,414599.8,414599.8,574281.69,574281.69,2025-02-05
20250205,E05,India Services,EUR,30181.33,30181.33,43556.73,43556.73,2025-02-05
20250205,E05,India Services,INR,378667.34,684545.44,-3545.16,20852.14,2025-02-05
20250205,E05,India Services,USD,112821.77,151019.65,156272.52,209182.2,2025-02-05
20250205,E06,Germany GmbH,EUR,-366082.54,393718.12,-528318.61,568201.39,2025-02-05
20250205,E06,Germany GmbH,USD,62591.39,109026.93,86698.28,151018.32,2025-02-05
20250205,E07,Germany Sales Office,EUR,-3813.8,63464.28,-5503.96,91589.62,2025-02-05
20250205,E07,Germany Sales Office,USD,164988.03,164988.03,228532.67,228532.67,2025-02-05
20250205,E08,Netherlands BV,EUR,-50153.57,50153.57,-72380.02,72380.02,2025-02-05
20250205,E08,Netherlands BV,USD,258836.04,290035.3,358525.97,401741.53,2025-02-05
20250205,E09,UK Ltd,EUR,471476.04,509304.68,680419.14,735012.22,2025-02-05
20250205,E09,UK Ltd,GBP,15322.22,16594.7,26465.58,28663.5,2025-02-05
20250205,E09,UK Ltd,USD,264375.23,318392.43,366198.55,441020.31,2025-02-05
20250205,E10,US Inc,EUR,-172392.94,265952.46,-248791.98,383814.08,2025-02-05
20250205,E10,US Inc,USD,-2918654.62,3607196.68,-421822.37,1375554.35,2025-02-05
20250205,E11,US West Distribution,USD,-202875.69,326384.21,-32672.8,204432.3,2025-02-05
20250206,E01,Group Treasury HQ,SGD,-384170.75,389789.91,-84896.44,92674.58,2025-02-06
20250206,E01,Group Treasury HQ,USD,-22388.06,22388.06,-30989.96,30989.96,2025-02-06
20250206,E02,SG Operations,SGD,-1888851.02,2409823.72,-310507.21,831479.91,2025-02-06
20250206,E02,SG Operations,USD,-73016.83,84937.17,-101071.22,117571.56,2025-02-06
20250206,E03,Shanghai Mfg,CNY,-1824558.64,7562544.06,-760471.07,1966581.79,2025-02-06
20250206,E03,Shanghai Mfg,EUR,423517.6,423517.6,613126.43,613126.43,2025-02-06
20250206,E03,Shanghai Mfg,USD,30970.13,77921.65,42869.41,107860.55,2025-02-06
20250206,E04,Shenzhen Sourcing,CNY,-1525994.09,3856349.71,-93690.48,987998.34,2025-02-06
20250206,E04,Shenzhen Sourcing,USD,79084.26,79084.26,109469.86,109469.86,2025-02-06
20250206,E05,India Services,EUR,-274.69,10851.65,-397.67,15709.93,2025-02-06
20250206,E05,India Services,INR,-7464725.78,7802696.46,20374.01,290686.87,2025-02-06
20250206,E05,India Services,USD,-25023.69,60015.09,-34638.23,83073.97,2025-02-06
20250206,E06,Germany GmbH,EUR,-338469.95,435189.99,-12703.04,152724.64,2025-02-06
20250206,E06,Germany GmbH,USD,-155258.34,209988.18,-215450.44,291208.48,2025-02-06
20250206,E07,Germany Sales Office,EUR,18918.64,19557.64,27388.51,28313.61,2025-02-06
20250206,E07,Germany Sales Office,USD,-10163.54,10163.54,-14068.55,14068.55,2025-02-06
20250206,E08,Netherlands BV,EUR,-1868720.03,1868720.03,-499667.67,499667.67,2025-02-06
20250206,E08,Netherlands BV,USD,15560.98,120782.32,21539.8,167189.06,2025-02-06
20250206,E09,UK Ltd,EUR,-8436.16,8436.16,-12213.03,12213.03,2025-02-06
20250206,E09,UK Ltd,GBP,-1055057.29,1110311.77,-358877.93,454385.75,2025-02-06
20250206,E09,UK Ltd,USD,-10470.13,33597.61,-14492.94,46506.42,2025-02-06
20250206,E10,US Inc,EUR,-51042.16,191598.5,-73893.73,277377.15,2025-02-06
20250206,E10,US Inc,USD,-1133094.46,1336063.12,-289196.7,570149.58,2025-02-06
20250206,E11,US West Distribution,USD,-2918.35,130582.07,4787.64,171926.8,2025-02-06
20250207,E01,Group Treasury HQ,EUR,-320265.52,320265.52,-462004.15,462004.15,2025-02-07
20250207,E01,Group Treasury HQ,SGD,-427147.6,470308.74,-504832.24,547993.38,2025-02-07
20250207,E02,SG Operations,SGD,-121187.21,795667.01,218697.5,522022.88,2025-02-07
20250207,E03,Shanghai Mfg,CNY,-405704.52,885712.36,-75032.59,163807.15,2025-02-07
20250207,E03,Shanghai Mfg,USD,-67453.99,67453.99,-93733.52,93733.52,2025-02-07
20250207,E04,Shenzhen Sourcing,CNY,-7650.98,830727.3,4735.31,159788.35,2025-02-07
20250207,E04,Shenzhen Sourcing,USD,-11920.16,11920.16,-16564.16,16564.16,2025-02-07
20250207,E05,India Services,EUR,6375.56,9240.44,9197.17,13329.95,2025-02-07
20250207,E05,India Services,INR,4821932.84,5006292.58,78828.95,81842.89,2025-02-07
20250207,E05,India Services,USD,89863.06,89863.06,124872.99,124872.99,2025-02-07
20250207,E06,Germany GmbH,EUR,-724710.65,1262641.69,-691065.52,1467066.54,2025-02-07
20250207,E07,Germany Sales Office,EUR,-2408902.39,2511436.45,-770202.98,918115.14,2025-02-07
20250207,E07,Germany Sales Office,USD,8952.9,8952.9,12440.88,12440.88,2025-02-07
20250207,E08,Netherlands BV,EUR,-277359.38,393244.5,-45702.28,205840.82,2025-02-07
20250207,E09,UK Ltd,GBP,-174219.27,174219.27,-38949.49,38949.49,2025-02-07
20250207,E09,UK Ltd,USD,99870.83,99870.83,138779.71,138779.71,2025-02-07
20250207,E10,US Inc,EUR,-52130.13,94675.23,-75201.15,136575.27,2025-02-07
20250207,E10,US Inc,USD,-417669.03,946195.77,-461122.94,1146050.14,2025-02-07
20250207,E11,US West Distribution,USD,-130224.52,456102.66,-14743.25,467580.91,2025-02-07
20250210,E01,Group Treasury HQ,EUR,-300000.0,300000.0,-430695.0,430695.0,2025-02-10
20250210,E01,Group Treasury HQ,SGD,-93528.14,190761.48,-154932.54,290296.04,2025-02-10
20250210,E01,Group Treasury HQ,USD,-246268.66,246268.66,-342843.16,342843.16,2025-02-10
20250210,E02,SG Operations,SGD,-3770097.52,4957201.36,-224942.45,1422894.69,2025-02-10
20250210,E02,SG Operations,USD,43653.28,43653.28,60771.96,60771.96,2025-02-10
20250210,E03,Shanghai Mfg,CNY,2879628.07,4011581.19,607552.02,816723.78,2025-02-10
20250210,E03,Shanghai Mfg,USD,17238.08,17238.08,24018.03,24018.03,2025-02-10
20250210,E04,Shenzhen Sourcing,CNY,3380882.76,3906607.32,664831.55,761979.15,2025-02-10
20250210,E04,Shenzhen Sourcing,USD,6314.69,6314.69,8791.0,8791.0,2025-02-10
20250210,E05,India Services,INR,39380845.2,39488689.92,642971.07,644731.85,2025-02-10
20250210,E05,India Services,USD,50989.71,50989.71,71052.39,71052.39,2025-02-10
20250210,E06,Germany GmbH,EUR,109544.02,225555.28,157266.88,323818.44,2025-02-10
20250210,E06,Germany GmbH,USD,261575.65,261575.65,364152.8,364152.8,2025-02-10
20250210,E07,Germany Sales Office,EUR,-93386.76,211392.82,-156531.02,281025.8,2025-02-10
20250210,E07,Germany Sales Office,USD,30086.38,30086.38,41884.78,41884.78,2025-02-10
20250210,E08,Netherlands BV,EUR,567127.36,600203.98,818162.07,869720.39,2025-02-10
20250210,E08,Netherlands BV,USD,416290.2,416290.2,579538.81,579538.81,2025-02-10
20250210,E09,UK Ltd,EUR,42854.87,42854.87,61524.59,61524.59,2025-02-10
20250210,E09,UK Ltd,GBP,-44177.22,265963.74,-76232.39,458948.09,2025-02-10
20250210,E09,UK Ltd,USD,72142.9,72142.9,100433.8,100433.8,2025-02-10
20250210,E10,US Inc,EUR,447159.98,538592.78,641965.24,773230.74,2025-02-10
20250210,E10,US Inc,USD,-319180.02,954636.94,253063.12,631588.88,2025-02-10
20250210,E11,US West Distribution,USD,-25714.71,295001.37,-17061.82,394917.4,2025-02-10
20250211,E01,Group Treasury HQ,EUR,-740832.24,740832.24,-1069754.35,1069754.35,2025-02-11
20250211,E01,Group Treasury HQ,SGD,78679.48,102727.62,109348.08,116011.9,2025-02-11
20250211,E01,Group Treasury HQ,USD,638059.7,660447.76,889494.15,920704.47,2025-02-11
20250211,E02,SG Operations,SGD,-209961.41,337608.03,-53614.72,200725.6,2025-02-11
20250211,E02,SG Operations,USD,-24351.37,291568.77,-33961.85,406450.09,2025-02-11
20250211,E03,Shanghai Mfg,CNY,1551661.06,3137996.28,286760.92,579929.94,2025-02-11
20250211,E03,Shanghai Mfg,EUR,-8969.23,8969.23,-12951.48,12951.48,2025-02-11
20250211,E03,Shanghai Mfg,USD,-29051.43,72403.75,-40462.86,100898.64,2025-02-11
20250211,E04,Shenzhen Sourcing,CNY,63259.03,1224092.01,81679.63,296212.03,2025-02-11
20250211,E04,Shenzhen Sourcing,USD,-502194.2,553535.8,-700089.35,771662.67,2025-02-11
20250211,E05,India Services,EUR,49954.47,49954.47,72133.76,72133.76,2025-02-11
20250211,E05,India Services,INR,1875057.19,2195670.55,15861.83,60804.35,2025-02-11
20250211,E05,India Services,USD,153171.37,153171.37,213530.23,213530.23,2025-02-11
20250211,E06,Germany GmbH,EUR,902514.72,1109777.92,1299217.1,1606513.34,2025-02-11
20250211,E06,Germany GmbH,USD,-4913.07,4913.07,-6849.12,6849.12,2025-02-11
20250211,E07,Germany Sales Office,EUR,11657.93,12891.55,16833.93,18615.27,2025-02-11
20250211,E07,Germany Sales Office,USD,23122.2,23122.2,32233.76,32233.76,2025-02-11
20250211,E08,Netherlands BV,EUR,27602.2,180022.94,39857.3,259951.34,2025-02-11
20250211,E08,Netherlands BV,USD,41873.64,97548.16,58374.4,135988.08,2025-02-11
20250211,E09,UK Ltd,EUR,253730.14,253730.14,366383.79,366383.79,2025-02-11
20250211,E09,UK Ltd,GBP,26255.0,28377.1,45352.27,49017.97,2025-02-11
20250211,E09,UK Ltd,USD,114296.23,120241.69,159335.91,167624.25,2025-02-11
20250211,E10,US Inc,EUR,22747.58,22747.58,32847.28,32847.28,2025-02-11
20250211,E10,US Inc,USD,508919.74,560257.74,698492.19,770294.83,2025-02-11
20250211,E11,US West Distribution,USD,172748.03,214486.43,240852.19,298976.27,2025-02-11
20250212,E01,Group Treasury HQ,EUR,372413.79,372413.79,538994.11,538994.11,2025-02-12
20250212,E01,Group Treasury HQ,GBP,-244186.05,244186.05,-422905.81,422905.81,2025-02-12
20250212,E01,Group Treasury HQ,SGD,7002.04,26635.28,3318.42,30318.9,2025-02-12
20250212,E01,Group Treasury HQ,USD,291044.78,291044.78,405293.53,405293.53,2025-02-12
20250212,E02,SG Operations,SGD,74640.64,260837.54,140580.59,225264.31,2025-02-12
20250212,E02,SG Operations,USD,42603.18,114731.86,59224.73,159667.31,2025-02-12
20250212,E03,Shanghai Mfg,CNY,-385470.32,834940.06,-71356.32,154559.92,2025-02-12
20250212,E03,Shanghai Mfg,EUR,175826.66,175826.66,254473.75,254473.75,2025-02-12
20250212,E03,Shanghai Mfg,USD,-291044.78,291044.78,-405293.53,405293.53,2025-02-12
20250212,E04,Shenzhen Sourcing,CNY,78454.45,119259.91,13250.47,45594.47,2025-02-12
20250212,E04,Shenzhen Sourcing,USD,2574.04,2574.04,3584.47,3584.47,2025-02-12
20250212,E05,India Services,INR,-3032939.28,11628786.82,-18361.9,220550.92,2025-02-12
20250212,E05,India Services,USD,73260.2,73260.2,102018.27,102018.27,2025-02-12
20250212,E06,Germany GmbH,EUR,-623865.65,703307.29,-895542.56,1010518.36,2025-02-12
20250212,E06,Germany GmbH,USD,9874.24,9874.24,13750.34,13750.34,2025-02-12
20250212,E07,Germany Sales Office,EUR,332544.15,401435.37,481290.81,580997.01,2025-02-12
20250212,E07,Germany Sales Office,USD,32982.89,32982.89,45930.22,45930.22,2025-02-12
20250212,E08,Netherlands BV,EUR,72723.59,142490.07,105252.8,206225.72,2025-02-12
20250212,E08,Netherlands BV,USD,107068.63,107068.63,149098.09,149098.09,2025-02-12
20250212,E09,UK Ltd,EUR,6453.43,41627.93,9340.04,60248.06,2025-02-12
20250212,E09,UK Ltd,GBP,-491681.04,1023658.44,317246.08,604085.56,2025-02-12
20250212,E09,UK Ltd,USD,108.9,41460.08,151.65,57735.11,2025-02-12
20250212,E10,US Inc,EUR,-52316.14,52316.14,-75717.1,75717.1,2025-02-12
20250212,E10,US Inc,USD,-84260.92,216499.76,-106889.79,291038.59,2025-02-12
20250212,E11,US West Distribution,USD,-106291.14,171373.66,-148693.76,239324.24,2025-02-12
20250213,E01,Group Treasury HQ,EUR,-14047.11,14047.11,-20264.73,20264.73,2025-02-13
20250213,E01,Group Treasury HQ,SGD,-794895.75,794895.75,-167838.09,167838.09,2025-02-13
20250213,E02,SG Operations,SGD,-2534896.83,2744877.01,-470116.69,759760.77,2025-02-13
20250213,E02,SG Operations,USD,69928.13,261282.61,97254.02,363384.28,2025-02-13
20250213,E03,Shanghai Mfg,CNY,-3207244.24,5278799.64,-594505.85,978325.71,2025-02-13
20250213,E03,Shanghai Mfg,EUR,-235396.35,235396.35,-339588.89,339588.89,2025-02-13
20250213,E03,Shanghai Mfg,USD,-103853.18,103853.18,-144435.99,144435.99,2025-02-13
20250213,E04,Shenzhen Sourcing,CNY,-5732301.98,6143033.18,-1075041.08,1151141.76,2025-02-13
20250213,E04,Shenzhen Sourcing,USD,-17137.88,17137.88,-23834.87,23834.87,2025-02-13
20250213,E05,India Services,EUR,-6610.97,6610.97,-9537.16,9537.16,2025-02-13
20250213,E05,India Services,INR,3661695.09,4609876.35,33781.81,101276.41,2025-02-13
20250213,E05,India Services,USD,-20102.1,20102.1,-27957.42,27957.42,2025-02-13
20250213,E06,Germany GmbH,EUR,21393.82,119841.16,17745.74,186003.52,2025-02-13
20250213,E06,Germany GmbH,USD,17776.57,17776.57,24723.14,24723.14,2025-02-13
20250213,E07,Germany Sales Office,EUR,-7727.87,18321.07,-11079.63,26361.65,2025-02-13
20250213,E07,Germany Sales Office,USD,-17510.79,17510.79,-24353.5,24353.5,2025-02-13
20250213,E08,Netherlands BV,EUR,-307917.54,391106.9,-446694.3,566705.44,2025-02-13
20250213,E08,Netherlands BV,USD,-59202.75,59202.75,-82331.28,82331.28,2025-02-13
20250213,E09,UK Ltd,EUR,-81525.92,81525.92,-117611.42,117611.42,2025-02-13
20250213,E09,UK Ltd,GBP,497.42,17155.24,858.95,29623.95,2025-02-13
20250213,E09,UK Ltd,USD,-1474.89,1474.89,-2051.23,2051.23,2025-02-13
20250213,E10,US Inc,EUR,-27357.21,27357.21,-39466.22,39466.22,2025-02-13
20250213,E10,US Inc,USD,-1380709.75,1615180.75,-166219.86,492315.32,2025-02-13
20250213,E11,US West Distribution,USD,-223884.57,609622.43,37937.14,498535.88,2025-02-13
20250214,E01,Group Treasury HQ,EUR,-227586.21,227586.21,-327098.73,327098.73,2025-02-14
20250214,E01,Group Treasury HQ,SGD,-165171.63,187127.65,-165171.63,187127.65,2025-02-14
20250214,E01,Group Treasury HQ,USD,-55970.15,55970.15,-77809.65,77809.65,2025-02-14
20250214,E02,SG Operations,SGD,-815548.6,815548.6,-580349.95,580349.95,2025-02-14
20250214,E03,Shanghai Mfg,CNY,199867.93,1243587.35,37025.95,230377.05,2025-02-14
20250214,E03,Shanghai Mfg,EUR,44802.71,44802.71,64392.78,64392.78,2025-02-14
20250214,E03,Shanghai Mfg,USD,-167381.04,167381.04,-232692.96,232692.96,2025-02-14
20250214,E04,Shenzhen Sourcing,CNY,-273471.35,306755.87,-37101.86,70386.38,2025-02-14
20250214,E04,Shenzhen Sourcing,USD,3221.19,3221.19,4478.1,4478.1,2025-02-14
20250214,E05,India Services,INR,-4483147.01,5360673.89,-73268.09,87609.51,2025-02-14
20250214,E05,India Services,USD,52519.05,52519.05,73011.93,73011.93,2025-02-14
20250214,E06,Germany GmbH,EUR,-927694.36,1419358.2,-774902.32,1481547.14,2025-02-14
20250214,E06,Germany GmbH,USD,-323350.76,448559.06,-449521.9,623586.36,2025-02-14
20250214,E07,Germany Sales Office,EUR,-158754.66,158754.66,-228170.45,228170.45,2025-02-14
20250214,E07,Germany Sales Office,USD,55970.15,55970.15,77809.65,77809.65,2025-02-14
20250214,E08,Netherlands BV,EUR,-43668.93,84915.27,-3968.19,45214.53,2025-02-14
20250214,E09,UK Ltd,EUR,-64583.43,64583.43,-92822.66,92822.66,2025-02-14
20250214,E09,UK Ltd,GBP,-1562970.65,1637342.93,-232727.17,361761.21,2025-02-14
20250214,E09,UK Ltd,USD,13191.2,194829.22,18338.41,270851.37,2025-02-14
20250214,E10,US Inc,EUR,-384084.54,482588.34,-552026.27,693601.05,2025-02-14
20250214,E10,US Inc,USD,-1532873.44,1590497.6,-825776.43,905885.49,2025-02-14
20250214,E11,US West Distribution,USD,-33721.89,359918.35,-47771.3,501249.28,2025-02-14
20250216,E01,Group Treasury HQ,SGD,-4200000.0,4200000.0,-4200000.0,4200000.0,2025-02-16
20250216,E02,SG Operations,SGD,4200000.0,4200000.0,4200000.0,4200000.0,2025-02-16
20250217,E01,Group Treasury HQ,EUR,-165517.24,165517.24,-238153.49,238153.49,2025-02-17
20250217,E01,Group Treasury HQ,SGD,136839.42,176037.34,195048.27,234246.19,2025-02-17
20250217,E01,Group Treasury HQ,USD,-212686.57,212686.57,-295908.69,295908.69,2025-02-17
20250217,E02,SG Operations,SGD,190313.76,276834.6,203887.92,290408.76,2025-02-17
20250217,E02,SG Operations,USD,330562.42,330562.42,459837.9,459837.9,2025-02-17
20250217,E03,Shanghai Mfg,CNY,6386725.07,6400814.15,1184335.21,1186947.63,2025-02-17
20250217,E03,Shanghai Mfg,USD,45494.15,45494.15,63295.56,63295.56,2025-02-17
20250217,E04,Shenzhen Sourcing,CNY,619060.86,824329.36,192707.75,230772.11,2025-02-17
20250217,E04,Shenzhen Sourcing,USD,45332.56,45332.56,63061.93,63061.93,2025-02-17
20250217,E05,India Services,INR,11655118.95,15980619.37,190316.45,260947.53,2025-02-17
20250217,E05,India Services,USD,141074.94,141074.94,196276.15,196276.15,2025-02-17
20250217,E06,Germany GmbH,EUR,9016.63,119317.85,2396.42,161102.66,2025-02-17
20250217,E06,Germany GmbH,USD,393902.04,393902.04,548031.97,548031.97,2025-02-17
20250217,E07,Germany Sales Office,EUR,-37185.94,37185.94,-53504.77,53504.77,2025-02-17
20250217,E07,Germany Sales Office,USD,269546.16,269546.16,375016.87,375016.87,2025-02-17
20250217,E08,Netherlands BV,EUR,226198.55,229209.95,330670.27,335003.21,2025-02-17
20250217,E08,Netherlands BV,USD,129919.56,129919.56,180755.78,180755.78,2025-02-17
20250217,E09,UK Ltd,EUR,114452.99,114452.99,164679.99,164679.99,2025-02-17
20250217,E09,UK Ltd,GBP,-208709.2,208709.2,-362972.85,362972.85,2025-02-17
20250217,E09,UK Ltd,USD,160547.06,160547.06,223367.52,223367.52,2025-02-17
20250217,E10,US Inc,USD,-42064.44,42064.44,-58523.83,58523.83,2025-02-17
20250218,E01,Group Treasury HQ,CNY,-887096.77,887096.77,-164629.19,164629.19,2025-02-18
20250218,E01,Group Treasury HQ,EUR,-724137.93,724137.93,-1041789.72,1041789.72,2025-02-18
20250218,E01,Group Treasury HQ,SGD,761197.31,912781.67,795301.48,899778.3,2025-02-18
20250218,E01,Group Treasury HQ,USD,503731.34,526119.4,700643.95,731783.69,2025-02-18
20250218,E02,SG Operations,SGD,-790889.71,1997106.79,-237481.65,1697179.89,2025-02-18
20250218,E02,SG Operations,USD,-506086.59,523764.15,-703919.89,728507.75,2025-02-18
20250218,E03,Shanghai Mfg,CNY,-297409.74,2537104.98,-55193.88,470841.0,2025-02-18
20250218,E03,Shanghai Mfg,EUR,-45098.04,100951.04,-64880.84,145234.42,2025-02-18
20250218,E03,Shanghai Mfg,USD,48966.85,100799.41,68338.67,140531.63,2025-02-18
20250218,E04,Shenzhen Sourcing,CNY,-1709561.76,5101123.22,-309308.2,954632.3,2025-02-18
20250218,E04,Shenzhen Sourcing,USD,-8902.1,8902.1,-12382.0,12382.0,2025-02-18
20250218,E05,India Services,EUR,43753.26,43753.26,62946.15,62946.15,2025-02-18
20250218,E05,India Services,INR,7328096.59,7499593.39,169843.33,172633.23,2025-02-18
20250218,E05,India Services,USD,21792.78,21792.78,30311.75,30311.75,2025-02-18
20250218,E06,Germany GmbH,EUR,1114552.71,1178439.19,1592405.32,1686552.76,2025-02-18
20250218,E06,Germany GmbH,USD,25528.6,145891.26,35507.94,202921.32,2025-02-18
20250218,E07,Germany Sales Office,EUR,211765.78,241978.38,304659.4,348125.1,2025-02-18
20250218,E07,Germany Sales Office,USD,392140.8,392140.8,545431.78,545431.78,2025-02-18
20250218,E08,Netherlands BV,EUR,-103986.72,161531.94,-150172.5,237940.92,2025-02-18
20250218,E08,Netherlands BV,USD,62042.67,62042.67,86295.64,86295.64,2025-02-18
20250218,E09,UK Ltd,GBP,93414.41,104992.83,89232.64,109174.6,2025-02-18
20250218,E09,UK Ltd,USD,68883.51,68883.51,95810.63,95810.63,2025-02-18
20250218,E10,US Inc,EUR,150226.78,150226.78,216125.57,216125.57,2025-02-18
20250218,E10,US Inc,USD,51212.6,221170.72,71231.29,307628.83,2025-02-18
20250218,E11,US West Distribution,USD,26485.24,380442.98,231368.81,336451.59,2025-02-18
20250219,E01,Group Treasury HQ,EUR,372413.79,372413.79,535233.1,535233.1,2025-02-19
20250219,E01,Group Treasury HQ,USD,1399253.73,1399253.73,1952514.46,1952514.46,2025-02-19
20250219,E02,SG Operations,SGD,-46124.52,514345.24,129641.12,368815.52,2025-02-19
20250219,E02,SG Operations,USD,434325.53,532808.31,606056.54,743479.12,2025-02-19
20250219,E03,Shanghai Mfg,CNY,-26089.12,26089.12,-4853.48,4853.48,2025-02-19
20250219,E04,Shenzhen Sourcing,CNY,-702584.68,1015061.48,-130704.63,188835.93,2025-02-19
20250219,E04,Shenzhen Sourcing,USD,18979.53,18979.53,26483.98,26483.98,2025-02-19
20250219,E05,India Services,EUR,4257.11,4257.11,6118.32,6118.32,2025-02-19
20250219,E05,India Services,INR,-187846.68,187846.68,-3055.33,3055.33,2025-02-19
20250219,E05,India Services,USD,22898.37,22898.37,31952.32,31952.32,2025-02-19
20250219,E06,Germany GmbH,EUR,-66124.42,649294.24,-95034.0,933165.66,2025-02-19
20250219,E06,Germany GmbH,USD,-368634.6,1179281.84,-514391.62,1645566.34,2025-02-19
20250219,E07,Germany Sales Office,EUR,49562.29,65528.01,74913.11,97859.05,2025-02-19
20250219,E07,Germany Sales Office,USD,25621.74,25621.74,35752.5,35752.5,2025-02-19
20250219,E08,Netherlands BV,EUR,-27848.15,45935.27,-32691.8,58686.6,2025-02-19
20250219,E09,UK Ltd,GBP,60556.37,152958.05,149804.75,217748.57,2025-02-19
20250219,E10,US Inc,EUR,-253234.36,354672.42,-363948.43,509735.21,2025-02-19
20250219,E10,US Inc,USD,-2037457.31,2293409.91,-280474.66,637630.14,2025-02-19
20250219,E11,US West Distribution,USD,-575235.49,721101.79,-817674.41,992008.41,2025-02-19
20250220,E01,Group Treasury HQ,EUR,-325431.22,536880.12,-469093.16,773886.38,2025-02-20
20250220,E01,Group Treasury HQ,SGD,-556116.69,556116.69,-169273.76,169273.76,2025-02-20
20250220,E02,SG Operations,SGD,-21526444.92,21841245.34,-4064897.72,4465068.48,2025-02-20
20250220,E02,SG Operations,USD,35042.05,35042.05,48766.37,48766.37,2025-02-20
20250220,E03,Shanghai Mfg,CNY,-1379877.21,1493842.59,-355540.98,376783.78,2025-02-20
20250220,E03,Shanghai Mfg,EUR,-11487.6,11487.6,-16558.81,16558.81,2025-02-20
20250220,E03,Shanghai Mfg,USD,156328.39,217808.73,217554.88,303114.16,2025-02-20
20250220,E04,Shenzhen Sourcing,CNY,-3942783.03,4100275.27,-766195.53,795551.61,2025-02-20
20250220,E04,Shenzhen Sourcing,USD,10993.47,22103.55,15233.63,30695.01,2025-02-20
20250220,E05,India Services,EUR,-35684.35,35684.35,-51437.24,51437.24,2025-02-20
20250220,E05,India Services,INR,-1857913.93,1857913.93,-36879.34,36879.34,2025-02-20
20250220,E05,India Services,USD,1953.9,5326.6,2719.15,7412.77,2025-02-20
20250220,E06,Germany GmbH,EUR,-21877.09,21877.09,-31534.76,31534.76,2025-02-20
20250220,E06,Germany GmbH,USD,-42132.71,89235.05,-58634.11,124184.23,2025-02-20
20250220,E07,Germany Sales Office,EUR,3175.88,27344.56,4511.43,39482.29,2025-02-20
20250220,E07,Germany Sales Office,USD,-213722.53,213722.53,-297427.6,297427.6,2025-02-20
20250220,E08,Netherlands BV,EUR,-12449.48,171268.66,-35922.56,228898.18,2025-02-20
20250220,E08,Netherlands BV,USD,13520.99,13520.99,18816.52,18816.52,2025-02-20
20250220,E09,UK Ltd,EUR,7381.19,7381.19,10639.62,10639.62,2025-02-20
20250220,E09,UK Ltd,GBP,-116345.67,159078.29,-20425.72,93606.82,2025-02-20
20250220,E09,UK Ltd,USD,-27479.7,27479.7,-38242.2,38242.2,2025-02-20
20250220,E10,US Inc,EUR,403448.28,403448.28,581550.92,581550.92,2025-02-20
20250220,E10,US Inc,USD,-331637.77,802001.37,140160.81,472797.57,2025-02-20
20250220,E11,US West Distribution,USD,-16652.76,59076.56,16813.33,42225.89,2025-02-20
20250221,E01,Group Treasury HQ,SGD,-236409.68,236409.68,-236409.68,236409.68,2025-02-21
20250221,E02,SG Operations,SGD,-148649.83,168096.25,-118389.94,144614.36,2025-02-21
20250221,E02,SG Operations,USD,29325.87,29325.87,40695.42,40695.42,2025-02-21
20250221,E03,Shanghai Mfg,CNY,271460.49,1171188.65,50629.29,218434.87,2025-02-21
20250221,E03,Shanghai Mfg,EUR,-17354.36,17354.36,-25038.73,25038.73,2025-02-21
20250221,E04,Shenzhen Sourcing,CNY,-1183891.26,3248067.58,-220804.0,605787.34,2025-02-21
20250221,E05,India Services,INR,6351668.21,6415454.91,103513.14,104552.68,2025-02-21
20250221,E05,India Services,USD,14154.71,14154.71,19642.45,19642.45,2025-02-21
20250221,E06,Germany GmbH,EUR,-1174535.71,1175948.01,-1204027.72,1206065.38,2025-02-21
20250221,E07,Germany Sales Office,EUR,-172525.77,172525.77,-248918.8,248918.8,2025-02-21
20250221,E07,Germany Sales Office,USD,34055.57,34055.57,47258.81,47258.81,2025-02-21
20250221,E08,Netherlands BV,EUR,-1887755.16,1890605.28,-929487.56,934383.12,2025-02-21
20250221,E08,Netherlands BV,USD,-24600.6,24600.6,-34138.18,34138.18,2025-02-21
20250221,E09,UK Ltd,GBP,-379662.82,400655.92,-63123.56,84116.66,2025-02-21
20250221,E09,UK Ltd,USD,24428.51,24428.51,33899.37,33899.37,2025-02-21
20250221,E10,US Inc,EUR,-37441.29,37441.29,-54020.0,54020.0,2025-02-21
20250221,E10,US Inc,USD,-94100.54,114203.5,-120967.96,148864.78,2025-02-21
20250221,E11,US West Distribution,USD,-151262.06,151262.06,-210931.11,210931.11,2025-02-21
20250223,E01,Group Treasury HQ,SGD,-300000.0,300000.0,-300000.0,300000.0,2025-02-23
20250223,E02,SG Operations,SGD,300000.0,300000.0,300000.0,300000.0,2025-02-23
20250224,E01,Group Treasury HQ,CNY,-3790322.58,3790322.58,-707088.47,707088.47,2025-02-24
20250224,E01,Group Treasury HQ,EUR,-186206.9,186206.9,-267163.33,267163.33,2025-02-24
20250224,E01,Group Treasury HQ,SGD,-713.44,713.44,-713.44,713.44,2025-02-24
20250224,E01,Group Treasury HQ,USD,-67164.18,67164.18,-93036.49,93036.49,2025-02-24
20250224,E02,SG Operations,SGD,207398.72,211031.2,282088.62,285721.1,2025-02-24
20250224,E02,SG Operations,USD,443601.28,443601.28,614480.92,614480.92,2025-02-24
20250224,E03,Shanghai Mfg,CNY,1813584.54,2861287.9,351518.2,546968.3,2025-02-24
20250224,E03,Shanghai Mfg,EUR,4970.39,4970.39,7131.35,7131.35,2025-02-24
20250224,E03,Shanghai Mfg,USD,66031.79,66031.79,91844.48,91844.48,2025-02-24
20250224,E04,Shenzhen Sourcing,CNY,4429376.91,4649028.49,835395.94,876372.16,2025-02-24
20250224,E04,Shenzhen Sourcing,USD,8831.99,8831.99,12234.16,12234.16,2025-02-24
20250224,E05,India Services,INR,26199041.11,27084619.93,408774.8,541642.58,2025-02-24
20250224,E05,India Services,USD,196254.34,196254.34,271853.47,271853.47,2025-02-24
20250224,E06,Germany GmbH,EUR,94649.47,95453.83,110685.3,111839.38,2025-02-24
20250224,E06,Germany GmbH,USD,119677.73,119677.73,165778.8,165778.8,2025-02-24
20250224,E07,Germany Sales Office,EUR,90980.28,91804.32,95408.04,96590.34,2025-02-24
20250224,E07,Germany Sales Office,USD,38488.48,38488.48,53314.62,53314.62,2025-02-24
20250224,E08,Netherlands BV,EUR,93099.49,96167.57,144228.16,148630.14,2025-02-24
20250224,E08,Netherlands BV,USD,103315.62,103315.62,143113.83,143113.83,2025-02-24
20250224,E09,UK Ltd,EUR,86221.29,86221.29,123707.38,123707.38,2025-02-24
20250224,E09,UK Ltd,GBP,-67880.99,129942.13,-125814.48,214620.12,2025-02-24
20250224,E09,UK Ltd,USD,147565.85,147565.85,204409.68,204409.68,2025-02-24
20250224,E10,US Inc,EUR,306751.64,306751.64,440116.82,440116.82,2025-02-24
20250224,E10,US Inc,USD,396927.4,401912.96,562717.22,569633.36,2025-02-24
20250224,E11,US West Distribution,USD,359641.31,361452.45,512233.51,514742.31,2025-02-24
20250225,E01,Group Treasury HQ,CNY,-80645.16,80645.16,-15064.68,15064.68,2025-02-25
20250225,E01,Group Treasury HQ,EUR,-475862.07,475862.07,-684525.21,684525.21,2025-02-25
20250225,E01,Group Treasury HQ,SGD,737414.74,813590.88,714266.35,844950.63,2025-02-25
20250225,E01,Group Treasury HQ,USD,1477611.94,1477611.94,2055229.66,2055229.66,2025-02-25
20250225,E02,SG Operations,SGD,-991632.54,1773588.08,-362703.93,1403458.79,2025-02-25
20250225,E02,SG Operations,USD,-1015749.31,1991174.51,-1412818.94,2769550.5,2025-02-25
20250225,E03,Shanghai Mfg,CNY,1863948.74,2992550.56,327809.51,579394.25,2025-02-25
20250225,E03,Shanghai Mfg,USD,63023.28,146125.46,87782.57,203370.47,2025-02-25
20250225,E04,Shenzhen Sourcing,CNY,56580.2,614136.12,9153.77,116137.39,2025-02-25
20250225,E04,Shenzhen Sourcing,USD,239929.21,239929.21,333720.66,333720.66,2025-02-25
20250225,E05,India Services,INR,625180.11,1121277.57,-76228.06,104653.4,2025-02-25
20250225,E05,India Services,USD,319087.4,319087.4,443822.81,443822.81,2025-02-25
20250225,E06,Germany GmbH,EUR,1071873.29,1137964.01,1522223.74,1617294.92,2025-02-25
20250225,E06,Germany GmbH,USD,236246.87,236246.87,328598.83,328598.83,2025-02-25
20250225,E07,Germany Sales Office,EUR,-321966.86,358684.92,-463147.72,515966.46,2025-02-25
20250225,E07,Germany Sales Office,USD,125273.03,125273.03,174243.89,174243.89,2025-02-25
20250225,E08,Netherlands BV,EUR,-60994.69,125241.31,-56493.3,156590.82,2025-02-25
20250225,E08,Netherlands BV,USD,37070.74,99524.98,51562.17,138430.59,2025-02-25
20250225,E09,UK Ltd,EUR,66071.89,66071.89,95044.08,95044.08,2025-02-25
20250225,E09,UK Ltd,GBP,53271.31,54128.23,52964.72,54434.82,2025-02-25
20250225,E09,UK Ltd,USD,152852.01,163892.75,212603.85,227960.55,2025-02-25
20250225,E10,US Inc,EUR,85063.73,85063.73,122363.75,122363.75,2025-02-25
20250225,E10,US Inc,USD,-20268.89,596734.49,288902.13,469322.27,2025-02-25
20250225,E11,US West Distribution,USD,164118.37,195434.37,228560.89,272151.39,2025-02-25
20250226,E01,Group Treasury HQ,EUR,579310.34,579310.34,830174.9,830174.9,2025-02-26
20250226,E01,Group Treasury HQ,SGD,-28703.4,54468.82,-33781.54,59546.96,2025-02-26
20250226,E01,Group Treasury HQ,USD,682835.82,682835.82,950566.19,950566.19,2025-02-26
20250226,E02,SG Operations,SGD,-155581.45,310717.51,-142061.58,324237.38,2025-02-26
20250226,E02,SG Operations,USD,72199.54,72199.54,100507.97,100507.97,2025-02-26
20250226,E03,Shanghai Mfg,CNY,168135.58,230742.34,38878.45,50532.93,2025-02-26
20250226,E03,Shanghai Mfg,EUR,194488.31,194488.31,278709.53,278709.53,2025-02-26
20250226,E03,Shanghai Mfg,USD,36276.5,36276.5,50500.01,50500.01,2025-02-26
20250226,E04,Shenzhen Sourcing,CNY,-92704.22,1266538.22,-21043.57,239557.47,2025-02-26
20250226,E04,Shenzhen Sourcing,USD,-302238.81,302238.81,-420742.41,420742.41,2025-02-26
20250226,E06,Germany GmbH,EUR,-1073008.85,1243918.77,-1126201.92,1353866.6,2025-02-26
20250226,E06,Germany GmbH,USD,-315017.1,446176.92,-438530.91,621116.65,2025-02-26
20250226,E07,Germany Sales Office,EUR,35375.55,78971.09,50694.58,113168.74,2025-02-26
20250226,E07,Germany Sales Office,USD,3064.22,3064.22,4265.66,4265.66,2025-02-26
20250226,E08,Netherlands BV,EUR,-358960.29,485579.57,-77361.8,294295.2,2025-02-26
20250226,E08,Netherlands BV,USD,-112250.71,112250.71,-156262.64,156262.64,2025-02-26
20250226,E09,UK Ltd,EUR,4100.85,4100.85,5876.68,5876.68,2025-02-26
20250226,E09,UK Ltd,GBP,-34603.62,77363.26,-5439.86,78698.8,2025-02-26
20250226,E10,US Inc,EUR,-449009.61,449009.61,-643448.73,643448.73,2025-02-26
20250226,E10,US Inc,USD,-271397.54,745134.72,171820.1,487662.8,2025-02-26
20250226,E11,US West Distribution,USD,384277.05,415222.65,534946.61,578025.73,2025-02-26
20250227,E01,Group Treasury HQ,SGD,-77884.52,77884.52,-14520.95,14520.95,2025-02-27
20250227,E02,SG Operations,SGD,-1438256.37,1551217.31,-382865.88,545158.32,2025-02-27
20250227,E02,SG Operations,USD,43222.43,43222.43,60178.81,60178.81,2025-02-27
20250227,E03,Shanghai Mfg,CNY,-1375895.28,1375895.28,-256524.67,256524.67,2025-02-27
20250227,E03,Shanghai Mfg,USD,11664.13,11664.13,16240.03,16240.03,2025-02-27
20250227,E04,Shenzhen Sourcing,CNY,-4363368.43,4546605.59,-837317.42,955562.98,2025-02-27
20250227,E04,Shenzhen Sourcing,USD,195570.52,224424.34,272293.81,312467.13,2025-02-27
20250227,E05,India Services,EUR,365765.15,839360.19,530253.4,1216828.86,2025-02-27
20250227,E05,India Services,INR,10225047.01,12121697.49,148152.68,214758.44,2025-02-27
20250227,E05,India Services,USD,11892.92,34494.8,16558.57,48027.29,2025-02-27
20250227,E06,Germany GmbH,EUR,-32341.83,57580.09,-53172.21,89760.37,2025-02-27
20250227,E06,Germany GmbH,USD,148398.89,275140.05,206645.53,383049.85,2025-02-27
20250227,E07,Germany Sales Office,EUR,-22802.11,22802.11,-33056.45,33056.45,2025-02-27
20250227,E07,Germany Sales Office,USD,-6713.27,6713.27,-9343.84,9343.84,2025-02-27
20250227,E08,Netherlands BV,EUR,-52594.98,92224.82,-70969.72,138976.98,2025-02-27
20250227,E08,Netherlands BV,USD,-10846.97,81956.91,-15099.82,114106.54,2025-02-27
20250227,E09,UK Ltd,EUR,-65866.57,65866.57,-95487.42,95487.42,2025-02-27
20250227,E09,UK Ltd,GBP,86437.33,131728.27,85187.16,162909.18,2025-02-27
20250227,E10,US Inc,EUR,-113020.08,113020.08,-163846.33,163846.33,2025-02-27
20250227,E10,US Inc,USD,-742148.19,888188.11,-312735.72,516067.84,2025-02-27
20250227,E11,US West Distribution,USD,-220430.43,302183.35,-122586.84,236411.84,2025-02-27
20250228,E01,Group Treasury HQ,EUR,-434482.76,434482.76,-632112.89,632112.89,2025-02-28
20250228,E01,Group Treasury HQ,SGD,-18889.33,18889.33,-18889.33,18889.33,2025-02-28
20250228,E02,SG Operations,SGD,-83041.0,202621.14,9107.32,114855.88,2025-02-28
20250228,E02,SG Operations,USD,11721.82,11721.82,16314.98,16314.98,2025-02-28
20250228,E03,Shanghai Mfg,CNY,1092626.16,1221947.36,173112.17,259463.09,2025-02-28
20250228,E03,Shanghai Mfg,USD,-147262.96,147262.96,-204967.51,204967.51,2025-02-28
20250228,E04,Shenzhen Sourcing,CNY,-874325.33,874325.33,-163404.12,163404.12,2025-02-28
20250228,E04,Shenzhen Sourcing,USD,34004.67,34004.67,47329.3,47329.3,2025-02-28
20250228,E05,India Services,INR,341200.18,6029556.3,5528.8,97702.94,2025-02-28
20250228,E06,Germany GmbH,EUR,-250246.98,1119212.5,-322673.41,1586899.19,2025-02-28
20250228,E06,Germany GmbH,USD,-4293.34,4293.34,-5975.67,5975.67,2025-02-28
20250228,E07,Germany Sales Office,EUR,-272171.51,272171.51,-395972.26,395972.26,2025-02-28
20250228,E08,Netherlands BV,EUR,-118357.38,118357.38,-30003.52,30003.52,2025-02-28
20250228,E09,UK Ltd,EUR,-2263.71,6012.49,-3293.39,8747.35,2025-02-28
20250228,E09,UK Ltd,GBP,-354812.87,389813.33,-166738.89,201739.35,2025-02-28
20250228,E09,UK Ltd,USD,-8358.37,50287.89,-11633.57,69993.05,2025-02-28
20250228,E10,US Inc,EUR,-145549.77,225568.87,-211754.98,328171.82,2025-02-28
20250228,E10,US Inc,USD,-759914.38,761618.22,-590168.06,592539.54,2025-02-28
20250228,E11,US West Distribution,USD,-30542.02,103926.36,-7032.14,109171.9,2025-02-28
20250302,E01,Group Treasury HQ,SGD,-2115000.0,2115000.0,-2115000.0,2115000.0,2025-03-02
20250302,E02,SG Operations,SGD,2115000.0,2115000.0,2115000.0,2115000.0,2025-03-02
20250302,E10,US Inc,USD,-25661.28,25661.28,-35777.39,35777.39,2025-03-02
20250303,E01,Group Treasury HQ,CNY,-2661290.32,2661290.32,-497373.87,497373.87,2025-03-03
20250303,E01,Group Treasury HQ,EUR,-310344.83,310344.83,-448909.45,448909.45,2025-03-03
20250303,E01,Group Treasury HQ,GBP,-209302.33,209302.33,-359813.72,359813.72,2025-03-03
20250303,E01,Group Treasury HQ,SGD,-106560.29,344415.01,-59677.1,391298.2,2025-03-03
20250303,E02,SG Operations,SGD,442071.78,445023.02,510504.04,513455.28,2025-03-03
20250303,E02,SG Operations,USD,17254.89,17254.89,23998.92,23998.92,2025-03-03
20250303,E03,Shanghai Mfg,CNY,1539913.71,1667673.21,287797.55,311674.77,2025-03-03
20250303,E03,Shanghai Mfg,EUR,384.14,384.14,555.65,555.65,2025-03-03
20250303,E03,Shanghai Mfg,USD,65594.69,65594.69,91064.45,91064.45,2025-03-03
20250303,E04,Shenzhen Sourcing,CNY,6729295.56,6967102.98,1257651.52,1302095.8,2025-03-03
20250303,E04,Shenzhen Sourcing,USD,13270.29,13270.29,18501.66,18501.66,2025-03-03
20250303,E05,India Services,INR,14972689.08,15213236.18,285945.19,289850.75,2025-03-03
20250303,E05,India Services,USD,116587.93,116587.93,162367.22,162367.22,2025-03-03
20250303,E06,Germany GmbH,EUR,415944.56,449820.46,605240.9,654241.92,2025-03-03
20250303,E06,Germany GmbH,USD,-16370.19,44560.83,-22823.6,62127.46,2025-03-03
20250303,E07,Germany Sales Office,EUR,136866.49,146961.75,173942.3,188544.94,2025-03-03
20250303,E07,Germany Sales Office,USD,291801.84,291801.84,406835.09,406835.09,2025-03-03
20250303,E08,Netherlands BV,EUR,2481.32,55998.28,-9465.96,67945.56,2025-03-03
20250303,E08,Netherlands BV,USD,67547.2,67547.2,94175.45,94175.45,2025-03-03
20250303,E09,UK Ltd,EUR,593908.52,593908.52,859080.36,859080.36,2025-03-03
20250303,E09,UK Ltd,GBP,140274.25,386079.23,202405.24,624971.02,2025-03-03
20250303,E09,UK Ltd,USD,145939.15,145939.15,203470.84,203470.84,2025-03-03
20250303,E10,US Inc,EUR,368625.15,368625.15,533211.12,533211.12,2025-03-03
20250303,E10,US Inc,USD,480832.56,599543.68,671344.08,836781.88,2025-03-03
20250303,E11,US West Distribution,USD,146751.24,180591.44,204603.87,251782.89,2025-03-03
20250304,E01,Group Treasury HQ,EUR,-294070.2,305929.8,-425650.15,442816.25,2025-03-04
20250304,E01,Group Treasury HQ,SGD,-8567.01,8567.01,-14678.19,14678.19,2025-03-04
20250304,E01,Group Treasury HQ,USD,134328.36,134328.36,186486.72,186486.72,2025-03-04
20250304,E02,SG Operations,SGD,-147627.98,281344.52,21345.41,133151.27,2025-03-04
20250304,E02,SG Operations,USD,-126080.8,142575.92,-175036.71,197936.73,2025-03-04
20250304,E03,Shanghai Mfg,CNY,-105090.9,597039.42,6362.53,137715.97,2025-03-04
20250304,E03,Shanghai Mfg,EUR,2052.17,2052.17,2970.4,2970.4,2025-03-04
20250304,E04,Shenzhen Sourcing,CNY,-8075.08,8075.08,-1510.67,1510.67,2025-03-04
20250304,E05,India Services,EUR,5986.82,5986.82,8665.59,8665.59,2025-03-04
20250304,E05,India Services,INR,1598168.68,9916950.2,14209.66,172577.06,2025-03-04
20250304,E05,India Services,USD,2364.6,2364.6,3282.75,3282.75,2025-03-04
20250304,E06,Germany GmbH,EUR,501610.69,506986.47,726053.39,733834.53,2025-03-04
20250304,E06,Germany GmbH,USD,6129.72,87961.52,8545.18,122080.74,2025-03-04
20250304,E07,Germany Sales Office,EUR,125445.69,125445.69,181575.61,181575.61,2025-03-04
20250304,E07,Germany Sales Office,USD,9166.11,9166.11,12725.22,12725.22,2025-03-04
20250304,E08,Netherlands BV,EUR,-139975.59,167617.49,-208790.93,236432.83,2025-03-04
20250304,E08,Netherlands BV,USD,38470.93,38470.93,53408.81,53408.81,2025-03-04
20250304,E09,UK Ltd,EUR,29059.15,29059.15,42061.49,42061.49,2025-03-04
20250304,E09,UK Ltd,GBP,-11420.56,48167.34,-19717.57,83160.77,2025-03-04
20250304,E09,UK Ltd,USD,252763.76,317365.68,350909.4,440595.6,2025-03-04
20250304,E10,US Inc,EUR,70273.79,70273.79,101717.38,101717.38,2025-03-04
20250304,E10,US Inc,USD,-32341.05,573518.79,168607.67,582703.99,2025-03-04
20250304,E11,US West Distribution,USD,190916.6,192929.64,251487.58,254282.24,2025-03-04
20250305,E01,Group Treasury HQ,EUR,537931.03,537931.03,778054.84,778054.84,2025-03-05
20250305,E01,Group Treasury HQ,SGD,16403.56,29248.8,25193.42,38038.66,2025-03-05
20250305,E01,Group Treasury HQ,USD,1007462.69,1007462.69,1395414.4,1395414.4,2025-03-05
20250305,E02,SG Operations,SGD,428029.69,508832.69,514080.0,594883.0,2025-03-05
20250305,E02,SG Operations,USD,149578.05,149578.05,207177.27,207177.27,2025-03-05
20250305,E03,Shanghai Mfg,CNY,1225171.07,1572442.21,229148.56,294100.24,2025-03-05
20250305,E03,Shanghai Mfg,EUR,1633.74,1633.74,2363.02,2363.02,2025-03-05
20250305,E03,Shanghai Mfg,USD,-257462.69,257462.69,-356605.9,356605.9,2025-03-05
20250305,E04,Shenzhen Sourcing,CNY,-8101.55,8101.55,-1515.27,1515.27,2025-03-05
20250305,E05,India Services,INR,296183.29,548146.95,516.95,13129.11,2025-03-05
20250305,E05,India Services,USD,25017.5,25017.5,34651.19,34651.19,2025-03-05
20250305,E06,Germany GmbH,EUR,-1106731.56,1186846.02,-959549.68,1075425.96,2025-03-05
20250305,E07,Germany Sales Office,EUR,-292148.42,333430.1,-371484.68,431193.84,2025-03-05
20250305,E07,Germany Sales Office,USD,2795.64,2795.64,3872.18,3872.18,2025-03-05
20250305,E08,Netherlands BV,EUR,84572.1,86417.0,84160.34,86828.76,2025-03-05
20250305,E08,Netherlands BV,USD,82801.35,82801.35,114686.33,114686.33,2025-03-05
20250305,E09,UK Ltd,EUR,33459.86,33459.86,48395.81,48395.81,2025-03-05
20250305,E09,UK Ltd,GBP,-227950.38,341088.9,26754.4,168781.98,2025-03-05
20250305,E09,UK Ltd,USD,61663.98,128070.4,85409.43,177387.51,2025-03-05
20250305,E10,US Inc,EUR,-393819.26,393819.26,-569613.88,569613.88,2025-03-05
20250305,E10,US Inc,USD,-310442.22,423880.26,-76603.19,233723.73,2025-03-05
20250305,E11,US West Distribution,USD,-216529.54,1387225.52,-299910.21,1921415.45,2025-03-05
20250306,E01,Group Treasury HQ,CNY,-80645.16,80645.16,-15080.32,15080.32,2025-03-06
20250306,E01,Group Treasury HQ,EUR,-5320.45,5320.45,-7691.46,7691.46,2025-03-06
20250306,E01,Group Treasury HQ,SGD,-622763.12,622763.12,-116479.43,116479.43,2025-03-06
20250306,E02,SG Operations,SGD,-12351844.15,12468268.21,-2269547.95,2388852.87,2025-03-06
20250306,E02,SG Operations,USD,1887.12,25253.04,2659.09,34900.85,2025-03-06
20250306,E03,Shanghai Mfg,CNY,-3318546.89,3672987.27,-633843.28,700122.22,2025-03-06
20250306,E03,Shanghai Mfg,EUR,-22089.53,22089.53,-31933.51,31933.51,2025-03-06
20250306,E03,Shanghai Mfg,USD,-89638.28,89638.28,-124052.66,124052.66,2025-03-06
20250306,E04,Shenzhen Sourcing,CNY,-2748416.55,3532039.97,-523875.18,670409.62,2025-03-06
20250306,E04,Shenzhen Sourcing,USD,-98783.27,98783.27,-136708.64,136708.64,2025-03-06
20250306,E05,India Services,EUR,-14815.37,14815.37,-21417.7,21417.7,2025-03-06
20250306,E05,India Services,INR,-2350129.0,3120480.54,-44737.11,57165.19,2025-03-06
20250306,E05,India Services,USD,-18603.97,18603.97,-25746.5,25746.5,2025-03-06
20250306,E06,Germany GmbH,EUR,84517.67,84940.83,122182.13,122793.87,2025-03-06
20250306,E06,Germany GmbH,USD,-129526.54,138650.72,-178792.15,191419.33,2025-03-06
20250306,E07,Germany Sales Office,EUR,-30.58,30.58,-44.21,44.21,2025-03-06
20250306,E07,Germany Sales Office,USD,28094.77,28094.77,38881.05,38881.05,2025-03-06
20250306,E08,Netherlands BV,EUR,-138394.22,138394.22,-201868.87,201868.87,2025-03-06
20250306,E08,Netherlands BV,USD,-28982.54,28982.54,-40109.66,40109.66,2025-03-06
20250306,E09,UK Ltd,EUR,-15808.84,15808.84,-22853.89,22853.89,2025-03-06
20250306,E09,UK Ltd,GBP,-136419.01,136419.01,-135794.95,135794.95,2025-03-06
20250306,E09,UK Ltd,USD,67407.36,67407.36,93286.73,93286.73,2025-03-06
20250306,E10,US Inc,EUR,-68782.41,180131.55,-99434.59,260405.37,2025-03-06
20250306,E10,US Inc,USD,-2375397.94,3038685.64,-100815.14,1018755.58,2025-03-06
20250306,E11,US West Distribution,USD,-370499.8,609236.56,-146812.78,488539.18,2025-03-06
20250307,E01,Group Treasury HQ,EUR,-248193.1,248193.1,-356369.8,356369.8,2025-03-07
20250307,E01,Group Treasury HQ,SGD,-428397.49,467684.19,-557093.48,611303.74,2025-03-07
20250307,E02,SG Operations,SGD,-283369.99,471369.99,-283369.99,471369.99,2025-03-07
20250307,E02,SG Operations,USD,14384.22,14384.22,19848.25,19848.25,2025-03-07
20250307,E03,Shanghai Mfg,CNY,-74066.97,74066.97,-13875.17,13875.17,2025-03-07
20250307,E03,Shanghai Mfg,EUR,-51968.19,51968.19,-74618.89,74618.89,2025-03-07
20250307,E04,Shenzhen Sourcing,CNY,-224783.41,262273.77,-42109.35,49132.53,2025-03-07
20250307,E04,Shenzhen Sourcing,USD,203924.98,207578.24,281388.54,286429.54,2025-03-07
20250307,E05,India Services,INR,1661038.04,3547611.16,26887.25,57425.17,2025-03-07
20250307,E06,Germany GmbH,EUR,-2245747.86,2564170.24,-763106.75,1220315.75,2025-03-07
20250307,E06,Germany GmbH,USD,-65236.71,151481.55,-90017.72,209023.78,2025-03-07
20250307,E07,Germany Sales Office,EUR,-291253.46,554718.96,20497.05,357801.73,2025-03-07
20250307,E08,Netherlands BV,EUR,-1105759.44,1311880.56,-131706.29,427666.75,2025-03-07
20250307,E08,Netherlands BV,USD,-20587.47,20587.47,-28407.89,28407.89,2025-03-07
20250307,E09,UK Ltd,GBP,-241188.43,351850.67,20276.21,169622.17,2025-03-07
20250307,E09,UK Ltd,USD,43571.56,43571.56,60122.78,60122.78,2025-03-07
20250307,E10,US Inc,EUR,1723.58,51675.16,2474.81,74198.13,2025-03-07
20250307,E10,US Inc,USD,-520768.24,543412.44,-692042.12,723288.0,2025-03-07
20250307,E11,US West Distribution,USD,-209695.82,464241.68,-293676.85,645314.37,2025-03-07
20250310,E01,Group Treasury HQ,CNY,-806451.61,806451.61,-151103.23,151103.23,2025-03-10
20250310,E01,Group Treasury HQ,SGD,85886.03,322164.41,105094.21,407913.39,2025-03-10
20250310,E02,SG Operations,SGD,-100771.46,184430.92,13667.06,74310.68,2025-03-10
20250310,E02,SG Operations,USD,189810.58,189810.58,261818.26,261818.26,2025-03-10
20250310,E03,Shanghai Mfg,CNY,1897616.55,2874678.51,468614.52,651684.68,2025-03-10
20250310,E03,Shanghai Mfg,EUR,-19010.68,19010.68,-27281.16,27281.16,2025-03-10
20250310,E03,Shanghai Mfg,USD,30595.33,30595.33,42079.94,42079.94,2025-03-10
20250310,E04,Shenzhen Sourcing,CNY,831651.66,1064057.1,155824.93,199370.25,2025-03-10
20250310,E04,Shenzhen Sourcing,USD,81140.58,81140.58,111922.56,111922.56,2025-03-10
20250310,E05,India Services,INR,23120615.68,23188893.38,374646.46,375752.84,2025-03-10
20250310,E05,India Services,USD,119423.03,119423.03,164728.06,164728.06,2025-03-10
20250310,E06,Germany GmbH,EUR,-133663.9,511937.7,83676.24,443264.58,2025-03-10
20250310,E06,Germany GmbH,USD,248255.13,248255.13,342434.69,342434.69,2025-03-10
20250310,E07,Germany Sales Office,EUR,75705.99,77789.09,90795.42,93784.76,2025-03-10
20250310,E07,Germany Sales Office,USD,92313.12,92313.12,127333.58,127333.58,2025-03-10
20250310,E08,Netherlands BV,EUR,539434.48,539801.64,570720.72,571247.6,2025-03-10
20250310,E08,Netherlands BV,USD,601574.62,601574.62,829791.57,829791.57,2025-03-10
20250310,E09,UK Ltd,EUR,369706.38,369706.38,530544.92,530544.92,2025-03-10
20250310,E09,UK Ltd,GBP,356586.21,651167.99,252515.62,755238.58,2025-03-10
20250310,E09,UK Ltd,USD,667520.46,710722.56,920755.04,980346.54,2025-03-10
20250310,E10,US Inc,EUR,78710.24,78710.24,112952.65,112952.65,2025-03-10
20250310,E10,US Inc,USD,157271.07,222461.87,216934.36,306856.32,2025-03-10
20250310,E11,US West Distribution,USD,382537.42,382859.48,482113.94,482558.18,2025-03-10
20250311,E01,Group Treasury HQ,EUR,-775862.07,775862.07,-1115262.93,1115262.93,2025-03-11
20250311,E01,Group Treasury HQ,SGD,263045.95,263620.07,263245.21,263819.33,2025-03-11
20250311,E01,Group Treasury HQ,USD,884328.36,884328.36,1215993.94,1215993.94,2025-03-11
20250311,E02,SG Operations,SGD,-1229961.14,1516568.88,-194216.02,540796.1,2025-03-11
20250311,E02,SG Operations,USD,-344303.71,1463410.27,-475031.71,2010498.63,2025-03-11
20250311,E03,Shanghai Mfg,CNY,-2568347.38,3772896.76,-480076.64,705199.7,2025-03-11
20250311,E03,Shanghai Mfg,EUR,-170950.5,170950.5,-245732.8,245732.8,2025-03-11
20250311,E03,Shanghai Mfg,USD,34706.19,34706.19,47582.56,47582.56,2025-03-11
20250311,E04,Shenzhen Sourcing,CNY,2266805.8,3780790.02,475878.65,858414.79,2025-03-11
20250311,E04,Shenzhen Sourcing,USD,86816.35,86816.35,119376.65,119376.65,2025-03-11
20250311,E05,India Services,EUR,-15395.92,15395.92,-22130.87,22130.87,2025-03-11
20250311,E05,India Services,INR,7059725.96,14301009.1,114586.41,232119.69,2025-03-11
20250311,E05,India Services,USD,317709.66,317709.66,436866.03,436866.03,2025-03-11
20250311,E06,Germany GmbH,EUR,1033899.82,1036688.62,1486507.35,1490516.09,2025-03-11
20250311,E06,Germany GmbH,USD,4164.65,9675.53,5738.11,13292.81,2025-03-11
20250311,E07,Germany Sales Office,EUR,111138.74,111363.3,139647.51,139970.31,2025-03-11
20250311,E08,Netherlands BV,EUR,67793.75,70120.75,97872.42,101217.38,2025-03-11
20250311,E08,Netherlands BV,USD,287858.32,301249.64,395819.01,414232.71,2025-03-11
20250311,E09,UK Ltd,EUR,125158.49,125158.49,179909.07,179909.07,2025-03-11
20250311,E09,UK Ltd,GBP,-1908.1,1908.1,-3247.11,3247.11,2025-03-11
20250311,E09,UK Ltd,USD,32454.88,275124.16,44627.03,378308.93,2025-03-11
20250311,E10,US Inc,EUR,42064.44,42064.44,60465.53,60465.53,2025-03-11
20250311,E10,US Inc,USD,125750.22,400579.48,314359.04,409369.58,2025-03-11
20250311,E11,US West Distribution,USD,-72663.84,326520.04,-134165.61,413408.83,2025-03-11
20250312,E01,Group Treasury HQ,EUR,858620.69,858620.69,1234269.83,1234269.83,2025-03-12
20250312,E01,Group Treasury HQ,GBP,-322674.42,322674.42,-551434.45,551434.45,2025-03-12
20250312,E01,Group Treasury HQ,SGD,60396.79,60884.25,79045.86,79533.32,2025-03-12
20250312,E01,Group Treasury HQ,USD,537313.43,537313.43,736587.4,736587.4,2025-03-12
20250312,E02,SG Operations,SGD,98682.95,103745.57,109307.87,114370.49,2025-03-12
20250312,E02,SG Operations,USD,6640.74,6640.74,9103.6,9103.6,2025-03-12
20250312,E03,Shanghai Mfg,CNY,-403801.33,1191205.99,-75551.62,222875.82,2025-03-12
20250312,E03,Shanghai Mfg,USD,6044.06,6044.06,8285.63,8285.63,2025-03-12
20250312,E04,Shenzhen Sourcing,CNY,-278112.67,278112.67,-195522.81,195522.81,2025-03-12
20250312,E04,Shenzhen Sourcing,USD,-527713.99,546912.87,-723427.8,749747.0,2025-03-12
20250312,E05,India Services,INR,14104650.81,14338695.15,229130.08,232932.1,2025-03-12
20250312,E05,India Services,USD,23788.9,23788.9,32611.51,32611.51,2025-03-12
20250312,E06,Germany GmbH,EUR,-426281.0,560408.3,-555500.74,761164.32,2025-03-12
20250312,E06,Germany GmbH,USD,21231.49,21231.49,29105.63,29105.63,2025-03-12
20250312,E07,Germany Sales Office,EUR,-49446.66,220622.22,33986.65,211251.79,2025-03-12
20250312,E08,Netherlands BV,EUR,-487845.48,487845.48,-701279.36,701279.36,2025-03-12
20250312,E08,Netherlands BV,USD,35081.94,80030.12,48092.81,109710.97,2025-03-12
20250312,E09,UK Ltd,EUR,17349.49,17349.49,24939.94,24939.94,2025-03-12
20250312,E09,UK Ltd,GBP,495647.36,1361094.58,1502179.52,1670899.64,2025-03-12
20250312,E09,UK Ltd,USD,130372.08,156690.66,178723.31,214802.69,2025-03-12
20250312,E10,US Inc,EUR,-143935.62,348376.38,-206907.88,500792.1,2025-03-12
20250312,E10,US Inc,USD,163537.98,202249.36,224189.44,277257.82,2025-03-12
20250312,E11,US West Distribution,USD,57038.27,245609.45,81367.74,339874.5,2025-03-12
20250313,E01,Group Treasury HQ,EUR,-14713.34,14713.34,-21306.06,21306.06,2025-03-13
20250313,E01,Group Treasury HQ,SGD,-2607972.51,2638041.61,-475857.37,505926.47,2025-03-13
20250313,E02,SG Operations,SGD,-943924.57,1357396.49,15447.77,540351.19,2025-03-13
20250313,E02,SG Operations,USD,18965.5,73024.84,26002.94,100121.88,2025-03-13
20250313,E03,Shanghai Mfg,CNY,-2027932.22,2227517.64,-379712.03,417082.61,2025-03-13
20250313,E03,Shanghai Mfg,USD,70342.49,70342.49,96444.2,96444.2,2025-03-13
20250313,E04,Shenzhen Sourcing,CNY,-2675690.69,3068726.53,-508092.82,581685.24,2025-03-13
20250313,E05,India Services,EUR,-49797.94,49797.94,-72111.3,72111.3,2025-03-13
20250313,E05,India Services,INR,-1359480.49,1359480.49,-40333.46,40333.46,2025-03-13
20250313,E05,India Services,USD,-25173.2,25173.2,-34557.39,34557.39,2025-03-13
20250313,E06,Germany GmbH,EUR,-32789.75,32789.75,-54963.01,54963.01,2025-03-13
20250313,E06,Germany GmbH,USD,43518.81,346820.79,59496.98,475684.38,2025-03-13
20250313,E07,Germany Sales Office,EUR,-99191.14,99191.14,-143636.51,143636.51,2025-03-13
20250313,E08,Netherlands BV,EUR,-111466.31,119270.79,-161411.9,172713.4,2025-03-13
20250313,E08,Netherlands BV,USD,-9871.3,9871.3,-13551.17,13551.17,2025-03-13
20250313,E09,UK Ltd,EUR,-138630.38,188499.0,-200747.6,272961.26,2025-03-13
20250313,E09,UK Ltd,GBP,-76707.79,88039.23,-28761.92,48279.96,2025-03-13
20250313,E09,UK Ltd,USD,-21121.5,21121.5,-28995.28,28995.28,2025-03-13
20250313,E10,US Inc,EUR,-676.12,23471.18,-979.07,33988.09,2025-03-13
20250313,E10,US Inc,USD,-833959.87,900468.79,-507595.62,598783.74,2025-03-13
20250313,E11,US West Distribution,USD,-90748.19,109537.43,-125182.65,150943.93,2025-03-13
20250314,E01,Group Treasury HQ,SGD,-223475.74,223475.74,-223475.74,223475.74,2025-03-14
20250314,E02,SG Operations,SGD,-549443.9,787954.98,-76903.06,403451.32,2025-03-14
20250314,E02,SG Operations,USD,184492.02,184492.02,253267.88,253267.88,2025-03-14
20250314,E03,Shanghai Mfg,CNY,307226.87,333103.99,57454.81,62294.11,2025-03-14
20250314,E03,Shanghai Mfg,USD,-2335.1,20254.96,-3205.59,27805.71,2025-03-14
20250314,E04,Shenzhen Sourcing,CNY,413759.81,964356.81,23356.47,234366.49,2025-03-14
20250314,E04,Shenzhen Sourcing,USD,73317.92,73317.92,100649.74,100649.74,2025-03-14
20250314,E06,Germany GmbH,EUR,-804892.59,977040.43,-1144354.68,1356944.0,2025-03-14
20250314,E06,Germany GmbH,USD,-42037.57,76191.87,-57708.55,104595.07,2025-03-14
20250314,E07,Germany Sales Office,EUR,-220943.28,234265.62,-321097.97,340459.39,2025-03-14
20250314,E08,Netherlands BV,EUR,-382843.14,404747.64,-427515.94,463648.76,2025-03-14
20250314,E08,Netherlands BV,USD,41587.31,41587.31,57090.43,57090.43,2025-03-14
20250314,E09,UK Ltd,GBP,-146140.2,161613.88,-16670.05,43373.03,2025-03-14
20250314,E10,US Inc,EUR,-3285.42,3285.42,-4774.72,4774.72,2025-03-14
20250314,E10,US Inc,USD,-1576573.34,2168415.24,-373239.39,1185711.07,2025-03-14
20250314,E11,US West Distribution,USD,492872.77,918147.47,802632.6,1183390.8,2025-03-14
20250317,E01,Group Treasury HQ,EUR,-289655.18,289655.18,-420919.94,420919.94,2025-03-17
20250317,E01,Group Treasury HQ,SGD,-185727.2,185727.2,-185727.2,185727.2,2025-03-17
20250317,E01,Group Treasury HQ,USD,-514925.37,514925.37,-708324.65,708324.65,2025-03-17
20250317,E02,SG Operations,SGD,70813.89,532251.97,217943.89,390618.03,2025-03-17
20250317,E02,SG Operations,USD,46689.77,46689.77,64225.84,64225.84,2025-03-17
20250317,E03,Shanghai Mfg,CNY,655940.74,714680.1,122699.92,133687.06,2025-03-17
20250317,E03,Shanghai Mfg,USD,547280.12,547280.12,752831.42,752831.42,2025-03-17
20250317,E04,Shenzhen Sourcing,CNY,1368687.53,3151155.13,256129.97,589347.25,2025-03-17
20250317,E04,Shenzhen Sourcing,USD,51564.8,51564.8,70931.87,70931.87,2025-03-17
20250317,E05,India Services,INR,11609245.25,17646482.85,163542.19,318328.93,2025-03-17
20250317,E05,India Services,USD,203713.04,203713.04,280225.02,280225.02,2025-03-17
20250317,E06,Germany GmbH,EUR,258040.77,282579.45,364140.81,399799.81,2025-03-17
20250317,E06,Germany GmbH,USD,302795.88,308936.4,416522.08,424968.9,2025-03-17
20250317,E07,Germany Sales Office,EUR,30209.75,80214.47,42952.74,115618.4,2025-03-17
20250317,E07,Germany Sales Office,USD,2269.8,2269.8,3122.31,3122.31,2025-03-17
20250317,E08,Netherlands BV,EUR,16895.41,133552.51,41070.16,210593.44,2025-03-17
20250317,E08,Netherlands BV,USD,265146.76,265146.76,364732.43,364732.43,2025-03-17
20250317,E09,UK Ltd,EUR,591457.75,591457.75,859492.2,859492.2,2025-03-17
20250317,E09,UK Ltd,GBP,-408626.2,482501.12,-733980.8,807855.72,2025-03-17
20250317,E09,UK Ltd,USD,325319.99,420681.79,447505.96,578684.4,2025-03-17
20250317,E10,US Inc,EUR,233741.07,295423.17,339666.91,429301.87,2025-03-17
20250317,E10,US Inc,USD,334537.18,449588.94,457251.9,615515.62,2025-03-17
20250317,E11,US West Distribution,USD,100984.0,427817.66,163012.71,612600.85,2025-03-17
20250318,E01,Group Treasury HQ,EUR,-341379.31,341379.31,-494204.24,494204.24,2025-03-18
20250318,E01,Group Treasury HQ,SGD,873752.15,974510.17,915928.68,934811.74,2025-03-18
20250318,E01,Group Treasury HQ,USD,55970.15,1152985.07,77028.25,1586781.87,2025-03-18
20250318,E02,SG Operations,SGD,-299487.41,2106725.57,-123540.57,1972144.25,2025-03-18
20250318,E02,SG Operations,USD,-277261.48,938200.38,-381556.59,1291208.21,2025-03-18
20250318,E03,Shanghai Mfg,CNY,-40413.21,2786125.23,-7527.29,519448.81,2025-03-18
20250318,E03,Shanghai Mfg,USD,627941.03,627941.03,864196.3,864196.3,2025-03-18
20250318,E04,Shenzhen Sourcing,CNY,154615.31,614834.31,135553.72,258256.8,2025-03-18
20250318,E04,Shenzhen Sourcing,USD,71670.37,71670.37,98635.49,98635.49,2025-03-18
20250318,E05,India Services,INR,3647388.52,5906626.0,59412.32,96213.02,2025-03-18
20250318,E05,India Services,USD,85217.81,85217.81,117279.99,117279.99,2025-03-18
20250318,E06,Germany GmbH,EUR,515545.66,566865.68,739539.93,827433.39,2025-03-18
20250318,E06,Germany GmbH,USD,26521.7,26521.7,36500.18,36500.18,2025-03-18
20250318,E07,Germany Sales Office,EUR,100840.4,316609.72,145983.52,458346.08,2025-03-18
20250318,E07,Germany Sales Office,USD,62574.62,62574.62,86117.57,86117.57,2025-03-18
20250318,E08,Netherlands BV,EUR,-11841.13,168708.73,-17142.04,244234.4,2025-03-18
20250318,E08,Netherlands BV,USD,80473.58,128700.86,110710.81,177162.99,2025-03-18
20250318,E09,UK Ltd,EUR,52579.83,52579.83,76118.19,76118.19,2025-03-18
20250318,E09,UK Ltd,GBP,-55451.51,55451.51,-95864.18,95864.18,2025-03-18
20250318,E09,UK Ltd,USD,4383.14,4383.14,6032.25,6032.25,2025-03-18
20250318,E10,US Inc,EUR,43618.59,135376.61,63145.28,195980.52,2025-03-18
20250318,E10,US Inc,USD,-83172.24,355845.32,145244.0,230019.06,2025-03-18
20250318,E11,US West Distribution,USD,66671.61,232936.81,108543.98,307625.5,2025-03-18
20250319,E01,Group Treasury HQ,EUR,196551.72,196551.72,284111.39,284111.39,2025-03-19
20250319,E01,Group Treasury HQ,SGD,-109352.84,109352.84,-20438.51,20438.51,2025-03-19
20250319,E01,Group Treasury HQ,USD,1354477.61,1354477.61,1868592.62,1868592.62,2025-03-19
20250319,E02,SG Operations,SGD,-299785.81,758511.91,150856.9,397260.32,2025-03-19
20250319,E02,SG Operations,USD,43530.55,43530.55,60053.31,60053.31,2025-03-19
20250319,E03,Shanghai Mfg,CNY,211560.19,1944687.33,-70535.2,471933.6,2025-03-19
20250319,E03,Shanghai Mfg,USD,2364.63,2364.63,3262.17,3262.17,2025-03-19
20250319,E04,Shenzhen Sourcing,CNY,-31746.28,31746.28,-15184.67,15184.67,2025-03-19
20250319,E05,India Services,INR,15396420.28,17011801.02,250822.03,277075.49,2025-03-19
20250319,E06,Germany GmbH,EUR,-331084.79,505397.41,-490636.96,742602.2,2025-03-19
20250319,E06,Germany GmbH,USD,-580327.48,666984.54,-800600.64,920149.86,2025-03-19
20250319,E07,Germany Sales Office,EUR,69896.59,78556.57,80457.67,92975.49,2025-03-19
20250319,E07,Germany Sales Office,USD,11560.76,11560.76,15948.84,15948.84,2025-03-19
20250319,E08,Netherlands BV,EUR,71220.58,78969.68,69494.56,80695.7,2025-03-19
20250319,E08,Netherlands BV,USD,44610.38,44610.38,61543.01,61543.01,2025-03-19
20250319,E09,UK Ltd,EUR,4570.41,4570.41,6606.43,6606.43,2025-03-19
20250319,E09,UK Ltd,GBP,-220103.46,251125.94,-62500.86,96699.5,2025-03-19
20250319,E09,UK Ltd,USD,-7444.85,9690.77,-10270.67,13369.07,2025-03-19
20250319,E10,US Inc,EUR,-73794.64,73794.64,-106668.6,106668.6,2025-03-19
20250319,E10,US Inc,USD,-1817217.63,2135916.73,-150997.38,590664.14,2025-03-19
20250319,E11,US West Distribution,USD,-803564.6,870090.02,-1108926.9,1200838.16,2025-03-19
20250320,E01,Group Treasury HQ,CNY,-1048387.1,1048387.1,-195416.21,195416.21,2025-03-20
20250320,E01,Group Treasury HQ,EUR,-14883.82,40920.72,-21615.85,59429.37,2025-03-20
20250320,E01,Group Treasury HQ,SGD,-405605.58,491911.76,-132279.99,233633.07,2025-03-20
20250320,E02,SG Operations,SGD,-2739936.39,2979936.39,-439244.22,679244.22,2025-03-20
20250320,E02,SG Operations,USD,70203.39,88751.99,96873.41,122337.83,2025-03-20
20250320,E03,Shanghai Mfg,CNY,-1749244.27,3270969.91,-326053.88,609698.96,2025-03-20
20250320,E03,Shanghai Mfg,EUR,-4680.58,4680.58,-6797.63,6797.63,2025-03-20
20250320,E03,Shanghai Mfg,USD,-688730.45,688730.45,-949810.25,949810.25,2025-03-20
20250320,E04,Shenzhen Sourcing,CNY,-1722097.41,3855782.79,-596152.25,1023895.85,2025-03-20
20250320,E04,Shenzhen Sourcing,USD,-21821.84,21821.84,-29958.09,29958.09,2025-03-20
20250320,E05,India Services,EUR,-1691.16,1691.16,-2456.08,2456.08,2025-03-20
20250320,E05,India Services,INR,-2191447.91,3137557.23,-35593.49,50960.21,2025-03-20
20250320,E05,India Services,USD,-1821.48,4958.36,-2511.96,6837.94,2025-03-20
20250320,E06,Germany GmbH,EUR,-410990.36,535232.0,-9744.52,171141.74,2025-03-20
20250320,E06,Germany GmbH,USD,16416.99,81591.09,22688.01,112472.39,2025-03-20
20250320,E07,Germany Sales Office,EUR,-218.23,218.23,-316.93,316.93,2025-03-20
20250320,E07,Germany Sales Office,USD,1544.32,1544.32,2129.73,2129.73,2025-03-20
20250320,E08,Netherlands BV,EUR,-195988.51,253767.15,-208277.27,292189.47,2025-03-20
20250320,E09,UK Ltd,EUR,-161328.04,161328.04,-234297.52,234297.52,2025-03-20
20250320,E09,UK Ltd,GBP,-164742.35,196298.01,-152079.87,206141.77,2025-03-20
20250320,E09,UK Ltd,USD,4491.77,48355.35,6194.47,66685.61,2025-03-20
20250320,E10,US Inc,EUR,-43532.61,85224.05,-63209.63,123758.31,2025-03-20
20250320,E10,US Inc,USD,-228026.09,347507.41,-27627.49,192401.09,2025-03-20
20250320,E11,US West Distribution,USD,29658.03,1437571.77,787116.75,1236301.73,2025-03-20
20250321,E01,Group Treasury HQ,CNY,-2419354.84,2419354.84,-450498.39,450498.39,2025-03-21
20250321,E01,Group Treasury HQ,EUR,-403448.28,403448.28,-584687.73,584687.73,2025-03-21
20250321,E01,Group Treasury HQ,SGD,-568.08,568.08,-568.08,568.08,2025-03-21
20250321,E02,SG Operations,SGD,21225.31,237201.05,21225.31,237201.05,2025-03-21
20250321,E02,SG Operations,USD,9968.23,9968.23,13684.87,13684.87,2025-03-21
20250321,E03,Shanghai Mfg,CNY,-864936.49,3196088.71,-161056.47,595131.01,2025-03-21
20250321,E03,Shanghai Mfg,EUR,-16728.79,16728.79,-24243.8,24243.8,2025-03-21
20250321,E03,Shanghai Mfg,USD,-599841.81,599841.81,-823492.23,823492.23,2025-03-21
20250321,E04,Shenzhen Sourcing,CNY,1272430.36,4530977.88,236934.17,843695.27,2025-03-21
20250321,E04,Shenzhen Sourcing,USD,-11516.03,11516.03,-15809.77,15809.77,2025-03-21
20250321,E05,India Services,INR,-176237.75,176237.75,-2858.06,2858.06,2025-03-21
20250321,E05,India Services,USD,-20047.62,23265.68,-27522.35,31940.27,2025-03-21
20250321,E06,Germany GmbH,EUR,-158155.74,1104516.44,-150818.26,1522308.78,2025-03-21
20250321,E07,Germany Sales Office,EUR,-62331.4,62331.4,-90332.29,90332.29,2025-03-21
20250321,E07,Germany Sales Office,USD,-23486.8,23486.8,-32243.83,32243.83,2025-03-21
20250321,E08,Netherlands BV,EUR,-17866.27,17866.27,-10711.28,10711.28,2025-03-21
20250321,E09,UK Ltd,EUR,89313.15,89313.15,129434.93,129434.93,2025-03-21
20250321,E09,UK Ltd,GBP,-260992.47,271262.11,-116894.63,134377.23,2025-03-21
20250321,E09,UK Ltd,USD,-36885.65,36885.65,-50638.43,50638.43,2025-03-21
20250321,E10,US Inc,EUR,-149918.51,149918.51,-217265.8,217265.8,2025-03-21
20250321,E10,US Inc,USD,-457230.54,457230.54,-235895.16,235895.16,2025-03-21
20250321,E11,US West Distribution,USD,-199971.83,199971.83,-60103.6,60103.6,2025-03-21
20250323,E01,Group Treasury HQ,SGD,-120000.0,120000.0,-120000.0,120000.0,2025-03-23
20250323,E02,SG Operations,SGD,120000.0,120000.0,120000.0,120000.0,2025-03-23
20250324,E01,Group Treasury HQ,CNY,-5000000.0,5000000.0,-930855.0,930855.0,2025-03-24
20250324,E01,Group Treasury HQ,EUR,-579310.35,579310.35,-842738.4,842738.4,2025-03-24
20250324,E01,Group Treasury HQ,SGD,-433639.91,616923.05,-401008.32,649554.64,2025-03-24
20250324,E02,SG Operations,SGD,567619.9,704825.6,655871.93,688746.39,2025-03-24
20250324,E02,SG Operations,USD,356825.66,356825.66,488185.71,488185.71,2025-03-24
20250324,E03,Shanghai Mfg,CNY,4186863.8,4220535.24,779472.62,785741.26,2025-03-24
20250324,E03,Shanghai Mfg,USD,2889.05,2889.05,3952.91,3952.91,2025-03-24
20250324,E04,Shenzhen Sourcing,CNY,6056697.82,6136373.7,1095446.5,1174549.82,2025-03-24
20250324,E04,Shenzhen Sourcing,USD,148872.02,148872.02,203692.51,203692.51,2025-03-24
20250324,E05,India Services,INR,29396961.15,29861706.21,442929.45,519075.77,2025-03-24
20250324,E05,India Services,USD,21344.88,21344.88,29204.9,29204.9,2025-03-24
20250324,E06,Germany GmbH,EUR,311678.7,395553.2,453407.43,575421.91,2025-03-24
20250324,E06,Germany GmbH,USD,146047.27,185084.43,199827.57,253239.73,2025-03-24
20250324,E07,Germany Sales Office,EUR,62342.05,62943.45,98425.16,99300.02,2025-03-24
20250324,E07,Germany Sales Office,USD,22725.86,22725.86,31094.41,31094.41,2025-03-24
20250324,E08,Netherlands BV,EUR,223955.12,225538.86,340118.03,342421.95,2025-03-24
20250324,E08,Netherlands BV,USD,249537.96,249537.96,341427.57,341427.57,2025-03-24
20250324,E09,UK Ltd,EUR,76741.3,76741.3,111637.64,111637.64,2025-03-24
20250324,E09,UK Ltd,GBP,-192635.29,230460.03,-343110.85,380935.59,2025-03-24
20250324,E09,UK Ltd,USD,106063.92,106063.92,145120.78,145120.78,2025-03-24
20250324,E10,US Inc,EUR,420560.43,420560.43,611800.62,611800.62,2025-03-24
20250324,E10,US Inc,USD,538645.7,555962.46,649901.41,673594.91,2025-03-24
20250324,E11,US West Distribution,USD,492527.04,494566.74,703606.97,706393.75,2025-03-24
20250325,E01,Group Treasury HQ,EUR,-206896.55,206896.55,-299786.9,299786.9,2025-03-25
20250325,E01,Group Treasury HQ,SGD,-577891.25,1458975.95,263761.05,643296.61,2025-03-25
20250325,E01,Group Treasury HQ,USD,425373.13,425373.13,580452.69,580452.69,2025-03-25
20250325,E02,SG Operations,SGD,-1227264.95,2324499.15,-6946.05,1348011.13,2025-03-25
20250325,E02,SG Operations,USD,-412450.56,617889.44,-563828.95,842145.19,2025-03-25
20250325,E03,Shanghai Mfg,CNY,-183534.48,3983452.16,-34198.24,742248.3,2025-03-25
20250325,E03,Shanghai Mfg,EUR,21096.39,53630.09,30568.04,77708.4,2025-03-25
20250325,E03,Shanghai Mfg,USD,129665.27,147497.69,176937.73,201271.37,2025-03-25
20250325,E04,Shenzhen Sourcing,CNY,-841609.61,2438224.43,-228141.63,651958.75,2025-03-25
20250325,E04,Shenzhen Sourcing,USD,-160967.05,160967.05,-219651.29,219651.29,2025-03-25
20250325,E05,India Services,EUR,-30926.97,30926.97,-44812.25,44812.25,2025-03-25
20250325,E05,India Services,INR,7108387.42,7252882.48,190079.32,192419.7,2025-03-25
20250325,E06,Germany GmbH,EUR,842085.39,885589.57,1056513.02,1130377.88,2025-03-25
20250325,E06,Germany GmbH,USD,-38213.33,132703.15,-52144.88,181083.14,2025-03-25
20250325,E07,Germany Sales Office,EUR,105592.26,171470.58,153318.73,248774.45,2025-03-25
20250325,E07,Germany Sales Office,USD,14348.9,14348.9,19580.12,19580.12,2025-03-25
20250325,E08,Netherlands BV,EUR,-32606.93,117451.55,-65321.39,152108.85,2025-03-25
20250325,E08,Netherlands BV,USD,341835.4,341835.4,466459.37,466459.37,2025-03-25
20250325,E09,UK Ltd,EUR,-9979.14,35942.32,-14459.48,52079.34,2025-03-25
20250325,E09,UK Ltd,GBP,-3818.07,3818.07,-6581.5,6581.5,2025-03-25
20250325,E09,UK Ltd,USD,12397.95,20076.97,16917.91,27396.49,2025-03-25
20250325,E10,US Inc,EUR,98595.63,131942.13,142862.11,191180.19,2025-03-25
20250325,E10,US Inc,USD,-426836.91,956225.03,144969.02,577419.72,2025-03-25
20250325,E11,US West Distribution,USD,-498553.69,1054521.51,136923.44,639016.86,2025-03-25
20250326,E01,Group Treasury HQ,EUR,301200.2,301200.2,434268.34,434268.34,2025-03-26
20250326,E01,Group Treasury HQ,GBP,-209302.33,209302.33,-361113.28,361113.28,2025-03-26
20250326,E01,Group Treasury HQ,SGD,-77507.5,77507.5,-77507.5,77507.5,2025-03-26
20250326,E01,Group Treasury HQ,USD,503731.34,526119.4,680883.58,711145.08,2025-03-26
20250326,E02,SG Operations,SGD,-38804.26,233684.34,-34505.2,245499.44,2025-03-26
20250326,E02,SG Operations,USD,91497.69,91497.69,123675.6,123675.6,2025-03-26
20250326,E03,Shanghai Mfg,CNY,-514659.27,906185.27,-170682.98,243621.54,2025-03-26
20250326,E03,Shanghai Mfg,EUR,17266.83,17266.83,24924.29,24924.29,2025-03-26
20250326,E03,Shanghai Mfg,USD,-30139.48,30139.48,-40738.93,40738.93,2025-03-26
20250326,E04,Shenzhen Sourcing,CNY,-373343.97,1871644.09,-69551.36,348674.2,2025-03-26
20250326,E04,Shenzhen Sourcing,USD,29538.11,29538.11,39926.07,39926.07,2025-03-26
20250326,E05,India Services,INR,2085559.6,2361275.54,40923.94,45391.1,2025-03-26
20250326,E05,India Services,USD,46990.49,108304.97,63516.11,146393.67,2025-03-26
20250326,E06,Germany GmbH,EUR,-484830.47,1036454.91,-652132.43,1447460.69,2025-03-26
20250326,E06,Germany GmbH,USD,-3889.54,29690.26,-5257.41,40131.73,2025-03-26
20250326,E07,Germany Sales Office,EUR,-46568.4,51450.14,-67141.99,74180.45,2025-03-26
20250326,E07,Germany Sales Office,USD,29930.08,29930.08,40455.89,40455.89,2025-03-26
20250326,E08,Netherlands BV,EUR,-445093.92,555618.62,-205726.23,365079.97,2025-03-26
20250326,E08,Netherlands BV,USD,-54278.84,54278.84,-73173.41,73173.41,2025-03-26
20250326,E09,UK Ltd,GBP,125645.45,365611.73,398535.62,449039.7,2025-03-26
20250326,E09,UK Ltd,USD,18936.82,57781.94,25596.52,78102.7,2025-03-26
20250326,E10,US Inc,EUR,4435.08,4435.08,6394.47,6394.47,2025-03-26
20250326,E10,US Inc,USD,-355276.29,1090745.77,286449.13,707670.25,2025-03-26
20250326,E11,US West Distribution,USD,-519785.49,542515.35,-702583.65,733307.15,2025-03-26
20250327,E01,Group Treasury HQ,CNY,-80645.16,80645.16,-15022.18,15022.18,2025-03-27
20250327,E01,Group Treasury HQ,EUR,138.21,37499.77,199.51,54130.09,2025-03-27
20250327,E01,Group Treasury HQ,SGD,-231423.67,306662.37,-10476.54,89755.42,2025-03-27
20250327,E02,SG Operations,SGD,-712234.01,1230963.53,20937.84,497791.68,2025-03-27
20250327,E02,SG Operations,USD,-35132.53,35132.53,-47362.23,47362.23,2025-03-27
20250327,E03,Shanghai Mfg,CNY,-4860511.52,5998907.96,-905415.95,1117470.75,2025-03-27
20250327,E03,Shanghai Mfg,EUR,7588.04,39297.26,10953.17,56724.73,2025-03-27
20250327,E03,Shanghai Mfg,USD,-47335.65,47335.65,-63813.29,63813.29,2025-03-27
20250327,E04,Shenzhen Sourcing,CNY,-4577222.37,5482107.67,-921161.65,1122098.73,2025-03-27
20250327,E04,Shenzhen Sourcing,USD,45750.13,63361.23,61723.17,85464.73,2025-03-27
20250327,E05,India Services,EUR,-999.13,999.13,-1442.22,1442.22,2025-03-27
20250327,E05,India Services,INR,10990954.5,15723256.9,164765.9,267176.18,2025-03-27
20250327,E05,India Services,USD,-3835.04,3835.04,-5174.22,5174.22,2025-03-27
20250327,E06,Germany GmbH,EUR,-4520.52,78059.7,-15693.64,121845.82,2025-03-27
20250327,E06,Germany GmbH,USD,-27491.9,27491.9,-37061.89,37061.89,2025-03-27
20250327,E07,Germany Sales Office,EUR,-523.72,523.72,-755.97,755.97,2025-03-27
20250327,E07,Germany Sales Office,USD,-12070.08,12070.08,-16271.7,16271.7,2025-03-27
20250327,E08,Netherlands BV,EUR,-191017.03,191017.03,-97843.73,97843.73,2025-03-27
20250327,E08,Netherlands BV,USD,-44921.95,59193.99,-60584.55,79824.71,2025-03-27
20250327,E09,UK Ltd,EUR,-302812.49,349095.43,-437103.17,503911.57,2025-03-27
20250327,E09,UK Ltd,GBP,-195203.27,203875.39,-338459.63,353496.07,2025-03-27
20250327,E09,UK Ltd,USD,6179.58,6179.58,8330.7,8330.7,2025-03-27
20250327,E10,US Inc,EUR,-87713.85,87713.85,-126613.01,126613.01,2025-03-27
20250327,E10,US Inc,USD,-1658534.13,1812520.61,-343665.08,541755.16,2025-03-27
20250327,E11,US West Distribution,USD,-24330.24,130063.56,-22279.31,189098.27,2025-03-27
20250328,E01,Group Treasury HQ,SGD,40569.63,113501.35,40569.63,113501.35,2025-03-28
20250328,E01,Group Treasury HQ,USD,-55970.15,55970.15,-75514.76,75514.76,2025-03-28
20250328,E02,SG Operations,SGD,-609385.93,615831.45,-609385.93,615831.45,2025-03-28
20250328,E02,SG Operations,USD,11565.04,11565.04,15603.52,15603.52,2025-03-28
20250328,E03,Shanghai Mfg,CNY,-901567.53,925623.67,-167996.28,172478.86,2025-03-28
20250328,E03,Shanghai Mfg,USD,-79276.19,79276.19,-106959.2,106959.2,2025-03-28
20250328,E04,Shenzhen Sourcing,CNY,-547092.51,595288.03,-101944.13,110924.79,2025-03-28
20250328,E04,Shenzhen Sourcing,USD,6969.37,6969.37,9403.05,9403.05,2025-03-28
20250328,E05,India Services,INR,11292053.11,16993186.27,342113.72,434392.26,2025-03-28
20250328,E06,Germany GmbH,EUR,-884836.95,1096805.73,-909436.13,1121404.91,2025-03-28
20250328,E06,Germany GmbH,USD,-61764.8,71999.54,-83332.88,97141.56,2025-03-28
20250328,E07,Germany Sales Office,EUR,-34654.86,298919.14,-49903.87,430451.05,2025-03-28
20250328,E08,Netherlands BV,EUR,-1437211.69,1698733.87,-138841.26,507644.14,2025-03-28
20250328,E08,Netherlands BV,USD,-4422.13,72147.31,-5966.33,97340.93,2025-03-28
20250328,E09,UK Ltd,EUR,22977.81,22977.81,33088.62,33088.62,2025-03-28
20250328,E09,UK Ltd,GBP,-275607.14,321152.12,-54299.66,99844.64,2025-03-28
20250328,E09,UK Ltd,USD,-49914.19,49914.19,-67344.08,67344.08,2025-03-28
20250328,E10,US Inc,EUR,-292937.91,426405.59,-421837.9,614034.7,2025-03-28
20250328,E10,US Inc,USD,-899465.28,1223830.44,-602789.91,1040422.41,2025-03-28
20250328,E11,US West Distribution,USD,-26697.74,432532.2,-34911.26,588915.26,2025-03-28
20250330,E01,Group Treasury HQ,CNY,-3225806.45,3225806.45,-601090.32,601090.32,2025-03-30
20250330,E02,SG Operations,USD,-25743.34,25743.34,-34486.94,34486.94,2025-03-30
20250330,E04,Shenzhen Sourcing,CNY,3225806.45,3225806.45,601090.32,601090.32,2025-03-30
20250331,E01,Group Treasury HQ,EUR,-651724.14,651724.14,-940369.5,940369.5,2025-03-31
20250331,E01,Group Treasury HQ,SGD,-135000.0,135000.0,-135000.0,135000.0,2025-03-31
20250331,E02,SG Operations,SGD,135000.0,135000.0,135000.0,135000.0,2025-03-31
20250331,E03,Shanghai Mfg,CNY,3548522.21,4274728.49,659389.93,794334.35,2025-03-31
20250331,E03,Shanghai Mfg,USD,21102.12,21102.12,28304.06,28304.06,2025-03-31
20250331,E04,Shenzhen Sourcing,CNY,628570.27,1625226.05,116801.54,302001.14,2025-03-31
20250331,E04,Shenzhen Sourcing,USD,61638.11,61638.11,82573.18,82573.18,2025-03-31
20250331,E06,Germany GmbH,EUR,-422759.48,550761.3,-121431.21,306124.39,2025-03-31
20250331,E06,Germany GmbH,USD,65868.0,65868.0,88239.73,88239.73,2025-03-31
20250331,E07,Germany Sales Office,EUR,40218.52,112149.98,58031.11,161820.65,2025-03-31
20250331,E08,Netherlands BV,EUR,157293.55,158944.61,241183.41,243565.73,2025-03-31
20250331,E08,Netherlands BV,USD,21859.25,21859.25,29283.63,29283.63,2025-03-31
20250331,E09,UK Ltd,EUR,159504.46,159504.46,230148.18,230148.18,2025-03-31
20250331,E09,UK Ltd,GBP,-51787.88,51787.88,-89860.16,89860.16,2025-03-31
20250331,E09,UK Ltd,USD,73158.84,73158.84,98006.87,98006.87,2025-03-31
20250331,E10,US Inc,EUR,838970.43,838970.43,1210546.22,1210546.22,2025-03-31
20250331,E10,US Inc,USD,366496.25,367402.09,490974.85,492188.37,2025-03-31
20250331,E11,US West Distribution,USD,235209.75,315882.31,318936.94,427009.68,2025-03-31
20250401,E01,Group Treasury HQ,EUR,-196551.72,196551.72,-283797.69,283797.69,2025-04-01
20250401,E01,Group Treasury HQ,SGD,-705408.76,860260.7,-115987.33,321274.57,2025-04-01
20250401,E02,SG Operations,SGD,-2511005.02,2868047.8,-281281.47,716910.51,2025-04-01
20250401,E02,SG Operations,USD,37440.57,37440.57,50218.67,50218.67,2025-04-01
20250401,E03,Shanghai Mfg,CNY,79639.56,10039502.24,501822.57,2349187.89,2025-04-01
20250401,E03,Shanghai Mfg,USD,61724.53,73892.53,82785.44,99116.36,2025-04-01
20250401,E04,Shenzhen Sourcing,CNY,-1280649.53,2678741.91,-229716.72,529881.58,2025-04-01
20250401,E04,Shenzhen Sourcing,USD,15161.73,25393.95,20353.1,34077.48,2025-04-01
20250401,E05,India Services,EUR,75813.76,75813.76,109466.2,109466.2,2025-04-01
20250401,E05,India Services,INR,43558627.85,47846686.97,741626.0,811229.8,2025-04-01
20250401,E05,India Services,USD,210990.06,314499.72,282955.9,421878.28,2025-04-01
20250401,E06,Germany GmbH,EUR,834456.36,908304.92,920879.88,1034852.72,2025-04-01
20250401,E06,Germany GmbH,USD,-109394.76,152384.7,-146730.1,204392.08,2025-04-01
20250401,E07,Germany Sales Office,EUR,54623.32,56433.24,78869.69,81482.99,2025-04-01
20250401,E07,Germany Sales Office,USD,14291.37,14291.37,19168.87,19168.87,2025-04-01
20250401,E08,Netherlands BV,EUR,-297918.03,462109.87,20428.29,185611.21,2025-04-01
20250401,E08,Netherlands BV,USD,21004.94,47644.06,28162.65,63915.55,2025-04-01
20250401,E09,UK Ltd,EUR,-5440.54,61596.84,-7855.51,88938.63,2025-04-01
20250401,E09,UK Ltd,GBP,-90527.65,197880.05,-198503.6,305856.0,2025-04-01
20250401,E09,UK Ltd,USD,421451.59,421451.59,565288.81,565288.81,2025-04-01
20250401,E10,US Inc,EUR,33816.27,33816.27,48826.74,48826.74,2025-04-01
20250401,E10,US Inc,USD,68637.08,1257923.38,695187.08,1072088.78,2025-04-01
20250401,E11,US West Distribution,USD,-104660.43,306468.11,-140380.25,411062.85,2025-04-01
20250402,E01,Group Treasury HQ,CNY,-967741.94,967741.94,-179910.0,179910.0,2025-04-02
20250402,E01,Group Treasury HQ,EUR,134482.76,134482.76,193436.1,193436.1,2025-04-02
20250402,E01,Group Treasury HQ,SGD,-645566.43,651922.19,-645760.21,654290.41,2025-04-02
20250402,E01,Group Treasury HQ,USD,313432.84,313432.84,420664.48,420664.48,2025-04-02
20250402,E02,SG Operations,SGD,718616.27,728383.49,721347.45,731114.67,2025-04-02
20250402,E02,SG Operations,USD,46379.0,116325.54,62216.77,156093.43,2025-04-02
20250402,E03,Shanghai Mfg,CNY,-548771.25,1286638.89,-102017.61,239192.37,2025-04-02
20250402,E03,Shanghai Mfg,USD,2744.71,2744.71,3683.73,3683.73,2025-04-02
20250402,E04,Shenzhen Sourcing,CNY,1044207.52,1082341.22,194125.48,201214.82,2025-04-02
20250402,E04,Shenzhen Sourcing,USD,25945.07,652810.75,34821.4,876150.36,2025-04-02
20250402,E05,India Services,EUR,10246.52,10246.52,14738.3,14738.3,2025-04-02
20250402,E05,India Services,INR,-9737947.68,11212441.96,-221754.83,245663.75,2025-04-02
20250402,E05,India Services,USD,4767.27,4767.27,6398.25,6398.25,2025-04-02
20250402,E06,Germany GmbH,EUR,-1437771.94,1538093.88,-592714.69,737014.85,2025-04-02
20250402,E06,Germany GmbH,USD,4838.88,57183.88,6494.35,76747.63,2025-04-02
20250402,E07,Germany Sales Office,EUR,45901.2,47146.02,66022.95,67813.47,2025-04-02
20250402,E07,Germany Sales Office,USD,29659.4,29659.4,39806.47,39806.47,2025-04-02
20250402,E08,Netherlands BV,EUR,60929.26,74634.16,64476.61,84189.35,2025-04-02
20250402,E08,Netherlands BV,USD,235756.62,235756.62,316413.67,316413.67,2025-04-02
20250402,E09,UK Ltd,EUR,8878.56,8878.56,12770.66,12770.66,2025-04-02
20250402,E09,UK Ltd,GBP,-193936.04,214899.3,-101810.79,131732.01,2025-04-02
20250402,E09,UK Ltd,USD,42736.81,42736.81,57357.93,57357.93,2025-04-02
20250402,E10,US Inc,EUR,-143015.5,150726.06,-205709.35,216799.99,2025-04-02
20250402,E10,US Inc,USD,110519.47,325060.33,148330.41,436269.95,2025-04-02
20250402,E11,US West Distribution,USD,49560.66,271126.86,59840.25,370560.89,2025-04-02
20250403,E01,Group Treasury HQ,EUR,-1438887.66,1438887.66,-2084323.74,2084323.74,2025-04-03
20250403,E01,Group Treasury HQ,GBP,-183139.53,183139.53,-320206.84,320206.84,2025-04-03
20250403,E01,Group Treasury HQ,SGD,-1306587.61,1607214.63,-166760.5,509926.98,2025-04-03
20250403,E02,SG Operations,SGD,-1316217.85,1642488.21,-140695.55,470385.15,2025-04-03
20250403,E02,SG Operations,USD,126451.13,161709.37,169423.15,216663.23,2025-04-03
20250403,E03,Shanghai Mfg,CNY,-4224962.98,4224962.98,-785053.06,785053.06,2025-04-03
20250403,E03,Shanghai Mfg,EUR,-37740.43,37740.43,-54669.5,54669.5,2025-04-03
20250403,E03,Shanghai Mfg,USD,27207.77,37621.53,36453.81,50406.49,2025-04-03
20250403,E04,Shenzhen Sourcing,CNY,-3878470.77,4301467.71,-720670.28,799268.62,2025-04-03
20250403,E05,India Services,INR,-5049441.15,5049441.15,-81992.81,81992.81,2025-04-03
20250403,E05,India Services,USD,164782.49,415469.39,220780.69,556658.77,2025-04-03
20250403,E06,Germany GmbH,EUR,254001.3,369419.96,351438.42,551628.42,2025-04-03
20250403,E06,Germany GmbH,USD,99747.91,108091.29,133645.34,144824.06,2025-04-03
20250403,E07,Germany Sales Office,EUR,4234.56,34292.62,6134.03,49675.13,2025-04-03
20250403,E07,Germany Sales Office,USD,47560.87,47560.87,63723.53,63723.53,2025-04-03
20250403,E08,Netherlands BV,EUR,-344484.49,412992.03,-173094.43,272332.13,2025-04-03
20250403,E08,Netherlands BV,USD,413129.66,422427.86,553457.03,565915.03,2025-04-03
20250403,E09,UK Ltd,EUR,26539.42,84261.76,38444.1,122058.72,2025-04-03
20250403,E09,UK Ltd,GBP,-294102.87,675992.21,136390.19,523372.79,2025-04-03
20250403,E09,UK Ltd,USD,91689.81,116489.19,122912.23,156012.43,2025-04-03
20250403,E10,US Inc,EUR,1077263.39,1077263.39,1560487.12,1560487.12,2025-04-03
20250403,E10,US Inc,USD,11820.82,202829.56,16320.65,271274.59,2025-04-03
20250403,E11,US West Distribution,USD,68736.07,239500.15,98956.55,314027.89,2025-04-03
20250404,E01,Group Treasury HQ,SGD,-30625.34,30625.34,-30625.34,30625.34,2025-04-04
20250404,E02,SG Operations,SGD,-114221.87,124035.87,-112033.1,126224.64,2025-04-04
20250404,E05,India Services,INR,-49160.32,49160.32,-798.21,798.21,2025-04-04
20250404,E05,India Services,USD,-5792.12,36222.36,-7730.85,48346.67,2025-04-04
20250404,E06,Germany GmbH,EUR,-482279.3,648797.72,-697399.97,938193.93,2025-04-04
20250404,E06,Germany GmbH,USD,-109954.44,109954.44,-146758.29,146758.29,2025-04-04
20250404,E07,Germany Sales Office,EUR,-99178.13,182025.31,-154094.18,252540.02,2025-04-04
20250404,E08,Netherlands BV,EUR,-37733.56,37733.56,-54564.61,54564.61,2025-04-04
20250404,E08,Netherlands BV,USD,-16989.78,16989.78,-22676.58,22676.58,2025-04-04
20250404,E09,UK Ltd,GBP,24797.01,26760.53,43267.94,46694.04,2025-04-04
20250404,E09,UK Ltd,USD,81634.27,293627.63,108958.81,391910.39,2025-04-04
20250404,E10,US Inc,EUR,-655135.54,1174432.86,-947358.75,1698288.63,2025-04-04
20250404,E10,US Inc,USD,-68837.58,280063.2,-91878.82,373805.66,2025-04-04
20250404,E11,US West Distribution,USD,-354949.15,354949.15,-501022.35,501022.35,2025-04-04
20250406,E01,Group Treasury HQ,SGD,-570000.0,570000.0,-570000.0,570000.0,2025-04-06
20250406,E02,SG Operations,SGD,570000.0,570000.0,570000.0,570000.0,2025-04-06
20250407,E01,Group Treasury HQ,CNY,-3951612.9,3951612.9,-734691.77,734691.77,2025-04-07
20250407,E01,Group Treasury HQ,EUR,-288286.21,288286.21,-417780.91,417780.91,2025-04-07
20250407,E01,Group Treasury HQ,SGD,-810086.78,919701.38,-756793.13,903425.55,2025-04-07
20250407,E02,SG Operations,SGD,229537.2,236335.68,302041.55,308840.03,2025-04-07
20250407,E02,SG Operations,USD,-68508.37,124246.19,-91644.27,166205.25,2025-04-07
20250407,E03,Shanghai Mfg,CNY,895404.32,4269984.94,202544.74,829953.54,2025-04-07
20250407,E03,Shanghai Mfg,USD,661303.94,918091.64,884632.23,1228139.45,2025-04-07
20250407,E04,Shenzhen Sourcing,CNY,5482950.18,5521511.84,1164605.86,1195356.34,2025-04-07
20250407,E04,Shenzhen Sourcing,USD,88314.64,88314.64,118139.29,118139.29,2025-04-07
20250407,E05,India Services,INR,23382038.08,23572800.02,379209.89,382303.69,2025-04-07
20250407,E05,India Services,USD,55508.39,55508.39,74254.08,74254.08,2025-04-07
20250407,E06,Germany GmbH,EUR,-23310.45,308686.11,-51482.9,401754.48,2025-04-07
20250407,E06,Germany GmbH,USD,104509.01,126349.15,139802.63,169018.39,2025-04-07
20250407,E07,Germany Sales Office,EUR,80757.73,241320.95,111982.68,344668.98,2025-04-07
20250407,E07,Germany Sales Office,USD,38156.05,38156.05,51041.69,51041.69,2025-04-07
20250407,E08,Netherlands BV,EUR,226464.33,280436.87,325150.56,403366.9,2025-04-07
20250407,E08,Netherlands BV,USD,271293.86,271293.86,362912.25,362912.25,2025-04-07
20250407,E09,UK Ltd,EUR,59713.24,59713.24,86535.72,86535.72,2025-04-07
20250407,E09,UK Ltd,GBP,-345585.27,623441.37,60208.51,335769.55,2025-04-07
20250407,E09,UK Ltd,USD,15753.87,15753.87,21074.1,21074.1,2025-04-07
20250407,E10,US Inc,EUR,41677.43,41677.43,60398.43,60398.43,2025-04-07
20250407,E10,US Inc,USD,-2643134.25,2969627.27,-306563.23,743315.87,2025-04-07
20250407,E11,US West Distribution,USD,-1071590.42,1997413.02,336126.81,911474.95,2025-04-07
20250408,E01,Group Treasury HQ,EUR,-1781700.0,1781700.0,-2590921.42,2590921.42,2025-04-08
20250408,E01,Group Treasury HQ,SGD,172515.93,297716.09,178076.89,309217.45,2025-04-08
20250408,E01,Group Treasury HQ,USD,313432.84,313432.84,419896.57,419896.57,2025-04-08
20250408,E02,SG Operations,SGD,-4425401.07,5503899.27,-401238.73,1892599.27,2025-04-08
20250408,E02,SG Operations,USD,-224407.54,407924.44,-300632.05,546484.13,2025-04-08
20250408,E03,Shanghai Mfg,CNY,1522353.18,4474971.36,282819.73,831351.21,2025-04-08
20250408,E03,Shanghai Mfg,EUR,52096.85,52096.85,75758.46,75758.46,2025-04-08
20250408,E03,Shanghai Mfg,USD,-27164.93,33568.89,-36402.8,44960.48,2025-04-08
20250408,E04,Shenzhen Sourcing,CNY,-379703.11,4601410.51,-132673.93,916974.29,2025-04-08
20250408,E04,Shenzhen Sourcing,USD,121893.1,121893.1,163296.53,163296.53,2025-04-08
20250408,E05,India Services,EUR,-20999.72,20999.72,-30537.47,30537.47,2025-04-08
20250408,E05,India Services,INR,2456322.9,20210184.48,119983.82,408093.46,2025-04-08
20250408,E05,India Services,USD,80942.24,80942.24,108435.9,108435.9,2025-04-08
20250408,E06,Germany GmbH,EUR,1477583.58,1761995.16,2128770.2,2582176.62,2025-04-08
20250408,E06,Germany GmbH,USD,265091.35,265091.35,355134.93,355134.93,2025-04-08
20250408,E07,Germany Sales Office,EUR,259294.0,261276.58,377061.45,379944.49,2025-04-08
20250408,E07,Germany Sales Office,USD,103383.57,103383.57,138499.87,138499.87,2025-04-08
20250408,E08,Netherlands BV,EUR,234280.79,367412.39,340687.61,534285.59,2025-04-08
20250408,E08,Netherlands BV,USD,74832.22,218557.6,100250.48,292795.06,2025-04-08
20250408,E09,UK Ltd,EUR,-15755.43,15755.43,-22911.31,22911.31,2025-04-08
20250408,E09,UK Ltd,GBP,31189.51,31474.53,53331.96,53829.34,2025-04-08
20250408,E09,UK Ltd,USD,-47754.04,130305.34,-63974.65,174566.15,2025-04-08
20250408,E10,US Inc,EUR,-510743.98,614952.22,-737514.97,889053.01,2025-04-08
20250408,E10,US Inc,USD,371293.6,1098907.4,913280.23,1056303.95,2025-04-08
20250408,E11,US West Distribution,USD,36149.67,36862.69,36975.15,37930.35,2025-04-08
20250409,E01,Group Treasury HQ,EUR,41379.31,496551.73,59790.79,717489.43,2025-04-09
20250409,E01,Group Treasury HQ,GBP,-209302.33,209302.33,-363836.09,363836.09,2025-04-09
20250409,E01,Group Treasury HQ,SGD,-508.83,508.83,-508.83,508.83,2025-04-09
20250409,E01,Group Treasury HQ,USD,2160447.76,2160447.76,2887032.27,2887032.27,2025-04-09
20250409,E02,SG Operations,SGD,27474.54,286922.32,71638.05,339151.39,2025-04-09
20250409,E02,SG Operations,USD,50673.07,50673.07,67715.03,67715.03,2025-04-09
20250409,E03,Shanghai Mfg,CNY,670886.2,689668.48,124401.08,127883.84,2025-04-09
20250409,E03,Shanghai Mfg,EUR,232127.09,232127.09,335410.65,335410.65,2025-04-09
20250409,E03,Shanghai Mfg,USD,-665670.17,702769.09,-889543.05,939118.77,2025-04-09
20250409,E04,Shenzhen Sourcing,CNY,2521728.81,3817198.31,467599.15,707815.43,2025-04-09
20250409,E04,Shenzhen Sourcing,USD,-539013.09,548373.31,-720336.94,732845.12,2025-04-09
20250409,E05,India Services,EUR,-10953.33,10953.33,-15826.95,15826.95,2025-04-09
20250409,E05,India Services,INR,-15802.88,15802.88,-257.26,257.26,2025-04-09
20250409,E05,India Services,USD,34622.93,34622.93,46267.03,46267.03,2025-04-09
20250409,E06,Germany GmbH,EUR,73499.18,474796.22,112072.36,680183.76,2025-04-09
20250409,E06,Germany GmbH,USD,-289741.24,406896.62,-387184.68,543740.84,2025-04-09
20250409,E07,Germany Sales Office,EUR,-26407.4,71152.66,-38157.21,102811.61,2025-04-09
20250409,E07,Germany Sales Office,USD,11788.59,11788.59,15753.23,15753.23,2025-04-09
20250409,E08,Netherlands BV,EUR,-39898.14,39898.14,-57650.57,57650.57,2025-04-09
20250409,E08,Netherlands BV,USD,16702.61,16702.61,22319.9,22319.9,2025-04-09
20250409,E09,UK Ltd,EUR,3369.19,3369.19,4868.29,4868.29,2025-04-09
20250409,E09,UK Ltd,GBP,219444.85,326844.53,464340.41,485289.71,2025-04-09
20250409,E09,UK Ltd,USD,7565.31,7565.31,10109.61,10109.61,2025-04-09
20250409,E10,US Inc,EUR,-821454.65,842172.59,-1186955.97,1216892.23,2025-04-09
20250409,E10,US Inc,USD,-7320310.21,7758043.41,-1185302.44,1770250.56,2025-04-09
20250409,E11,US West Distribution,USD,133876.55,1473966.89,178891.49,1969688.99,2025-04-09
20250410,E01,Group Treasury HQ,EUR,-349684.57,349684.57,-502969.85,502969.85,2025-04-10
20250410,E01,Group Treasury HQ,SGD,-93355.6,105803.1,-19344.03,31791.53,2025-04-10
20250410,E01,Group Treasury HQ,USD,-190298.51,190298.51,-255708.29,255708.29,2025-04-10
20250410,E02,SG Operations,SGD,-3154963.82,3500637.66,-396032.75,878210.23,2025-04-10
20250410,E02,SG Operations,USD,-10237.51,12917.19,-13756.37,17357.11,2025-04-10
20250410,E03,Shanghai Mfg,CNY,-5186992.9,7005401.5,-952786.12,1310670.92,2025-04-10
20250410,E03,Shanghai Mfg,EUR,-133366.79,133366.79,-191828.52,191828.52,2025-04-10
20250410,E03,Shanghai Mfg,USD,109998.14,270598.88,147863.24,363553.34,2025-04-10
20250410,E04,Shenzhen Sourcing,CNY,-2044774.91,3511085.85,-646372.16,918585.46,2025-04-10
20250410,E04,Shenzhen Sourcing,USD,103984.51,110572.05,139726.27,148578.09,2025-04-10
20250410,E06,Germany GmbH,EUR,64750.92,305499.48,166829.29,365721.49,2025-04-10
20250410,E06,Germany GmbH,USD,-21838.82,124001.42,-29345.3,166623.44,2025-04-10
20250410,E07,Germany Sales Office,EUR,136139.33,136396.15,195816.42,196185.82,2025-04-10
20250410,E07,Germany Sales Office,USD,26951.27,26951.27,36215.01,36215.01,2025-04-10
20250410,E08,Netherlands BV,EUR,-2579396.28,2629836.78,-1202172.78,1257142.5,2025-04-10
20250410,E08,Netherlands BV,USD,385822.39,385822.39,518438.04,518438.04,2025-04-10
20250410,E09,UK Ltd,EUR,-164733.24,164733.24,-236944.55,236944.55,2025-04-10
20250410,E09,UK Ltd,GBP,-176615.64,222943.32,-149554.13,230204.55,2025-04-10
20250410,E09,UK Ltd,USD,9802.22,110254.0,13171.45,148150.73,2025-04-10
20250410,E10,US Inc,EUR,68042.65,68042.65,97869.35,97869.35,2025-04-10
20250410,E10,US Inc,USD,-2503965.31,2503965.31,-681247.76,681247.76,2025-04-10
20250410,E11,US West Distribution,USD,-523201.13,523201.13,-168049.01,168049.01,2025-04-10
20250411,E01,Group Treasury HQ,EUR,-206896.55,206896.55,-298465.24,298465.24,2025-04-11
20250411,E01,Group Treasury HQ,SGD,-691055.0,691055.0,-143658.5,143658.5,2025-04-11
20250411,E02,SG Operations,SGD,-164736.17,220918.67,-164736.17,220918.67,2025-04-11
20250411,E02,SG Operations,USD,17891.6,52795.26,23851.56,70382.16,2025-04-11
20250411,E03,Shanghai Mfg,CNY,1038354.65,1472450.83,60576.41,405353.75,2025-04-11
20250411,E03,Shanghai Mfg,EUR,-29183.9,29183.9,-42100.17,42100.17,2025-04-11
20250411,E03,Shanghai Mfg,USD,35186.61,52128.97,46907.79,69493.91,2025-04-11
20250411,E04,Shenzhen Sourcing,CNY,-471735.63,471735.63,-87539.97,87539.97,2025-04-11
20250411,E05,India Services,INR,6559504.08,17275872.3,106992.06,281786.74,2025-04-11
20250411,E05,India Services,USD,34679.38,34679.38,46231.6,46231.6,2025-04-11
20250411,E06,Germany GmbH,EUR,-1250298.2,1875339.16,-1689852.27,2623134.45,2025-04-11
20250411,E06,Germany GmbH,USD,-19942.21,19942.21,-26585.26,26585.26,2025-04-11
20250411,E07,Germany Sales Office,EUR,-35179.8,35179.8,-50749.75,50749.75,2025-04-11
20250411,E07,Germany Sales Office,USD,28087.01,32410.53,37443.22,43206.96,2025-04-11
20250411,E08,Netherlands BV,EUR,-217695.04,597411.64,44788.86,334927.74,2025-04-11
20250411,E08,Netherlands BV,USD,-336600.56,553981.28,-448727.27,738520.75,2025-04-11
20250411,E09,UK Ltd,EUR,10807.98,10807.98,15591.4,15591.4,2025-04-11
20250411,E09,UK Ltd,GBP,-271659.74,346894.86,-43901.74,174597.34,2025-04-11
20250411,E09,UK Ltd,USD,-27378.97,27378.97,-36499.32,36499.32,2025-04-11
20250411,E10,US Inc,EUR,-33985.3,55816.8,-49026.59,80520.31,2025-04-11
20250411,E10,US Inc,USD,-374458.19,692170.09,-227838.23,651384.71,2025-04-11
20250411,E11,US West Distribution,USD,-361267.62,381220.86,-200120.57,226720.53,2025-04-11
20250413,E01,Group Treasury HQ,SGD,-195000.0,195000.0,-195000.0,195000.0,2025-04-13
20250413,E02,SG Operations,SGD,195000.0,195000.0,195000.0,195000.0,2025-04-13
20250414,E01,Group Treasury HQ,EUR,-113793.1,113793.1,-162860.46,162860.46,2025-04-14
20250414,E01,Group Treasury HQ,SGD,404263.76,734672.7,515209.07,845618.01,2025-04-14
20250414,E01,Group Treasury HQ,USD,-167910.45,167910.45,-223764.35,223764.35,2025-04-14
20250414,E02,SG Operations,SGD,-524260.63,1191505.03,-97989.82,815471.44,2025-04-14
20250414,E02,SG Operations,USD,79687.04,79687.04,106194.22,106194.22,2025-04-14
20250414,E03,Shanghai Mfg,CNY,2122393.95,3202492.83,394109.46,594674.1,2025-04-14
20250414,E03,Shanghai Mfg,EUR,-99806.65,109266.25,-142843.08,156381.64,2025-04-14
20250414,E03,Shanghai Mfg,USD,94988.84,94988.84,126674.4,126674.4,2025-04-14
20250414,E04,Shenzhen Sourcing,CNY,5809107.65,6023524.93,1060263.93,1136949.43,2025-04-14
20250414,E04,Shenzhen Sourcing,USD,372344.58,372344.58,496201.66,496201.66,2025-04-14
20250414,E06,Germany GmbH,EUR,33156.07,120342.81,37597.43,162378.93,2025-04-14
20250414,E06,Germany GmbH,USD,282499.01,323222.41,376412.65,430796.55,2025-04-14
20250414,E07,Germany Sales Office,EUR,101712.1,107525.6,145570.15,153890.43,2025-04-14
20250414,E07,Germany Sales Office,USD,15474.37,15474.37,20621.78,20621.78,2025-04-14
20250414,E08,Netherlands BV,EUR,68164.23,69120.71,100063.75,101432.67,2025-04-14
20250414,E08,Netherlands BV,USD,161990.78,161990.78,215875.56,215875.56,2025-04-14
20250414,E09,UK Ltd,EUR,51279.3,51279.3,73390.83,73390.83,2025-04-14
20250414,E09,UK Ltd,GBP,-136096.21,285876.83,-268970.93,465591.83,2025-04-14
20250414,E09,UK Ltd,USD,100201.93,100201.93,133533.2,133533.2,2025-04-14
20250414,E10,US Inc,EUR,279786.89,279786.89,400430.44,400430.44,2025-04-14
20250414,E10,US Inc,USD,102323.0,256476.16,131074.08,347076.38,2025-04-14
20250414,E11,US West Distribution,USD,57613.21,235823.51,77434.7,315417.62,2025-04-14
20250415,E01,Group Treasury HQ,EUR,-235892.85,1212383.01,-337097.26,1732528.06,2025-04-15
20250415,E01,Group Treasury HQ,SGD,170506.9,2806315.64,1462753.93,2063682.39,2025-04-15
20250415,E01,Group Treasury HQ,USD,223880.6,223880.6,298980.45,298980.45,2025-04-15
20250415,E02,SG Operations,SGD,-769520.82,2366798.5,-20210.12,1837667.58,2025-04-15
20250415,E02,SG Operations,USD,-112878.47,469091.41,-150743.1,626446.24,2025-04-15
20250415,E03,Shanghai Mfg,CNY,-73337.42,2642704.36,-13612.29,490517.63,2025-04-15
20250415,E03,Shanghai Mfg,EUR,15654.17,15654.17,22370.23,22370.23,2025-04-15
20250415,E03,Shanghai Mfg,USD,63065.39,540155.15,84248.6,721319.84,2025-04-15
20250415,E04,Shenzhen Sourcing,CNY,-1170059.29,1362738.91,-217177.05,252940.69,2025-04-15
20250415,E04,Shenzhen Sourcing,USD,-111916.05,232639.09,-149457.84,310676.94,2025-04-15
20250415,E05,India Services,EUR,29634.86,114760.8,42349.02,163996.28,2025-04-15
20250415,E05,India Services,INR,17195843.41,20079423.91,280532.98,327575.72,2025-04-15
20250415,E05,India Services,USD,84170.66,98635.6,112405.38,131722.52,2025-04-15
20250415,E06,Germany GmbH,EUR,483610.4,1089304.34,679949.26,1567788.38,2025-04-15
20250415,E06,Germany GmbH,USD,230385.9,267081.04,307667.93,356672.31,2025-04-15
20250415,E07,Germany Sales Office,EUR,-24839.27,89785.15,-35495.99,128305.41,2025-04-15
20250415,E07,Germany Sales Office,USD,52920.27,52920.27,70672.16,70672.16,2025-04-15
20250415,E08,Netherlands BV,EUR,-71951.1,318191.44,-116861.71,440662.51,2025-04-15
20250415,E08,Netherlands BV,USD,173908.09,364508.07,232244.87,486780.85,2025-04-15
20250415,E09,UK Ltd,EUR,84492.64,99211.22,120742.26,141775.5,2025-04-15
20250415,E09,UK Ltd,GBP,-1430.7,1430.7,-2481.7,2481.7,2025-04-15
20250415,E09,UK Ltd,USD,-72553.78,72553.78,-96757.69,96757.69,2025-04-15
20250415,E10,US Inc,EUR,36556.34,36556.34,52240.0,52240.0,2025-04-15
20250415,E10,US Inc,USD,-130280.33,885441.11,-182749.25,1172743.19,2025-04-15
20250415,E11,US West Distribution,USD,33735.56,342604.2,80640.4,436250.2,2025-04-15
20250416,E01,Group Treasury HQ,EUR,0.0,393103.44,0.0,561108.78,2025-04-16
20250416,E01,Group Treasury HQ,GBP,-209302.33,209302.33,-363060.84,363060.84,2025-04-16
20250416,E01,Group Treasury HQ,SGD,49142.88,49856.76,65488.17,66202.05,2025-04-16
20250416,E01,Group Treasury HQ,USD,1276119.4,1276119.4,1697505.51,1697505.51,2025-04-16
20250416,E02,SG Operations,SGD,86967.04,218439.8,152229.73,283702.49,2025-04-16
20250416,E02,SG Operations,USD,126219.68,126219.68,167898.55,167898.55,2025-04-16
20250416,E03,Shanghai Mfg,CNY,828984.04,3109184.64,153677.91,576383.73,2025-04-16
20250416,E03,Shanghai Mfg,EUR,22036.98,22036.98,31455.19,31455.19,2025-04-16
20250416,E03,Shanghai Mfg,USD,-313432.84,313432.84,-416931.18,416931.18,2025-04-16
20250416,E04,Shenzhen Sourcing,CNY,138951.09,155529.23,25758.89,28832.17,2025-04-16
20250416,E05,India Services,INR,-330130.65,790149.83,-5385.75,12890.51,2025-04-16
20250416,E06,Germany GmbH,EUR,-336547.63,1331651.63,242897.59,1174243.65,2025-04-16
20250416,E06,Germany GmbH,USD,-390383.59,437974.61,-519291.77,582597.77,2025-04-16
20250416,E07,Germany Sales Office,EUR,-27474.67,131419.55,-39216.85,187585.91,2025-04-16
20250416,E07,Germany Sales Office,USD,11039.72,11039.72,14685.13,14685.13,2025-04-16
20250416,E08,Netherlands BV,EUR,-58252.65,281609.43,95205.83,223609.61,2025-04-16
20250416,E08,Netherlands BV,USD,29252.92,29252.92,38912.5,38912.5,2025-04-16
20250416,E09,UK Ltd,EUR,-63019.22,63019.22,-89952.5,89952.5,2025-04-16
20250416,E09,UK Ltd,GBP,192189.6,360162.12,420332.15,454365.57,2025-04-16
20250416,E10,US Inc,EUR,-164975.29,298208.23,-235482.76,425657.06,2025-04-16
20250416,E10,US Inc,USD,83075.48,388541.26,110507.77,516841.07,2025-04-16
20250416,E11,US West Distribution,USD,-606203.47,619652.47,-807226.22,825116.2,2025-04-16
20250417,E01,Group Treasury HQ,EUR,-237931.03,237931.03,-341799.11,341799.11,2025-04-17
20250417,E01,Group Treasury HQ,SGD,-493517.78,499069.32,-88498.88,95893.76,2025-04-17
20250417,E01,Group Treasury HQ,USD,-514925.37,514925.37,-685902.23,685902.23,2025-04-17
20250417,E02,SG Operations,SGD,-2290651.83,2427045.75,-342915.41,538851.69,2025-04-17
20250417,E02,SG Operations,USD,-52346.31,52346.31,-69727.48,69727.48,2025-04-17
20250417,E03,Shanghai Mfg,CNY,-3218596.25,3573671.05,-584081.1,673595.46,2025-04-17
20250417,E03,Shanghai Mfg,EUR,18530.44,24946.62,26619.85,35836.99,2025-04-17
20250417,E03,Shanghai Mfg,USD,-26139.31,70553.83,-34818.66,93980.66,2025-04-17
20250417,E04,Shenzhen Sourcing,CNY,-1330148.34,2050949.12,-168231.7,493124.0,2025-04-17
20250417,E04,Shenzhen Sourcing,USD,-190212.71,224664.13,-253371.32,299262.06,2025-04-17
20250417,E05,India Services,INR,-206249.73,1515315.91,-291.17,121924.43,2025-04-17
20250417,E05,India Services,USD,15.58,1594.04,20.75,2123.33,2025-04-17
20250417,E06,Germany GmbH,EUR,-82725.53,125555.69,-119181.12,180708.66,2025-04-17
20250417,E06,Germany GmbH,USD,409008.77,519330.35,544816.86,691769.84,2025-04-17
20250417,E07,Germany Sales Office,EUR,-2727.5,19920.84,-8591.34,25784.68,2025-04-17
20250417,E07,Germany Sales Office,USD,99099.61,99099.61,132004.84,132004.84,2025-04-17
20250417,E08,Netherlands BV,EUR,32754.42,443107.64,26873.53,656724.69,2025-04-17
20250417,E08,Netherlands BV,USD,51661.67,87162.21,68815.51,116103.73,2025-04-17
20250417,E09,UK Ltd,EUR,-939.16,939.16,-1349.15,1349.15,2025-04-17
20250417,E09,UK Ltd,GBP,-94973.11,94973.11,-164654.6,164654.6,2025-04-17
20250417,E09,UK Ltd,USD,-42084.85,60106.71,-56058.77,80064.65,2025-04-17
20250417,E10,US Inc,EUR,-16403.09,16403.09,-23563.81,23563.81,2025-04-17
20250417,E10,US Inc,USD,-336013.84,612545.64,94615.28,273736.7,2025-04-17
20250417,E11,US West Distribution,USD,-294222.01,881615.93,180868.03,601565.33,2025-04-17
20250418,E03,Shanghai Mfg,CNY,1752367.8,2108565.12,325267.5,391383.42,2025-04-18
20250418,E04,Shenzhen Sourcing,CNY,93891.03,204427.93,17427.69,37945.09,2025-04-18
20250418,E04,Shenzhen Sourcing,USD,43291.91,52711.21,57851.89,70439.09,2025-04-18
20250418,E06,Germany GmbH,EUR,-342894.48,342894.48,-63646.7,63646.7,2025-04-18
20250418,E06,Germany GmbH,USD,-42728.93,42728.93,-57099.57,57099.57,2025-04-18
20250418,E08,Netherlands BV,EUR,-294898.85,294898.85,-54737.94,54737.94,2025-04-18
20250418,E09,UK Ltd,GBP,-212700.58,212700.58,-39480.63,39480.63,2025-04-18
20250418,E10,US Inc,USD,-345545.1,452920.02,-102397.0,245884.36,2025-04-18
20250418,E11,US West Distribution,USD,-35738.21,312230.47,-47757.72,417240.14,2025-04-18
20250421,E01,Group Treasury HQ,CNY,-967741.94,967741.94,-179912.9,179912.9,2025-04-21
20250421,E01,Group Treasury HQ,SGD,-1135414.55,1142884.47,-1134135.74,1144163.28,2025-04-21
20250421,E02,SG Operations,SGD,523003.47,1457773.49,730616.76,1287181.88,2025-04-21
20250421,E02,SG Operations,USD,795261.09,795261.09,1067550.53,1067550.53,2025-04-21
20250421,E03,Shanghai Mfg,CNY,2582860.82,5024019.0,520669.59,975567.65,2025-04-21
20250421,E03,Shanghai Mfg,USD,240148.1,240148.1,322406.72,322406.72,2025-04-21
20250421,E04,Shenzhen Sourcing,CNY,1781569.88,1792831.44,331211.65,333305.29,2025-04-21
20250421,E04,Shenzhen Sourcing,USD,317711.57,317711.57,426492.83,426492.83,2025-04-21
20250421,E05,India Services,INR,28541379.58,28690596.74,457216.21,479965.21,2025-04-21
20250421,E05,India Services,USD,182854.95,182854.95,245462.66,245462.66,2025-04-21
20250421,E06,Germany GmbH,USD,-65494.55,65494.55,-88076.76,88076.76,2025-04-21
20250421,E09,UK Ltd,GBP,52774.2,208219.56,2373.42,261982.76,2025-04-21
20250421,E09,UK Ltd,USD,62419.54,62419.54,83791.36,83791.36,2025-04-21
20250421,E10,US Inc,USD,147381.22,254879.6,192575.27,329347.41,2025-04-21
20250421,E11,US West Distribution,USD,-136017.01,462736.35,-43691.75,482276.51,2025-04-21
20250422,E01,Group Treasury HQ,EUR,-340140.71,383997.23,-488875.05,551908.85,2025-04-22
20250422,E01,Group Treasury HQ,SGD,409379.36,410066.36,442098.06,442785.06,2025-04-22
20250422,E01,Group Treasury HQ,USD,1276119.4,1276119.4,1716910.19,1716910.19,2025-04-22
20250422,E02,SG Operations,SGD,-318135.76,1096617.8,-123843.41,919111.05,2025-04-22
20250422,E02,SG Operations,USD,-924803.24,1627435.56,-1244453.0,2189367.38,2025-04-22
20250422,E03,Shanghai Mfg,CNY,-3005878.96,5292216.0,-565582.47,992089.49,2025-04-22
20250422,E03,Shanghai Mfg,USD,34448.29,66022.07,46436.45,88737.89,2025-04-22
20250422,E04,Shenzhen Sourcing,CNY,-1245560.51,4218732.19,-16264.44,1003077.54,2025-04-22
20250422,E04,Shenzhen Sourcing,USD,345983.66,403527.18,465491.6,542911.52,2025-04-22
20250422,E05,India Services,EUR,-4799.12,4799.12,-6897.65,6897.65,2025-04-22
20250422,E05,India Services,INR,193861.23,235520.71,3155.1,3833.1,2025-04-22
20250422,E05,India Services,USD,2673.28,95914.42,3596.68,129044.7,2025-04-22
20250422,E06,Germany GmbH,EUR,-365313.98,1372853.66,-270094.63,1712392.09,2025-04-22
20250422,E06,Germany GmbH,USD,418512.1,418512.1,563072.45,563072.45,2025-04-22
20250422,E07,Germany Sales Office,EUR,36174.62,90759.94,53678.3,132132.3,2025-04-22
20250422,E07,Germany Sales Office,USD,42368.09,42368.09,57002.66,57002.66,2025-04-22
20250422,E08,Netherlands BV,EUR,100868.65,369892.55,174071.73,561566.63,2025-04-22
20250422,E08,Netherlands BV,USD,489821.83,489821.83,659013.65,659013.65,2025-04-22
20250422,E09,UK Ltd,EUR,-56583.55,130506.93,-81326.01,187574.09,2025-04-22
20250422,E09,UK Ltd,GBP,-84293.36,284586.16,-218366.93,424972.97,2025-04-22
20250422,E09,UK Ltd,USD,160445.24,160445.24,215865.42,215865.42,2025-04-22
20250422,E10,US Inc,EUR,190475.21,635385.39,273764.87,913222.27,2025-04-22
20250422,E10,US Inc,USD,-161907.63,953281.41,377715.97,677167.25,2025-04-22
20250422,E11,US West Distribution,USD,220622.66,261117.28,287935.79,346082.63,2025-04-22
20250423,E01,Group Treasury HQ,EUR,539026.21,539026.21,777581.42,777581.42,2025-04-23
20250423,E01,Group Treasury HQ,SGD,108737.36,193061.5,94406.19,207392.67,2025-04-23
20250423,E01,Group Treasury HQ,USD,1835820.9,1835820.9,2458362.45,2458362.45,2025-04-23
20250423,E02,SG Operations,SGD,474942.01,480236.01,628133.62,633427.62,2025-04-23
20250423,E02,SG Operations,USD,38426.99,38426.99,51457.89,51457.89,2025-04-23
20250423,E03,Shanghai Mfg,CNY,2027322.81,2669930.45,378545.77,498534.75,2025-04-23
20250423,E03,Shanghai Mfg,EUR,17683.59,17683.59,25509.76,25509.76,2025-04-23
20250423,E04,Shenzhen Sourcing,CNY,-12052.53,1089421.93,5933.61,211603.13,2025-04-23
20250423,E04,Shenzhen Sourcing,USD,-884328.36,884328.36,-1184211.18,1184211.18,2025-04-23
20250423,E05,India Services,EUR,-5956.83,5956.83,-8593.13,8593.13,2025-04-23
20250423,E05,India Services,INR,1423560.42,1431146.98,23081.61,23204.61,2025-04-23
20250423,E05,India Services,USD,7298.78,7298.78,9773.85,9773.85,2025-04-23
20250423,E06,Germany GmbH,EUR,-1575610.88,1807106.28,-786646.07,1120593.69,2025-04-23
20250423,E06,Germany GmbH,USD,-362227.06,362227.06,-485061.15,485061.15,2025-04-23
20250423,E07,Germany Sales Office,EUR,97680.4,154558.76,140910.54,222961.36,2025-04-23
20250423,E08,Netherlands BV,EUR,181019.24,201489.74,257271.84,286801.9,2025-04-23
20250423,E08,Netherlands BV,USD,17852.37,17852.37,23906.25,23906.25,2025-04-23
20250423,E09,UK Ltd,EUR,15730.37,15730.37,22692.12,22692.12,2025-04-23
20250423,E09,UK Ltd,GBP,20523.87,20851.69,35572.73,36140.93,2025-04-23
20250423,E09,UK Ltd,USD,28606.98,28606.98,38307.84,38307.84,2025-04-23
20250423,E10,US Inc,EUR,-369721.86,534150.22,-533348.56,770547.48,2025-04-23
20250423,E10,US Inc,USD,-255955.6,261704.96,-63238.54,70937.56,2025-04-23
20250423,E11,US West Distribution,USD,-526645.33,701305.37,-700643.34,946687.78,2025-04-23
20250424,E01,Group Treasury HQ,CNY,-2096774.19,2096774.19,-391226.61,391226.61,2025-04-24
20250424,E01,Group Treasury HQ,EUR,-351724.14,351724.14,-506887.24,506887.24,2025-04-24
20250424,E01,Group Treasury HQ,SGD,-633434.6,650262.18,-106286.68,133231.92,2025-04-24
20250424,E02,SG Operations,SGD,-837344.12,1004996.12,-130645.37,345743.69,2025-04-24
20250424,E02,SG Operations,USD,5461.33,5461.33,7328.6,7328.6,2025-04-24
20250424,E03,Shanghai Mfg,CNY,-3267506.09,3409817.43,-587652.51,658235.93,2025-04-24
20250424,E03,Shanghai Mfg,EUR,-87061.02,87061.02,-125467.99,125467.99,2025-04-24
20250424,E03,Shanghai Mfg,USD,-66370.18,229700.1,-89062.6,308236.16,2025-04-24
20250424,E04,Shenzhen Sourcing,CNY,1534712.06,5490871.9,-956876.96,2267745.54,2025-04-24
20250424,E05,India Services,INR,-4425990.75,6712436.83,-107403.55,144478.27,2025-04-24
20250424,E05,India Services,USD,-4592.4,4592.4,-6162.57,6162.57,2025-04-24
20250424,E06,Germany GmbH,EUR,472891.54,518933.44,651914.31,731391.99,2025-04-24
20250424,E06,Germany GmbH,USD,-58257.58,113301.92,-78176.26,152040.64,2025-04-24
20250424,E07,Germany Sales Office,EUR,36726.79,52788.79,53651.27,80816.45,2025-04-24
20250424,E07,Germany Sales Office,USD,-28209.27,39779.97,-37854.22,53381.02,2025-04-24
20250424,E08,Netherlands BV,EUR,-437308.01,437308.01,-195894.41,195894.41,2025-04-24
20250424,E08,Netherlands BV,USD,-96679.42,113919.64,-129734.79,152869.57,2025-04-24
20250424,E09,UK Ltd,GBP,20063.78,28413.0,17010.06,31466.72,2025-04-24
20250424,E10,US Inc,EUR,-12651.93,12651.93,-18233.33,18233.33,2025-04-24
20250424,E10,US Inc,USD,-2710264.83,2834366.95,-1491220.18,1657753.68,2025-04-24
20250424,E11,US West Distribution,USD,-7838.02,193644.86,94924.08,172851.44,2025-04-24
20250425,E01,Group Treasury HQ,EUR,-786206.9,786206.9,-1125961.49,1125961.49,2025-04-25
20250425,E01,Group Treasury HQ,GBP,-200581.4,200581.4,-350390.42,350390.42,2025-04-25
20250425,E01,Group Treasury HQ,SGD,100190.22,203530.66,187616.42,221529.32,2025-04-25
20250425,E01,Group Treasury HQ,USD,-100746.27,100746.27,-135716.41,135716.41,2025-04-25
20250425,E02,SG Operations,SGD,-1033151.38,1086327.56,-978031.68,1041766.56,2025-04-25
20250425,E03,Shanghai Mfg,CNY,-1492891.18,2725547.18,-278431.79,508328.29,2025-04-25
20250425,E03,Shanghai Mfg,EUR,-67333.03,67333.03,-96430.59,96430.59,2025-04-25
20250425,E03,Shanghai Mfg,USD,-61048.46,90004.82,-82239.05,121246.49,2025-04-25
20250425,E04,Shenzhen Sourcing,CNY,160475.42,740908.74,6919.03,161193.61,2025-04-25
20250425,E04,Shenzhen Sourcing,USD,-8755.02,8755.02,-11793.98,11793.98,2025-04-25
20250425,E05,India Services,INR,14168605.87,14483542.37,230069.82,235183.78,2025-04-25
20250425,E05,India Services,USD,3210.25,3210.25,4324.56,4324.56,2025-04-25
20250425,E06,Germany GmbH,EUR,-10526.32,1948207.04,480403.37,2185730.07,2025-04-25
20250425,E06,Germany GmbH,USD,-162843.03,267043.55,-219367.64,359737.3,2025-04-25
20250425,E07,Germany Sales Office,EUR,-151313.79,151313.79,-150748.39,150748.39,2025-04-25
20250425,E07,Germany Sales Office,USD,212023.84,227381.8,285619.65,306308.53,2025-04-25
20250425,E08,Netherlands BV,EUR,-2074546.3,2084194.74,-420918.48,430566.92,2025-04-25
20250425,E08,Netherlands BV,USD,-8668.26,154241.56,-11677.1,207780.5,2025-04-25
20250425,E09,UK Ltd,EUR,-572.75,18307.35,-820.26,26218.76,2025-04-25
20250425,E09,UK Ltd,GBP,-316604.2,840025.88,307381.29,606970.41,2025-04-25
20250425,E09,UK Ltd,USD,82729.4,90418.76,111445.69,121804.11,2025-04-25
20250425,E10,US Inc,EUR,-15944.91,26653.23,-22835.41,38171.27,2025-04-25
20250425,E10,US Inc,USD,-1633975.48,1740454.9,-692291.04,835730.64,2025-04-25
20250425,E11,US West Distribution,USD,-221357.26,439720.02,-40186.68,334345.56,2025-04-25
20250427,E06,Germany GmbH,USD,-229166.88,229166.88,-309626.46,309626.46,2025-04-27
20250427,E10,US Inc,USD,-86877.64,86877.64,-117380.04,117380.04,2025-04-27
20250427,E11,US West Distribution,USD,-35275.1,35275.1,-47660.05,47660.05,2025-04-27
20250428,E01,Group Treasury HQ,CNY,-645161.29,645161.29,-120495.48,120495.48,2025-04-28
20250428,E01,Group Treasury HQ,SGD,168473.98,206738.38,192335.78,230600.18,2025-04-28
20250428,E01,Group Treasury HQ,USD,-100746.27,100746.27,-136117.88,136117.88,2025-04-28
20250428,E02,SG Operations,SGD,-44403.3,260518.28,-29408.97,275512.61,2025-04-28
20250428,E02,SG Operations,USD,468275.08,468275.08,632840.65,632840.65,2025-04-28
20250428,E03,Shanghai Mfg,CNY,5718848.11,5729307.09,1068097.82,1070051.22,2025-04-28
20250428,E03,Shanghai Mfg,EUR,-18929.98,18929.98,-27026.79,27026.79,2025-04-28
20250428,E03,Shanghai Mfg,USD,185723.5,185723.5,251538.04,251538.04,2025-04-28
20250428,E04,Shenzhen Sourcing,CNY,2265188.04,2550999.98,423064.65,476445.17,2025-04-28
20250428,E05,India Services,INR,54827530.47,55364278.35,858343.78,945340.46,2025-04-28
20250428,E05,India Services,USD,109586.1,109586.1,148061.34,148061.34,2025-04-28
20250428,E06,Germany GmbH,EUR,23499.46,329840.04,31974.09,469343.89,2025-04-28
20250428,E06,Germany GmbH,USD,255025.83,255025.83,344564.36,344564.36,2025-04-28
20250428,E07,Germany Sales Office,EUR,105260.53,145108.55,138116.3,195008.26,2025-04-28
20250428,E07,Germany Sales Office,USD,132449.04,132449.04,178951.37,178951.37,2025-04-28
20250428,E08,Netherlands BV,EUR,-5671.37,66768.21,-18081.47,85342.23,2025-04-28
20250428,E08,Netherlands BV,USD,26412.13,127715.63,35685.32,172556.08,2025-04-28
20250428,E09,UK Ltd,EUR,20697.26,20697.26,29549.98,29549.98,2025-04-28
20250428,E09,UK Ltd,GBP,-219189.17,323344.15,-313380.88,453635.44,2025-04-28
20250428,E09,UK Ltd,USD,93606.78,93606.78,126471.75,126471.75,2025-04-28
20250428,E10,US Inc,EUR,27334.86,27334.86,39026.64,39026.64,2025-04-28
20250428,E10,US Inc,USD,34431.99,435419.35,278764.27,356049.99,2025-04-28
20250428,E11,US West Distribution,USD,276675.11,380887.77,375483.94,516291.2,2025-04-28
20250429,E01,Group Treasury HQ,SGD,677829.18,720591.14,773800.97,831637.65,2025-04-29
20250429,E01,Group Treasury HQ,USD,593283.58,593283.58,803816.19,803816.19,2025-04-29
20250429,E02,SG Operations,SGD,-805966.97,974083.59,-404212.16,606709.34,2025-04-29
20250429,E02,SG Operations,USD,-503120.69,762014.65,-681670.81,1032410.45,2025-04-29
20250429,E03,Shanghai Mfg,CNY,-252310.87,4994919.55,64666.71,1054740.81,2025-04-29
20250429,E03,Shanghai Mfg,EUR,-76533.0,121920.78,-110015.57,175260.15,2025-04-29
20250429,E03,Shanghai Mfg,USD,15122.07,95703.19,20488.28,129664.42,2025-04-29
20250429,E04,Shenzhen Sourcing,CNY,-2943662.76,6505911.1,-562512.95,1448737.91,2025-04-29
20250429,E04,Shenzhen Sourcing,USD,94574.93,123476.49,128135.8,167293.36,2025-04-29
20250429,E05,India Services,EUR,-878.21,14167.77,-1262.42,20366.06,2025-04-29
20250429,E05,India Services,INR,14962959.42,15091841.74,255846.75,257941.21,2025-04-29
20250429,E05,India Services,USD,44406.16,44406.16,60164.13,60164.13,2025-04-29
20250429,E06,Germany GmbH,EUR,-471418.16,643358.42,-66579.11,313741.87,2025-04-29
20250429,E06,Germany GmbH,USD,-31277.8,144700.1,-42370.87,196042.19,2025-04-29
20250429,E07,Germany Sales Office,EUR,55063.08,55063.08,79152.73,79152.73,2025-04-29
20250429,E07,Germany Sales Office,USD,14121.05,14121.05,19132.05,19132.05,2025-04-29
20250429,E08,Netherlands BV,EUR,-78936.25,178194.63,-117211.3,259894.42,2025-04-29
20250429,E08,Netherlands BV,USD,380544.39,421987.61,515529.97,571679.73,2025-04-29
20250429,E09,UK Ltd,EUR,241075.72,241075.72,346544.42,346544.42,2025-04-29
20250429,E09,UK Ltd,GBP,-45897.71,135278.95,-79601.5,234617.54,2025-04-29
20250429,E09,UK Ltd,USD,51746.67,56107.95,70109.51,76018.43,2025-04-29
20250429,E10,US Inc,EUR,202330.04,207840.74,290847.82,298769.4,2025-04-29
20250429,E10,US Inc,USD,531784.55,666362.05,795856.71,827464.19,2025-04-29
20250429,E11,US West Distribution,USD,85472.66,190288.14,98877.48,240567.48,2025-04-29
20250430,E01,Group Treasury HQ,CNY,-2500000.0,2500000.0,-465915.0,465915.0,2025-04-30
20250430,E01,Group Treasury HQ,EUR,372413.79,579310.35,535411.12,832861.74,2025-04-30
20250430,E01,Group Treasury HQ,SGD,-53049.58,86375.52,-53049.58,86375.52,2025-04-30
20250430,E01,Group Treasury HQ,USD,503731.35,503731.35,680891.65,680891.65,2025-04-30
20250430,E02,SG Operations,SGD,-258076.57,560154.33,-224276.01,593954.89,2025-04-30
20250430,E02,SG Operations,USD,114020.0,114020.0,154120.37,154120.37,2025-04-30
20250430,E03,Shanghai Mfg,CNY,720079.64,2098068.88,134198.35,391008.71,2025-04-30
20250430,E03,Shanghai Mfg,USD,-429332.48,440868.2,-580327.0,595919.78,2025-04-30
20250430,E04,Shenzhen Sourcing,CNY,2272137.82,3036463.78,394206.33,595136.51,2025-04-30
20250430,E04,Shenzhen Sourcing,USD,12917.61,12917.61,17460.68,17460.68,2025-04-30
20250430,E05,India Services,INR,-2909243.82,2909243.82,-47243.21,47243.21,2025-04-30
20250430,E05,India Services,USD,589926.76,589926.76,797401.64,797401.64,2025-04-30
20250430,E06,Germany GmbH,EUR,-1113499.19,1364802.93,-1542377.35,1903671.21,2025-04-30
20250430,E06,Germany GmbH,USD,-268288.84,336188.78,-362644.95,454425.03,2025-04-30
20250430,E07,Germany Sales Office,EUR,-861370.43,973122.63,-970133.08,1130796.76,2025-04-30
20250430,E08,Netherlands BV,EUR,92355.47,129366.31,152708.67,166055.85,2025-04-30
20250430,E08,Netherlands BV,USD,21723.66,21723.66,29363.78,29363.78,2025-04-30
20250430,E09,UK Ltd,GBP,-104120.94,882106.02,288360.21,654582.19,2025-04-30
20250430,E09,UK Ltd,USD,326297.85,326297.85,441055.5,441055.5,2025-04-30
20250430,E10,US Inc,EUR,-140521.71,190512.77,-202024.98,273896.02,2025-04-30
20250430,E10,US Inc,USD,63011.1,551694.9,140816.52,671291.36,2025-04-30
20250430,E11,US West Distribution,USD,114689.75,178696.43,155025.68,241543.24,2025-04-30
20250501,E05,India Services,INR,-8941573.42,8941573.42,-145175.39,145175.39,2025-05-01
20250501,E05,India Services,USD,-6355.88,6355.88,-8567.06,8567.06,2025-05-01
20250501,E08,Netherlands BV,EUR,-26345.8,43544.88,-44043.62,68866.06,2025-05-01
20250501,E08,Netherlands BV,USD,-32730.1,32730.1,-44116.74,44116.74,2025-05-01
20250501,E09,UK Ltd,EUR,17242.79,17242.79,24885.52,24885.52,2025-05-01
20250501,E09,UK Ltd,GBP,-23488.7,23488.7,-40775.49,40775.49,2025-05-01
20250501,E09,UK Ltd,USD,-140083.54,140083.54,-188944.86,188944.86,2025-05-01
20250501,E10,US Inc,USD,-383870.04,455518.22,-517762.26,614336.48,2025-05-01
20250501,E11,US West Distribution,USD,-87693.47,158315.81,-111647.91,206839.41,2025-05-01
20250502,E01,Group Treasury HQ,EUR,3648.91,3648.91,5272.28,5272.28,2025-05-02
20250502,E01,Group Treasury HQ,SGD,-5288.12,5288.12,-6213.33,6213.33,2025-05-02
20250502,E02,SG Operations,SGD,-5275.61,32802.35,-5275.61,32802.35,2025-05-02
20250502,E02,SG Operations,USD,-9112.15,15310.25,-12291.81,20652.71,2025-05-02
20250502,E05,India Services,INR,-218407.35,218407.35,-3545.4,3545.4,2025-05-02
20250502,E06,Germany GmbH,EUR,-30805.86,304411.26,-47624.44,436728.42,2025-05-02
20250502,E06,Germany GmbH,USD,32181.31,32181.31,43410.88,43410.88,2025-05-02
20250502,E07,Germany Sales Office,EUR,62060.51,63346.85,70739.1,72597.72,2025-05-02
20250502,E07,Germany Sales Office,USD,57705.71,57705.71,77841.94,77841.94,2025-05-02
20250502,E08,Netherlands BV,EUR,-129897.3,163772.54,-187687.7,236633.8,2025-05-02
20250502,E08,Netherlands BV,USD,-32480.66,137482.88,-43814.69,185457.11,2025-05-02
20250502,E09,UK Ltd,GBP,-17976.04,43345.2,-40580.92,65950.08,2025-05-02
20250502,E09,UK Ltd,USD,-9042.33,9042.33,-12197.62,12197.62,2025-05-02
20250502,E10,US Inc,EUR,67465.57,212516.41,97480.53,307063.47,2025-05-02
20250502,E10,US Inc,USD,-256327.42,695199.12,-396331.6,887227.24,2025-05-02
20250502,E11,US West Distribution,USD,147075.47,363787.77,194914.58,487247.98,2025-05-02
20250504,E01,Group Treasury HQ,SGD,-240000.0,240000.0,-240000.0,240000.0,2025-05-04
20250504,E02,SG Operations,SGD,240000.0,240000.0,240000.0,240000.0,2025-05-04
20250505,E01,Group Treasury HQ,SGD,81821.33,182552.35,85970.87,186701.89,2025-05-05
20250505,E02,SG Operations,SGD,463176.14,474211.54,472234.92,483270.32,2025-05-05
20250505,E02,SG Operations,USD,120156.13,120156.13,162080.4,162080.4,2025-05-05
20250505,E03,Shanghai Mfg,EUR,106388.97,106388.97,153242.57,153242.57,2025-05-05
20250505,E05,India Services,INR,16821699.88,17090163.06,162788.91,387227.59,2025-05-05
20250505,E06,Germany GmbH,EUR,45556.89,187992.57,95213.05,240961.31,2025-05-05
20250505,E06,Germany GmbH,USD,78350.74,377262.6,105696.95,508935.93,2025-05-05
20250505,E07,Germany Sales Office,EUR,136265.76,137932.92,196142.84,198542.56,2025-05-05
20250505,E07,Germany Sales Office,USD,118151.63,118151.63,159389.27,159389.27,2025-05-05
20250505,E08,Netherlands BV,EUR,-40391.22,40391.22,-51934.56,51934.56,2025-05-05
20250505,E08,Netherlands BV,USD,-3956.72,3956.72,-5337.71,5337.71,2025-05-05
20250505,E10,US Inc,EUR,116663.64,231306.34,167927.27,332945.59,2025-05-05
20250505,E10,US Inc,USD,439018.98,493807.2,555971.46,627635.74,2025-05-05
20250505,E11,US West Distribution,USD,222611.51,295607.55,326213.94,399535.54,2025-05-05
20250506,E01,Group Treasury HQ,EUR,-331034.48,331034.48,-476821.74,476821.74,2025-05-06
20250506,E01,Group Treasury HQ,SGD,-449152.28,830884.58,98762.23,347962.13,2025-05-06
20250506,E01,Group Treasury HQ,USD,436567.16,436567.16,588677.21,588677.21,2025-05-06
20250506,E02,SG Operations,SGD,-362143.87,816611.79,151473.67,374067.55,2025-05-06
20250506,E02,SG Operations,USD,-186366.18,686768.14,-251300.45,926053.97,2025-05-06
20250506,E03,Shanghai Mfg,CNY,4588962.29,5400390.01,983797.45,1134991.89,2025-05-06
20250506,E03,Shanghai Mfg,USD,75946.26,75946.26,102398.18,102398.18,2025-05-06
20250506,E04,Shenzhen Sourcing,CNY,-290241.2,4041616.3,623587.58,1437641.88,2025-05-06
20250506,E04,Shenzhen Sourcing,USD,141929.77,141929.77,191381.36,191381.36,2025-05-06
20250506,E05,India Services,EUR,-1974.29,1974.29,-2843.77,2843.77,2025-05-06
20250506,E05,India Services,INR,14613473.87,15507167.43,170251.78,318606.22,2025-05-06
20250506,E05,India Services,USD,126921.95,126921.95,171102.09,171102.09,2025-05-06
20250506,E06,Germany GmbH,EUR,316373.88,427378.7,440536.22,621047.76,2025-05-06
20250506,E06,Germany GmbH,USD,20800.46,21940.18,28047.83,29584.65,2025-05-06
20250506,E07,Germany Sales Office,EUR,91161.44,91494.58,131308.85,131788.71,2025-05-06
20250506,E07,Germany Sales Office,USD,4427.68,12230.24,5970.38,16491.54,2025-05-06
20250506,E08,Netherlands BV,EUR,175709.83,385066.93,134048.85,455480.03,2025-05-06
20250506,E08,Netherlands BV,USD,137060.07,486419.29,185205.52,655508.42,2025-05-06
20250506,E09,UK Ltd,EUR,188127.86,188127.86,270979.18,270979.18,2025-05-06
20250506,E09,UK Ltd,GBP,-86112.7,90876.18,-151876.71,156640.19,2025-05-06
20250506,E09,UK Ltd,USD,13438.43,194974.15,18120.69,262907.63,2025-05-06
20250506,E10,US Inc,EUR,237305.94,255281.34,341815.24,367706.98,2025-05-06
20250506,E10,US Inc,USD,-3333278.45,3964753.47,-413085.86,1270856.54,2025-05-06
20250506,E11,US West Distribution,USD,629106.47,693310.33,866704.79,918613.99,2025-05-06
20250507,E01,Group Treasury HQ,EUR,555717.29,555717.29,797846.09,797846.09,2025-05-07
20250507,E01,Group Treasury HQ,GBP,-218023.26,218023.26,-378430.81,378430.81,2025-05-07
20250507,E01,Group Treasury HQ,SGD,-238530.84,238530.84,-199823.91,199823.91,2025-05-07
20250507,E01,Group Treasury HQ,USD,1175373.13,1175373.13,1582069.87,1582069.87,2025-05-07
20250507,E02,SG Operations,SGD,59749.85,440789.83,135363.09,365176.59,2025-05-07
20250507,E02,SG Operations,USD,7235.46,7235.46,9739.04,9739.04,2025-05-07
20250507,E03,Shanghai Mfg,CNY,1763054.87,2687978.17,328347.8,500603.7,2025-05-07
20250507,E03,Shanghai Mfg,EUR,8904.43,8904.43,12784.13,12784.13,2025-05-07
20250507,E03,Shanghai Mfg,USD,73224.46,73224.46,98571.75,98571.75,2025-05-07
20250507,E04,Shenzhen Sourcing,CNY,912456.17,1256869.93,224154.89,288297.83,2025-05-07
20250507,E04,Shenzhen Sourcing,USD,80146.67,80146.67,108226.44,108226.44,2025-05-07
20250507,E05,India Services,EUR,22194.27,22194.27,31864.42,31864.42,2025-05-07
20250507,E05,India Services,INR,2068051.07,2231546.31,33498.29,36146.59,2025-05-07
20250507,E05,India Services,USD,25527.89,25527.89,34360.92,34360.92,2025-05-07
20250507,E06,Germany GmbH,EUR,169424.69,687040.13,502547.13,690629.45,2025-05-07
20250507,E06,Germany GmbH,USD,32215.11,32215.11,43362.02,43362.02,2025-05-07
20250507,E07,Germany Sales Office,EUR,64767.79,67995.33,92987.44,97621.22,2025-05-07
20250507,E08,Netherlands BV,EUR,-948844.14,964137.6,-232683.22,254640.12,2025-05-07
20250507,E08,Netherlands BV,USD,-30046.94,50976.36,-40443.64,68614.94,2025-05-07
20250507,E09,UK Ltd,EUR,6458.03,6458.03,9271.83,9271.83,2025-05-07
20250507,E09,UK Ltd,GBP,-1148584.32,1599777.42,135099.02,648053.06,2025-05-07
20250507,E09,UK Ltd,USD,84121.67,98198.11,113229.03,132176.13,2025-05-07
20250507,E10,US Inc,EUR,-404122.66,421395.42,-580200.93,604999.51,2025-05-07
20250507,E10,US Inc,USD,-757219.4,1442830.86,-551516.58,1492804.82,2025-05-07
20250507,E11,US West Distribution,USD,-423101.96,1929845.1,-569501.58,2597600.46,2025-05-07
20250508,E01,Group Treasury HQ,EUR,-32900.0,32900.0,-46980.94,46980.94,2025-05-08
20250508,E01,Group Treasury HQ,SGD,-634116.91,937964.55,-691657.66,1008984.8,2025-05-08
20250508,E01,Group Treasury HQ,USD,-100746.27,100746.27,-136158.18,136158.18,2025-05-08
20250508,E02,SG Operations,SGD,-795571.61,1593747.93,146283.03,665588.67,2025-05-08
20250508,E02,SG Operations,USD,-38710.63,38710.63,-52317.26,52317.26,2025-05-08
20250508,E03,Shanghai Mfg,CNY,-5543251.95,6275959.05,-1030235.57,1169567.81,2025-05-08
20250508,E03,Shanghai Mfg,EUR,-9305.67,9305.67,-13288.42,13288.42,2025-05-08
20250508,E03,Shanghai Mfg,USD,153947.01,158211.53,208058.77,213822.25,2025-05-08
20250508,E04,Shenzhen Sourcing,CNY,-2230680.36,3115874.72,-1070425.19,1241357.55,2025-05-08
20250508,E05,India Services,EUR,-4311.44,4311.44,-6156.7,6156.7,2025-05-08
20250508,E05,India Services,INR,-557846.97,557846.97,-58669.49,58669.49,2025-05-08
20250508,E05,India Services,USD,189270.03,189270.03,255797.69,255797.69,2025-05-08
20250508,E06,Germany GmbH,EUR,-48992.9,48992.9,-29605.91,29605.91,2025-05-08
20250508,E06,Germany GmbH,USD,4881.76,53855.0,6597.68,72784.82,2025-05-08
20250508,E07,Germany Sales Office,EUR,24720.04,41079.96,35300.02,58661.86,2025-05-08
20250508,E07,Germany Sales Office,USD,100746.27,100746.27,136158.18,136158.18,2025-05-08
20250508,E08,Netherlands BV,EUR,-202312.35,263612.05,-292970.98,372365.34,2025-05-08
20250508,E08,Netherlands BV,USD,977.42,36532.04,1320.98,49372.9,2025-05-08
20250508,E09,UK Ltd,EUR,-10517.52,10517.52,-15018.93,15018.93,2025-05-08
20250508,E09,UK Ltd,GBP,-257992.67,350457.39,-38573.19,189145.59,2025-05-08
20250508,E09,UK Ltd,USD,4663.55,32287.65,6302.77,43636.63,2025-05-08
20250508,E10,US Inc,USD,214177.63,765306.45,417990.65,905778.17,2025-05-08
20250508,E11,US West Distribution,USD,90304.99,191365.69,133348.53,237444.45,2025-05-08
20250509,E01,Group Treasury HQ,EUR,-502644.83,502644.83,-714758.43,714758.43,2025-05-09
20250509,E01,Group Treasury HQ,SGD,-367418.17,367418.17,-526569.2,526569.2,2025-05-09
20250509,E02,SG Operations,SGD,-167174.29,655552.27,-165319.65,657406.91,2025-05-09
20250509,E02,SG Operations,USD,17312.71,17312.71,23477.04,23477.04,2025-05-09
20250509,E03,Shanghai Mfg,CNY,542559.4,2492260.14,101227.45,464990.97,2025-05-09
20250509,E03,Shanghai Mfg,USD,8468.93,8468.93,11484.36,11484.36,2025-05-09
20250509,E04,Shenzhen Sourcing,CNY,-94997.04,693045.52,-39645.0,151225.3,2025-05-09
20250509,E04,Shenzhen Sourcing,USD,264875.42,264875.42,359186.43,359186.43,2025-05-09
20250509,E05,India Services,INR,1052292.39,1165494.87,17023.98,18855.38,2025-05-09
20250509,E05,India Services,USD,24564.56,24564.56,33310.97,33310.97,2025-05-09
20250509,E06,Germany GmbH,EUR,-295489.85,1300779.51,-37341.42,1466858.28,2025-05-09
20250509,E06,Germany GmbH,USD,-30161.06,30161.06,-40900.15,40900.15,2025-05-09
20250509,E07,Germany Sales Office,EUR,-1426283.08,1609047.38,-394992.98,699667.94,2025-05-09
20250509,E08,Netherlands BV,EUR,-52707.55,71861.13,-49.39,27285.69,2025-05-09
20250509,E08,Netherlands BV,USD,-9650.04,28120.74,-13086.01,38133.35,2025-05-09
20250509,E09,UK Ltd,EUR,-5466.72,13017.0,-7773.65,18510.11,2025-05-09
20250509,E09,UK Ltd,GBP,-465249.63,677172.51,5057.64,362992.86,2025-05-09
20250509,E09,UK Ltd,USD,11683.99,18204.83,15844.17,24686.81,2025-05-09
20250509,E10,US Inc,EUR,-112250.45,112250.45,-159619.57,159619.57,2025-05-09
20250509,E10,US Inc,USD,-3610.32,330588.38,40425.33,402975.87,2025-05-09
20250509,E11,US West Distribution,USD,-227965.76,389520.02,-309134.8,528211.74,2025-05-09
20250512,E01,Group Treasury HQ,SGD,-30000.0,30000.0,-30000.0,30000.0,2025-05-12
20250512,E02,SG Operations,SGD,30000.0,30000.0,30000.0,30000.0,2025-05-12
20250512,E03,Shanghai Mfg,CNY,2739608.1,3076540.24,511260.18,574137.82,2025-05-12
20250512,E03,Shanghai Mfg,USD,185985.53,185985.53,252635.31,252635.31,2025-05-12
20250512,E04,Shenzhen Sourcing,CNY,2434801.28,2835764.18,454377.74,529204.64,2025-05-12
20250512,E04,Shenzhen Sourcing,USD,26098.18,26098.18,35450.72,35450.72,2025-05-12
20250512,E05,India Services,EUR,549.08,549.08,786.63,786.63,2025-05-12
20250512,E06,Germany GmbH,EUR,20006.69,45138.61,25470.83,67085.93,2025-05-12
20250512,E06,Germany GmbH,USD,49042.95,49042.95,66617.98,66617.98,2025-05-12
20250512,E07,Germany Sales Office,EUR,101417.88,101443.3,144091.9,144128.0,2025-05-12
20250512,E07,Germany Sales Office,USD,59033.79,59033.79,80189.14,80189.14,2025-05-12
20250512,E08,Netherlands BV,EUR,6013.52,10221.18,8543.85,14521.99,2025-05-12
20250512,E08,Netherlands BV,USD,142037.94,172244.92,192938.65,233970.61,2025-05-12
20250512,E09,UK Ltd,EUR,29854.7,29854.7,42416.78,42416.78,2025-05-12
20250512,E09,UK Ltd,GBP,-79832.47,181725.83,-139414.95,317355.81,2025-05-12
20250512,E09,UK Ltd,USD,70990.84,70990.84,96431.11,96431.11,2025-05-12
20250512,E10,US Inc,EUR,313459.44,313459.44,445355.03,445355.03,2025-05-12
20250512,E10,US Inc,USD,344151.33,348358.75,467481.4,473196.6,2025-05-12
20250512,E11,US West Distribution,USD,-34183.64,399494.28,196126.3,300201.86,2025-05-12
20250513,E01,Group Treasury HQ,EUR,-48496.11,75641.83,-69477.36,108367.36,2025-05-13
20250513,E01,Group Treasury HQ,SGD,-445363.15,1087166.63,167900.21,625257.07,2025-05-13
20250513,E01,Group Treasury HQ,USD,235074.63,235074.63,318347.93,318347.93,2025-05-13
20250513,E02,SG Operations,SGD,-1791713.11,2189297.37,-335339.67,790055.21,2025-05-13
20250513,E02,SG Operations,USD,-27222.15,451101.77,-36865.37,610900.95,2025-05-13
20250513,E03,Shanghai Mfg,CNY,155293.95,5670989.93,29000.2,1059023.36,2025-05-13
20250513,E03,Shanghai Mfg,EUR,8418.8,8418.8,12061.09,12061.09,2025-05-13
20250513,E03,Shanghai Mfg,USD,4950.99,34212.21,6699.84,46509.46,2025-05-13
20250513,E04,Shenzhen Sourcing,CNY,427427.22,812960.16,216561.77,288557.73,2025-05-13
20250513,E04,Shenzhen Sourcing,USD,48203.45,95604.57,65279.14,129471.72,2025-05-13
20250513,E05,India Services,INR,15263700.48,17719505.78,273139.04,312761.02,2025-05-13
20250513,E05,India Services,USD,18094.04,18094.04,24503.71,24503.71,2025-05-13
20250513,E06,Germany GmbH,EUR,331133.3,484826.9,527134.17,754012.65,2025-05-13
20250513,E06,Germany GmbH,USD,21214.15,21214.15,28729.09,28729.09,2025-05-13
20250513,E07,Germany Sales Office,EUR,139076.17,139534.63,199245.8,199902.62,2025-05-13
20250513,E07,Germany Sales Office,USD,-4678.66,184068.66,-6336.03,249273.51,2025-05-13
20250513,E08,Netherlands BV,EUR,184531.94,203855.14,275046.08,302729.22,2025-05-13
20250513,E08,Netherlands BV,USD,98914.34,120532.96,133886.41,163298.35,2025-05-13
20250513,E09,UK Ltd,EUR,6440.57,6440.57,9227.01,9227.01,2025-05-13
20250513,E09,UK Ltd,GBP,-70875.68,112961.72,8488.24,44961.38,2025-05-13
20250513,E09,UK Ltd,USD,101811.89,101811.89,137877.94,137877.94,2025-05-13
20250513,E10,US Inc,EUR,319664.35,444406.43,457963.3,636673.54,2025-05-13
20250513,E10,US Inc,USD,544899.33,618651.35,737590.43,838138.77,2025-05-13
20250513,E11,US West Distribution,USD,179948.58,282900.74,291377.51,341798.79,2025-05-13
20250514,E01,Group Treasury HQ,EUR,1096680.63,1096680.63,1581382.77,1581382.77,2025-05-14
20250514,E01,Group Treasury HQ,SGD,12619.14,13144.54,12619.14,13144.54,2025-05-14
20250514,E01,Group Treasury HQ,USD,2339552.24,2339552.24,3182939.76,3182939.76,2025-05-14
20250514,E02,SG Operations,SGD,242527.24,937833.76,556591.73,958288.07,2025-05-14
20250514,E02,SG Operations,USD,43301.65,43301.65,58911.51,58911.51,2025-05-14
20250514,E03,Shanghai Mfg,CNY,348669.54,1320687.06,65034.21,246335.87,2025-05-14
20250514,E03,Shanghai Mfg,USD,-375367.0,542543.44,-510683.43,738125.47,2025-05-14
20250514,E04,Shenzhen Sourcing,CNY,555340.21,564340.45,103582.03,105261.93,2025-05-14
20250514,E04,Shenzhen Sourcing,USD,-619170.1,701725.42,-842375.35,954691.13,2025-05-14
20250514,E05,India Services,EUR,80925.04,80925.04,116691.64,116691.64,2025-05-14
20250514,E05,India Services,INR,-5081711.87,6896986.37,-77919.04,115237.46,2025-05-14
20250514,E05,India Services,USD,1122.34,1122.34,1526.93,1526.93,2025-05-14
20250514,E06,Germany GmbH,EUR,-328176.08,397648.62,-473220.73,573398.19,2025-05-14
20250514,E06,Germany GmbH,USD,-38079.9,438385.5,-51807.35,596419.53,2025-05-14
20250514,E07,Germany Sales Office,EUR,-58587.0,74215.38,-84480.82,107016.5,2025-05-14
20250514,E07,Germany Sales Office,USD,41378.21,41378.21,56294.69,56294.69,2025-05-14
20250514,E08,Netherlands BV,EUR,-432620.65,502385.67,-397813.62,498412.82,2025-05-14
20250514,E08,Netherlands BV,USD,497203.94,497203.94,676441.48,676441.48,2025-05-14
20250514,E09,UK Ltd,GBP,-26835.41,26835.41,-5710.0,5710.0,2025-05-14
20250514,E09,UK Ltd,USD,11304.16,11304.16,15379.21,15379.21,2025-05-14
20250514,E10,US Inc,EUR,-615761.98,615761.98,-887911.54,887911.54,2025-05-14
20250514,E10,US Inc,USD,-136535.84,250055.36,-70048.8,224491.06,2025-05-14
20250514,E11,US West Distribution,USD,-952902.8,1261206.98,-1296415.66,1715860.7,2025-05-14
20250515,E01,Group Treasury HQ,SGD,-52113.13,85704.65,-51299.04,84890.56,2025-05-15
20250515,E02,SG Operations,SGD,-982018.61,982018.61,-302385.32,302385.32,2025-05-15
20250515,E02,SG Operations,USD,37370.72,41929.22,50669.83,56850.57,2025-05-15
20250515,E03,Shanghai Mfg,CNY,-8235595.15,10699436.29,-1540835.79,2001805.69,2025-05-15
20250515,E03,Shanghai Mfg,EUR,-167326.95,167326.95,-241939.38,241939.38,2025-05-15
20250515,E03,Shanghai Mfg,USD,-3286.25,3286.25,-4455.73,4455.73,2025-05-15
20250515,E04,Shenzhen Sourcing,CNY,-2129645.76,2202481.56,-398443.92,412071.06,2025-05-15
20250515,E04,Shenzhen Sourcing,USD,2511.06,7800.28,3404.67,10576.17,2025-05-15
20250515,E05,India Services,EUR,-53055.15,53055.15,-76712.87,76712.87,2025-05-15
20250515,E05,India Services,INR,-24572392.91,24572392.91,-396229.84,396229.84,2025-05-15
20250515,E05,India Services,USD,182.46,21304.68,247.39,28886.37,2025-05-15
20250515,E06,Germany GmbH,EUR,-234671.85,272045.49,-145673.6,199712.44,2025-05-15
20250515,E06,Germany GmbH,USD,-7544.93,128396.67,-10348.83,174208.07,2025-05-15
20250515,E07,Germany Sales Office,EUR,-18451.64,18451.64,-26679.38,26679.38,2025-05-15
20250515,E07,Germany Sales Office,USD,-25936.39,25936.39,-35166.37,35166.37,2025-05-15
20250515,E08,Netherlands BV,EUR,282631.45,788146.17,169924.9,900852.72,2025-05-15
20250515,E09,UK Ltd,EUR,-25598.21,40081.63,-37012.65,57954.35,2025-05-15
20250515,E09,UK Ltd,GBP,-54950.95,54950.95,-95622.24,95622.24,2025-05-15
20250515,E10,US Inc,EUR,-9103.5,26939.7,-13162.83,38952.33,2025-05-15
20250515,E10,US Inc,USD,-684065.08,780270.28,-114095.75,244537.49,2025-05-15
20250515,E11,US West Distribution,USD,-222032.72,260660.68,-143809.81,196184.31,2025-05-15
20250516,E01,Group Treasury HQ,SGD,-18374.46,18374.46,-18374.46,18374.46,2025-05-16
20250516,E02,SG Operations,SGD,-357008.51,392669.83,-357008.51,392669.83,2025-05-16
20250516,E03,Shanghai Mfg,CNY,860785.45,1628760.97,161063.29,304760.71,2025-05-16
20250516,E04,Shenzhen Sourcing,CNY,-1039206.88,1041271.72,-232517.11,234581.95,2025-05-16
20250516,E04,Shenzhen Sourcing,USD,6738.67,6738.67,9148.55,9148.55,2025-05-16
20250516,E05,India Services,INR,-345490.41,345490.41,-28777.79,28777.79,2025-05-16
20250516,E05,India Services,USD,-14607.77,14607.77,-19831.79,19831.79,2025-05-16
20250516,E06,Germany GmbH,EUR,-784899.65,896932.93,-953779.9,1103852.0,2025-05-16
20250516,E06,Germany GmbH,USD,-1257.78,73635.72,-1707.59,99969.25,2025-05-16
20250516,E07,Germany Sales Office,EUR,-164090.29,164090.29,-238109.11,238109.11,2025-05-16
20250516,E08,Netherlands BV,EUR,-57274.08,57274.08,-83109.61,83109.61,2025-05-16
20250516,E08,Netherlands BV,USD,18461.37,18461.37,25063.51,25063.51,2025-05-16
20250516,E09,UK Ltd,EUR,-11397.29,11397.29,-16538.45,16538.45,2025-05-16
20250516,E09,UK Ltd,GBP,-35300.37,52951.29,5153.02,25635.24,2025-05-16
20250516,E10,US Inc,EUR,39754.92,45442.86,57687.8,65941.5,2025-05-16
20250516,E10,US Inc,USD,-373048.58,764462.0,-195314.25,726704.53,2025-05-16
20250516,E11,US West Distribution,USD,-30951.22,249772.4,101829.31,195246.49,2025-05-16
20250518,E01,Group Treasury HQ,USD,-212686.57,212686.57,-288747.32,288747.32,2025-05-18
20250518,E02,SG Operations,USD,212686.57,212686.57,288747.32,288747.32,2025-05-18
20250519,E01,Group Treasury HQ,CNY,-80645.16,80645.16,-15080.16,15080.16,2025-05-19
20250519,E01,Group Treasury HQ,EUR,-123197.83,187146.99,-178575.5,271269.94,2025-05-19
20250519,E01,Group Treasury HQ,GBP,-427325.58,427325.58,-747099.72,747099.72,2025-05-19
20250519,E01,Group Treasury HQ,SGD,-105000.0,105000.0,-105000.0,105000.0,2025-05-19
20250519,E02,SG Operations,SGD,210489.12,213484.02,235462.38,238457.28,2025-05-19
20250519,E02,SG Operations,USD,1060.37,1060.37,1433.74,1433.74,2025-05-19
20250519,E03,Shanghai Mfg,CNY,4345644.17,4821606.19,812609.38,901611.44,2025-05-19
20250519,E03,Shanghai Mfg,EUR,9055.67,9055.67,13126.21,13126.21,2025-05-19
20250519,E03,Shanghai Mfg,USD,28486.37,28486.37,38516.88,38516.88,2025-05-19
20250519,E04,Shenzhen Sourcing,CNY,1124679.6,1271572.3,245180.01,272648.05,2025-05-19
20250519,E04,Shenzhen Sourcing,USD,333114.64,333114.64,450409.62,450409.62,2025-05-19
20250519,E05,India Services,INR,26147420.87,26264712.19,422071.66,423965.0,2025-05-19
20250519,E05,India Services,USD,146977.8,146977.8,198731.04,198731.04,2025-05-19
20250519,E06,Germany GmbH,EUR,222076.13,328545.77,296038.33,453721.05,2025-05-19
20250519,E06,Germany GmbH,USD,156980.08,156980.08,212255.29,212255.29,2025-05-19
20250519,E07,Germany Sales Office,EUR,94818.73,414053.77,133321.89,596053.73,2025-05-19
20250519,E07,Germany Sales Office,USD,113768.88,113768.88,153828.73,153828.73,2025-05-19
20250519,E08,Netherlands BV,EUR,165530.1,176185.38,285475.23,300920.09,2025-05-19
20250519,E08,Netherlands BV,USD,364429.56,364429.56,492751.03,492751.03,2025-05-19
20250519,E09,UK Ltd,EUR,57160.14,57160.14,82853.74,82853.74,2025-05-19
20250519,E09,UK Ltd,GBP,407551.5,447099.66,712528.39,781671.05,2025-05-19
20250519,E09,UK Ltd,USD,301542.15,326080.19,407719.97,440898.25,2025-05-19
20250519,E10,US Inc,EUR,101690.37,101690.37,147400.4,147400.4,2025-05-19
20250519,E10,US Inc,USD,389210.56,397862.64,523243.42,534942.06,2025-05-19
20250519,E11,US West Distribution,USD,149710.63,176466.37,202426.14,238603.0,2025-05-19
20250520,E01,Group Treasury HQ,EUR,-589655.17,589655.17,-856695.85,856695.85,2025-05-20
20250520,E01,Group Treasury HQ,SGD,-88478.46,135123.12,10296.78,52553.78,2025-05-20
20250520,E02,SG Operations,SGD,-243242.79,353409.49,-140225.79,266822.33,2025-05-20
20250520,E02,SG Operations,USD,139335.71,159028.47,187745.53,214280.21,2025-05-20
20250520,E03,Shanghai Mfg,CNY,278676.2,3736736.06,52221.82,699571.76,2025-05-20
20250520,E03,Shanghai Mfg,EUR,-15402.52,190324.26,-22377.95,276517.55,2025-05-20
20250520,E03,Shanghai Mfg,USD,34753.67,125727.01,46705.47,169531.49,2025-05-20
20250520,E04,Shenzhen Sourcing,CNY,-1450030.6,1625016.84,-278590.33,311352.49,2025-05-20
20250520,E04,Shenzhen Sourcing,USD,215691.09,215691.09,290629.29,290629.29,2025-05-20
20250520,E05,India Services,INR,-4470484.71,4470484.71,-72319.03,72319.03,2025-05-20
20250520,E05,India Services,USD,6716.67,6716.67,9050.26,9050.26,2025-05-20
20250520,E06,Germany GmbH,EUR,588822.53,744608.27,838123.54,1064460.88,2025-05-20
20250520,E06,Germany GmbH,USD,62293.03,239849.85,83456.37,323660.91,2025-05-20
20250520,E07,Germany Sales Office,EUR,-1042069.66,1256847.26,-69136.14,364825.16,2025-05-20
20250520,E07,Germany Sales Office,USD,6340.6,6340.6,8543.53,8543.53,2025-05-20
20250520,E08,Netherlands BV,EUR,-23001.04,23001.04,-33417.66,33417.66,2025-05-20
20250520,E08,Netherlands BV,USD,129956.5,161435.28,175107.68,217523.22,2025-05-20
20250520,E09,UK Ltd,GBP,-1023.04,1023.04,-1776.5,1776.5,2025-05-20
20250520,E09,UK Ltd,USD,38485.31,38485.31,51856.39,51856.39,2025-05-20
20250520,E10,US Inc,EUR,101130.98,179578.26,146930.77,260904.95,2025-05-20
20250520,E10,US Inc,USD,129972.73,155849.51,175129.54,209996.78,2025-05-20
20250520,E11,US West Distribution,USD,346366.82,349895.6,433948.93,438703.73,2025-05-20
20250521,E01,Group Treasury HQ,EUR,170007.02,542420.82,247051.74,788268.04,2025-05-21
20250521,E01,Group Treasury HQ,SGD,-2165207.63,2171095.63,-2164168.89,2172134.37,2025-05-21
20250521,E01,Group Treasury HQ,USD,604477.61,604477.61,817756.66,817756.66,2025-05-21
20250521,E02,SG Operations,SGD,2289078.97,2301363.09,2345668.76,2357952.88,2025-05-21
20250521,E02,SG Operations,USD,85344.9,85344.9,115457.31,115457.31,2025-05-21
20250521,E03,Shanghai Mfg,CNY,-1369600.0,1382976.76,-256113.82,258615.26,2025-05-21
20250521,E03,Shanghai Mfg,EUR,9294.19,26559.47,13506.93,38597.97,2025-05-21
20250521,E04,Shenzhen Sourcing,CNY,-10989.55,10989.55,-2055.03,2055.03,2025-05-21
20250521,E04,Shenzhen Sourcing,USD,-547557.67,661397.55,-740753.55,894759.77,2025-05-21
20250521,E05,India Services,INR,8995396.43,9240647.07,145176.7,149134.8,2025-05-21
20250521,E06,Germany GmbH,EUR,146300.42,423106.92,212141.21,615359.11,2025-05-21
20250521,E06,Germany GmbH,USD,7938.29,7938.29,10739.17,10739.17,2025-05-21
20250521,E07,Germany Sales Office,EUR,47623.94,63204.32,69210.26,91852.68,2025-05-21
20250521,E07,Germany Sales Office,USD,24137.28,24137.28,32653.68,32653.68,2025-05-21
20250521,E08,Netherlands BV,EUR,-667986.85,856855.25,-451672.84,726148.86,2025-05-21
20250521,E08,Netherlands BV,USD,12505.64,12505.64,16918.03,16918.03,2025-05-21
20250521,E09,UK Ltd,EUR,9421.42,9421.42,13691.83,13691.83,2025-05-21
20250521,E09,UK Ltd,GBP,53614.24,56002.92,53028.83,56588.33,2025-05-21
20250521,E10,US Inc,EUR,2562.27,22382.31,3723.65,32527.45,2025-05-21
20250521,E10,US Inc,USD,-160364.23,941509.51,318385.95,738372.37,2025-05-21
20250521,E11,US West Distribution,USD,20967.72,35519.14,28365.78,48051.44,2025-05-21
20250522,E01,Group Treasury HQ,EUR,-231324.39,270350.51,-335470.79,392067.17,2025-05-22
20250522,E01,Group Treasury HQ,SGD,-1049204.93,1049204.93,-369255.9,369255.9,2025-05-22
20250522,E01,Group Treasury HQ,USD,-55970.15,55970.15,-75444.91,75444.91,2025-05-22
20250522,E02,SG Operations,SGD,-2988953.38,3288953.38,-492210.48,792210.48,2025-05-22
20250522,E02,SG Operations,USD,-326128.89,326128.89,-439605.12,439605.12,2025-05-22
20250522,E03,Shanghai Mfg,CNY,-12586275.16,12586275.16,-2547817.2,2547817.2,2025-05-22
20250522,E03,Shanghai Mfg,USD,-40304.3,40304.3,-54273.81,54273.81,2025-05-22
20250522,E04,Shenzhen Sourcing,CNY,-3337632.48,3358121.84,-664884.68,685374.04,2025-05-22
20250522,E04,Shenzhen Sourcing,USD,-1640.48,1640.48,-2211.28,2211.28,2025-05-22
20250522,E05,India Services,EUR,10040.92,10040.92,14561.52,14561.52,2025-05-22
20250522,E05,India Services,INR,-13814056.77,13950737.45,-183246.9,422999.3,2025-05-22
20250522,E05,India Services,USD,29097.94,29097.94,39222.54,39222.54,2025-05-22
20250522,E06,Germany GmbH,EUR,-100933.27,100933.27,-146375.26,146375.26,2025-05-22
20250522,E06,Germany GmbH,USD,-158587.18,237399.02,-213767.42,320001.76,2025-05-22
20250522,E07,Germany Sales Office,EUR,-15116.18,15116.18,-21921.76,21921.76,2025-05-22
20250522,E07,Germany Sales Office,USD,40221.04,88098.64,54242.87,118725.51,2025-05-22
20250522,E08,Netherlands BV,EUR,135458.84,502385.86,245007.47,680006.39,2025-05-22
20250522,E08,Netherlands BV,USD,-16654.31,16654.31,-22449.16,22449.16,2025-05-22
20250522,E09,UK Ltd,EUR,-11017.84,11017.84,-15978.27,15978.27,2025-05-22
20250522,E09,UK Ltd,GBP,-239013.81,243318.23,-419255.54,426805.94,2025-05-22
20250522,E09,UK Ltd,USD,-1458.58,1458.58,-1966.09,1966.09,2025-05-22
20250522,E10,US Inc,EUR,13716.93,36029.31,19892.54,52250.36,2025-05-22
20250522,E10,US Inc,USD,-6682134.97,6733127.07,-1319547.72,1388282.46,2025-05-22
20250522,E11,US West Distribution,USD,-1204416.14,1411271.36,-106359.61,385189.89,2025-05-22
20250523,E01,Group Treasury HQ,EUR,-951724.14,951724.14,-1377566.44,1377566.44,2025-05-23
20250523,E01,Group Treasury HQ,SGD,-5122.25,5122.25,-5122.25,5122.25,2025-05-23
20250523,E02,SG Operations,SGD,-838242.24,914871.9,-238932.66,315562.32,2025-05-23
20250523,E02,SG Operations,USD,4214.22,4214.22,5674.0,5674.0,2025-05-23
20250523,E03,Shanghai Mfg,CNY,641690.64,1370983.38,119925.56,256223.08,2025-05-23
20250523,E03,Shanghai Mfg,EUR,36067.68,36067.68,52205.91,52205.91,2025-05-23
20250523,E03,Shanghai Mfg,USD,-3093.65,3093.65,-4165.27,4165.27,2025-05-23
20250523,E04,Shenzhen Sourcing,CNY,-1024162.62,1238610.98,-191405.76,231484.02,2025-05-23
20250523,E05,India Services,EUR,-3768.1,3768.1,-5454.11,5454.11,2025-05-23
20250523,E05,India Services,INR,10386640.1,32263995.38,168055.83,522031.45,2025-05-23
20250523,E05,India Services,USD,36968.52,36968.52,49774.19,49774.19,2025-05-23
20250523,E06,Germany GmbH,EUR,-579408.74,2375090.12,28823.61,2575574.17,2025-05-23
20250523,E06,Germany GmbH,USD,-70666.08,70666.08,-95144.39,95144.39,2025-05-23
20250523,E07,Germany Sales Office,EUR,-730796.05,741363.27,-321132.62,336428.06,2025-05-23
20250523,E08,Netherlands BV,EUR,-2230723.41,2526609.95,-277495.86,693729.14,2025-05-23
20250523,E09,UK Ltd,EUR,43402.23,43402.23,62822.26,62822.26,2025-05-23
20250523,E09,UK Ltd,GBP,-2659508.94,2673520.38,-566764.89,591626.79,2025-05-23
20250523,E09,UK Ltd,USD,4867.34,12509.56,6553.36,16842.8,2025-05-23
20250523,E10,US Inc,EUR,94445.98,193685.14,136705.17,280348.21,2025-05-23
20250523,E10,US Inc,USD,-449384.83,708995.51,-185375.18,534913.46,2025-05-23
20250523,E11,US West Distribution,USD,-107915.42,197155.78,-142734.2,268530.1,2025-05-23
20250525,E01,Group Treasury HQ,SGD,-480000.0,480000.0,-480000.0,480000.0,2025-05-25
20250525,E02,SG Operations,SGD,480000.0,480000.0,480000.0,480000.0,2025-05-25
20250526,E01,Group Treasury HQ,CNY,-1532258.06,1532258.06,-286642.58,286642.58,2025-05-26
20250526,E01,Group Treasury HQ,EUR,-13053.14,13053.14,-18980.98,18980.98,2025-05-26
20250526,E01,Group Treasury HQ,SGD,48934.82,84987.66,71724.74,107777.58,2025-05-26
20250526,E02,SG Operations,SGD,268259.37,443177.89,318343.35,483923.19,2025-05-26
20250526,E02,SG Operations,USD,337614.32,428468.3,452519.66,574295.34,2025-05-26
20250526,E03,Shanghai Mfg,CNY,2195513.71,2584017.05,410719.15,483397.23,2025-05-26
20250526,E03,Shanghai Mfg,USD,31303.67,31303.67,41957.72,41957.72,2025-05-26
20250526,E04,Shenzhen Sourcing,CNY,4047115.88,4073307.46,793178.19,798077.91,2025-05-26
20250526,E04,Shenzhen Sourcing,USD,19515.16,19515.16,26157.05,26157.05,2025-05-26
20250526,E05,India Services,INR,20719749.86,20878804.52,335162.68,337735.54,2025-05-26
20250526,E05,India Services,USD,38251.36,38251.36,51270.01,51270.01,2025-05-26
20250526,E06,Germany GmbH,EUR,-89258.33,193525.25,-130285.71,280918.67,2025-05-26
20250526,E06,Germany GmbH,USD,224261.99,362585.63,300588.43,485989.83,2025-05-26
20250526,E07,Germany Sales Office,EUR,64649.83,104707.13,94009.32,152257.88,2025-05-26
20250526,E07,Germany Sales Office,USD,5861.02,5861.02,7855.79,7855.79,2025-05-26
20250526,E08,Netherlands BV,EUR,-24890.16,70199.68,-36193.56,102079.52,2025-05-26
20250526,E08,Netherlands BV,USD,372172.16,372172.16,498839.08,498839.08,2025-05-26
20250526,E09,UK Ltd,GBP,-10148.94,10148.94,-17896.66,17896.66,2025-05-26
20250527,E01,Group Treasury HQ,SGD,993737.89,1046262.11,985048.09,1054951.91,2025-05-27
20250527,E01,Group Treasury HQ,USD,649253.73,649253.73,866520.0,866520.0,2025-05-27
20250527,E02,SG Operations,SGD,-12558355.68,13827586.98,-2724563.1,4019882.84,2025-05-27
20250527,E02,SG Operations,USD,-536316.29,762191.17,-715860.87,1017179.13,2025-05-27
20250527,E03,Shanghai Mfg,CNY,-4029510.23,5220722.25,-754928.75,978102.31,2025-05-27
20250527,E03,Shanghai Mfg,USD,-176436.48,198549.84,-235479.18,264992.56,2025-05-27
20250527,E04,Shenzhen Sourcing,CNY,-755852.18,1777922.22,-197375.8,388860.6,2025-05-27
20250527,E04,Shenzhen Sourcing,USD,331699.07,383140.43,442588.29,511243.99,2025-05-27
20250527,E05,India Services,EUR,-10203.26,10203.26,-14988.78,14988.78,2025-05-27
20250527,E05,India Services,INR,2767543.52,27095970.62,81815.47,475035.83,2025-05-27
20250527,E05,India Services,USD,-10160.77,26236.89,-13560.97,35016.81,2025-05-27
20250527,E06,Germany GmbH,EUR,375893.05,533149.71,645368.02,678460.44,2025-05-27
20250527,E06,Germany GmbH,USD,69991.13,168037.13,93412.96,224269.08,2025-05-27
20250527,E07,Germany Sales Office,EUR,-29106.74,51094.92,-42758.35,75059.41,2025-05-27
20250527,E07,Germany Sales Office,USD,93818.26,95594.0,125213.6,127583.58,2025-05-27
20250527,E08,Netherlands BV,EUR,-800549.43,835077.69,-847533.07,903924.01,2025-05-27
20250527,E08,Netherlands BV,USD,9048.24,337221.6,12265.07,449880.49,2025-05-27
20250527,E09,UK Ltd,EUR,96331.53,125249.07,141512.85,183993.27,2025-05-27
20250527,E09,UK Ltd,GBP,164087.06,261874.9,127752.74,299462.62,2025-05-27
20250527,E09,UK Ltd,USD,77218.79,77218.79,103059.29,103059.29,2025-05-27
20250527,E10,US Inc,EUR,8558.09,162816.51,12571.99,239180.53,2025-05-27
20250527,E10,US Inc,USD,403563.26,729686.74,626421.42,878938.24,2025-05-27
20250527,E11,US West Distribution,USD,298221.76,398386.52,477368.59,514651.39,2025-05-27
20250528,E01,Group Treasury HQ,CNY,-80645.16,80645.16,-15116.85,15116.85,2025-05-28
20250528,E01,Group Treasury HQ,EUR,765517.24,765517.24,1117773.06,1117773.06,2025-05-28
20250528,E01,Group Treasury HQ,SGD,23945.25,25787.45,30985.04,32827.24,2025-05-28
20250528,E01,Group Treasury HQ,USD,850746.26,850746.26,1131041.64,1131041.64,2025-05-28
20250528,E02,SG Operations,SGD,132723.71,311207.27,234862.01,413345.57,2025-05-28
20250528,E02,SG Operations,USD,10338.45,19133.55,13749.62,25432.52,2025-05-28
20250528,E03,Shanghai Mfg,CNY,2104414.55,2237426.75,391568.07,422305.73,2025-05-28
20250528,E03,Shanghai Mfg,USD,2484.22,2484.22,3302.7,3302.7,2025-05-28
20250528,E04,Shenzhen Sourcing,CNY,153145.57,797767.09,28706.97,149540.65,2025-05-28
20250528,E04,Shenzhen Sourcing,USD,-339681.05,443901.03,-451595.77,590153.11,2025-05-28
20250528,E05,India Services,INR,4872657.97,4938104.39,78581.35,79636.81,2025-05-28
20250528,E06,Germany GmbH,EUR,-1803160.43,1916006.85,-1782111.58,1944019.14,2025-05-28
20250528,E06,Germany GmbH,USD,-458860.09,677765.53,-610040.72,901068.96,2025-05-28
20250528,E07,Germany Sales Office,EUR,-143670.45,235478.87,-209780.99,343835.43,2025-05-28
20250528,E07,Germany Sales Office,USD,4200.24,4200.24,5584.09,5584.09,2025-05-28
20250528,E08,Netherlands BV,EUR,-368265.29,431111.23,-228378.19,291224.13,2025-05-28
20250528,E08,Netherlands BV,USD,38983.23,42969.15,51827.04,57126.2,2025-05-28
20250528,E09,UK Ltd,EUR,11683.01,11683.01,17058.99,17058.99,2025-05-28
20250528,E09,UK Ltd,GBP,3501.49,208766.71,145563.07,223966.79,2025-05-28
20250528,E09,UK Ltd,USD,6158.81,73173.35,8187.95,97281.77,2025-05-28
20250528,E10,US Inc,EUR,-439942.4,439942.4,-642383.66,642383.66,2025-05-28
20250528,E10,US Inc,USD,185733.54,674066.52,332445.98,667911.56,2025-05-28
20250528,E11,US West Distribution,USD,39444.52,121823.26,50954.6,160474.48,2025-05-28
20250529,E01,Group Treasury HQ,EUR,-113793.1,113793.1,-166595.04,166595.04,2025-05-29
20250529,E01,Group Treasury HQ,SGD,-1159712.79,1159712.79,-628109.47,628109.47,2025-05-29
20250529,E02,SG Operations,SGD,-1714918.06,1923770.48,-189131.35,494894.85,2025-05-29
20250529,E02,SG Operations,USD,83858.78,83858.78,111393.14,111393.14,2025-05-29
20250529,E03,Shanghai Mfg,CNY,-4496616.45,4496616.45,-842535.67,842535.67,2025-05-29
20250529,E03,Shanghai Mfg,USD,-2491.07,2491.07,-3308.99,3308.99,2025-05-29
20250529,E04,Shenzhen Sourcing,CNY,-2613328.84,2669111.14,-491300.9,547083.2,2025-05-29
20250529,E04,Shenzhen Sourcing,USD,1314.09,16038.15,1745.56,21304.14,2025-05-29
20250529,E05,India Services,INR,-8469783.44,36444914.58,-173694.86,623898.64,2025-05-29
20250529,E05,India Services,USD,9911.64,9911.64,13166.05,13166.05,2025-05-29
20250529,E09,UK Ltd,GBP,195252.95,266928.69,172698.95,298576.23,2025-05-29
20250529,E09,UK Ltd,USD,-14057.95,23303.09,-18488.14,30768.84,2025-05-29
20250529,E10,US Inc,EUR,113793.1,113793.1,166595.04,166595.04,2025-05-29
20250529,E10,US Inc,USD,-259061.57,581159.39,-10502.99,377798.25,2025-05-29
20250529,E11,US West Distribution,USD,-1357050.5,2075868.7,-310516.03,1094564.65,2025-05-29
20250530,E01,Group Treasury HQ,CNY,-2661290.32,2661290.32,-500474.27,500474.27,2025-05-30
20250530,E01,Group Treasury HQ,EUR,-165517.24,165517.24,-242290.43,242290.43,2025-05-30
20250530,E01,Group Treasury HQ,SGD,4176.27,4867.71,5609.75,6301.19,2025-05-30
20250530,E02,SG Operations,SGD,204616.02,328686.54,198514.12,345490.88,2025-05-30
20250530,E02,SG Operations,USD,22364.72,22364.72,29454.4,29454.4,2025-05-30
20250530,E03,Shanghai Mfg,CNY,1803039.42,3020018.62,339074.19,567935.63,2025-05-30
20250530,E03,Shanghai Mfg,EUR,-10263.07,10263.07,-15023.47,15023.47,2025-05-30
20250530,E03,Shanghai Mfg,USD,6310.88,6310.88,8311.45,8311.45,2025-05-30
20250530,E04,Shenzhen Sourcing,CNY,2708636.72,3516504.74,503216.71,667464.71,2025-05-30
20250530,E05,India Services,EUR,68320.21,77427.09,100009.72,113340.72,2025-05-30
20250530,E05,India Services,INR,10311134.19,16106404.19,238458.79,331640.91,2025-05-30
20250530,E05,India Services,USD,-4561.64,44413.78,-6007.7,58493.08,2025-05-30
20250530,E06,Germany GmbH,EUR,151601.46,601657.06,215070.17,873878.65,2025-05-30
20250530,E06,Germany GmbH,USD,29997.86,29997.86,39507.27,39507.27,2025-05-30
20250530,E07,Germany Sales Office,EUR,177266.53,177649.59,259489.48,260050.22,2025-05-30
20250530,E07,Germany Sales Office,USD,59932.59,59932.59,78931.4,78931.4,2025-05-30
20250530,E08,Netherlands BV,EUR,-42599.51,58559.89,-59951.02,88129.96,2025-05-30
20250530,E08,Netherlands BV,USD,116038.95,116038.95,152823.64,152823.64,2025-05-30
20250530,E09,UK Ltd,EUR,-21812.07,21812.07,-31929.34,31929.34,2025-05-30
20250530,E09,UK Ltd,GBP,20211.48,97330.4,8048.15,144205.95,2025-05-30
20250530,E09,UK Ltd,USD,-54516.98,54516.98,-71799.03,71799.03,2025-05-30
20250530,E10,US Inc,EUR,28192.48,102033.06,41269.22,149359.88,2025-05-30
20250530,E10,US Inc,USD,-1926328.87,2412539.79,-205515.67,845856.91,2025-05-30
20250530,E11,US West Distribution,USD,-521052.74,589684.48,-196702.95,291962.37,2025-05-30
20250531,E02,SG Operations,SGD,-56157.79,56157.79,-56157.79,56157.79,2025-05-31
20250601,E01,Group Treasury HQ,SGD,-15000.0,15000.0,-15000.0,15000.0,2025-06-01
20250601,E02,SG Operations,SGD,15000.0,15000.0,15000.0,15000.0,2025-06-01
20250601,E03,Shanghai Mfg,USD,-28489.72,28489.72,-37290.76,37290.76,2025-06-01
20250602,E01,Group Treasury HQ,SGD,-16494.32,16494.32,-16494.32,16494.32,2025-06-02
20250602,E02,SG Operations,SGD,91818.25,96764.49,120755.01,125701.25,2025-06-02
20250602,E02,SG Operations,USD,123673.52,123673.52,161833.11,161833.11,2025-06-02
20250602,E04,Shenzhen Sourcing,CNY,-58477.85,58477.85,-10971.85,10971.85,2025-06-02
20250602,E04,Shenzhen Sourcing,USD,-8054.01,8054.01,-10542.05,10542.05,2025-06-02
20250602,E05,India Services,EUR,6328.56,6328.56,9269.76,9269.76,2025-06-02
20250602,E05,India Services,INR,38701092.71,39142004.71,623281.1,630381.98,2025-06-02
20250602,E05,India Services,USD,16296.58,64434.36,21180.48,84188.98,2025-06-02
20250602,E06,Germany GmbH,EUR,76904.5,78945.6,94050.76,97040.46,2025-06-02
20250602,E06,Germany GmbH,USD,134036.12,134036.12,175442.56,175442.56,2025-06-02
20250602,E07,Germany Sales Office,EUR,127135.76,131953.58,185097.57,192154.47,2025-06-02
20250602,E07,Germany Sales Office,USD,58291.67,58291.67,76299.13,76299.13,2025-06-02
20250602,E08,Netherlands BV,EUR,-4364.41,59476.33,16485.85,81070.73,2025-06-02
20250602,E08,Netherlands BV,USD,75706.49,75706.49,99093.73,99093.73,2025-06-02
20250602,E09,UK Ltd,EUR,28557.22,56440.3,41829.19,82670.93,2025-06-02
20250602,E09,UK Ltd,GBP,27767.3,71955.98,10751.24,88972.04,2025-06-02
20250602,E09,UK Ltd,USD,25995.94,25995.94,34026.61,34026.61,2025-06-02
20250602,E10,US Inc,EUR,-1170.51,65795.01,-1714.5,96373.24,2025-06-02
20250602,E10,US Inc,USD,185081.16,326479.62,242256.42,427335.72,2025-06-02
20250602,E11,US West Distribution,USD,474097.2,522649.96,601869.81,665421.49,2025-06-02
20250603,E01,Group Treasury HQ,EUR,-951724.14,951724.14,-1394300.61,1394300.61,2025-06-03
20250603,E01,Group Treasury HQ,SGD,514475.17,514724.55,525034.8,525284.18,2025-06-03
20250603,E01,Group Treasury HQ,USD,190298.51,190298.51,248376.28,248376.28,2025-06-03
20250603,E02,SG Operations,SGD,-818062.41,1601987.51,-262991.76,1070358.0,2025-06-03
20250603,E02,SG Operations,USD,-167586.11,245207.15,-218732.21,320042.65,2025-06-03
20250603,E03,Shanghai Mfg,CNY,13661649.78,13989367.8,2593247.37,2654735.11,2025-06-03
20250603,E03,Shanghai Mfg,USD,14998.62,14998.62,19526.97,19526.97,2025-06-03
20250603,E04,Shenzhen Sourcing,CNY,1022529.94,2062180.96,202613.3,397676.78,2025-06-03
20250603,E05,India Services,EUR,-68403.28,68403.28,-100212.58,100212.58,2025-06-03
20250603,E05,India Services,INR,1637072.82,1637072.82,26314.31,26314.31,2025-06-03
20250603,E05,India Services,USD,775604.48,775604.48,1012313.54,1012313.54,2025-06-03
20250603,E06,Germany GmbH,EUR,1188898.83,1375510.71,1733739.29,2016568.65,2025-06-03
20250603,E06,Germany GmbH,USD,383271.88,383271.88,500243.78,500243.78,2025-06-03
20250603,E07,Germany Sales Office,EUR,48102.43,48186.57,70471.31,70594.57,2025-06-03
20250603,E07,Germany Sales Office,USD,29188.28,29188.28,38096.34,38096.34,2025-06-03
20250603,E08,Netherlands BV,EUR,117795.53,119992.43,162561.95,165780.45,2025-06-03
20250603,E08,Netherlands BV,USD,125242.57,129103.23,163465.73,168504.63,2025-06-03
20250603,E09,UK Ltd,EUR,23450.56,23450.56,34355.68,34355.68,2025-06-03
20250603,E09,UK Ltd,GBP,-16572.26,42348.08,-29474.15,75317.03,2025-06-03
20250603,E09,UK Ltd,USD,184806.71,359959.35,241208.42,469816.42,2025-06-03
20250603,E10,US Inc,EUR,51675.18,51675.18,75705.47,75705.47,2025-06-03
20250603,E10,US Inc,USD,967573.92,1108649.28,1338692.59,1371179.39,2025-06-03
20250603,E11,US West Distribution,USD,-35643.49,185800.19,44321.98,151661.48,2025-06-03
20250604,E01,Group Treasury HQ,EUR,93103.45,93103.45,136231.29,136231.29,2025-06-04
20250604,E01,Group Treasury HQ,SGD,137249.61,140159.53,183628.79,186538.71,2025-06-04
20250604,E01,Group Treasury HQ,USD,134328.35,805970.15,174884.51,1049307.05,2025-06-04
20250604,E02,SG Operations,SGD,-525.14,73237.46,34165.15,54132.47,2025-06-04
20250604,E02,SG Operations,USD,9075.27,9075.27,11815.26,11815.26,2025-06-04
20250604,E03,Shanghai Mfg,CNY,676066.31,903440.87,126675.89,169279.53,2025-06-04
20250604,E03,Shanghai Mfg,USD,463.89,463.89,603.95,603.95,2025-06-04
20250604,E04,Shenzhen Sourcing,CNY,5346.0,32653.1,25242.34,30358.9,2025-06-04
20250604,E04,Shenzhen Sourcing,USD,8897.63,8897.63,11583.98,11583.98,2025-06-04
20250604,E05,India Services,EUR,14873.94,14873.94,21763.92,21763.92,2025-06-04
20250604,E05,India Services,INR,1783694.13,2009139.27,28715.68,32345.14,2025-06-04
20250604,E05,India Services,USD,26350.8,26350.8,34306.58,34306.58,2025-06-04
20250604,E06,Germany GmbH,EUR,-301413.58,584743.02,-229944.94,513274.38,2025-06-04
20250604,E06,Germany GmbH,USD,454970.98,454970.98,592334.9,592334.9,2025-06-04
20250604,E07,Germany Sales Office,EUR,37260.92,124904.08,54521.11,182762.77,2025-06-04
20250604,E07,Germany Sales Office,USD,-51724.11,51724.11,-67340.55,67340.55,2025-06-04
20250604,E08,Netherlands BV,EUR,-53026.87,111382.57,35678.28,67818.76,2025-06-04
20250604,E09,UK Ltd,EUR,262395.06,262395.06,383943.01,383943.01,2025-06-04
20250604,E09,UK Ltd,GBP,-17004.31,126584.55,60712.08,133634.5,2025-06-04
20250604,E09,UK Ltd,USD,13169.54,13169.54,17145.66,17145.66,2025-06-04
20250604,E10,US Inc,EUR,-1923.92,47002.16,-2815.14,68774.74,2025-06-04
20250604,E10,US Inc,USD,-306244.3,489678.7,-35087.48,273904.02,2025-06-04
20250604,E11,US West Distribution,USD,-1552694.92,1772811.44,-971680.32,1258253.96,2025-06-04
20250605,E01,Group Treasury HQ,CNY,-80645.16,80645.16,-15095.73,15095.73,2025-06-05
20250605,E01,Group Treasury HQ,SGD,-78166.12,164062.84,-106578.88,209738.16,2025-06-05
20250605,E02,SG Operations,SGD,-2514756.93,2825963.59,-313907.6,768887.38,2025-06-05
20250605,E02,SG Operations,USD,-90516.22,90516.22,-118354.58,118354.58,2025-06-05
20250605,E03,Shanghai Mfg,CNY,-3682016.11,3747316.45,-734164.63,746388.01,2025-06-05
20250605,E03,Shanghai Mfg,EUR,-18374.59,18374.59,-26863.4,26863.4,2025-06-05
20250605,E03,Shanghai Mfg,USD,-41596.42,41596.42,-54389.44,54389.44,2025-06-05
20250605,E04,Shenzhen Sourcing,CNY,-5154855.82,5316146.14,-975548.74,1005740.2,2025-06-05
20250605,E04,Shenzhen Sourcing,USD,-17121.92,17121.92,-22387.78,22387.78,2025-06-05
20250605,E05,India Services,EUR,-76629.42,76629.42,-112031.14,112031.14,2025-06-05
20250605,E05,India Services,INR,-2628306.15,2815812.37,-64503.64,67513.86,2025-06-05
20250605,E05,India Services,USD,-13579.79,25073.89,-17756.27,32785.39,2025-06-05
20250605,E06,Germany GmbH,EUR,-26747.82,26747.82,-17611.98,17611.98,2025-06-05
20250605,E07,Germany Sales Office,EUR,16332.66,121406.64,23878.11,177494.81,2025-06-05
20250605,E07,Germany Sales Office,USD,17788.74,17788.74,23259.68,23259.68,2025-06-05
20250605,E08,Netherlands BV,EUR,-73110.22,182401.12,34817.25,124964.51,2025-06-05
20250605,E08,Netherlands BV,USD,-222247.07,257833.43,-290599.38,337130.36,2025-06-05
20250605,E09,UK Ltd,EUR,-45332.18,45332.18,-66275.01,66275.01,2025-06-05
20250605,E09,UK Ltd,GBP,-76254.34,79952.04,-134470.94,140991.66,2025-06-05
20250605,E09,UK Ltd,USD,-8637.6,33258.7,-11294.1,43487.44,2025-06-05
20250605,E10,US Inc,EUR,-65841.71,75631.51,-96259.66,110572.22,2025-06-05
20250605,E10,US Inc,USD,-578512.8,788058.38,-157931.87,431923.41,2025-06-05
20250605,E11,US West Distribution,USD,-1373246.83,1373246.83,-325624.0,325624.0,2025-06-05
20250606,E01,Group Treasury HQ,EUR,-921979.31,921979.31,-1356074.82,1356074.82,2025-06-06
20250606,E01,Group Treasury HQ,SGD,-826249.27,826249.27,-1095897.75,1095897.75,2025-06-06
20250606,E01,Group Treasury HQ,USD,-67164.18,67164.18,-87998.31,87998.31,2025-06-06
20250606,E02,SG Operations,SGD,2582.87,289409.23,2582.87,289409.23,2025-06-06
20250606,E02,SG Operations,USD,43075.65,43075.65,56437.58,56437.58,2025-06-06
20250606,E03,Shanghai Mfg,CNY,-1075771.58,1075771.58,-201771.24,201771.24,2025-06-06
20250606,E03,Shanghai Mfg,USD,317490.24,317490.24,415974.76,415974.76,2025-06-06
20250606,E04,Shenzhen Sourcing,CNY,-88990.24,88990.24,-16690.99,16690.99,2025-06-06
20250606,E04,Shenzhen Sourcing,USD,-43638.53,43638.53,-57175.06,57175.06,2025-06-06
20250606,E05,India Services,INR,14370655.02,14467946.7,229944.85,231501.61,2025-06-06
20250606,E05,India Services,USD,336600.0,336600.0,441012.31,441012.31,2025-06-06
20250606,E06,Germany GmbH,EUR,-1084120.53,2474026.85,-1005384.35,3049700.25,2025-06-06
20250606,E06,Germany GmbH,USD,-14201.23,14201.23,-18606.41,18606.41,2025-06-06
20250606,E07,Germany Sales Office,EUR,-4075.5,183475.5,-5994.37,269861.27,2025-06-06
20250606,E07,Germany Sales Office,USD,67164.18,67164.18,87998.31,87998.31,2025-06-06
20250606,E08,Netherlands BV,EUR,129208.14,157791.86,190043.2,232085.0,2025-06-06
20250606,E08,Netherlands BV,USD,7649.22,7649.22,10021.99,10021.99,2025-06-06
20250606,E09,UK Ltd,EUR,-70457.29,70457.29,-103630.7,103630.7,2025-06-06
20250606,E09,UK Ltd,GBP,-249384.02,425984.02,-53319.76,363417.0,2025-06-06
20250606,E10,US Inc,EUR,37765.37,78793.23,55546.44,115891.44,2025-06-06
20250606,E10,US Inc,USD,-993506.73,1094184.55,-214690.76,346598.54,2025-06-06
20250606,E11,US West Distribution,USD,3469.16,13277.3,4545.29,17395.87,2025-06-06
20250608,E01,Group Treasury HQ,SGD,-405000.0,405000.0,-405000.0,405000.0,2025-06-08
20250608,E02,SG Operations,SGD,405000.0,405000.0,405000.0,405000.0,2025-06-08
20250609,E01,Group Treasury HQ,CNY,-3951612.9,3951612.9,-740998.55,740998.55,2025-06-09
20250609,E01,Group Treasury HQ,SGD,-752592.62,823792.4,-442703.25,536491.37,2025-06-09
20250609,E01,Group Treasury HQ,USD,-89552.24,89552.24,-117962.96,117962.96,2025-06-09
20250609,E02,SG Operations,SGD,552589.34,554028.4,552589.34,554028.4,2025-06-09
20250609,E02,SG Operations,USD,57491.41,57491.41,75730.74,75730.74,2025-06-09
20250609,E03,Shanghai Mfg,CNY,1676611.68,2156156.48,321244.42,411167.72,2025-06-09
20250609,E03,Shanghai Mfg,USD,101502.5,101502.5,133886.34,133886.34,2025-06-09
20250609,E04,Shenzhen Sourcing,CNY,5034640.87,5826312.27,951832.53,1100285.15,2025-06-09
20250609,E04,Shenzhen Sourcing,USD,58367.83,58367.83,76885.2,76885.2,2025-06-09
20250609,E05,India Services,INR,46335688.05,48406099.77,739563.91,772609.75,2025-06-09
20250609,E05,India Services,USD,50483.32,50483.32,66499.3,66499.3,2025-06-09
20250609,E09,UK Ltd,GBP,-65060.66,215361.14,-165234.12,326026.46,2025-06-09
20250609,E09,UK Ltd,USD,182265.68,184474.24,240090.01,242999.25,2025-06-09
20250609,E10,US Inc,USD,424446.57,446644.27,559103.51,588343.49,2025-06-09
20250609,E11,US West Distribution,USD,122567.0,163460.28,161451.74,215318.54,2025-06-09
20250610,E01,Group Treasury HQ,EUR,-631377.58,631377.58,-928089.05,928089.05,2025-06-10
20250610,E01,Group Treasury HQ,SGD,-489120.94,909004.6,-6798.87,436232.57,2025-06-10
20250610,E01,Group Treasury HQ,USD,167910.45,190298.51,221570.26,251112.96,2025-06-10
20250610,E02,SG Operations,SGD,-32527.42,410111.66,1084.01,404855.37,2025-06-10
20250610,E02,SG Operations,USD,45287.7,403496.66,59760.47,532443.69,2025-06-10
20250610,E03,Shanghai Mfg,CNY,122678.48,3264118.8,53659.79,641473.51,2025-06-10
20250610,E03,Shanghai Mfg,EUR,40637.42,40637.42,59734.69,59734.69,2025-06-10
20250610,E03,Shanghai Mfg,USD,41910.51,41910.51,55304.02,55304.02,2025-06-10
20250610,E04,Shenzhen Sourcing,CNY,-551413.03,2060710.57,-103178.22,385591.94,2025-06-10
20250610,E04,Shenzhen Sourcing,USD,126584.62,126584.62,167095.77,167095.77,2025-06-10
20250610,E05,India Services,EUR,-25065.45,25065.45,-36844.78,36844.78,2025-06-10
20250610,E05,India Services,INR,6312262.17,16018190.67,100636.39,255378.03,2025-06-10
20250610,E05,India Services,USD,127963.8,127963.8,168857.7,168857.7,2025-06-10
20250610,E06,Germany GmbH,EUR,314881.98,1109807.58,462858.58,1631353.88,2025-06-10
20250610,E06,Germany GmbH,USD,-671517.9,1037699.72,-886117.56,1369321.58,2025-06-10
20250610,E07,Germany Sales Office,EUR,-124803.18,190571.3,-183453.56,280128.94,2025-06-10
20250610,E07,Germany Sales Office,USD,182126.93,182126.93,240329.95,240329.95,2025-06-10
20250610,E08,Netherlands BV,EUR,-288269.33,288269.33,-407602.05,407602.05,2025-06-10
20250610,E08,Netherlands BV,USD,284246.56,545169.32,374796.27,719679.33,2025-06-10
20250610,E09,UK Ltd,EUR,122398.23,122398.23,179918.43,179918.43,2025-06-10
20250610,E09,UK Ltd,GBP,-10598.54,10598.54,-18439.91,18439.91,2025-06-10
20250610,E09,UK Ltd,USD,32222.04,32222.04,42519.37,42519.37,2025-06-10
20250610,E10,US Inc,EUR,274667.37,274667.37,403745.37,403745.37,2025-06-10
20250610,E10,US Inc,USD,61992.36,785871.58,478146.96,633755.48,2025-06-10
20250610,E11,US West Distribution,USD,667307.65,1087144.71,1052530.54,1310729.92,2025-06-10
20250611,E01,Group Treasury HQ,EUR,204641.51,535675.99,300102.28,785557.06,2025-06-11
20250611,E01,Group Treasury HQ,SGD,-207339.63,207339.63,-41126.71,41126.71,2025-06-11
20250611,E01,Group Treasury HQ,USD,985074.63,985074.63,1304857.44,1304857.44,2025-06-11
20250611,E02,SG Operations,SGD,41472.65,249940.53,43438.89,251906.77,2025-06-11
20250611,E02,SG Operations,USD,40906.42,75000.34,54185.79,99347.55,2025-06-11
20250611,E03,Shanghai Mfg,CNY,860706.35,903125.81,161292.91,169242.19,2025-06-11
20250611,E03,Shanghai Mfg,USD,-281025.01,368228.73,-372253.6,487766.08,2025-06-11
20250611,E04,Shenzhen Sourcing,CNY,341847.19,474559.39,91348.73,116218.45,2025-06-11
20250611,E04,Shenzhen Sourcing,USD,2431.02,2431.02,3220.2,3220.2,2025-06-11
20250611,E05,India Services,EUR,16158.43,16158.43,23695.98,23695.98,2025-06-11
20250611,E05,India Services,INR,2209581.66,2699202.86,35141.18,42928.12,2025-06-11
20250611,E06,Germany GmbH,EUR,-38155.17,493342.63,-55953.7,723476.08,2025-06-11
20250611,E06,Germany GmbH,USD,-190401.6,266770.42,-252211.29,353371.57,2025-06-11
20250611,E07,Germany Sales Office,EUR,-1159519.25,1174861.47,-1700409.46,1722908.48,2025-06-11
20250611,E08,Netherlands BV,EUR,-88283.35,208287.07,72565.75,132193.85,2025-06-11
20250611,E08,Netherlands BV,USD,53084.79,62364.65,70317.6,82609.96,2025-06-11
20250611,E09,UK Ltd,EUR,8678.92,8678.92,12727.45,12727.45,2025-06-11
20250611,E09,UK Ltd,GBP,135401.34,216512.06,257062.61,353362.51,2025-06-11
20250611,E09,UK Ltd,USD,21573.62,21573.62,28577.02,28577.02,2025-06-11
20250611,E10,US Inc,EUR,-114087.02,568671.6,-167306.1,833944.4,2025-06-11
20250611,E10,US Inc,USD,178072.95,209616.91,244880.12,268664.72,2025-06-11
20250611,E11,US West Distribution,USD,-465600.75,924775.19,-615433.73,1226297.15,2025-06-11
20250612,E01,Group Treasury HQ,EUR,-12042.64,12042.64,-17626.85,17626.85,2025-06-12
20250612,E01,Group Treasury HQ,SGD,-375282.77,375282.77,-70432.71,70432.71,2025-06-12
20250612,E01,Group Treasury HQ,USD,-358208.96,358208.96,-475143.76,475143.76,2025-06-12
20250612,E02,SG Operations,SGD,-1876544.82,2635395.82,-114760.52,884547.06,2025-06-12
20250612,E02,SG Operations,USD,-106903.19,127683.07,-141798.5,169361.82,2025-06-12
20250612,E03,Shanghai Mfg,CNY,-1667239.86,6135539.32,-459839.03,1514721.55,2025-06-12
20250612,E03,Shanghai Mfg,EUR,-9274.68,9274.68,-13575.38,13575.38,2025-06-12
20250612,E03,Shanghai Mfg,USD,-49901.96,49901.96,-66192.1,66192.1,2025-06-12
20250612,E04,Shenzhen Sourcing,CNY,-4580240.75,5008503.65,-832975.6,1016059.26,2025-06-12
20250612,E04,Shenzhen Sourcing,USD,-92230.97,96783.13,-122337.33,128375.51,2025-06-12
20250612,E05,India Services,EUR,-14904.74,14904.74,-21816.11,21816.11,2025-06-12
20250612,E05,India Services,INR,-5377747.31,5377747.31,-85511.57,85511.57,2025-06-12
20250612,E06,Germany GmbH,EUR,23929.25,73457.65,31164.33,109789.95,2025-06-12
20250612,E06,Germany GmbH,USD,-44743.46,87199.0,-59349.65,115664.51,2025-06-12
20250612,E07,Germany Sales Office,EUR,54019.0,56348.28,72876.27,76285.65,2025-06-12
20250612,E07,Germany Sales Office,USD,-15204.94,15204.94,-20168.49,20168.49,2025-06-12
20250612,E08,Netherlands BV,EUR,-192634.69,208898.77,-290891.43,314697.21,2025-06-12
20250612,E08,Netherlands BV,USD,5216.81,33585.91,6919.81,44549.79,2025-06-12
20250612,E09,UK Ltd,EUR,-99680.56,110898.6,-145902.73,162322.61,2025-06-12
20250612,E09,UK Ltd,GBP,-2160.4,2160.4,-3734.52,3734.52,2025-06-12
20250612,E10,US Inc,EUR,179726.69,179726.69,263066.5,263066.5,2025-06-12
20250612,E10,US Inc,USD,-728148.79,794509.33,-176695.64,264719.12,2025-06-12
20250612,E11,US West Distribution,USD,134392.73,665498.39,423951.71,616459.23,2025-06-12
20250613,E01,Group Treasury HQ,SGD,-30534.07,30534.07,-40497.89,40497.89,2025-06-13
20250613,E02,SG Operations,SGD,-604737.54,634205.74,-604737.54,634205.74,2025-06-13
20250613,E02,SG Operations,USD,11208.52,11208.52,14866.06,14866.06,2025-06-13
20250613,E03,Shanghai Mfg,CNY,-444292.67,1216934.31,-43056.34,268741.02,2025-06-13
20250613,E03,Shanghai Mfg,EUR,4951.21,4951.21,7211.38,7211.38,2025-06-13
20250613,E04,Shenzhen Sourcing,CNY,687566.13,1573397.61,129049.96,295312.58,2025-06-13
20250613,E05,India Services,INR,-320399.29,320399.29,-53690.97,53690.97,2025-06-13
20250613,E05,India Services,USD,-9038.1,9038.1,-11987.4,11987.4,2025-06-13
20250613,E06,Germany GmbH,EUR,-1461039.62,1461039.62,-1278013.18,1278013.18,2025-06-13
20250613,E06,Germany GmbH,USD,3273.06,19659.78,4341.12,26075.12,2025-06-13
20250613,E07,Germany Sales Office,EUR,-214974.85,214974.85,-257860.0,257860.0,2025-06-13
20250613,E08,Netherlands BV,EUR,-64155.73,70485.57,-24111.92,33331.26,2025-06-13
20250613,E08,Netherlands BV,USD,67703.46,67703.46,89796.32,89796.32,2025-06-13
20250613,E09,UK Ltd,EUR,24732.44,24732.44,36022.5,36022.5,2025-06-13
20250613,E09,UK Ltd,GBP,-26475.18,26475.18,-36225.64,36225.64,2025-06-13
20250613,E09,UK Ltd,USD,-94364.58,94364.58,-125157.44,125157.44,2025-06-13
20250613,E10,US Inc,EUR,-31915.08,31915.08,-46483.94,46483.94,2025-06-13
20250613,E10,US Inc,USD,-1860570.3,2130318.42,-408962.48,766734.28,2025-06-13
20250613,E11,US West Distribution,USD,-226812.62,235873.86,-301144.89,314342.47,2025-06-13
20250615,E01,Group Treasury HQ,USD,-111940.3,111940.3,-148468.43,148468.43,2025-06-15
20250615,E02,SG Operations,USD,111940.3,111940.3,148468.43,148468.43,2025-06-15
20250616,E01,Group Treasury HQ,CNY,-967741.94,967741.94,-181736.13,181736.13,2025-06-16
20250616,E01,Group Treasury HQ,EUR,-279310.35,279310.35,-404599.19,404599.19,2025-06-16
20250616,E01,Group Treasury HQ,GBP,-218023.26,218023.26,-378182.27,378182.27,2025-06-16
20250616,E01,Group Treasury HQ,SGD,-103083.24,207262.92,25668.76,112624.66,2025-06-16
20250616,E01,Group Treasury HQ,USD,-89552.24,89552.24,-118876.21,118876.21,2025-06-16
20250616,E02,SG Operations,SGD,29077.28,55765.44,38835.89,65524.05,2025-06-16
20250616,E02,SG Operations,USD,1076791.96,1076791.96,1429353.01,1429353.01,2025-06-16
20250616,E03,Shanghai Mfg,CNY,5346618.94,6794243.2,1004062.95,1275918.09,2025-06-16
20250616,E03,Shanghai Mfg,EUR,83657.55,83657.55,121888.55,121888.55,2025-06-16
20250616,E03,Shanghai Mfg,USD,24873.59,24873.59,33018.47,33018.47,2025-06-16
20250616,E04,Shenzhen Sourcing,CNY,1382863.46,1620952.22,265233.42,309945.06,2025-06-16
20250616,E04,Shenzhen Sourcing,USD,73546.14,73546.14,97628.9,97628.9,2025-06-16
20250616,E05,India Services,EUR,41216.52,41216.52,59704.81,59704.81,2025-06-16
20250616,E05,India Services,INR,10350710.42,12146859.58,175565.42,204122.4,2025-06-16
20250616,E05,India Services,USD,180476.63,180476.63,239561.95,239561.95,2025-06-16
20250616,E06,Germany GmbH,EUR,367218.55,462669.07,531939.92,670206.22,2025-06-16
20250616,E06,Germany GmbH,USD,98025.86,98025.86,130124.53,130124.53,2025-06-16
20250616,E07,Germany Sales Office,EUR,33564.62,34556.92,48620.53,50057.95,2025-06-16
20250616,E08,Netherlands BV,EUR,129775.0,133347.12,184747.68,189922.1,2025-06-16
20250616,E08,Netherlands BV,USD,212862.99,212862.99,282565.19,282565.19,2025-06-16
20250616,E09,UK Ltd,EUR,82631.41,162078.37,119696.97,234781.05,2025-06-16
20250616,E09,UK Ltd,GBP,56544.25,379502.27,98081.44,658283.1,2025-06-16
20250616,E09,UK Ltd,USD,127938.06,127938.06,169831.51,169831.51,2025-06-16
20250616,E10,US Inc,EUR,197264.2,197264.2,285750.02,285750.02,2025-06-16
20250616,E10,US Inc,USD,469052.4,677928.94,622644.07,899917.45,2025-06-16
20250616,E11,US West Distribution,USD,366216.43,494103.63,515333.22,685044.2,2025-06-16
20250617,E01,Group Treasury HQ,CNY,-1370967.74,1370967.74,-256978.31,256978.31,2025-06-17
20250617,E01,Group Treasury HQ,EUR,-294671.04,294671.04,-429333.94,429333.94,2025-06-17
20250617,E01,Group Treasury HQ,SGD,500941.01,651007.31,573258.77,602183.69,2025-06-17
20250617,E01,Group Treasury HQ,USD,1287313.43,1287313.43,1707675.34,1707675.34,2025-06-17
20250617,E02,SG Operations,SGD,-1137305.14,2010911.36,-238577.23,1261821.13,2025-06-17
20250617,E02,SG Operations,USD,-1033366.1,1541260.76,-1370803.54,2044547.14,2025-06-17
20250617,E03,Shanghai Mfg,CNY,-832540.99,2767200.81,-131898.29,555466.95,2025-06-17
20250617,E03,Shanghai Mfg,EUR,-45559.49,45559.49,-66379.9,66379.9,2025-06-17
20250617,E03,Shanghai Mfg,USD,34973.28,126001.78,46393.51,167146.65,2025-06-17
20250617,E04,Shenzhen Sourcing,CNY,2538303.43,2675475.79,431136.8,548565.82,2025-06-17
20250617,E04,Shenzhen Sourcing,USD,25292.4,38735.98,33551.43,51384.91,2025-06-17
20250617,E05,India Services,INR,30649437.1,53604059.76,147818.78,1199439.22,2025-06-17
20250617,E05,India Services,USD,80145.38,80145.38,106316.22,106316.22,2025-06-17
20250617,E06,Germany GmbH,EUR,550203.93,551278.87,789905.05,791471.23,2025-06-17
20250617,E06,Germany GmbH,USD,49933.65,57128.35,66239.08,75783.16,2025-06-17
20250617,E07,Germany Sales Office,EUR,36642.32,45322.84,57272.09,69919.55,2025-06-17
20250617,E07,Germany Sales Office,USD,30022.18,30022.18,39825.68,39825.68,2025-06-17
20250617,E08,Netherlands BV,EUR,-161109.42,291704.36,-248854.01,430196.15,2025-06-17
20250617,E08,Netherlands BV,USD,34638.83,105042.67,45975.79,139317.61,2025-06-17
20250617,E09,UK Ltd,EUR,90647.53,90647.53,132072.91,132072.91,2025-06-17
20250617,E09,UK Ltd,GBP,-1213.28,1213.28,-2106.29,2106.29,2025-06-17
20250617,E09,UK Ltd,USD,-3142.28,31930.7,-4116.74,42305.78,2025-06-17
20250617,E10,US Inc,EUR,-247509.05,259909.97,-360619.2,378687.26,2025-06-17
20250617,E10,US Inc,USD,-589786.82,1482263.34,-37323.77,1222448.83,2025-06-17
20250617,E11,US West Distribution,USD,623256.41,1313079.45,844264.72,1735477.04,2025-06-17
20250618,E01,Group Treasury HQ,EUR,227586.21,227586.21,330167.96,330167.96,2025-06-18
20250618,E01,Group Treasury HQ,SGD,105819.66,106158.76,105819.66,106158.76,2025-06-18
20250618,E01,Group Treasury HQ,USD,1175373.14,1175373.14,1555721.53,1555721.53,2025-06-18
20250618,E02,SG Operations,SGD,-27357.62,228320.3,93608.88,145540.36,2025-06-18
20250618,E02,SG Operations,USD,-89684.36,210608.58,-118706.04,278761.1,2025-06-18
20250618,E03,Shanghai Mfg,CNY,-237399.83,237399.83,-44426.55,44426.55,2025-06-18
20250618,E03,Shanghai Mfg,EUR,66589.06,66589.06,96603.28,96603.28,2025-06-18
20250618,E03,Shanghai Mfg,USD,42502.81,42502.81,56256.64,56256.64,2025-06-18
20250618,E04,Shenzhen Sourcing,CNY,695541.87,1333372.93,13197.43,366489.61,2025-06-18
20250618,E04,Shenzhen Sourcing,USD,18118.01,18118.01,23980.96,23980.96,2025-06-18
20250618,E05,India Services,INR,4188387.14,4509677.3,66712.65,71830.11,2025-06-18
20250618,E05,India Services,USD,41591.45,41591.45,55050.36,55050.36,2025-06-18
20250618,E06,Germany GmbH,EUR,15092.17,618848.97,-17640.36,858252.62,2025-06-18
20250618,E06,Germany GmbH,USD,-161630.32,458185.88,-213933.56,606453.92,2025-06-18
20250618,E07,Germany Sales Office,EUR,37964.87,50340.29,55077.07,73030.57,2025-06-18
20250618,E07,Germany Sales Office,USD,74823.55,74823.55,99036.3,99036.3,2025-06-18
20250618,E08,Netherlands BV,EUR,-183139.47,183139.47,-265687.4,265687.4,2025-06-18
20250618,E08,Netherlands BV,USD,96893.9,96893.9,128248.57,128248.57,2025-06-18
20250618,E09,UK Ltd,EUR,27441.37,27441.37,39810.23,39810.23,2025-06-18
20250618,E09,UK Ltd,GBP,-121883.68,248669.72,52795.85,166201.29,2025-06-18
20250618,E09,UK Ltd,USD,-6322.56,6322.56,-8368.53,8368.53,2025-06-18
20250618,E10,US Inc,EUR,-175187.87,255978.95,-254151.69,371358.37,2025-06-18
20250618,E10,US Inc,USD,-1056739.05,1396858.17,-354615.25,804796.23,2025-06-18
20250618,E11,US West Distribution,USD,-858776.21,1116882.75,-1139357.48,1480986.8,2025-06-18
20250619,E01,Group Treasury HQ,CNY,-161290.32,161290.32,-30098.23,30098.23,2025-06-19
20250619,E01,Group Treasury HQ,EUR,-6043.31,6043.31,-8769.95,8769.95,2025-06-19
20250619,E01,Group Treasury HQ,SGD,-1722264.77,1739408.47,-314498.42,331642.12,2025-06-19
20250619,E02,SG Operations,SGD,-238238.32,256137.36,-39976.74,57875.78,2025-06-19
20250619,E02,SG Operations,USD,-62183.62,89045.82,-81991.16,117409.86,2025-06-19
20250619,E03,Shanghai Mfg,CNY,-2555558.53,3243501.49,-478012.65,606388.99,2025-06-19
20250619,E03,Shanghai Mfg,EUR,-41611.92,41611.92,-60386.51,60386.51,2025-06-19
20250619,E03,Shanghai Mfg,USD,34604.3,79814.58,45631.59,105275.21,2025-06-19
20250619,E04,Shenzhen Sourcing,CNY,-4281841.14,5402504.86,-799030.12,1008156.06,2025-06-19
20250619,E04,Shenzhen Sourcing,USD,-18897.31,18897.31,-24916.73,24916.73,2025-06-19
20250619,E05,India Services,EUR,-13998.71,13998.71,-20314.69,20314.69,2025-06-19
20250619,E05,India Services,INR,-13366177.68,13366177.68,-222531.01,222531.01,2025-06-19
20250619,E05,India Services,USD,-43335.21,43335.21,-57154.52,57154.52,2025-06-19
20250619,E06,Germany GmbH,EUR,-139819.43,184131.81,-244070.65,308376.03,2025-06-19
20250619,E06,Germany GmbH,USD,-1058.92,18351.04,-1396.22,24196.46,2025-06-19
20250619,E07,Germany Sales Office,EUR,-434.73,434.73,-630.87,630.87,2025-06-19
20250619,E07,Germany Sales Office,USD,-32016.25,32016.25,-42214.48,42214.48,2025-06-19
20250619,E08,Netherlands BV,EUR,-301710.82,343866.42,-481853.11,524828.97,2025-06-19
20250619,E08,Netherlands BV,USD,337615.85,353524.99,445153.16,466138.84,2025-06-19
20250619,E09,UK Ltd,EUR,-17959.72,17959.72,-26062.84,26062.84,2025-06-19
20250619,E09,UK Ltd,GBP,9951.04,12981.96,17318.54,22593.48,2025-06-19
20250619,E09,UK Ltd,USD,-153493.3,153493.3,-202388.98,202388.98,2025-06-19
20250619,E10,US Inc,EUR,-58362.77,58362.77,-84695.06,84695.06,2025-06-19
20250619,E10,US Inc,USD,-892368.54,892368.54,-166307.16,166307.16,2025-06-19
20250620,E01,Group Treasury HQ,CNY,-564516.13,564516.13,-105206.61,105206.61,2025-06-20
20250620,E01,Group Treasury HQ,EUR,-144827.59,144827.59,-210594.95,210594.95,2025-06-20
20250620,E01,Group Treasury HQ,SGD,-34200.12,34200.12,-34200.12,34200.12,2025-06-20
20250620,E02,SG Operations,SGD,-1442295.89,1469447.21,-469810.22,496961.54,2025-06-20
20250620,E02,SG Operations,USD,241768.24,266137.0,319030.12,351186.4,2025-06-20
20250620,E03,Shanghai Mfg,CNY,-705275.2,7019536.64,-131442.48,1308206.14,2025-06-20
20250620,E03,Shanghai Mfg,USD,25334.82,30079.3,33431.07,39691.75,2025-06-20
20250620,E04,Shenzhen Sourcing,CNY,-746881.42,2527497.5,-202587.37,534433.67,2025-06-20
20250620,E04,Shenzhen Sourcing,USD,-41425.59,48207.45,-54663.96,63613.1,2025-06-20
20250620,E05,India Services,EUR,4782.9,4782.9,6954.85,6954.85,2025-06-20
20250620,E05,India Services,INR,188282.36,1783595.28,2991.05,28334.19,2025-06-20
20250620,E05,India Services,USD,8408.75,26722.13,11095.94,35261.72,2025-06-20
20250620,E06,Germany GmbH,EUR,-644740.34,961617.34,-502307.17,963080.53,2025-06-20
20250620,E06,Germany GmbH,USD,-5086.44,5086.44,-6711.91,6711.91,2025-06-20
20250620,E07,Germany Sales Office,EUR,-254163.66,254163.66,-369581.43,369581.43,2025-06-20
20250620,E08,Netherlands BV,EUR,-599193.12,599193.12,-138173.81,138173.81,2025-06-20
20250620,E08,Netherlands BV,USD,376692.03,376692.03,497071.51,497071.51,2025-06-20
20250620,E09,UK Ltd,EUR,51488.95,51488.95,74870.49,74870.49,2025-06-20
20250620,E09,UK Ltd,GBP,-1858297.37,2001807.71,-383026.36,628562.94,2025-06-20
20250620,E09,UK Ltd,USD,106698.71,318557.41,140796.4,420358.8,2025-06-20
20250620,E10,US Inc,EUR,181648.4,181648.4,264136.39,264136.39,2025-06-20
20250620,E10,US Inc,USD,230008.5,233887.34,292007.35,297125.75,2025-06-20
20250620,E11,US West Distribution,USD,178254.23,179386.49,243856.99,245351.09,2025-06-20
20250622,E01,Group Treasury HQ,SGD,-465000.0,465000.0,-465000.0,465000.0,2025-06-22
20250622,E02,SG Operations,SGD,465000.0,465000.0,465000.0,465000.0,2025-06-22
20250623,E01,Group Treasury HQ,CNY,-1370967.74,1370967.74,-255970.65,255970.65,2025-06-23
20250623,E01,Group Treasury HQ,EUR,-382758.62,382758.62,-556420.8,556420.8,2025-06-23
20250623,E01,Group Treasury HQ,SGD,15314.16,60747.14,25150.15,75374.97,2025-06-23
20250623,E02,SG Operations,SGD,347281.02,348944.7,447427.94,449091.62,2025-06-23
20250623,E02,SG Operations,USD,33701.33,33701.33,44540.78,44540.78,2025-06-23
20250623,E03,Shanghai Mfg,CNY,-1246917.79,4555523.25,-232809.52,850552.6,2025-06-23
20250623,E03,Shanghai Mfg,USD,19131.02,19131.02,25284.18,25284.18,2025-06-23
20250623,E04,Shenzhen Sourcing,CNY,3966781.46,4364617.42,742691.9,816971.06,2025-06-23
20250623,E04,Shenzhen Sourcing,USD,4080.87,4080.87,5393.41,5393.41,2025-06-23
20250623,E05,India Services,EUR,4354.85,4354.85,6330.7,6330.7,2025-06-23
20250623,E05,India Services,INR,15709341.63,15745635.71,250548.3,251127.16,2025-06-23
20250623,E05,India Services,USD,162491.61,162491.61,214754.27,214754.27,2025-06-23
20250623,E06,Germany GmbH,EUR,-703280.98,1278236.9,-31148.3,866968.62,2025-06-23
20250623,E06,Germany GmbH,USD,185134.66,185134.66,244538.85,244538.85,2025-06-23
20250623,E07,Germany Sales Office,EUR,45326.3,47537.8,61873.98,65088.88,2025-06-23
20250623,E07,Germany Sales Office,USD,56643.18,56643.18,74861.5,74861.5,2025-06-23
20250623,E08,Netherlands BV,EUR,157612.19,200810.95,229122.73,291921.29,2025-06-23
20250623,E08,Netherlands BV,USD,189600.42,189600.42,250582.17,250582.17,2025-06-23
20250623,E09,UK Ltd,EUR,90125.04,90125.04,131015.85,131015.85,2025-06-23
20250623,E09,UK Ltd,GBP,-8409.2,217753.5,-87681.73,297026.03,2025-06-23
20250623,E09,UK Ltd,USD,135519.92,135519.92,179107.6,179107.6,2025-06-23
20250623,E10,US Inc,EUR,155366.74,155366.74,225858.49,225858.49,2025-06-23
20250623,E10,US Inc,USD,535902.42,763608.54,713660.7,1014604.62,2025-06-23
20250623,E11,US West Distribution,USD,24921.3,181191.2,40453.68,246985.12,2025-06-23
20250624,E01,Group Treasury HQ,EUR,-848275.86,848275.86,-1237839.77,1237839.77,2025-06-24
20250624,E01,Group Treasury HQ,SGD,683910.98,1056089.02,834528.08,905471.92,2025-06-24
20250624,E01,Group Treasury HQ,USD,380597.01,380597.01,501769.97,501769.97,2025-06-24
20250624,E02,SG Operations,SGD,-604676.65,1597459.71,-285440.61,1584575.31,2025-06-24
20250624,E02,SG Operations,USD,-302386.67,458807.35,-398659.33,604880.61,2025-06-24
20250624,E03,Shanghai Mfg,CNY,250361.46,480273.48,46649.88,89490.06,2025-06-24
20250624,E03,Shanghai Mfg,EUR,9146.3,18820.78,13346.67,27464.07,2025-06-24
20250624,E03,Shanghai Mfg,USD,72069.6,121789.18,95014.83,160563.93,2025-06-24
20250624,E04,Shenzhen Sourcing,CNY,464147.25,3468205.41,177535.14,737297.82,2025-06-24
20250624,E04,Shenzhen Sourcing,USD,77721.37,77721.37,102465.98,102465.98,2025-06-24
20250624,E05,India Services,INR,-102166.39,102166.39,-14467.38,14467.38,2025-06-24
20250624,E05,India Services,USD,-13718.01,13718.01,-18085.5,18085.5,2025-06-24
20250624,E06,Germany GmbH,EUR,645509.06,939782.56,909227.17,1404096.97,2025-06-24
20250624,E06,Germany GmbH,USD,39603.36,285016.08,52212.12,375758.36,2025-06-24
20250624,E07,Germany Sales Office,EUR,174034.46,176510.16,253958.39,257571.05,2025-06-24
20250624,E07,Germany Sales Office,USD,95208.17,95208.17,125520.18,125520.18,2025-06-24
20250624,E08,Netherlands BV,EUR,179730.54,180512.54,262270.36,263411.48,2025-06-24
20250624,E08,Netherlands BV,USD,307384.23,307384.23,405247.99,405247.99,2025-06-24
20250624,E09,UK Ltd,EUR,52552.89,52552.89,76687.38,76687.38,2025-06-24
20250624,E09,UK Ltd,GBP,-997.53,997.53,-1701.1,1701.1,2025-06-24
20250624,E09,UK Ltd,USD,366780.67,366780.67,483554.83,483554.83,2025-06-24
20250624,E10,US Inc,EUR,123729.07,123729.07,180550.65,180550.65,2025-06-24
20250624,E10,US Inc,USD,188172.11,467248.37,402608.8,461481.82,2025-06-24
20250624,E11,US West Distribution,USD,-48781.04,247218.56,3047.88,260170.36,2025-06-24
20250625,E01,Group Treasury HQ,EUR,335838.59,335838.59,489119.34,489119.34,2025-06-25
20250625,E01,Group Treasury HQ,GBP,-235465.12,235465.12,-402991.95,402991.95,2025-06-25
20250625,E01,Group Treasury HQ,SGD,25951.57,27574.17,34624.82,36247.42,2025-06-25
20250625,E01,Group Treasury HQ,USD,235074.63,235074.63,311257.14,311257.14,2025-06-25
20250625,E02,SG Operations,SGD,434123.85,613024.71,494299.95,673200.81,2025-06-25
20250625,E02,SG Operations,USD,19196.22,19196.22,25417.29,25417.29,2025-06-25
20250625,E03,Shanghai Mfg,CNY,15042.7,590372.22,2804.15,110053.07,2025-06-25
20250625,E03,Shanghai Mfg,EUR,81855.68,81855.68,119215.59,119215.59,2025-06-25
20250625,E04,Shenzhen Sourcing,CNY,1769.0,345839.3,-25639.08,90437.8,2025-06-25
20250625,E04,Shenzhen Sourcing,USD,93020.17,93020.17,123165.96,123165.96,2025-06-25
20250625,E05,India Services,INR,8364826.68,8521192.02,133310.24,135802.24,2025-06-25
20250625,E05,India Services,USD,187250.1,187250.1,247933.74,247933.74,2025-06-25
20250625,E06,Germany GmbH,EUR,-563864.3,625339.74,-535812.09,625345.67,2025-06-25
20250625,E06,Germany GmbH,USD,-192964.99,277184.27,-255500.69,367013.59,2025-06-25
20250625,E07,Germany Sales Office,EUR,114206.86,117059.44,172358.89,176513.41,2025-06-25
20250625,E07,Germany Sales Office,USD,47599.41,47599.41,63025.33,63025.33,2025-06-25
20250625,E08,Netherlands BV,EUR,97042.14,98012.48,110567.44,111980.66,2025-06-25
20250625,E08,Netherlands BV,USD,155888.81,166382.41,206408.95,220303.29,2025-06-25
20250625,E09,UK Ltd,GBP,291722.39,291986.97,499274.69,499727.51,2025-06-25
20250625,E09,UK Ltd,USD,65431.67,65431.67,86636.63,86636.63,2025-06-25
20250625,E10,US Inc,EUR,-481015.68,481015.68,-700557.0,700557.0,2025-06-25
20250625,E10,US Inc,USD,-712337.46,945034.38,-46281.87,353489.13,2025-06-25
20250625,E11,US West Distribution,USD,145705.04,248036.16,195513.74,331008.14,2025-06-25
20250626,E01,Group Treasury HQ,EUR,-412447.69,412447.69,-602057.32,602057.32,2025-06-26
20250626,E01,Group Treasury HQ,SGD,-771582.34,771582.34,-159427.34,159427.34,2025-06-26
20250626,E01,Group Treasury HQ,USD,-78358.21,78358.21,-103934.09,103934.09,2025-06-26
20250626,E02,SG Operations,SGD,-624854.0,1075631.48,42642.08,555845.5,2025-06-26
20250626,E02,SG Operations,USD,-21667.38,44268.98,-28738.32,58719.48,2025-06-26
20250626,E03,Shanghai Mfg,CNY,-3465461.69,4360808.39,-648415.59,815942.13,2025-06-26
20250626,E03,Shanghai Mfg,EUR,-132295.23,132295.23,-193113.73,193113.73,2025-06-26
20250626,E03,Shanghai Mfg,USD,-131729.6,214236.34,-174727.51,284164.21,2025-06-26
20250626,E04,Shenzhen Sourcing,CNY,-1874519.73,2168241.87,-364006.51,466709.55,2025-06-26
20250626,E04,Shenzhen Sourcing,USD,1265.92,6524.46,1679.11,8654.03,2025-06-26
20250626,E05,India Services,INR,-19633277.11,20544895.59,-280402.66,360559.7,2025-06-26
20250626,E05,India Services,USD,-96644.19,117258.75,-128196.55,155539.65,2025-06-26
20250626,E06,Germany GmbH,EUR,205682.61,517042.93,281082.5,755615.02,2025-06-26
20250626,E06,Germany GmbH,USD,-7272.27,154866.63,-9645.92,205414.64,2025-06-26
20250626,E07,Germany Sales Office,EUR,208830.31,249343.93,304833.37,363971.81,2025-06-26
20250626,E07,Germany Sales Office,USD,78358.21,78358.21,103934.09,103934.09,2025-06-26
20250626,E08,Netherlands BV,EUR,-179816.69,179816.69,-265334.91,265334.91,2025-06-26
20250626,E08,Netherlands BV,USD,63558.82,95710.1,84304.23,126949.59,2025-06-26
20250626,E09,UK Ltd,EUR,-65423.05,65423.05,-95499.21,95499.21,2025-06-26
20250626,E09,UK Ltd,GBP,-29140.98,29140.98,-49768.94,49768.94,2025-06-26
20250626,E09,UK Ltd,USD,26724.03,26724.03,35446.67,35446.67,2025-06-26
20250626,E10,US Inc,EUR,5854.06,5854.06,8545.28,8545.28,2025-06-26
20250626,E10,US Inc,USD,-304985.67,334076.21,-185424.3,224009.9,2025-06-26
20250626,E11,US West Distribution,USD,-75530.92,160902.08,-100196.56,213432.62,2025-06-26
20250627,E01,Group Treasury HQ,EUR,-237931.03,237931.03,-346664.57,346664.57,2025-06-27
20250627,E01,Group Treasury HQ,SGD,35772.62,50110.56,35772.62,50110.56,2025-06-27
20250627,E02,SG Operations,SGD,-770329.84,933180.72,-126752.95,289603.83,2025-06-27
20250627,E02,SG Operations,USD,-18714.13,38548.81,-24824.41,51135.23,2025-06-27
20250627,E03,Shanghai Mfg,CNY,-357382.6,733884.74,-68596.42,138979.36,2025-06-27
20250627,E03,Shanghai Mfg,EUR,2175.47,24399.43,3169.65,35549.87,2025-06-27
20250627,E03,Shanghai Mfg,USD,70779.66,70779.66,93889.64,93889.64,2025-06-27
20250627,E04,Shenzhen Sourcing,CNY,35005.01,186662.35,-32671.36,86158.7,2025-06-27
20250627,E04,Shenzhen Sourcing,USD,16918.27,16918.27,22442.19,22442.19,2025-06-27
20250627,E05,India Services,INR,43246454.92,43577364.68,687834.87,693097.99,2025-06-27
20250627,E05,India Services,USD,-3629.77,48733.41,-4814.92,64645.16,2025-06-27
20250627,E06,Germany GmbH,EUR,-1261568.89,1839261.31,-629132.75,1494511.31,2025-06-27
20250627,E06,Germany GmbH,USD,151148.98,151148.98,200500.03,200500.03,2025-06-27
20250627,E07,Germany Sales Office,EUR,-1324656.81,1324656.81,-262798.65,262798.65,2025-06-27
20250627,E08,Netherlands BV,EUR,-1345972.2,1446364.48,-243551.12,389822.28,2025-06-27
20250627,E08,Netherlands BV,USD,-155085.84,299711.4,-205722.3,397568.96,2025-06-27
20250627,E09,UK Ltd,EUR,-1513.11,1513.11,-2204.6,2204.6,2025-06-27
20250627,E09,UK Ltd,GBP,-125773.29,125773.29,-23863.57,23863.57,2025-06-27
20250627,E10,US Inc,EUR,-93428.51,93428.51,-136124.96,136124.96,2025-06-27
20250627,E10,US Inc,USD,-2725951.93,2954113.61,-870706.02,1173363.86,2025-06-27
20250627,E11,US West Distribution,USD,-138228.74,157312.8,-153195.78,178510.9,2025-06-27
20250629,E01,Group Treasury HQ,SGD,-15000.0,15000.0,-15000.0,15000.0,2025-06-29
20250629,E02,SG Operations,SGD,15000.0,15000.0,15000.0,15000.0,2025-06-29
20250629,E06,Germany GmbH,EUR,-25719.97,25719.97,-37585.77,37585.77,2025-06-29
20250630,E01,Group Treasury HQ,CNY,-645161.29,645161.29,-120765.81,120765.81,2025-06-30
20250630,E01,Group Treasury HQ,GBP,-313953.49,313953.49,-528498.63,528498.63,2025-06-30
20250630,E01,Group Treasury HQ,SGD,-13319.87,47886.83,-13319.87,47886.83,2025-06-30
20250630,E02,SG Operations,SGD,-1155.81,144501.01,-1155.81,144501.01,2025-06-30
20250630,E02,SG Operations,USD,383661.99,383661.99,509783.75,509783.75,2025-06-30
20250630,E03,Shanghai Mfg,CNY,3961002.15,3981563.75,741448.08,745296.98,2025-06-30
20250630,E03,Shanghai Mfg,EUR,4852.5,21450.58,7091.18,31346.72,2025-06-30
20250630,E03,Shanghai Mfg,USD,17760.64,17760.64,23602.36,23602.36,2025-06-30
20250630,E04,Shenzhen Sourcing,CNY,1031245.95,1746016.79,234464.6,368260.4,2025-06-30
20250630,E04,Shenzhen Sourcing,USD,112250.3,360524.36,149126.44,479061.32,2025-06-30
20250630,E05,India Services,INR,22173463.27,27982251.31,352935.01,445393.51,2025-06-30
20250630,E05,India Services,USD,83468.6,83468.6,110922.59,110922.59,2025-06-30
20250630,E06,Germany GmbH,EUR,-134783.01,409413.13,-196964.6,598294.22,2025-06-30
20250630,E06,Germany GmbH,USD,317891.4,375860.58,422614.97,499321.75,2025-06-30
20250630,E07,Germany Sales Office,EUR,43390.14,48191.5,44939.05,51955.51,2025-06-30
20250630,E07,Germany Sales Office,USD,235336.28,235336.28,312741.68,312741.68,2025-06-30
20250630,E08,Netherlands BV,EUR,-1306338.43,1365864.53,-213719.25,288979.17,2025-06-30
20250630,E08,Netherlands BV,USD,381343.16,413718.52,506759.44,549783.5,2025-06-30
20250630,E09,UK Ltd,EUR,18239.78,18239.78,26654.63,26654.63,2025-06-30
20250630,E09,UK Ltd,GBP,205704.63,632944.09,283758.72,1002959.08,2025-06-30
20250630,E09,UK Ltd,USD,81090.16,116825.68,107761.84,155251.28,2025-06-30
20250630,E10,US Inc,EUR,131728.83,190610.61,192523.97,278525.47,2025-06-30
20250630,E10,US Inc,USD,93837.78,115272.46,126603.54,155078.76,2025-06-30
20250630,E11,US West Distribution,USD,-366406.81,465035.93,-230264.86,361334.48,2025-06-30
20250701,E01,Group Treasury HQ,EUR,-568990.69,610319.65,-831055.85,891420.07,2025-07-01
20250701,E01,Group Treasury HQ,SGD,60437.54,60655.36,63042.31,63260.13,2025-07-01
20250701,E01,Group Treasury HQ,USD,615671.64,705223.88,814677.65,933176.21,2025-07-01
20250701,E02,SG Operations,SGD,-1617541.65,1830522.07,-235873.57,510297.33,2025-07-01
20250701,E02,SG Operations,USD,-328448.43,992447.09,-434605.82,1313248.04,2025-07-01
20250701,E03,Shanghai Mfg,CNY,3239047.74,3353022.52,606553.81,627897.05,2025-07-01
20250701,E03,Shanghai Mfg,EUR,17159.95,21247.53,25063.46,31033.7,2025-07-01
20250701,E03,Shanghai Mfg,USD,-51958.76,77866.88,-68753.6,103036.1,2025-07-01
20250701,E04,Shenzhen Sourcing,CNY,697314.02,3625473.1,247034.74,795370.6,2025-07-01
20250701,E04,Shenzhen Sourcing,USD,23519.94,23519.94,31122.38,31122.38,2025-07-01
20250701,E05,India Services,INR,13539876.85,15002525.69,216055.81,239395.31,2025-07-01
20250701,E05,India Services,USD,61929.67,61929.67,81947.45,81947.45,2025-07-01
20250701,E06,Germany GmbH,EUR,634599.99,807948.19,911495.5,1195460.08,2025-07-01
20250701,E06,Germany GmbH,USD,40299.03,399112.63,53008.21,528436.23,2025-07-01
20250701,E07,Germany Sales Office,EUR,19595.41,20442.69,28620.66,29858.16,2025-07-01
20250701,E07,Germany Sales Office,USD,-28617.3,71996.82,-37867.38,95268.64,2025-07-01
20250701,E08,Netherlands BV,EUR,-3849.62,38070.76,-3834.0,53816.68,2025-07-01
20250701,E08,Netherlands BV,USD,762947.74,852205.82,1009558.39,1127667.71,2025-07-01
20250701,E09,UK Ltd,EUR,10449.88,16645.96,15262.87,24312.75,2025-07-01
20250701,E09,UK Ltd,GBP,-149.28,149.28,-249.88,249.88,2025-07-01
20250701,E09,UK Ltd,USD,689530.4,689530.4,912410.07,912410.07,2025-07-01
20250701,E10,US Inc,EUR,117411.51,117411.51,171488.78,171488.78,2025-07-01
20250701,E10,US Inc,USD,-817904.3,1578651.18,118972.64,887673.5,2025-07-01
20250701,E11,US West Distribution,USD,164779.9,657980.82,483510.84,617741.14,2025-07-01
20250702,E01,Group Treasury HQ,CNY,-80645.16,80645.16,-15123.39,15123.39,2025-07-02
20250702,E01,Group Treasury HQ,EUR,351724.14,351724.14,512324.89,512324.89,2025-07-02
20250702,E01,Group Treasury HQ,SGD,55852.23,148173.51,41408.71,162617.03,2025-07-02
20250702,E01,Group Treasury HQ,USD,1018656.71,1018656.71,1349720.15,1349720.15,2025-07-02
20250702,E02,SG Operations,SGD,-319445.56,593201.26,52329.66,234209.62,2025-07-02
20250702,E02,SG Operations,USD,52174.67,52174.67,69131.43,69131.43,2025-07-02
20250702,E03,Shanghai Mfg,CNY,107346.47,132373.85,20130.68,24824.06,2025-07-02
20250702,E04,Shenzhen Sourcing,CNY,382946.73,722430.63,71813.99,135477.43,2025-07-02
20250702,E04,Shenzhen Sourcing,USD,-385564.62,599510.0,-510873.13,794350.75,2025-07-02
20250702,E05,India Services,INR,12774418.89,12926897.27,204403.48,206843.28,2025-07-02
20250702,E05,India Services,USD,9256.99,9256.99,12265.51,12265.51,2025-07-02
20250702,E06,Germany GmbH,EUR,-632967.13,640755.11,-750684.57,762028.61,2025-07-02
20250702,E06,Germany GmbH,USD,-486136.6,692495.34,-644131.0,917556.34,2025-07-02
20250702,E07,Germany Sales Office,EUR,236191.04,307872.04,344038.23,448449.49,2025-07-02
20250702,E07,Germany Sales Office,USD,6404.34,6404.34,8485.76,8485.76,2025-07-02
20250702,E08,Netherlands BV,EUR,75542.1,79001.24,94410.06,99448.72,2025-07-02
20250702,E08,Netherlands BV,USD,43604.87,43604.87,57776.45,57776.45,2025-07-02
20250702,E09,UK Ltd,EUR,17523.52,17523.52,25524.94,25524.94,2025-07-02
20250702,E09,UK Ltd,GBP,95333.14,160619.04,73354.23,182597.95,2025-07-02
20250702,E09,UK Ltd,USD,143910.32,143910.32,190681.18,190681.18,2025-07-02
20250702,E10,US Inc,EUR,-227586.21,227586.21,-331504.34,331504.34,2025-07-02
20250702,E10,US Inc,USD,-194096.66,348866.86,-250315.68,455386.2,2025-07-02
20250702,E11,US West Distribution,USD,-2901.99,646104.19,201089.44,657349.3,2025-07-02
20250703,E01,Group Treasury HQ,EUR,-191698.08,191698.08,-278498.59,278498.59,2025-07-03
20250703,E01,Group Treasury HQ,SGD,-473558.9,493043.54,-94244.91,113729.55,2025-07-03
20250703,E01,Group Treasury HQ,USD,-190298.51,190298.51,-251601.27,251601.27,2025-07-03
20250703,E02,SG Operations,SGD,-1654410.81,2272502.81,-157223.45,823443.61,2025-07-03
20250703,E02,SG Operations,USD,-22021.55,70927.83,-29115.58,93776.52,2025-07-03
20250703,E03,Shanghai Mfg,CNY,-1006442.55,4153612.71,-204272.43,796412.49,2025-07-03
20250703,E03,Shanghai Mfg,USD,-105034.29,485631.31,-138870.04,642072.58,2025-07-03
20250703,E04,Shenzhen Sourcing,CNY,-4867417.78,4867417.78,-993497.29,993497.29,2025-07-03
20250703,E05,India Services,EUR,-28751.46,28751.46,-41770.06,41770.06,2025-07-03
20250703,E05,India Services,INR,1995867.68,10506957.22,-78019.06,278351.82,2025-07-03
20250703,E05,India Services,USD,-63104.76,130269.02,-83112.71,171913.27,2025-07-03
20250703,E06,Germany GmbH,EUR,-43755.47,435907.87,208265.85,359655.71,2025-07-03
20250703,E06,Germany GmbH,USD,-18977.74,26237.56,-24967.61,34566.11,2025-07-03
20250703,E07,Germany Sales Office,EUR,-2074.0,2074.0,-3013.1,3013.1,2025-07-03
20250703,E08,Netherlands BV,EUR,-303089.95,375883.43,-446590.33,557799.15,2025-07-03
20250703,E08,Netherlands BV,USD,-56402.87,56402.87,-74572.49,74572.49,2025-07-03
20250703,E09,UK Ltd,GBP,-191155.04,310519.76,-266110.91,465021.47,2025-07-03
20250703,E09,UK Ltd,USD,-1548.7,1548.7,-2039.13,2039.13,2025-07-03
20250703,E10,US Inc,EUR,6735.54,6735.54,9785.38,9785.38,2025-07-03
20250703,E10,US Inc,USD,-383902.93,462721.47,-105187.17,209396.31,2025-07-03
20250703,E11,US West Distribution,USD,-902467.42,1111545.42,-221648.21,498078.61,2025-07-03
20250704,E01,Group Treasury HQ,CNY,-80645.16,80645.16,-15131.13,15131.13,2025-07-04
20250704,E01,Group Treasury HQ,EUR,-206896.55,206896.55,-299639.59,299639.59,2025-07-04
20250704,E01,Group Treasury HQ,SGD,-832482.33,836460.01,-154502.7,159740.0,2025-07-04
20250704,E02,SG Operations,SGD,-83932.09,113943.67,-77205.62,120670.14,2025-07-04
20250704,E02,SG Operations,USD,827.91,827.91,1090.09,1090.09,2025-07-04
20250704,E03,Shanghai Mfg,CNY,-1837736.42,1855518.06,-337584.45,355366.09,2025-07-04
20250704,E03,Shanghai Mfg,EUR,-1672.67,1672.67,-2422.46,2422.46,2025-07-04
20250704,E04,Shenzhen Sourcing,CNY,-3883.35,601619.79,-728.61,112879.51,2025-07-04
20250704,E05,India Services,INR,364201.03,628520.43,-6862.2,22779.48,2025-07-04
20250704,E05,India Services,USD,34936.55,34936.55,45999.98,45999.98,2025-07-04
20250704,E06,Germany GmbH,EUR,-1014013.39,1434836.31,-523582.94,1133043.12,2025-07-04
20250704,E06,Germany GmbH,USD,-30082.91,48253.29,-39609.32,63533.76,2025-07-04
20250704,E07,Germany Sales Office,EUR,-305762.95,305762.95,-409204.48,409204.48,2025-07-04
20250704,E08,Netherlands BV,EUR,-579201.05,579201.05,-287579.58,287579.58,2025-07-04
20250704,E08,Netherlands BV,USD,3233.14,9558.8,4256.98,12585.8,2025-07-04
20250704,E09,UK Ltd,EUR,97823.34,97823.34,141673.43,141673.43,2025-07-04
20250704,E09,UK Ltd,GBP,-794857.95,871636.85,-93330.5,222358.82,2025-07-04
20250704,E09,UK Ltd,USD,21667.37,21667.37,28528.82,28528.82,2025-07-04
20250704,E10,US Inc,EUR,-28719.5,28719.5,-41593.23,41593.23,2025-07-04
20250704,E10,US Inc,USD,-601101.97,601101.97,-635421.3,635421.3,2025-07-04
20250704,E11,US West Distribution,USD,-124106.32,124106.32,-175474.62,175474.62,2025-07-04
20250706,E01,Group Treasury HQ,SGD,-465000.0,465000.0,-465000.0,465000.0,2025-07-06
20250706,E02,SG Operations,SGD,465000.0,465000.0,465000.0,465000.0,2025-07-06
20250707,E01,Group Treasury HQ,CNY,-1048387.1,1048387.1,-196821.05,196821.05,2025-07-07
20250707,E01,Group Treasury HQ,EUR,-360634.48,360634.48,-523386.66,523386.66,2025-07-07
20250707,E01,Group Treasury HQ,SGD,-422855.51,439668.23,-490128.8,510267.28,2025-07-07
20250707,E01,Group Treasury HQ,USD,-257462.69,257462.69,-340788.94,340788.94,2025-07-07
20250707,E02,SG Operations,SGD,354065.37,475123.53,377736.94,498795.1,2025-07-07
20250707,E02,SG Operations,USD,11986.15,110400.13,15865.39,146130.47,2025-07-07
20250707,E03,Shanghai Mfg,CNY,4894338.43,4916173.39,918848.52,922947.56,2025-07-07
20250707,E03,Shanghai Mfg,USD,171056.94,171056.94,226418.49,226418.49,2025-07-07
20250707,E04,Shenzhen Sourcing,CNY,2469989.58,3845833.8,506742.87,765039.71,2025-07-07
20250707,E04,Shenzhen Sourcing,USD,220358.23,220358.23,291675.85,291675.85,2025-07-07
20250707,E05,India Services,EUR,52022.5,52022.5,75499.94,75499.94,2025-07-07
20250707,E05,India Services,INR,72363320.92,72417795.54,1181227.35,1182103.63,2025-07-07
20250707,E05,India Services,USD,124180.19,124180.19,164370.36,164370.36,2025-07-07
20250707,E06,Germany GmbH,EUR,-2188.17,75325.17,-3175.67,109318.95,2025-07-07
20250707,E06,Germany GmbH,USD,63241.13,63241.13,83708.74,83708.74,2025-07-07
20250707,E07,Germany Sales Office,EUR,12462.46,98043.98,140.83,124344.79,2025-07-07
20250707,E07,Germany Sales Office,USD,127336.28,127336.28,168547.9,168547.9,2025-07-07
20250707,E08,Netherlands BV,EUR,340727.88,343948.68,494563.37,499237.67,2025-07-07
20250707,E08,Netherlands BV,USD,127509.67,127509.67,168777.4,168777.4,2025-07-07
20250707,E09,UK Ltd,EUR,21330.94,21330.94,30957.47,30957.47,2025-07-07
20250707,E09,UK Ltd,GBP,-69767.48,190256.92,-153257.26,283231.4,2025-07-07
20250707,E09,UK Ltd,USD,64602.65,64602.65,85510.91,85510.91,2025-07-07
20250707,E10,US Inc,EUR,306733.05,306733.05,445159.85,445159.85,2025-07-07
20250707,E10,US Inc,USD,287066.79,426220.97,379436.87,563627.47,2025-07-07
20250707,E11,US West Distribution,USD,205272.19,426789.49,251459.12,544669.16,2025-07-07
20250708,E01,Group Treasury HQ,EUR,-416375.86,416375.86,-605785.66,605785.66,2025-07-08
20250708,E01,Group Treasury HQ,SGD,-406049.02,1138350.96,-91790.94,825873.78,2025-07-08
20250708,E01,Group Treasury HQ,USD,559701.49,559701.49,740620.52,740620.52,2025-07-08
20250708,E02,SG Operations,SGD,-286389.91,826662.59,3057.64,736432.28,2025-07-08
20250708,E02,SG Operations,USD,-132190.43,1081216.31,-174892.8,1430662.76,2025-07-08
20250708,E03,Shanghai Mfg,CNY,3213927.18,5557935.62,604965.51,1046074.49,2025-07-08
20250708,E03,Shanghai Mfg,EUR,123777.34,134778.74,180083.78,196089.72,2025-07-08
20250708,E03,Shanghai Mfg,USD,-103631.48,207557.9,-137129.52,274649.32,2025-07-08
20250708,E04,Shenzhen Sourcing,CNY,1546270.95,2039750.65,291115.66,383845.32,2025-07-08
20250708,E04,Shenzhen Sourcing,USD,117286.25,117286.25,155198.09,155198.09,2025-07-08
20250708,E05,India Services,EUR,5979.34,70696.2,8699.35,102855.97,2025-07-08
20250708,E05,India Services,INR,-276275.08,835460.94,-4436.15,13414.99,2025-07-08
20250708,E05,India Services,USD,-5065.24,76844.1,-6702.54,101683.34,2025-07-08
20250708,E06,Germany GmbH,EUR,518517.88,591390.64,751570.85,863236.17,2025-07-08
20250708,E06,Germany GmbH,USD,70287.0,70287.0,93006.71,93006.71,2025-07-08
20250708,E07,Germany Sales Office,EUR,232712.66,248969.92,336898.56,363901.92,2025-07-08
20250708,E08,Netherlands BV,EUR,-105646.43,377667.35,-173688.84,544374.0,2025-07-08
20250708,E08,Netherlands BV,USD,518767.01,518767.01,686454.3,686454.3,2025-07-08
20250708,E09,UK Ltd,EUR,-13430.99,38237.79,-19540.76,55632.2,2025-07-08
20250708,E09,UK Ltd,GBP,14482.71,15145.89,14257.83,15370.77,2025-07-08
20250708,E09,UK Ltd,USD,240497.02,240497.02,318235.77,318235.77,2025-07-08
20250708,E10,US Inc,EUR,25917.06,30720.48,37706.76,44695.26,2025-07-08
20250708,E10,US Inc,USD,-1302367.3,2331174.26,341461.58,1083593.54,2025-07-08
20250708,E11,US West Distribution,USD,70496.52,200575.94,98119.42,260575.04,2025-07-08
20250709,E01,Group Treasury HQ,EUR,82758.62,248275.86,120319.11,360957.35,2025-07-09
20250709,E01,Group Treasury HQ,GBP,-1421511.63,1421511.63,-2389093.37,2389093.37,2025-07-09
20250709,E01,Group Treasury HQ,SGD,2376.17,4182.63,2376.17,4182.63,2025-07-09
20250709,E01,Group Treasury HQ,USD,369402.99,369402.99,488514.02,488514.02,2025-07-09
20250709,E02,SG Operations,SGD,76156.72,376820.06,171095.79,471759.13,2025-07-09
20250709,E02,SG Operations,USD,16646.86,16646.86,22014.51,22014.51,2025-07-09
20250709,E03,Shanghai Mfg,CNY,-664242.37,1281991.89,-124512.91,240310.67,2025-07-09
20250709,E03,Shanghai Mfg,EUR,6486.01,6486.01,9429.72,9429.72,2025-07-09
20250709,E03,Shanghai Mfg,USD,-7068.39,7068.39,-9347.54,9347.54,2025-07-09
20250709,E04,Shenzhen Sourcing,CNY,-42782.57,157627.35,-8019.64,29547.4,2025-07-09
20250709,E04,Shenzhen Sourcing,USD,-360999.59,377806.39,-477401.01,499627.03,2025-07-09
20250709,E05,India Services,INR,8200363.27,12323183.21,131755.24,197996.58,2025-07-09
20250709,E05,India Services,USD,53922.3,53922.3,71309.11,71309.11,2025-07-09
20250709,E06,Germany GmbH,EUR,-79359.66,299849.42,-115377.53,435937.89,2025-07-09
20250709,E06,Germany GmbH,USD,10020.96,10020.96,13252.14,13252.14,2025-07-09
20250709,E07,Germany Sales Office,EUR,42976.19,253316.95,62481.19,368286.37,2025-07-09
20250709,E08,Netherlands BV,EUR,212310.73,237088.57,309560.24,345583.66,2025-07-09
20250709,E08,Netherlands BV,USD,361868.05,361868.05,478549.51,478549.51,2025-07-09
20250709,E09,UK Ltd,EUR,91835.77,111858.55,133515.98,162626.22,2025-07-09
20250709,E09,UK Ltd,GBP,1519660.44,1519887.64,2554049.24,2554431.08,2025-07-09
20250709,E09,UK Ltd,USD,96048.3,96048.3,127018.31,127018.31,2025-07-09
20250709,E10,US Inc,EUR,-84681.9,246352.58,-123115.28,358161.18,2025-07-09
20250709,E10,US Inc,USD,226303.59,373169.09,344003.12,431963.92,2025-07-09
20250709,E11,US West Distribution,USD,81662.88,366559.22,107401.82,485345.88,2025-07-09
20250710,E01,Group Treasury HQ,EUR,-155172.41,155172.41,-227099.79,227099.79,2025-07-10
20250710,E01,Group Treasury HQ,SGD,-485434.82,1148218.12,100055.18,562728.12,2025-07-10
20250710,E02,SG Operations,SGD,-3493845.73,4132154.89,-334100.92,1099336.86,2025-07-10
20250710,E02,SG Operations,USD,216650.62,223887.38,286437.68,296005.54,2025-07-10
20250710,E03,Shanghai Mfg,CNY,-5088047.29,5148198.93,-983069.96,994334.5,2025-07-10
20250710,E03,Shanghai Mfg,EUR,-100200.03,100200.03,-146834.95,146834.95,2025-07-10
20250710,E03,Shanghai Mfg,USD,-71121.63,71121.63,-94031.19,94031.19,2025-07-10
20250710,E04,Shenzhen Sourcing,CNY,-2832480.57,3192559.01,-478455.73,649856.11,2025-07-10
20250710,E04,Shenzhen Sourcing,USD,25355.08,179080.78,33522.41,236765.93,2025-07-10
20250710,E05,India Services,EUR,-2466.05,2466.05,-3609.14,3609.14,2025-07-10
20250710,E05,India Services,INR,251168.95,3395770.11,4354.61,68618.93,2025-07-10
20250710,E05,India Services,USD,-13458.76,13458.76,-17823.23,17823.23,2025-07-10
20250710,E06,Germany GmbH,EUR,8415.48,13439.86,11974.92,20011.06,2025-07-10
20250710,E06,Germany GmbH,USD,-13580.83,13580.83,-17955.46,17955.46,2025-07-10
20250710,E07,Germany Sales Office,EUR,-37290.68,57190.14,5280.92,23842.58,2025-07-10
20250710,E08,Netherlands BV,EUR,-532292.32,532292.32,-809137.8,809137.8,2025-07-10
20250710,E08,Netherlands BV,USD,-12583.12,51827.52,-16636.37,68522.09,2025-07-10
20250710,E09,UK Ltd,EUR,32891.46,35265.02,48137.7,51611.48,2025-07-10
20250710,E09,UK Ltd,GBP,-116974.75,120681.57,-57823.9,64050.78,2025-07-10
20250710,E09,UK Ltd,USD,27960.17,64509.25,36966.64,85288.84,2025-07-10
20250710,E10,US Inc,EUR,69224.73,382660.23,101312.61,560035.49,2025-07-10
20250710,E10,US Inc,USD,431894.46,672212.16,820440.54,969859.52,2025-07-10
20250710,E11,US West Distribution,USD,12939.22,659566.58,158919.54,765172.9,2025-07-10
20250711,E01,Group Treasury HQ,SGD,-59596.82,59596.82,-59596.82,59596.82,2025-07-11
20250711,E02,SG Operations,SGD,-175107.19,353763.23,-116057.78,294713.82,2025-07-11
20250711,E02,SG Operations,USD,24454.3,25498.12,32384.46,33766.78,2025-07-11
20250711,E03,Shanghai Mfg,CNY,-2419799.09,3987933.07,-453492.14,747374.54,2025-07-11
20250711,E03,Shanghai Mfg,USD,-53185.76,53185.76,-70433.1,70433.1,2025-07-11
20250711,E04,Shenzhen Sourcing,CNY,-1189212.36,1189212.36,-222869.11,222869.11,2025-07-11
20250711,E04,Shenzhen Sourcing,USD,-50198.08,50198.08,-66476.56,66476.56,2025-07-11
20250711,E05,India Services,INR,-318080.93,2117244.71,-5123.33,34102.47,2025-07-11
20250711,E06,Germany GmbH,EUR,-595527.39,595527.39,-736516.72,736516.72,2025-07-11
20250711,E06,Germany GmbH,USD,-169883.84,169883.84,-224974.62,224974.62,2025-07-11
20250711,E07,Germany Sales Office,EUR,170145.87,286112.39,249604.17,419727.15,2025-07-11
20250711,E07,Germany Sales Office,USD,-120923.16,120923.16,-160136.73,160136.73,2025-07-11
20250711,E08,Netherlands BV,EUR,-1018.71,1018.71,-1494.44,1494.44,2025-07-11
20250711,E08,Netherlands BV,USD,-13780.23,13780.23,-18248.95,18248.95,2025-07-11
20250711,E09,UK Ltd,GBP,-151150.5,189637.7,-44440.44,108770.84,2025-07-11
20250711,E09,UK Ltd,USD,6771.87,105042.11,8967.88,139105.68,2025-07-11
20250711,E10,US Inc,EUR,25264.94,63998.92,37063.7,93886.48,2025-07-11
20250711,E10,US Inc,USD,-721600.78,942479.04,-502866.48,800987.32,2025-07-11
20250711,E11,US West Distribution,USD,-232701.89,428344.37,-309937.73,569024.13,2025-07-11
20250713,E07,Germany Sales Office,EUR,-72875.19,72875.19,-106762.44,106762.44,2025-07-13
20250714,E01,Group Treasury HQ,CNY,-2258064.52,2258064.52,-422897.1,422897.1,2025-07-14
20250714,E01,Group Treasury HQ,EUR,-521860.05,885036.49,-764527.07,1296582.01,2025-07-14
20250714,E01,Group Treasury HQ,GBP,-191860.47,191860.47,-321272.46,321272.46,2025-07-14
20250714,E01,Group Treasury HQ,SGD,580042.75,624794.69,629185.85,686705.51,2025-07-14
20250714,E01,Group Treasury HQ,USD,-123134.33,123134.33,-163269.72,163269.72,2025-07-14
20250714,E02,SG Operations,SGD,20021.73,633320.77,42986.32,656285.36,2025-07-14
20250714,E02,SG Operations,USD,10570.86,10570.86,14016.41,14016.41,2025-07-14
20250714,E03,Shanghai Mfg,CNY,2849747.76,3239518.92,552151.33,625148.83,2025-07-14
20250714,E03,Shanghai Mfg,USD,24581.28,365381.28,32714.85,484597.93,2025-07-14
20250714,E04,Shenzhen Sourcing,CNY,3414684.71,3588063.85,639511.8,671983.96,2025-07-14
20250714,E04,Shenzhen Sourcing,USD,57639.59,57639.59,76427.1,76427.1,2025-07-14
20250714,E05,India Services,INR,41176481.83,43678131.91,674805.25,715034.29,2025-07-14
20250714,E05,India Services,USD,55416.09,55416.09,73508.6,73508.6,2025-07-14
20250714,E06,Germany GmbH,EUR,423666.78,792285.46,620673.53,1160701.39,2025-07-14
20250714,E06,Germany GmbH,USD,35718.05,121449.61,47360.27,161035.87,2025-07-14
20250714,E07,Germany Sales Office,EUR,1621.56,384044.98,7192.09,390815.47,2025-07-14
20250714,E07,Germany Sales Office,USD,57943.01,57943.01,76829.42,76829.42,2025-07-14
20250714,E08,Netherlands BV,EUR,231844.09,233366.97,284404.27,286635.29,2025-07-14
20250714,E08,Netherlands BV,USD,364092.77,364092.77,482768.07,482768.07,2025-07-14
20250714,E09,UK Ltd,GBP,-1263472.13,1733680.77,-2144866.43,2873899.05,2025-07-14
20250714,E09,UK Ltd,USD,94362.26,94362.26,125119.45,125119.45,2025-07-14
20250714,E10,US Inc,EUR,190856.37,190856.37,279605.35,279605.35,2025-07-14
20250714,E10,US Inc,USD,505315.44,509018.14,670022.0,674931.56,2025-07-14
20250714,E11,US West Distribution,USD,46314.2,51513.28,68445.36,75339.34,2025-07-14
20250715,E01,Group Treasury HQ,EUR,-382645.81,1335212.03,-559820.39,1953448.57,2025-07-15
20250715,E01,Group Treasury HQ,SGD,612908.04,713563.9,693781.34,791417.5,2025-07-15
20250715,E01,Group Treasury HQ,USD,358208.96,358208.96,475854.09,475854.09,2025-07-15
20250715,E02,SG Operations,SGD,-1141768.8,1368302.08,-540289.2,812551.02,2025-07-15
20250715,E02,SG Operations,USD,-183046.49,533371.43,-243163.71,708544.47,2025-07-15
20250715,E03,Shanghai Mfg,CNY,2345239.11,4024645.33,439232.79,753763.75,2025-07-15
20250715,E03,Shanghai Mfg,EUR,-89563.94,165630.16,-131034.28,242321.06,2025-07-15
20250715,E03,Shanghai Mfg,USD,40857.43,40857.43,54276.08,54276.08,2025-07-15
20250715,E04,Shenzhen Sourcing,CNY,-40325.82,1585036.26,-77146.53,494012.43,2025-07-15
20250715,E04,Shenzhen Sourcing,USD,1387.48,53511.48,1762.42,71166.78,2025-07-15
20250715,E05,India Services,EUR,-7667.37,7667.37,-11217.55,11217.55,2025-07-15
20250715,E05,India Services,INR,22157926.58,31440983.62,313769.81,550512.63,2025-07-15
20250715,E05,India Services,USD,406592.94,406592.94,540128.63,540128.63,2025-07-15
20250715,E06,Germany GmbH,EUR,910684.49,1108354.73,1322849.57,1628633.35,2025-07-15
20250715,E06,Germany GmbH,USD,5041.14,5041.14,6696.78,6696.78,2025-07-15
20250715,E07,Germany Sales Office,EUR,610799.02,810317.5,893614.24,1185514.76,2025-07-15
20250715,E08,Netherlands BV,EUR,39400.39,256304.11,33942.5,360479.94,2025-07-15
20250715,E08,Netherlands BV,USD,140256.29,150564.61,186320.1,200013.94,2025-07-15
20250715,E09,UK Ltd,EUR,-62595.3,97182.82,-91578.49,142180.89,2025-07-15
20250715,E09,UK Ltd,GBP,-48573.63,187238.17,-81837.38,315460.92,2025-07-15
20250715,E09,UK Ltd,USD,-20030.86,70375.06,-26609.52,93488.06,2025-07-15
20250715,E10,US Inc,EUR,151364.2,151364.2,221449.6,221449.6,2025-07-15
20250715,E10,US Inc,USD,262660.22,354390.16,322871.46,444845.78,2025-07-15
20250715,E11,US West Distribution,USD,-108449.63,222744.73,-96373.07,255241.15,2025-07-15
20250716,E01,Group Treasury HQ,EUR,483548.05,483548.05,709722.33,709722.33,2025-07-16
20250716,E01,Group Treasury HQ,SGD,-17087.62,391616.38,195135.19,272775.77,2025-07-16
20250716,E02,SG Operations,SGD,559513.8,646468.04,686806.54,773760.78,2025-07-16
20250716,E02,SG Operations,USD,-1984.7,1984.7,-2639.45,2639.45,2025-07-16
20250716,E03,Shanghai Mfg,CNY,118523.67,1578204.23,49255.97,322423.49,2025-07-16
20250716,E03,Shanghai Mfg,USD,13233.72,13233.72,17638.65,17638.65,2025-07-16
20250716,E04,Shenzhen Sourcing,CNY,366251.85,2744736.33,68541.11,513655.45,2025-07-16
20250716,E04,Shenzhen Sourcing,USD,12055.56,12055.56,16068.34,16068.34,2025-07-16
20250716,E05,India Services,INR,5879264.96,6378540.42,57459.82,139866.34,2025-07-16
20250716,E05,India Services,USD,-109765.52,170834.48,-146301.74,227697.94,2025-07-16
20250716,E06,Germany GmbH,EUR,-100145.15,414758.33,-199340.75,556403.19,2025-07-16
20250716,E06,Germany GmbH,USD,-10505.76,10505.76,-14002.67,14002.67,2025-07-16
20250716,E07,Germany Sales Office,EUR,-75009.93,151779.95,-110095.02,222773.36,2025-07-16
20250716,E07,Germany Sales Office,USD,19754.91,19754.91,26330.47,26330.47,2025-07-16
20250716,E08,Netherlands BV,EUR,-225569.94,336873.76,6783.57,175398.17,2025-07-16
20250716,E08,Netherlands BV,USD,142202.6,142202.6,189535.73,189535.73,2025-07-16
20250716,E09,UK Ltd,GBP,-12369.2,279294.02,195257.14,252853.12,2025-07-16
20250716,E09,UK Ltd,USD,51992.75,51992.75,69298.9,69298.9,2025-07-16
20250716,E10,US Inc,EUR,-588626.27,634708.45,-863949.73,931586.35,2025-07-16
20250716,E10,US Inc,USD,-1122790.04,1743983.36,-10024.52,837986.36,2025-07-16
20250716,E11,US West Distribution,USD,105310.11,159472.21,148831.06,221021.06,2025-07-16
20250717,E01,Group Treasury HQ,EUR,-831990.65,831990.65,-1216784.67,1216784.67,2025-07-17
20250717,E01,Group Treasury HQ,SGD,349730.61,376062.87,472994.86,506095.66,2025-07-17
20250717,E02,SG Operations,SGD,-2298635.53,2362994.41,-422203.67,516328.41,2025-07-17
20250717,E02,SG Operations,USD,-59793.45,105713.19,-79519.37,140588.09,2025-07-17
20250717,E03,Shanghai Mfg,CNY,-9314106.15,9395657.27,-1735051.16,1799319.64,2025-07-17
20250717,E03,Shanghai Mfg,EUR,-8256.37,8256.37,-12074.92,12074.92,2025-07-17
20250717,E03,Shanghai Mfg,USD,-33677.51,55598.85,-44787.75,73940.97,2025-07-17
20250717,E04,Shenzhen Sourcing,CNY,233967.71,3982623.61,-144479.15,1077330.73,2025-07-17
20250717,E04,Shenzhen Sourcing,USD,-16665.07,16665.07,-22162.89,22162.89,2025-07-17
20250717,E05,India Services,EUR,23277.45,23277.45,34043.22,34043.22,2025-07-17
20250717,E05,India Services,INR,-8036236.12,8470671.1,-207081.65,214068.67,2025-07-17
20250717,E05,India Services,USD,-16058.03,205474.43,-21355.59,273260.65,2025-07-17
20250717,E06,Germany GmbH,EUR,-148393.0,441337.42,-274778.62,691260.06,2025-07-17
20250717,E06,Germany GmbH,USD,14747.89,87077.53,19547.77,115869.95,2025-07-17
20250717,E07,Germany Sales Office,EUR,-15313.99,15313.99,-22525.61,22525.61,2025-07-17
20250717,E07,Germany Sales Office,USD,-48494.66,48494.66,-64580.87,64580.87,2025-07-17
20250717,E08,Netherlands BV,EUR,-608003.77,952994.01,-207724.13,578926.83,2025-07-17
20250717,E08,Netherlands BV,USD,-25630.43,36997.43,-34108.72,49225.7,2025-07-17
20250717,E09,UK Ltd,EUR,-230228.76,230228.76,-336709.1,336709.1,2025-07-17
20250717,E09,UK Ltd,GBP,-787835.52,816072.9,-240934.16,278801.56,2025-07-17
20250717,E09,UK Ltd,USD,-108337.63,108337.63,-144106.1,144106.1,2025-07-17
20250717,E10,US Inc,EUR,-75629.98,75629.98,-110608.69,110608.69,2025-07-17
20250717,E10,US Inc,USD,-1566498.71,1807847.71,-709184.0,968514.5,2025-07-17
20250717,E11,US West Distribution,USD,-1963130.81,2014265.43,-772083.99,840087.97,2025-07-17
20250718,E01,Group Treasury HQ,EUR,-41379.31,41379.31,-60916.51,60916.51,2025-07-18
20250718,E01,Group Treasury HQ,SGD,2690.88,28633.2,5775.49,31717.81,2025-07-18
20250718,E02,SG Operations,SGD,-14485.8,182163.32,37811.12,188768.94,2025-07-18
20250718,E02,SG Operations,USD,13256.51,13256.51,17653.84,17653.84,2025-07-18
20250718,E03,Shanghai Mfg,CNY,269229.95,1817539.45,50400.38,340247.02,2025-07-18
20250718,E03,Shanghai Mfg,EUR,-1152.13,1152.13,-1696.11,1696.11,2025-07-18
20250718,E04,Shenzhen Sourcing,CNY,-207837.15,207837.15,-42160.28,42160.28,2025-07-18
20250718,E05,India Services,INR,7973067.58,18546219.88,128398.28,298668.32,2025-07-18
20250718,E06,Germany GmbH,EUR,-1487388.18,1668821.5,-1343126.98,1569676.74,2025-07-18
20250718,E06,Germany GmbH,USD,40789.91,67893.97,54320.37,90415.15,2025-07-18
20250718,E07,Germany Sales Office,EUR,-434075.48,519235.76,-638184.62,765231.58,2025-07-18
20250718,E08,Netherlands BV,EUR,-112826.64,248178.4,-71100.34,299290.96,2025-07-18
20250718,E08,Netherlands BV,USD,-10710.86,12999.86,-14263.77,17312.05,2025-07-18
20250718,E09,UK Ltd,EUR,23782.25,23782.25,35011.02,35011.02,2025-07-18
20250718,E09,UK Ltd,GBP,-405342.64,405342.64,-77139.56,77139.56,2025-07-18
20250718,E09,UK Ltd,USD,-22988.86,22988.86,-30614.52,30614.52,2025-07-18
20250718,E10,US Inc,EUR,-13519.57,18611.99,-19902.82,27399.62,2025-07-18
20250718,E10,US Inc,USD,-889771.49,1119785.27,-184538.87,490850.75,2025-07-18
20250718,E11,US West Distribution,USD,174966.9,312704.76,239154.57,422581.61,2025-07-18
20250721,E01,Group Treasury HQ,CNY,-1532258.06,1532258.06,-286831.05,286831.05,2025-07-21
20250721,E01,Group Treasury HQ,EUR,-206896.55,206896.55,-302128.14,302128.14,2025-07-21
20250721,E01,Group Treasury HQ,SGD,-574065.21,589179.45,-391459.29,411614.63,2025-07-21
20250721,E01,Group Treasury HQ,USD,-190298.51,190298.51,-253769.34,253769.34,2025-07-21
20250721,E02,SG Operations,SGD,420790.45,1008888.69,689601.46,803150.32,2025-07-21
20250721,E02,SG Operations,USD,201837.17,201837.17,269156.51,269156.51,2025-07-21
20250721,E03,Shanghai Mfg,CNY,3866985.8,4531616.54,723880.42,848295.98,2025-07-21
20250721,E03,Shanghai Mfg,EUR,14351.43,14351.43,20957.19,20957.19,2025-07-21
20250721,E03,Shanghai Mfg,USD,242412.64,242412.64,323265.25,323265.25,2025-07-21
20250721,E04,Shenzhen Sourcing,CNY,7112102.38,7123744.78,1331350.01,1333529.39,2025-07-21
20250721,E04,Shenzhen Sourcing,USD,301389.8,301389.8,401913.25,401913.25,2025-07-21
20250721,E05,India Services,EUR,54778.89,54778.89,79992.85,79992.85,2025-07-21
20250721,E05,India Services,INR,29887137.81,31726917.59,482497.96,512199.36,2025-07-21
20250721,E05,India Services,USD,222936.74,222936.74,297293.5,297293.5,2025-07-21
20250721,E06,Germany GmbH,EUR,7659.99,60707.09,13097.59,90561.51,2025-07-21
20250721,E06,Germany GmbH,USD,26193.25,26193.25,34929.56,34929.56,2025-07-21
20250721,E07,Germany Sales Office,EUR,-51337.64,51337.64,-74967.64,74967.64,2025-07-21
20250721,E07,Germany Sales Office,USD,151415.07,151415.07,201917.0,201917.0,2025-07-21
20250721,E08,Netherlands BV,EUR,190717.84,337422.66,285321.32,499552.32,2025-07-21
20250721,E08,Netherlands BV,USD,-4275.69,37460.95,-5701.77,49955.41,2025-07-21
20250721,E09,UK Ltd,EUR,90322.86,90322.86,131897.21,131897.21,2025-07-21
20250721,E09,UK Ltd,GBP,-57405.13,80520.23,-104627.95,127743.05,2025-07-21
20250721,E09,UK Ltd,USD,26059.03,26059.03,34750.58,34750.58,2025-07-21
20250721,E10,US Inc,EUR,430422.22,430422.22,628539.55,628539.55,2025-07-21
20250721,E10,US Inc,USD,218124.59,222488.63,288854.28,294673.52,2025-07-21
20250721,E11,US West Distribution,USD,141792.65,142442.27,198502.72,199369.02,2025-07-21
20250722,E01,Group Treasury HQ,EUR,-1147228.33,1314840.63,-1671759.48,1916006.8,2025-07-22
20250722,E01,Group Treasury HQ,SGD,-66951.91,654543.47,237612.12,543252.3,2025-07-22
20250722,E01,Group Treasury HQ,USD,447761.19,447761.19,596987.46,596987.46,2025-07-22
20250722,E02,SG Operations,SGD,-568844.11,836644.85,-13714.58,290571.82,2025-07-22
20250722,E02,SG Operations,USD,-204459.09,708109.81,-272755.58,943946.98,2025-07-22
20250722,E03,Shanghai Mfg,CNY,-3465885.93,5914294.87,-647482.96,1104884.92,2025-07-22
20250722,E03,Shanghai Mfg,EUR,4980.14,4980.14,7257.14,7257.14,2025-07-22
20250722,E03,Shanghai Mfg,USD,349221.89,563431.73,465607.76,751207.74,2025-07-22
20250722,E04,Shenzhen Sourcing,CNY,-135483.06,2384627.78,-25310.66,445486.86,2025-07-22
20250722,E04,Shenzhen Sourcing,USD,174305.83,174305.83,232397.09,232397.09,2025-07-22
20250722,E05,India Services,EUR,3159.76,3159.76,4604.45,4604.45,2025-07-22
20250722,E05,India Services,INR,5871440.59,10865084.15,94729.82,175297.28,2025-07-22
20250722,E05,India Services,USD,9452.09,9452.09,12602.21,12602.21,2025-07-22
20250722,E06,Germany GmbH,EUR,1231396.94,1301004.52,1787256.74,1902999.18,2025-07-22
20250722,E06,Germany GmbH,USD,60093.67,149623.65,80121.22,199489.02,2025-07-22
20250722,E07,Germany Sales Office,EUR,613527.05,641981.59,622438.7,663903.1,2025-07-22
20250722,E07,Germany Sales Office,USD,11002.66,11002.66,14669.54,14669.54,2025-07-22
20250722,E08,Netherlands BV,EUR,-452532.07,842069.89,59960.8,507679.94,2025-07-22
20250722,E08,Netherlands BV,USD,459115.98,710422.68,611621.15,946681.33,2025-07-22
20250722,E09,UK Ltd,EUR,-62035.55,77059.51,-90399.2,112292.36,2025-07-22
20250722,E09,UK Ltd,GBP,-733773.95,815913.01,-105154.21,187293.27,2025-07-22
20250722,E09,UK Ltd,USD,66721.51,66721.51,88957.92,88957.92,2025-07-22
20250722,E10,US Inc,EUR,61958.6,61958.6,90287.06,90287.06,2025-07-22
20250722,E10,US Inc,USD,119634.24,289166.7,123684.16,407004.4,2025-07-22
20250722,E11,US West Distribution,USD,219836.5,251906.86,309174.24,319787.98,2025-07-22
20250723,E01,Group Treasury HQ,EUR,382758.62,382758.62,559308.71,559308.71,2025-07-23
20250723,E01,Group Treasury HQ,SGD,-555476.74,555476.74,-555476.74,555476.74,2025-07-23
20250723,E01,Group Treasury HQ,USD,1074626.86,1074626.86,1429468.65,1429468.65,2025-07-23
20250723,E02,SG Operations,SGD,-72951.62,1227766.62,101335.35,1066535.89,2025-07-23
20250723,E02,SG Operations,USD,50769.9,50769.9,67534.13,67534.13,2025-07-23
20250723,E03,Shanghai Mfg,CNY,584636.22,685634.72,109234.61,128105.35,2025-07-23
20250723,E03,Shanghai Mfg,USD,-507257.82,646855.88,-674754.36,860447.7,2025-07-23
20250723,E04,Shenzhen Sourcing,CNY,87362.75,141237.15,161988.59,172054.61,2025-07-23
20250723,E04,Shenzhen Sourcing,USD,-582089.55,582089.55,-774295.52,774295.52,2025-07-23
20250723,E05,India Services,EUR,69933.2,69933.2,102190.38,102190.38,2025-07-23
20250723,E05,India Services,INR,8536748.17,8845685.69,137467.25,142442.07,2025-07-23
20250723,E05,India Services,USD,14695.32,14695.32,19547.71,19547.71,2025-07-23
20250723,E06,Germany GmbH,EUR,-363116.4,488068.7,-271696.32,454283.72,2025-07-23
20250723,E06,Germany GmbH,USD,-77908.73,133983.87,-103634.19,178225.35,2025-07-23
20250723,E07,Germany Sales Office,EUR,-321970.64,447194.14,-470481.85,653465.57,2025-07-23
20250723,E07,Germany Sales Office,USD,12840.77,12840.77,17080.79,17080.79,2025-07-23
20250723,E08,Netherlands BV,EUR,-948316.51,952544.73,-256430.78,262609.3,2025-07-23
20250723,E08,Netherlands BV,USD,303513.73,303513.73,403733.96,403733.96,2025-07-23
20250723,E09,UK Ltd,GBP,79552.81,81760.35,133859.92,137574.46,2025-07-23
20250723,E09,UK Ltd,USD,24791.22,24791.22,32977.28,32977.28,2025-07-23
20250723,E10,US Inc,EUR,-465996.87,465996.87,-680941.19,680941.19,2025-07-23
20250723,E10,US Inc,USD,-29097.64,291760.26,-38705.68,388099.48,2025-07-23
20250723,E11,US West Distribution,USD,-78500.02,101318.58,-105074.38,135427.62,2025-07-23
20250724,E01,Group Treasury HQ,CNY,-80645.16,80645.16,-15085.08,15085.08,2025-07-24
20250724,E01,Group Treasury HQ,EUR,-94350.13,94350.13,-137503.99,137503.99,2025-07-24
20250724,E01,Group Treasury HQ,SGD,-16767.5,404099.26,5286.4,426153.16,2025-07-24
20250724,E02,SG Operations,SGD,-4082481.38,4639622.82,-528185.35,1105036.23,2025-07-24
20250724,E02,SG Operations,USD,-30014.23,30014.23,-39899.09,39899.09,2025-07-24
20250724,E03,Shanghai Mfg,CNY,-6408818.47,6856387.85,-1198801.53,1282521.63,2025-07-24
20250724,E03,Shanghai Mfg,EUR,-73407.55,73407.55,-106982.69,106982.69,2025-07-24
20250724,E03,Shanghai Mfg,USD,-68232.06,68232.06,-90703.54,90703.54,2025-07-24
20250724,E04,Shenzhen Sourcing,CNY,-4384091.57,4888221.31,-870119.3,999441.08,2025-07-24
20250724,E04,Shenzhen Sourcing,USD,172167.92,172167.92,228869.53,228869.53,2025-07-24
20250724,E05,India Services,EUR,-531711.15,531711.15,-774905.19,774905.19,2025-07-24
20250724,E05,India Services,INR,1646680.21,8313802.93,-148710.62,309761.66,2025-07-24
20250724,E05,India Services,USD,-6997.74,6997.74,-9302.37,9302.37,2025-07-24
20250724,E06,Germany GmbH,EUR,-61197.48,82264.26,-97749.32,128451.62,2025-07-24
20250724,E06,Germany GmbH,USD,-69734.09,168948.03,-92689.27,224578.23,2025-07-24
20250724,E07,Germany Sales Office,EUR,29305.93,269378.31,42709.88,392586.56,2025-07-24
20250724,E07,Germany Sales Office,USD,-24661.81,35381.89,-32783.9,47034.52,2025-07-24
20250724,E08,Netherlands BV,EUR,-233764.01,378591.59,-293372.23,504441.05,2025-07-24
20250724,E08,Netherlands BV,USD,-149557.1,149557.1,-198804.95,198804.95,2025-07-24
20250724,E09,UK Ltd,EUR,-45772.39,45772.39,-66707.77,66707.77,2025-07-24
20250724,E09,UK Ltd,GBP,-29210.4,29210.4,-48792.13,48792.13,2025-07-24
20250724,E09,UK Ltd,USD,-8926.51,8926.51,-11866.36,11866.36,2025-07-24
20250724,E10,US Inc,EUR,42618.3,100130.64,62133.78,145905.68,2025-07-24
20250724,E10,US Inc,USD,-356275.25,922573.31,246326.6,506475.5,2025-07-24
20250724,E11,US West Distribution,USD,-70080.59,307625.01,79030.68,246065.62,2025-07-24
20250725,E01,Group Treasury HQ,EUR,-568965.52,568965.52,-826964.07,826964.07,2025-07-25
20250725,E01,Group Treasury HQ,SGD,-77144.64,81501.54,-77144.64,81501.54,2025-07-25
20250725,E02,SG Operations,SGD,-999082.93,1181151.99,-498717.85,763346.49,2025-07-25
20250725,E02,SG Operations,USD,23948.76,23948.76,31820.67,31820.67,2025-07-25
20250725,E03,Shanghai Mfg,CNY,-1880662.86,2506094.26,-352206.77,469336.31,2025-07-25
20250725,E03,Shanghai Mfg,USD,-15606.26,15606.26,-20736.0,20736.0,2025-07-25
20250725,E04,Shenzhen Sourcing,CNY,121306.23,399234.63,22717.99,74767.87,2025-07-25
20250725,E04,Shenzhen Sourcing,USD,34647.75,34647.75,46036.39,46036.39,2025-07-25
20250725,E05,India Services,INR,1651158.14,1976399.8,26666.2,31918.86,2025-07-25
20250725,E05,India Services,USD,67754.02,67754.02,90024.64,90024.64,2025-07-25
20250725,E06,Germany GmbH,EUR,-750819.93,1940813.87,-880765.62,2610364.68,2025-07-25
20250725,E06,Germany GmbH,USD,5227.97,5227.97,6946.39,6946.39,2025-07-25
20250725,E07,Germany Sales Office,EUR,-1246974.84,1246974.84,-1812418.07,1812418.07,2025-07-25
20250725,E08,Netherlands BV,EUR,-1407480.23,1539811.63,-293134.67,425466.07,2025-07-25
20250725,E08,Netherlands BV,USD,238251.11,246399.97,316563.77,327391.15,2025-07-25
20250725,E09,UK Ltd,EUR,45866.23,45866.23,66664.37,66664.37,2025-07-25
20250725,E09,UK Ltd,GBP,-354508.5,811217.7,82874.38,491938.54,2025-07-25
20250725,E09,UK Ltd,USD,127914.55,146296.91,169959.81,194384.41,2025-07-25
20250725,E10,US Inc,EUR,-12781.0,12781.0,-18576.57,18576.57,2025-07-25
20250725,E10,US Inc,USD,-308921.8,438509.56,-172141.92,318946.46,2025-07-25
20250725,E11,US West Distribution,USD,-93017.26,157250.64,-110096.61,195443.37,2025-07-25
20250727,E01,Group Treasury HQ,SGD,-120000.0,120000.0,-120000.0,120000.0,2025-07-27
20250727,E02,SG Operations,SGD,120000.0,120000.0,120000.0,120000.0,2025-07-27
20250728,E01,Group Treasury HQ,CNY,-80645.16,80645.16,-15098.63,15098.63,2025-07-28
20250728,E01,Group Treasury HQ,SGD,-774123.13,803593.31,-143021.23,182049.13,2025-07-28
20250728,E02,SG Operations,SGD,268210.44,436336.46,303867.33,471993.35,2025-07-28
20250728,E02,SG Operations,USD,55628.11,55628.11,74206.9,74206.9,2025-07-28
20250728,E03,Shanghai Mfg,CNY,1664880.3,3171067.62,311655.9,593744.8,2025-07-28
20250728,E03,Shanghai Mfg,USD,3372.69,3372.69,4499.11,4499.11,2025-07-28
20250728,E04,Shenzhen Sourcing,CNY,2409816.07,4014040.95,577537.09,877884.89,2025-07-28
20250728,E04,Shenzhen Sourcing,USD,7854.48,7854.48,10477.73,10477.73,2025-07-28
20250728,E05,India Services,EUR,-97586.1,97586.1,-141115.26,141115.26,2025-07-28
20250728,E05,India Services,INR,15403614.87,15434973.85,248706.77,249213.09,2025-07-28
20250728,E05,India Services,USD,67261.57,67261.57,89725.73,89725.73,2025-07-28
20250728,E06,Germany GmbH,EUR,90647.33,242588.39,117997.9,337713.62,2025-07-28
20250728,E06,Germany GmbH,USD,18336.53,18336.53,24460.6,24460.6,2025-07-28
20250728,E07,Germany Sales Office,EUR,-24610.23,74900.47,-35587.84,108310.5,2025-07-28
20250728,E07,Germany Sales Office,USD,25976.6,25976.6,34652.31,34652.31,2025-07-28
20250728,E08,Netherlands BV,EUR,-25705.6,46112.84,-34939.7,68914.0,2025-07-28
20250728,E08,Netherlands BV,USD,330625.7,330625.7,441048.73,441048.73,2025-07-28
20250728,E09,UK Ltd,EUR,143656.16,143656.16,207735.29,207735.29,2025-07-28
20250728,E09,UK Ltd,GBP,-54325.77,54325.77,-90442.4,90442.4,2025-07-28
20250728,E09,UK Ltd,USD,60447.66,60447.66,80636.09,80636.09,2025-07-28
20250728,E10,US Inc,EUR,374539.77,374539.77,541606.6,541606.6,2025-07-28
20250728,E10,US Inc,USD,111039.55,117286.53,150266.31,158599.67,2025-07-28
20250728,E11,US West Distribution,USD,349642.88,380167.5,494046.84,534766.14,2025-07-28
20250729,E01,Group Treasury HQ,EUR,-168893.96,472485.36,-243758.56,681921.1,2025-07-29
20250729,E01,Group Treasury HQ,SGD,749889.42,824503.02,784866.81,799115.67,2025-07-29
20250729,E01,Group Treasury HQ,USD,145522.39,145522.39,194312.55,194312.55,2025-07-29
20250729,E02,SG Operations,SGD,-1467182.14,2135638.56,-555563.89,1381611.93,2025-07-29
20250729,E02,SG Operations,USD,-130917.5,160127.28,-174810.99,213814.11,2025-07-29
20250729,E03,Shanghai Mfg,CNY,-1347568.69,3258292.59,-252421.2,610330.36,2025-07-29
20250729,E03,Shanghai Mfg,USD,-72243.72,238349.12,-96465.31,318261.87,2025-07-29
20250729,E04,Shenzhen Sourcing,CNY,-2070572.06,3430782.68,-545451.95,853338.25,2025-07-29
20250729,E04,Shenzhen Sourcing,USD,112023.9,184087.0,149582.83,245806.95,2025-07-29
20250729,E05,India Services,EUR,21719.79,39930.09,31347.38,57629.66,2025-07-29
20250729,E05,India Services,INR,5388805.1,7698734.32,81337.81,130719.59,2025-07-29
20250729,E05,India Services,USD,25411.63,31153.61,33931.54,41598.66,2025-07-29
20250729,E06,Germany GmbH,EUR,413118.39,418465.95,596238.9,603956.84,2025-07-29
20250729,E06,Germany GmbH,USD,53100.7,138618.86,70904.09,185094.43,2025-07-29
20250729,E07,Germany Sales Office,EUR,-23382.41,165817.11,-33746.99,239317.87,2025-07-29
20250729,E07,Germany Sales Office,USD,126922.02,126922.02,169475.93,169475.93,2025-07-29
20250729,E08,Netherlands BV,EUR,17254.11,200298.83,24401.02,289585.3,2025-07-29
20250729,E08,Netherlands BV,USD,53944.52,53944.52,72030.83,72030.83,2025-07-29
20250729,E09,UK Ltd,GBP,-233.39,233.39,-390.55,390.55,2025-07-29
20250729,E09,UK Ltd,USD,182571.64,182571.64,243783.53,243783.53,2025-07-29
20250729,E10,US Inc,EUR,46285.22,88599.46,66801.79,127872.41,2025-07-29
20250729,E10,US Inc,USD,175512.77,535183.39,461097.4,578566.64,2025-07-29
20250729,E11,US West Distribution,USD,-130764.56,253141.86,-156608.09,330673.13,2025-07-29
20250730,E01,Group Treasury HQ,EUR,631546.26,631546.26,907729.02,907729.02,2025-07-30
20250730,E01,Group Treasury HQ,SGD,-24091.2,24091.2,-24091.2,24091.2,2025-07-30
20250730,E01,Group Treasury HQ,USD,324626.87,324626.87,432754.23,432754.23,2025-07-30
20250730,E02,SG Operations,SGD,324477.29,827500.55,461852.67,964875.93,2025-07-30
20250730,E02,SG Operations,USD,31069.15,31069.15,41417.72,41417.72,2025-07-30
20250730,E03,Shanghai Mfg,CNY,1245380.95,1376373.85,233229.97,257761.79,2025-07-30
20250730,E04,Shenzhen Sourcing,CNY,1007520.75,1056589.71,172309.55,214248.81,2025-07-30
20250730,E04,Shenzhen Sourcing,USD,-175411.37,473842.37,-234214.2,631294.26,2025-07-30
20250730,E05,India Services,INR,5063947.71,5195896.85,81954.94,84090.38,2025-07-30
20250730,E05,India Services,USD,65257.31,65257.31,86993.34,86993.34,2025-07-30
20250730,E06,Germany GmbH,EUR,-702726.45,828478.09,-843014.79,1023759.15,2025-07-30
20250730,E06,Germany GmbH,USD,138028.02,143921.6,184002.67,191859.29,2025-07-30
20250730,E07,Germany Sales Office,EUR,119701.59,186047.21,113678.96,209038.32,2025-07-30
20250730,E08,Netherlands BV,EUR,9870.03,11645.93,14186.31,16738.83,2025-07-30
20250730,E08,Netherlands BV,USD,47160.92,74739.24,62869.37,99633.53,2025-07-30
20250730,E09,UK Ltd,EUR,3276.68,3276.68,4709.61,4709.61,2025-07-30
20250730,E09,UK Ltd,GBP,-386613.89,422171.27,-157873.87,217049.71,2025-07-30
20250730,E09,UK Ltd,USD,56769.85,56769.85,75678.86,75678.86,2025-07-30
20250730,E10,US Inc,EUR,-452782.25,579993.31,-650789.37,833631.35,2025-07-30
20250730,E10,US Inc,USD,-1043255.85,1390163.15,-334111.05,796566.93,2025-07-30
20250730,E11,US West Distribution,USD,-955373.23,1425471.89,-113445.68,726786.28,2025-07-30
20250731,E01,Group Treasury HQ,SGD,-358926.04,358926.04,-162285.01,162285.01,2025-07-31
20250731,E01,Group Treasury HQ,USD,-111940.3,111940.3,-148943.17,148943.17,2025-07-31
20250731,E02,SG Operations,SGD,-1383990.61,1574250.65,-220751.22,421575.6,2025-07-31
20250731,E02,SG Operations,USD,11647.08,212233.52,15497.12,282389.22,2025-07-31
20250731,E03,Shanghai Mfg,CNY,-4864263.21,5252986.91,-910515.78,983282.14,2025-07-31
20250731,E03,Shanghai Mfg,EUR,5368.64,19170.04,7718.0,27559.0,2025-07-31
20250731,E03,Shanghai Mfg,USD,137.24,55572.82,182.61,73942.91,2025-07-31
20250731,E04,Shenzhen Sourcing,CNY,-3025633.08,3025633.08,-627896.71,627896.71,2025-07-31
20250731,E05,India Services,EUR,-922.37,3935.99,-1326.01,5658.41,2025-07-31
20250731,E05,India Services,INR,-11950998.93,13416765.19,-302221.75,325888.01,2025-07-31
20250731,E05,India Services,USD,-25997.65,25997.65,-34733.46,34733.46,2025-07-31
20250731,E06,Germany GmbH,EUR,-31895.24,45373.32,-51629.9,71006.1,2025-07-31
20250731,E06,Germany GmbH,USD,-17866.12,44831.22,-23771.92,59650.58,2025-07-31
20250731,E07,Germany Sales Office,EUR,5471.92,60200.04,7866.48,86544.06,2025-07-31
20250731,E08,Netherlands BV,EUR,-539491.74,558867.4,-695852.35,723706.95,2025-07-31
20250731,E08,Netherlands BV,USD,-77083.31,77083.31,-102579.31,102579.31,2025-07-31
20250731,E09,UK Ltd,EUR,-1254.75,1254.75,-1803.84,1803.84,2025-07-31
20250731,E09,UK Ltd,GBP,-16993.14,16993.14,-28307.7,28307.7,2025-07-31
20250731,E09,UK Ltd,USD,-30624.48,30624.48,-40828.28,40828.28,2025-07-31
20250731,E10,US Inc,EUR,151791.9,196772.48,218217.25,282881.69,2025-07-31
20250731,E10,US Inc,USD,-420014.55,420014.55,-155871.6,155871.6,2025-07-31
20250731,E11,US West Distribution,USD,-71615.95,209733.83,-5800.69,194081.11,2025-07-31
20250801,E01,Group Treasury HQ,EUR,-620689.66,620689.66,-893264.9,893264.9,2025-08-01
20250801,E01,Group Treasury HQ,SGD,-352203.74,352203.74,-94880.92,94880.92,2025-08-01
20250801,E02,SG Operations,SGD,18186.57,55214.49,34303.57,71331.49,2025-08-01
20250801,E03,Shanghai Mfg,CNY,916006.02,1475349.16,171216.19,275766.35,2025-08-01
20250801,E03,Shanghai Mfg,USD,33476.85,44341.51,44725.84,59241.28,2025-08-01
20250801,E04,Shenzhen Sourcing,CNY,-269010.15,771949.35,-50282.3,144289.68,2025-08-01
20250801,E04,Shenzhen Sourcing,USD,147098.63,147098.63,196527.16,196527.16,2025-08-01
20250801,E05,India Services,INR,5280124.0,5625268.2,85353.19,90932.47,2025-08-01
20250801,E05,India Services,USD,10609.61,10609.61,14174.68,14174.68,2025-08-01
20250801,E06,Germany GmbH,EUR,121365.37,1235409.61,180015.79,1772585.57,2025-08-01
20250801,E06,Germany GmbH,USD,-48583.52,105644.48,-64908.7,141143.46,2025-08-01
20250801,E07,Germany Sales Office,EUR,653916.07,783222.67,941082.66,1127174.12,2025-08-01
20250801,E08,Netherlands BV,EUR,-121289.91,158495.67,-2138.88,55683.52,2025-08-01
20250801,E08,Netherlands BV,USD,-41690.27,64268.61,-55699.16,85864.34,2025-08-01
20250801,E09,UK Ltd,EUR,40552.53,40552.53,58361.13,58361.13,2025-08-01
20250801,E09,UK Ltd,GBP,-233052.44,245673.76,-43884.59,65036.61,2025-08-01
20250801,E09,UK Ltd,USD,187135.6,187135.6,250017.46,250017.46,2025-08-01
20250801,E10,US Inc,EUR,-28175.56,31372.64,-40548.82,45149.9,2025-08-01
20250801,E10,US Inc,USD,-252025.46,528954.72,-265068.95,635052.81,2025-08-01
20250801,E11,US West Distribution,USD,-1432.28,103682.38,3358.76,143794.36,2025-08-01
20250804,E01,Group Treasury HQ,CNY,-80645.16,80645.16,-15058.95,15058.95,2025-08-04
20250804,E01,Group Treasury HQ,EUR,-279310.34,279310.34,-401910.83,401910.83,2025-08-04
20250804,E01,Group Treasury HQ,GBP,-261627.91,261627.91,-436744.62,436744.62,2025-08-04
20250804,E01,Group Treasury HQ,SGD,-380639.74,519765.78,-353590.36,546815.16,2025-08-04
20250804,E02,SG Operations,SGD,694153.71,702316.13,743740.4,751902.82,2025-08-04
20250804,E03,Shanghai Mfg,CNY,1218920.21,1289617.45,179077.96,289343.78,2025-08-04
20250804,E03,Shanghai Mfg,EUR,-5779.46,26605.34,-8316.29,38283.49,2025-08-04
20250804,E03,Shanghai Mfg,USD,3784.82,7676.08,5080.18,10303.24,2025-08-04
20250804,E04,Shenzhen Sourcing,CNY,782905.72,1547241.82,153897.62,296622.84,2025-08-04
20250804,E04,Shenzhen Sourcing,USD,124708.18,124708.18,167306.5,167306.5,2025-08-04
20250804,E05,India Services,INR,172138931.61,172365974.31,2785380.02,2789053.8,2025-08-04
20250804,E05,India Services,USD,247498.67,247498.67,332205.59,332205.59,2025-08-04
20250804,E06,Germany GmbH,EUR,465123.1,470332.7,637410.12,644906.4,2025-08-04
20250804,E06,Germany GmbH,USD,14463.43,14463.43,19413.57,19413.57,2025-08-04
20250804,E07,Germany Sales Office,EUR,-1667.11,1667.11,-2398.87,2398.87,2025-08-04
20250804,E07,Germany Sales Office,USD,94558.72,94558.72,126921.62,126921.62,2025-08-04
20250804,E08,Netherlands BV,EUR,32696.21,37605.53,47047.88,54112.1,2025-08-04
20250804,E08,Netherlands BV,USD,1074520.68,1095912.78,1442277.53,1470991.11,2025-08-04
20250804,E09,UK Ltd,EUR,47223.99,47223.99,67952.49,67952.49,2025-08-04
20250804,E09,UK Ltd,GBP,222033.29,437538.31,326777.08,686527.16,2025-08-04
20250804,E09,UK Ltd,USD,70148.52,70148.52,94156.99,94156.99,2025-08-04
20250804,E10,US Inc,EUR,38630.6,38630.6,55587.12,55587.12,2025-08-04
20250804,E10,US Inc,USD,640479.92,676890.12,759252.65,808124.29,2025-08-04
20250804,E11,US West Distribution,USD,60679.42,62962.46,78495.15,81559.57,2025-08-04
20250805,E01,Group Treasury HQ,CNY,-80645.16,80645.16,-15084.68,15084.68,2025-08-05
20250805,E01,Group Treasury HQ,EUR,-499740.69,499740.69,-720331.22,720331.22,2025-08-05
20250805,E01,Group Treasury HQ,SGD,360598.68,484479.24,413457.91,436734.49,2025-08-05
20250805,E01,Group Treasury HQ,USD,-100746.27,436567.17,-134894.82,584544.22,2025-08-05
20250805,E02,SG Operations,SGD,-367523.29,1034548.61,-163995.31,982548.53,2025-08-05
20250805,E02,SG Operations,USD,38641.16,380342.26,51738.83,509261.55,2025-08-05
20250805,E03,Shanghai Mfg,CNY,219566.09,1305696.03,41069.85,244230.43,2025-08-05
20250805,E03,Shanghai Mfg,EUR,-8798.46,55642.7,-12682.19,80203.95,2025-08-05
20250805,E03,Shanghai Mfg,USD,167910.45,167910.45,224824.7,224824.7,2025-08-05
20250805,E04,Shenzhen Sourcing,CNY,653430.44,1405374.98,104835.39,280264.17,2025-08-05
20250805,E04,Shenzhen Sourcing,USD,80002.56,80002.56,107119.91,107119.91,2025-08-05
20250805,E05,India Services,EUR,17292.47,17292.47,24925.54,24925.54,2025-08-05
20250805,E05,India Services,INR,-4747770.49,7948146.61,-76624.26,128275.14,2025-08-05
20250805,E05,India Services,USD,171111.52,171111.52,229110.8,229110.8,2025-08-05
20250805,E06,Germany GmbH,EUR,522059.11,597780.17,710310.04,836677.7,2025-08-05
20250805,E06,Germany GmbH,USD,67935.71,67935.71,90962.93,90962.93,2025-08-05
20250805,E07,Germany Sales Office,EUR,106902.27,119694.35,154090.0,172528.64,2025-08-05
20250805,E07,Germany Sales Office,USD,19781.36,19781.36,26486.37,26486.37,2025-08-05
20250805,E08,Netherlands BV,EUR,-18844.91,139374.25,-53764.67,174294.01,2025-08-05
20250805,E08,Netherlands BV,USD,157483.31,173413.35,210863.22,232192.84,2025-08-05
20250805,E09,UK Ltd,EUR,-23555.86,23555.86,-33953.65,33953.65,2025-08-05
20250805,E09,UK Ltd,GBP,68345.78,98475.14,80926.77,131694.05,2025-08-05
20250805,E09,UK Ltd,USD,185535.87,185535.87,248424.37,248424.37,2025-08-05
20250805,E10,US Inc,EUR,5845.43,5845.43,8425.66,8425.66,2025-08-05
20250805,E10,US Inc,USD,-680058.28,1056821.58,31427.51,473041.97,2025-08-05
20250805,E11,US West Distribution,USD,336200.87,443372.07,379543.56,529647.02,2025-08-05
20250806,E01,Group Treasury HQ,EUR,5256.97,5256.97,7578.14,7578.14,2025-08-06
20250806,E01,Group Treasury HQ,SGD,227164.59,413756.67,226160.39,414760.87,2025-08-06
20250806,E01,Group Treasury HQ,USD,458955.22,458955.22,612885.13,612885.13,2025-08-06
20250806,E02,SG Operations,SGD,-208091.28,528192.06,-207454.06,528829.28,2025-08-06
20250806,E02,SG Operations,USD,-63064.28,107988.24,-84287.68,144278.78,2025-08-06
20250806,E03,Shanghai Mfg,CNY,906446.8,1899563.86,169437.56,355075.98,2025-08-06
20250806,E03,Shanghai Mfg,EUR,42831.22,122490.7,61743.01,176575.49,2025-08-06
20250806,E04,Shenzhen Sourcing,CNY,1359531.25,1460043.15,254130.37,272918.57,2025-08-06
20250806,E04,Shenzhen Sourcing,USD,-451502.06,466408.38,-602932.24,622838.02,2025-08-06
20250806,E05,India Services,EUR,3705.04,3705.04,5340.97,5340.97,2025-08-06
20250806,E05,India Services,INR,5841044.3,5993544.32,94268.62,96729.8,2025-08-06
20250806,E05,India Services,USD,268306.99,268306.99,358295.01,358295.01,2025-08-06
20250806,E06,Germany GmbH,EUR,-1392662.13,1826578.25,-368689.66,974918.18,2025-08-06
20250806,E06,Germany GmbH,USD,-57745.79,65838.41,-77113.27,87920.09,2025-08-06
20250806,E07,Germany Sales Office,EUR,-248332.05,386608.15,-19664.31,218995.13,2025-08-06
20250806,E07,Germany Sales Office,USD,45817.31,45817.31,61184.07,61184.07,2025-08-06
20250806,E08,Netherlands BV,EUR,-9460.38,17370.84,-8325.95,19729.21,2025-08-06
20250806,E08,Netherlands BV,USD,-27614.39,34085.55,-36876.03,45517.57,2025-08-06
20250806,E09,UK Ltd,EUR,14633.68,14633.68,21095.06,21095.06,2025-08-06
20250806,E09,UK Ltd,GBP,-53273.81,141543.69,11229.49,137370.73,2025-08-06
20250806,E09,UK Ltd,USD,40525.98,40525.98,54118.07,54118.07,2025-08-06
20250806,E10,US Inc,USD,-11765.0,438161.9,71726.51,497680.51,2025-08-06
20250806,E11,US West Distribution,USD,267095.87,329375.53,370268.1,457520.6,2025-08-06
20250807,E01,Group Treasury HQ,EUR,-21841.65,21841.65,-31584.07,31584.07,2025-08-07
20250807,E01,Group Treasury HQ,SGD,-1371980.36,1521505.16,-601848.37,776601.37,2025-08-07
20250807,E02,SG Operations,SGD,-1446323.68,1686323.68,-175569.45,415569.45,2025-08-07
20250807,E02,SG Operations,USD,22340.3,22340.3,29892.42,29892.42,2025-08-07
20250807,E03,Shanghai Mfg,CNY,-6040847.66,6371072.96,-1132803.5,1194734.94,2025-08-07
20250807,E03,Shanghai Mfg,USD,-53218.86,108821.84,-71209.43,145608.95,2025-08-07
20250807,E04,Shenzhen Sourcing,CNY,-4185315.98,4401876.34,-787649.0,915349.04,2025-08-07
20250807,E04,Shenzhen Sourcing,USD,163.36,4381.76,218.59,5863.01,2025-08-07
20250807,E05,India Services,INR,-5210437.16,6993022.36,-99571.2,128365.3,2025-08-07
20250807,E05,India Services,USD,179011.04,179011.04,239525.55,239525.55,2025-08-07
20250807,E06,Germany GmbH,EUR,-1453854.38,1607162.88,-380716.23,602407.67,2025-08-07
20250807,E06,Germany GmbH,USD,-81534.53,81534.53,-109210.77,109210.77,2025-08-07
20250807,E07,Germany Sales Office,EUR,34375.11,48307.47,49708.06,69854.92,2025-08-07
20250807,E07,Germany Sales Office,USD,13219.39,13219.39,17688.19,17688.19,2025-08-07
20250807,E08,Netherlands BV,EUR,-42328.38,82046.3,-61208.86,118642.88,2025-08-07
20250807,E08,Netherlands BV,USD,21686.8,154884.0,28955.77,207304.61,2025-08-07
20250807,E09,UK Ltd,EUR,-193020.22,193020.22,-279116.5,279116.5,2025-08-07
20250807,E09,UK Ltd,GBP,143134.93,144847.05,242528.68,245429.7,2025-08-07
20250807,E09,UK Ltd,USD,-86105.8,99186.74,-115213.79,132716.73,2025-08-07
20250807,E10,US Inc,EUR,-37600.51,37600.51,-54372.14,54372.14,2025-08-07
20250807,E10,US Inc,USD,-932356.56,1525934.26,-95410.93,869845.85,2025-08-07
20250807,E11,US West Distribution,USD,-216212.7,265497.26,-221406.25,291875.47,2025-08-07
20250808,E01,Group Treasury HQ,CNY,-2661290.32,2661290.32,-498661.94,498661.94,2025-08-08
20250808,E01,Group Treasury HQ,EUR,-82758.62,82758.62,-119310.54,119310.54,2025-08-08
20250808,E01,Group Treasury HQ,SGD,-715727.59,820466.87,-913311.84,1054343.18,2025-08-08
20250808,E02,SG Operations,SGD,-1212442.41,1340979.09,-817933.03,946469.71,2025-08-08
20250808,E02,SG Operations,USD,-98565.58,98565.58,-132718.45,132718.45,2025-08-08
20250808,E03,Shanghai Mfg,CNY,2058945.1,3263635.54,371078.3,626245.58,2025-08-08
20250808,E03,Shanghai Mfg,USD,-187044.38,187044.38,-251855.08,251855.08,2025-08-08
20250808,E04,Shenzhen Sourcing,CNY,-1170707.21,1214482.95,-213759.81,276869.93,2025-08-08
20250808,E04,Shenzhen Sourcing,USD,152014.18,232185.82,204686.94,312637.98,2025-08-08
20250808,E05,India Services,INR,1458436.14,1526069.14,23572.7,24665.86,2025-08-08
20250808,E05,India Services,USD,51536.79,51536.79,69394.24,69394.24,2025-08-08
20250808,E06,Germany GmbH,EUR,-1435483.91,1615890.73,-980284.24,1240371.16,2025-08-08
20250808,E06,Germany GmbH,USD,28406.25,38405.59,38248.99,51713.09,2025-08-08
20250808,E07,Germany Sales Office,EUR,-212745.29,212745.29,-306708.28,306708.28,2025-08-08
20250808,E08,Netherlands BV,EUR,8777.64,37005.8,11369.71,52065.39,2025-08-08
20250808,E08,Netherlands BV,USD,24647.87,28738.63,33188.33,38696.53,2025-08-08
20250808,E09,UK Ltd,EUR,-46665.29,46665.29,-67275.9,67275.9,2025-08-08
20250808,E09,UK Ltd,GBP,-1248240.74,1248240.74,-235397.46,235397.46,2025-08-08
20250808,E09,UK Ltd,USD,-7103.01,7103.01,-9564.2,9564.2,2025-08-08
20250808,E10,US Inc,EUR,-87450.18,87450.18,-126074.22,126074.22,2025-08-08
20250808,E10,US Inc,USD,32962.93,1011221.15,182697.43,1252431.83,2025-08-08
20250808,E11,US West Distribution,USD,-163633.76,1212443.84,-188735.63,1665879.09,2025-08-08
20250810,E01,Group Treasury HQ,SGD,-615000.0,615000.0,-615000.0,615000.0,2025-08-10
20250810,E01,Group Treasury HQ,USD,-67164.18,67164.18,-90436.5,90436.5,2025-08-10
20250810,E02,SG Operations,SGD,615000.0,615000.0,615000.0,615000.0,2025-08-10
20250810,E02,SG Operations,USD,67164.18,67164.18,90436.5,90436.5,2025-08-10
20250811,E01,Group Treasury HQ,CNY,-4193548.39,4193548.39,-784990.32,784990.32,2025-08-11
20250811,E01,Group Treasury HQ,EUR,-385628.22,400578.68,-558947.28,580617.16,2025-08-11
20250811,E01,Group Treasury HQ,SGD,62743.47,244040.21,115734.83,297031.57,2025-08-11
20250811,E01,Group Treasury HQ,USD,-246268.66,246268.66,-331345.61,331345.61,2025-08-11
20250811,E02,SG Operations,SGD,-54879.57,352548.55,121098.78,203057.32,2025-08-11
20250811,E02,SG Operations,USD,105010.37,105010.37,141470.89,141470.89,2025-08-11
20250811,E03,Shanghai Mfg,CNY,7152205.07,8516001.49,1385296.68,1640908.64,2025-08-11
20250811,E03,Shanghai Mfg,USD,275369.96,275369.96,370500.36,370500.36,2025-08-11
20250811,E04,Shenzhen Sourcing,CNY,1718543.79,2377023.99,321694.21,444955.13,2025-08-11
20250811,E04,Shenzhen Sourcing,USD,131364.52,131364.52,176961.4,176961.4,2025-08-11
20250811,E05,India Services,INR,16571186.41,17004789.85,282972.43,289989.87,2025-08-11
20250811,E05,India Services,USD,322119.41,322119.41,433826.54,433826.54,2025-08-11
20250811,E06,Germany GmbH,EUR,104720.52,108939.6,169522.17,175637.51,2025-08-11
20250811,E06,Germany GmbH,USD,333019.3,333019.3,448065.48,448065.48,2025-08-11
20250811,E07,Germany Sales Office,EUR,117496.8,143660.24,161197.35,199119.85,2025-08-11
20250811,E07,Germany Sales Office,USD,160108.2,160108.2,215419.82,215419.82,2025-08-11
20250811,E08,Netherlands BV,EUR,406923.18,408113.1,589813.16,591537.9,2025-08-11
20250811,E08,Netherlands BV,USD,370727.58,370727.58,498800.6,498800.6,2025-08-11
20250811,E09,UK Ltd,EUR,3743.69,3743.69,5426.28,5426.28,2025-08-11
20250811,E09,UK Ltd,GBP,2093665.32,2349412.16,2108673.01,2334404.47,2025-08-11
20250811,E09,UK Ltd,USD,197582.41,197582.41,265840.03,265840.03,2025-08-11
20250811,E10,US Inc,EUR,62833.7,62833.7,91074.06,91074.06,2025-08-11
20250811,E10,US Inc,USD,429861.19,610933.03,678661.73,716629.63,2025-08-11
20250811,E11,US West Distribution,USD,171159.56,194098.96,238374.11,269369.55,2025-08-11
20250812,E01,Group Treasury HQ,CNY,-80645.16,80645.16,-15115.56,15115.56,2025-08-12
20250812,E01,Group Treasury HQ,EUR,-820727.18,979272.82,-1191831.28,1422065.72,2025-08-12
20250812,E01,Group Treasury HQ,SGD,430987.41,497997.17,462743.88,476430.76,2025-08-12
20250812,E01,Group Treasury HQ,USD,335820.9,335820.9,453884.78,453884.78,2025-08-12
20250812,E02,SG Operations,SGD,-1236378.31,1930289.97,-200637.48,1129823.08,2025-08-12
20250812,E02,SG Operations,USD,-78473.87,627584.57,-106071.91,848214.07,2025-08-12
20250812,E03,Shanghai Mfg,CNY,2808757.58,6579228.42,526453.87,1233164.53,2025-08-12
20250812,E03,Shanghai Mfg,EUR,7947.55,7947.55,11541.15,11541.15,2025-08-12
20250812,E03,Shanghai Mfg,USD,2817.14,9235.82,3807.55,12482.83,2025-08-12
20250812,E04,Shenzhen Sourcing,CNY,-215869.73,887790.39,6269.75,213132.07,2025-08-12
20250812,E04,Shenzhen Sourcing,USD,195784.03,195784.03,264615.42,264615.42,2025-08-12
20250812,E05,India Services,EUR,-6836.58,6836.58,-9927.84,9927.84,2025-08-12
20250812,E05,India Services,INR,1438862.18,10529326.96,23315.32,170617.22,2025-08-12
20250812,E05,India Services,USD,185200.73,185200.73,250311.39,250311.39,2025-08-12
20250812,E06,Germany GmbH,EUR,818863.31,1025260.09,1189124.63,1488846.81,2025-08-12
20250812,E06,Germany GmbH,USD,-12205.94,81774.9,-16411.27,110438.43,2025-08-12
20250812,E07,Germany Sales Office,EUR,236524.81,310911.59,343473.05,451494.93,2025-08-12
20250812,E07,Germany Sales Office,USD,34281.96,34281.96,46334.4,46334.4,2025-08-12
20250812,E08,Netherlands BV,EUR,82148.85,83909.99,119293.68,121851.16,2025-08-12
20250812,E08,Netherlands BV,USD,98078.98,162303.1,132577.1,219347.0,2025-08-12
20250812,E09,UK Ltd,EUR,-20783.74,29453.9,-30181.42,42771.92,2025-08-12
20250812,E09,UK Ltd,GBP,-107954.34,139055.0,-146487.81,199339.77,2025-08-12
20250812,E09,UK Ltd,USD,78942.85,78942.85,106696.63,106696.63,2025-08-12
20250812,E10,US Inc,EUR,84258.5,84258.5,122357.25,122357.25,2025-08-12
20250812,E10,US Inc,USD,410065.01,597642.09,639576.85,722407.81,2025-08-12
20250812,E11,US West Distribution,USD,-499521.33,935143.21,155402.68,436149.24,2025-08-12
20250813,E01,Group Treasury HQ,EUR,196551.72,196551.72,285747.29,285747.29,2025-08-13
20250813,E01,Group Treasury HQ,GBP,941860.47,941860.47,1593577.05,1593577.05,2025-08-13
20250813,E01,Group Treasury HQ,SGD,21183.8,21393.9,21183.8,21393.9,2025-08-13
20250813,E01,Group Treasury HQ,USD,817164.18,817164.18,1102959.18,1102959.18,2025-08-13
20250813,E02,SG Operations,SGD,148135.72,173062.44,184790.81,209717.53,2025-08-13
20250813,E02,SG Operations,USD,12605.2,12605.2,17013.74,17013.74,2025-08-13
20250813,E03,Shanghai Mfg,CNY,13844.21,36496.41,2586.14,6817.64,2025-08-13
20250813,E03,Shanghai Mfg,USD,-77961.59,126304.23,-105202.74,170503.0,2025-08-13
20250813,E04,Shenzhen Sourcing,CNY,11518.1,67010.1,2154.4,12514.9,2025-08-13
20250813,E04,Shenzhen Sourcing,USD,-305507.05,410910.87,-412355.08,554622.84,2025-08-13
20250813,E05,India Services,EUR,-25876.37,25876.37,-37619.12,37619.12,2025-08-13
20250813,E05,India Services,INR,6063693.04,6340923.74,98237.88,102729.3,2025-08-13
20250813,E05,India Services,USD,36071.45,36071.45,48687.08,48687.08,2025-08-13
20250813,E06,Germany GmbH,EUR,-247393.03,450378.45,-359660.49,654761.09,2025-08-13
20250813,E06,Germany GmbH,USD,-449308.98,468601.46,-606450.3,632490.14,2025-08-13
20250813,E07,Germany Sales Office,EUR,-56147.35,56147.35,-81627.14,81627.14,2025-08-13
20250813,E08,Netherlands BV,EUR,-624640.83,657629.03,-98768.01,146726.33,2025-08-13
20250813,E08,Netherlands BV,USD,298586.93,329990.67,403014.72,445401.6,2025-08-13
20250813,E09,UK Ltd,GBP,-1180784.12,1193020.68,-1629948.85,1650652.45,2025-08-13
20250813,E09,UK Ltd,USD,-1596.42,42808.72,-2154.76,57780.64,2025-08-13
20250813,E10,US Inc,EUR,2262.38,409364.92,3289.05,595135.55,2025-08-13
20250813,E10,US Inc,USD,-27469.4,189834.16,-37076.56,256226.76,2025-08-13
20250813,E11,US West Distribution,USD,18353.25,19411.63,24771.83,26200.95,2025-08-13
20250814,E01,Group Treasury HQ,EUR,-227586.21,227586.21,-328497.48,328497.48,2025-08-14
20250814,E01,Group Treasury HQ,SGD,-143700.14,143700.14,-88796.99,88796.99,2025-08-14
20250814,E02,SG Operations,SGD,-1241716.13,1375452.69,-543082.35,710783.47,2025-08-14
20250814,E02,SG Operations,USD,-31403.33,31403.33,-42606.5,42606.5,2025-08-14
20250814,E03,Shanghai Mfg,CNY,-2909504.97,2964487.53,-561363.08,571625.84,2025-08-14
20250814,E03,Shanghai Mfg,USD,-268908.2,268908.2,-364841.46,364841.46,2025-08-14
20250814,E04,Shenzhen Sourcing,CNY,-4619322.97,4971483.61,-905859.72,971592.26,2025-08-14
20250814,E04,Shenzhen Sourcing,USD,-179528.4,179528.4,-243575.34,243575.34,2025-08-14
20250814,E05,India Services,EUR,-31276.59,31276.59,-45144.57,45144.57,2025-08-14
20250814,E05,India Services,INR,-17784888.7,17844107.7,-259412.92,318631.92,2025-08-14
20250814,E05,India Services,USD,-4664.24,4664.24,-6328.21,6328.21,2025-08-14
20250814,E06,Germany GmbH,EUR,171160.69,300922.47,231810.23,449593.65,2025-08-14
20250814,E06,Germany GmbH,USD,-17416.57,46889.33,-23629.95,63617.15,2025-08-14
20250814,E07,Germany Sales Office,EUR,17589.16,22924.56,30398.56,38099.64,2025-08-14
20250814,E08,Netherlands BV,EUR,-594895.63,673601.67,-578283.08,691887.22,2025-08-14
20250814,E08,Netherlands BV,USD,174134.55,391607.67,236192.55,531378.77,2025-08-14
20250814,E09,UK Ltd,EUR,-120353.34,120353.34,-173717.77,173717.77,2025-08-14
20250814,E09,UK Ltd,GBP,-261164.62,261164.62,-441561.74,441561.74,2025-08-14
20250814,E10,US Inc,EUR,-5369.13,5369.13,-7749.79,7749.79,2025-08-14
20250814,E10,US Inc,USD,-253616.88,274829.12,-85300.75,114080.47,2025-08-14
20250814,E11,US West Distribution,USD,-370179.54,644937.04,-100155.5,470895.08,2025-08-14
20250815,E01,Group Treasury HQ,CNY,-1209677.42,1209677.42,-226103.23,226103.23,2025-08-15
20250815,E01,Group Treasury HQ,EUR,-248275.86,248275.86,-359214.46,359214.46,2025-08-15
20250815,E01,Group Treasury HQ,SGD,-52878.83,52878.83,-28507.67,28507.67,2025-08-15
20250815,E02,SG Operations,SGD,-77637.64,251397.08,-41493.98,215253.42,2025-08-15
20250815,E02,SG Operations,USD,89627.01,94574.43,121659.52,128375.14,2025-08-15
20250815,E03,Shanghai Mfg,CNY,-1082614.36,1603170.56,-221432.73,318730.93,2025-08-15
20250815,E03,Shanghai Mfg,EUR,29447.63,40736.43,42605.89,58938.93,2025-08-15
20250815,E03,Shanghai Mfg,USD,75497.54,109265.0,102480.21,148316.09,2025-08-15
20250815,E04,Shenzhen Sourcing,CNY,1254016.31,1981595.15,188953.69,415820.93,2025-08-15
20250815,E04,Shenzhen Sourcing,USD,7419.63,7419.63,10071.39,10071.39,2025-08-15
20250815,E05,India Services,INR,-135520.78,135520.78,-25330.46,25330.46,2025-08-15
20250815,E06,Germany GmbH,EUR,-679733.46,1369062.64,-879212.49,1874982.01,2025-08-15
20250815,E06,Germany GmbH,USD,-22374.31,22374.31,-30370.84,30370.84,2025-08-15
20250815,E07,Germany Sales Office,EUR,-939878.58,2024493.18,150068.54,1419190.9,2025-08-15
20250815,E07,Germany Sales Office,USD,34368.92,34368.92,46652.3,46652.3,2025-08-15
20250815,E08,Netherlands BV,EUR,-781993.27,781993.27,-275370.23,275370.23,2025-08-15
20250815,E09,UK Ltd,EUR,130650.36,130650.36,189029.64,189029.64,2025-08-15
20250815,E09,UK Ltd,GBP,-236311.67,253399.65,-32600.99,61628.17,2025-08-15
20250815,E09,UK Ltd,USD,-142592.55,173841.19,-193554.84,235971.68,2025-08-15
20250815,E10,US Inc,EUR,-87369.97,87369.97,-126410.01,126410.01,2025-08-15
20250815,E10,US Inc,USD,-466402.85,1059739.13,121842.52,683550.96,2025-08-15
20250815,E11,US West Distribution,USD,-66938.49,139685.07,-93063.82,192506.88,2025-08-15
20250817,E01,Group Treasury HQ,SGD,-900000.0,900000.0,-900000.0,900000.0,2025-08-17
20250817,E02,SG Operations,SGD,900000.0,900000.0,900000.0,900000.0,2025-08-17
20250818,E01,Group Treasury HQ,CNY,-1693548.39,1693548.39,-317315.08,317315.08,2025-08-18
20250818,E01,Group Treasury HQ,EUR,-268965.52,268965.52,-391419.87,391419.87,2025-08-18
20250818,E01,Group Treasury HQ,GBP,-366279.07,366279.07,-625028.13,625028.13,2025-08-18
20250818,E01,Group Treasury HQ,SGD,-185393.77,477866.39,-168171.7,495088.46,2025-08-18
20250818,E01,Group Treasury HQ,USD,-111940.3,111940.3,-152275.41,152275.41,2025-08-18
20250818,E02,SG Operations,SGD,369817.48,411906.66,397444.46,439533.64,2025-08-18
20250818,E02,SG Operations,USD,950214.1,950214.1,1292632.45,1292632.45,2025-08-18
20250818,E03,Shanghai Mfg,CNY,6379383.42,7791496.2,1195286.7,1459868.52,2025-08-18
20250818,E03,Shanghai Mfg,USD,227040.46,227040.46,308890.32,308890.32,2025-08-18
20250818,E04,Shenzhen Sourcing,CNY,5770865.38,5946242.38,1327459.88,1360319.76,2025-08-18
20250818,E04,Shenzhen Sourcing,USD,329448.99,329448.99,448158.35,448158.35,2025-08-18
20250818,E05,India Services,INR,47472107.99,64614383.73,769143.09,1046882.23,2025-08-18
20250818,E05,India Services,USD,155406.18,155406.18,211403.22,211403.22,2025-08-18
20250818,E06,Germany GmbH,EUR,141279.1,207166.66,173742.91,269627.67,2025-08-18
20250818,E06,Germany GmbH,USD,2886.89,2886.89,3927.11,3927.11,2025-08-18
20250818,E07,Germany Sales Office,EUR,74611.51,74611.51,103277.01,103277.01,2025-08-18
20250818,E07,Germany Sales Office,USD,3230.54,3230.54,4394.59,4394.59,2025-08-18
20250818,E08,Netherlands BV,EUR,289570.83,383771.03,480831.05,499069.23,2025-08-18
20250818,E08,Netherlands BV,USD,68752.59,68752.59,93525.99,93525.99,2025-08-18
20250818,E09,UK Ltd,EUR,152898.83,152898.83,222510.46,222510.46,2025-08-18
20250818,E09,UK Ltd,GBP,490390.17,525808.79,736628.92,797068.16,2025-08-18
20250818,E09,UK Ltd,USD,79315.71,79315.71,107895.29,107895.29,2025-08-18
20250818,E10,US Inc,EUR,599721.95,599721.95,872762.76,872762.76,2025-08-18
20250818,E10,US Inc,USD,214007.92,604343.18,304090.83,835118.21,2025-08-18
20250818,E11,US West Distribution,USD,-135765.69,235887.25,-185083.4,321281.46,2025-08-18
20250819,E01,Group Treasury HQ,EUR,-682758.62,682758.62,-990287.44,990287.44,2025-08-19
20250819,E01,Group Treasury HQ,SGD,-1080923.9,1542819.08,12001.9,504163.86,2025-08-19
20250819,E01,Group Treasury HQ,USD,1074626.87,1074626.87,1464831.4,1464831.4,2025-08-19
20250819,E02,SG Operations,SGD,-134548.86,401261.38,-36756.26,386920.88,2025-08-19
20250819,E02,SG Operations,USD,-975491.59,1261281.41,-1329699.41,1719261.51,2025-08-19
20250819,E03,Shanghai Mfg,CNY,-1033281.46,3138572.46,-246943.8,641610.06,2025-08-19
20250819,E03,Shanghai Mfg,EUR,-1614.89,110010.97,-2342.27,159562.23,2025-08-19
20250819,E03,Shanghai Mfg,USD,20416.15,20416.15,27829.4,27829.4,2025-08-19
20250819,E04,Shenzhen Sourcing,CNY,-261167.92,1618081.54,-91887.52,428971.82,2025-08-19
20250819,E04,Shenzhen Sourcing,USD,10890.81,77752.45,14845.35,105984.91,2025-08-19
20250819,E05,India Services,EUR,6699.76,6699.76,9717.47,9717.47,2025-08-19
20250819,E05,India Services,INR,11146207.51,11773983.87,180512.85,190679.67,2025-08-19
20250819,E05,India Services,USD,-1597.86,1597.86,-2178.05,2178.05,2025-08-19
20250819,E06,Germany GmbH,EUR,85946.36,1568954.3,-21383.75,2421686.41,2025-08-19
20250819,E06,Germany GmbH,USD,77677.64,223125.04,105882.94,304143.3,2025-08-19
20250819,E07,Germany Sales Office,EUR,66388.2,74899.0,96290.83,108635.07,2025-08-19
20250819,E07,Germany Sales Office,USD,2112.86,2112.86,2880.05,2880.05,2025-08-19
20250819,E08,Netherlands BV,EUR,14402.12,75388.84,12659.53,101115.93,2025-08-19
20250819,E08,Netherlands BV,USD,270779.5,311725.6,369101.43,424915.35,2025-08-19
20250819,E09,UK Ltd,EUR,-46835.1,46835.1,-67930.61,67930.61,2025-08-19
20250819,E09,UK Ltd,GBP,-58049.14,235668.14,17844.04,166189.4,2025-08-19
20250819,E09,UK Ltd,USD,101201.97,101201.97,137949.12,137949.12,2025-08-19
20250819,E10,US Inc,EUR,89981.78,89981.78,130511.46,130511.46,2025-08-19
20250819,E10,US Inc,USD,-209030.24,2236842.1,714868.29,1483616.87,2025-08-19
20250819,E11,US West Distribution,USD,-7915.69,270129.37,78449.63,279516.17,2025-08-19
20250820,E01,Group Treasury HQ,EUR,735123.63,983399.49,1072116.8,1434206.54,2025-08-20
20250820,E01,Group Treasury HQ,SGD,-79772.78,190636.02,-79772.78,190636.02,2025-08-20
20250820,E02,SG Operations,SGD,267377.14,334671.86,278264.53,345559.25,2025-08-20
20250820,E03,Shanghai Mfg,CNY,-123464.16,753197.26,-19116.82,145021.06,2025-08-20
20250820,E03,Shanghai Mfg,USD,21985.23,21985.23,30005.62,30005.62,2025-08-20
20250820,E04,Shenzhen Sourcing,CNY,99492.55,698759.55,126161.98,238350.14,2025-08-20
20250820,E04,Shenzhen Sourcing,USD,-120964.61,166627.97,-164013.27,226334.99,2025-08-20
20250820,E05,India Services,INR,-40840.99,40840.99,-660.89,660.89,2025-08-20
20250820,E05,India Services,USD,72448.04,72448.04,98877.66,98877.66,2025-08-20
20250820,E06,Germany GmbH,EUR,-211231.24,524823.24,-294866.63,752214.55,2025-08-20
20250820,E06,Germany GmbH,USD,309291.0,309291.0,422122.83,422122.83,2025-08-20
20250820,E07,Germany Sales Office,EUR,-289527.33,291195.59,-207768.38,210201.4,2025-08-20
20250820,E08,Netherlands BV,EUR,8368.35,10134.13,12204.55,14779.79,2025-08-20
20250820,E08,Netherlands BV,USD,140379.34,145388.46,191590.85,198427.33,2025-08-20
20250820,E09,UK Ltd,GBP,-355016.04,588018.58,76033.22,274848.5,2025-08-20
20250820,E09,UK Ltd,USD,53085.44,81200.08,72451.44,110822.52,2025-08-20
20250820,E10,US Inc,EUR,-653938.97,817303.69,-953715.71,1191969.61,2025-08-20
20250820,E10,US Inc,USD,154210.65,338904.21,213416.79,459590.31,2025-08-20
20250820,E11,US West Distribution,USD,18835.75,79250.93,30298.09,112753.19,2025-08-20
20250821,E01,Group Treasury HQ,EUR,-1787.13,1787.13,-2621.95,2621.95,2025-08-21
20250821,E01,Group Treasury HQ,SGD,93109.5,113057.68,93007.89,119554.77,2025-08-21
20250821,E02,SG Operations,SGD,-1836966.91,2215526.43,-192941.74,625422.3,2025-08-21
20250821,E02,SG Operations,USD,-88489.79,88489.79,-120106.84,120106.84,2025-08-21
20250821,E03,Shanghai Mfg,CNY,-2798209.46,2873503.68,-493973.8,569268.02,2025-08-21
20250821,E03,Shanghai Mfg,EUR,-4575.57,4575.57,-6712.94,6712.94,2025-08-21
20250821,E03,Shanghai Mfg,USD,-147322.13,147322.13,-199959.75,199959.75,2025-08-21
20250821,E04,Shenzhen Sourcing,CNY,-1346164.53,2390032.07,-170490.72,685656.02,2025-08-21
20250821,E04,Shenzhen Sourcing,USD,167312.92,167312.92,227093.16,227093.16,2025-08-21
20250821,E05,India Services,EUR,-5676.28,5676.28,-8327.83,8327.83,2025-08-21
20250821,E05,India Services,INR,-3445597.75,5005104.43,-77841.15,117560.89,2025-08-21
20250821,E05,India Services,USD,42180.93,42180.93,57252.01,57252.01,2025-08-21
20250821,E06,Germany GmbH,EUR,-308029.29,308029.29,-83863.82,83863.82,2025-08-21
20250821,E06,Germany GmbH,USD,-13169.36,13169.36,-17874.72,17874.72,2025-08-21
20250821,E07,Germany Sales Office,EUR,41490.79,141318.05,60872.26,207331.52,2025-08-21
20250821,E07,Germany Sales Office,USD,8846.94,8846.94,12007.92,12007.92,2025-08-21
20250821,E08,Netherlands BV,EUR,-742493.44,742493.44,-446616.34,446616.34,2025-08-21
20250821,E08,Netherlands BV,USD,-24475.11,24475.11,-33222.36,33222.36,2025-08-21
20250821,E09,UK Ltd,EUR,-70245.13,70245.13,-103058.53,103058.53,2025-08-21
20250821,E09,UK Ltd,GBP,-300542.03,300542.03,-509216.48,509216.48,2025-08-21
20250821,E10,US Inc,EUR,-91853.65,91853.65,-134760.97,134760.97,2025-08-21
20250821,E10,US Inc,USD,-809621.19,832746.23,-300138.88,331526.4,2025-08-21
20250821,E11,US West Distribution,USD,-271050.18,271050.18,-359370.6,359370.6,2025-08-21
20250822,E01,Group Treasury HQ,EUR,-444827.59,444827.59,-653623.87,653623.87,2025-08-22
20250822,E01,Group Treasury HQ,SGD,-292728.27,292728.27,-74656.4,74656.4,2025-08-22
20250822,E02,SG Operations,SGD,-4304069.88,4321614.82,-1045871.16,1063416.1,2025-08-22
20250822,E02,SG Operations,USD,17619.62,17619.62,23935.43,23935.43,2025-08-22
20250822,E03,Shanghai Mfg,CNY,3751580.32,5947723.2,702625.43,1113937.75,2025-08-22
20250822,E03,Shanghai Mfg,USD,190156.54,190156.54,258318.72,258318.72,2025-08-22
20250822,E04,Shenzhen Sourcing,CNY,172174.88,303461.18,32246.27,56834.65,2025-08-22
20250822,E04,Shenzhen Sourcing,USD,5734.79,5734.79,7790.44,7790.44,2025-08-22
20250822,E05,India Services,INR,1480101.14,2343700.94,2745.4,59116.08,2025-08-22
20250822,E05,India Services,USD,376728.83,376728.83,511768.41,511768.41,2025-08-22
20250822,E06,Germany GmbH,EUR,-47379.17,937034.35,-69618.37,1376866.11,2025-08-22
20250822,E06,Germany GmbH,USD,28641.55,48234.09,38908.2,65523.74,2025-08-22
20250822,E07,Germany Sales Office,EUR,-17551.75,23083.51,-25790.31,33918.61,2025-08-22
20250822,E07,Germany Sales Office,USD,4631.57,4631.57,6291.77,6291.77,2025-08-22
20250822,E08,Netherlands BV,EUR,-119982.41,145907.91,-173407.93,217287.85,2025-08-22
20250822,E08,Netherlands BV,USD,-316268.18,397639.68,-429635.46,540174.82,2025-08-22
20250822,E09,UK Ltd,GBP,-738725.67,760057.39,-130845.43,152177.15,2025-08-22
20250822,E09,UK Ltd,USD,-7516.77,48247.15,-10211.18,65541.48,2025-08-22
20250822,E10,US Inc,EUR,-101026.81,254039.87,-148447.48,373282.88,2025-08-22
20250822,E10,US Inc,USD,-1367240.83,1376859.53,-326406.64,339473.2,2025-08-22
20250822,E11,US West Distribution,USD,-30778.33,118970.97,-55598.88,151099.34,2025-08-22
20250824,E01,Group Treasury HQ,SGD,-630000.0,630000.0,-630000.0,630000.0,2025-08-24
20250824,E02,SG Operations,SGD,630000.0,630000.0,630000.0,630000.0,2025-08-24
20250825,E01,Group Treasury HQ,CNY,-80645.16,80645.16,-15100.73,15100.73,2025-08-25
20250825,E01,Group Treasury HQ,SGD,135000.56,136822.9,143541.82,145364.16,2025-08-25
20250825,E01,Group Treasury HQ,USD,-44776.12,44776.12,-61194.36,61194.36,2025-08-25
20250825,E02,SG Operations,SGD,82975.73,585440.91,256887.72,416909.78,2025-08-25
20250825,E02,SG Operations,USD,189499.41,189499.41,258393.0,258393.0,2025-08-25
20250825,E03,Shanghai Mfg,CNY,3387472.94,3762099.96,634300.9,704449.42,2025-08-25
20250825,E03,Shanghai Mfg,USD,79777.38,79777.38,108962.96,108962.96,2025-08-25
20250825,E04,Shenzhen Sourcing,CNY,1408590.6,1476794.56,244479.54,312470.5,2025-08-25
20250825,E04,Shenzhen Sourcing,USD,62605.75,62605.75,85561.64,85561.64,2025-08-25
20250825,E05,India Services,INR,50175877.87,50220585.65,830226.8,830947.32,2025-08-25
20250825,E05,India Services,USD,359975.23,359975.23,491768.88,491768.88,2025-08-25
20250825,E06,Germany GmbH,EUR,-74369.96,187159.5,-113008.94,273024.26,2025-08-25
20250825,E06,Germany GmbH,USD,164731.68,164731.68,225134.5,225134.5,2025-08-25
20250825,E07,Germany Sales Office,EUR,103455.98,104139.36,145060.22,146068.94,2025-08-25
20250825,E08,Netherlands BV,EUR,2340.87,6304.73,4441.37,10292.29,2025-08-25
20250825,E08,Netherlands BV,USD,118278.58,118278.58,161648.26,161648.26,2025-08-25
20250825,E09,UK Ltd,EUR,233518.54,233518.54,344687.37,344687.37,2025-08-25
20250825,E09,UK Ltd,GBP,-301580.97,301580.97,-227399.75,227399.75,2025-08-25
20250825,E09,UK Ltd,USD,39368.48,39368.48,53803.88,53803.88,2025-08-25
20250825,E10,US Inc,EUR,249083.83,249083.83,367662.68,367662.68,2025-08-25
20250825,E10,US Inc,USD,491578.36,511545.04,678908.16,706194.88,2025-08-25
20250825,E11,US West Distribution,USD,350951.88,425546.86,380159.64,482106.64,2025-08-25
20250826,E01,Group Treasury HQ,CNY,-80645.16,80645.16,-15086.21,15086.21,2025-08-26
20250826,E01,Group Treasury HQ,EUR,-2379310.34,2379310.34,-3522016.97,3522016.97,2025-08-26
20250826,E01,Group Treasury HQ,SGD,331177.72,365891.5,331177.72,365891.5,2025-08-26
20250826,E01,Group Treasury HQ,USD,190298.51,391791.05,259432.43,534125.59,2025-08-26
20250826,E02,SG Operations,SGD,-1346567.22,1599135.32,-489125.83,838717.55,2025-08-26
20250826,E02,SG Operations,USD,-203938.99,436602.41,-278104.72,595140.24,2025-08-26
20250826,E03,Shanghai Mfg,CNY,-1664199.76,7954999.86,-322681.48,1499495.18,2025-08-26
20250826,E03,Shanghai Mfg,USD,-29283.21,29283.21,-39921.56,39921.56,2025-08-26
20250826,E04,Shenzhen Sourcing,CNY,-376766.6,1856835.44,-66911.64,350926.06,2025-08-26
20250826,E04,Shenzhen Sourcing,USD,169184.49,169184.49,230647.87,230647.87,2025-08-26
20250826,E05,India Services,EUR,161381.42,161381.42,238887.75,238887.75,2025-08-26
20250826,E05,India Services,INR,21626008.66,24292786.22,347183.95,389996.39,2025-08-26
20250826,E05,India Services,USD,34556.36,53918.28,47110.41,73506.37,2025-08-26
20250826,E06,Germany GmbH,EUR,2483053.2,2608712.94,3680627.47,3866637.53,2025-08-26
20250826,E06,Germany GmbH,USD,80644.9,125952.92,109942.54,171710.6,2025-08-26
20250826,E07,Germany Sales Office,EUR,-10407.26,78592.42,-15325.67,116257.97,2025-08-26
20250826,E07,Germany Sales Office,USD,7134.11,7134.11,9725.87,9725.87,2025-08-26
20250826,E08,Netherlands BV,EUR,-68789.63,250124.89,-101827.08,370251.86,2025-08-26
20250826,E08,Netherlands BV,USD,69472.25,71386.47,94710.96,97320.6,2025-08-26
20250826,E09,UK Ltd,EUR,-72666.22,94635.44,-107565.48,140085.82,2025-08-26
20250826,E09,UK Ltd,GBP,261955.9,262603.84,261728.28,262831.46,2025-08-26
20250826,E09,UK Ltd,USD,149300.37,164114.47,203540.01,223735.95,2025-08-26
20250826,E10,US Inc,EUR,156767.82,156767.82,232058.39,232058.39,2025-08-26
20250826,E10,US Inc,USD,166921.56,506973.04,316350.62,602364.48,2025-08-26
20250826,E11,US West Distribution,USD,94549.74,238654.3,122318.1,327046.74,2025-08-26
20250827,E01,Group Treasury HQ,EUR,413793.1,413793.1,611202.62,611202.62,2025-08-27
20250827,E01,Group Treasury HQ,SGD,24055.61,27268.31,24055.61,27268.31,2025-08-27
20250827,E01,Group Treasury HQ,USD,1589552.24,1589552.24,2156663.14,2156663.14,2025-08-27
20250827,E02,SG Operations,SGD,406868.98,449003.48,509069.73,551204.23,2025-08-27
20250827,E03,Shanghai Mfg,CNY,414855.83,1844689.43,77816.59,346017.63,2025-08-27
20250827,E03,Shanghai Mfg,USD,-298384.3,306093.32,-404840.05,415299.45,2025-08-27
20250827,E04,Shenzhen Sourcing,CNY,-18422.23,100044.21,-3455.56,18765.8,2025-08-27
20250827,E04,Shenzhen Sourcing,USD,-606382.79,669736.61,-822724.4,908681.22,2025-08-27
20250827,E05,India Services,INR,3288799.6,3428825.64,61197.53,63439.61,2025-08-27
20250827,E05,India Services,USD,136357.87,136357.87,185006.82,185006.82,2025-08-27
20250827,E06,Germany GmbH,EUR,-610115.33,643094.85,-663834.63,696814.15,2025-08-27
20250827,E06,Germany GmbH,USD,-586343.36,712164.1,-795535.43,966245.73,2025-08-27
20250827,E07,Germany Sales Office,EUR,130802.5,216180.76,202200.16,310319.44,2025-08-27
20250827,E07,Germany Sales Office,USD,24266.2,24266.2,32923.75,32923.75,2025-08-27
20250827,E08,Netherlands BV,EUR,237310.27,238001.73,350524.59,351545.93,2025-08-27
20250827,E08,Netherlands BV,USD,-5785.2,171463.26,-7849.21,232636.89,2025-08-27
20250827,E09,UK Ltd,GBP,-418648.12,686894.26,121785.87,331690.39,2025-08-27
20250827,E10,US Inc,EUR,-316240.96,327302.18,-467111.0,483449.22,2025-08-27
20250827,E10,US Inc,USD,23727.41,141017.51,27565.22,195956.4,2025-08-27
20250827,E11,US West Distribution,USD,17561.99,124624.71,40603.61,152311.59,2025-08-27
20250828,E01,Group Treasury HQ,CNY,-80645.16,80645.16,-15105.97,15105.97,2025-08-28
20250828,E01,Group Treasury HQ,EUR,22658.57,22658.57,33525.94,33525.94,2025-08-28
20250828,E01,Group Treasury HQ,SGD,-302693.56,302693.56,-85878.39,85878.39,2025-08-28
20250828,E01,Group Treasury HQ,USD,-324626.87,324626.87,-439681.44,439681.44,2025-08-28
20250828,E02,SG Operations,SGD,-4980827.91,5010660.13,-980917.06,1010749.28,2025-08-28
20250828,E02,SG Operations,USD,12222.85,12222.85,16554.88,16554.88,2025-08-28
20250828,E03,Shanghai Mfg,CNY,-4413239.44,5100117.92,-850483.16,979145.12,2025-08-28
20250828,E03,Shanghai Mfg,EUR,-48456.79,48456.79,-71697.34,71697.34,2025-08-28
20250828,E03,Shanghai Mfg,USD,16562.83,87370.25,22433.05,118336.11,2025-08-28
20250828,E04,Shenzhen Sourcing,CNY,-6148889.52,7212217.78,-1249089.57,1448265.83,2025-08-28
20250828,E04,Shenzhen Sourcing,USD,-14240.21,14240.21,-19287.24,19287.24,2025-08-28
20250828,E05,India Services,INR,-14674419.2,20844983.92,-235260.27,334186.77,2025-08-28
20250828,E05,India Services,USD,-44852.57,55614.51,-60749.26,75325.46,2025-08-28
20250828,E06,Germany GmbH,EUR,35627.53,206665.77,49545.23,314806.33,2025-08-28
20250828,E06,Germany GmbH,USD,277186.17,372067.57,375426.76,503936.12,2025-08-28
20250828,E07,Germany Sales Office,EUR,-87.61,603.55,-129.63,893.03,2025-08-28
20250828,E08,Netherlands BV,EUR,-382656.9,445014.76,-521432.64,626154.3,2025-08-28
20250828,E08,Netherlands BV,USD,-134132.15,196840.59,-181421.6,266355.22,2025-08-28
20250828,E09,UK Ltd,EUR,-7379.62,7379.62,-10918.99,10918.99,2025-08-28
20250828,E09,UK Ltd,GBP,-59409.35,110453.37,-71403.73,157125.33,2025-08-28
20250828,E09,UK Ltd,USD,-139057.51,160153.29,-188342.41,216914.97,2025-08-28
20250828,E10,US Inc,USD,-377802.48,1552945.34,351450.46,892339.12,2025-08-28
20250828,E11,US West Distribution,USD,-233673.49,233673.49,-275176.45,275176.45,2025-08-28
20250829,E01,Group Treasury HQ,EUR,-217241.38,217241.38,-317906.47,317906.47,2025-08-29
20250829,E01,Group Treasury HQ,SGD,5804.8,5804.8,5804.8,5804.8,2025-08-29
20250829,E01,Group Treasury HQ,USD,-100746.27,100746.27,-135873.87,135873.87,2025-08-29
20250829,E02,SG Operations,SGD,-99221.66,111001.32,-67706.85,84944.95,2025-08-29
20250829,E02,SG Operations,USD,12722.94,12722.94,17159.1,17159.1,2025-08-29
20250829,E03,Shanghai Mfg,CNY,-395100.49,1401071.47,-73841.52,261850.44,2025-08-29
20250829,E03,Shanghai Mfg,USD,74286.63,83146.89,100188.45,112138.05,2025-08-29
20250829,E04,Shenzhen Sourcing,CNY,-1335385.05,1488795.49,-249574.12,278245.46,2025-08-29
20250829,E04,Shenzhen Sourcing,USD,12373.3,58443.52,16687.55,78821.25,2025-08-29
20250829,E05,India Services,INR,9574280.07,15455526.83,153753.36,248200.3,2025-08-29
20250829,E05,India Services,USD,8096.73,8096.73,10919.85,10919.85,2025-08-29
20250829,E06,Germany GmbH,EUR,-2153528.62,2398036.52,-3131994.74,3489802.48,2025-08-29
20250829,E06,Germany GmbH,USD,-42241.15,42241.15,-56969.54,56969.54,2025-08-29
20250829,E07,Germany Sales Office,EUR,-178453.85,403366.01,-25326.78,260246.38,2025-08-29
20250829,E08,Netherlands BV,EUR,-31558.84,109824.94,-46182.56,160715.52,2025-08-29
20250829,E08,Netherlands BV,USD,17731.91,46130.79,23914.56,62215.4,2025-08-29
20250829,E09,UK Ltd,EUR,-329635.16,444599.84,-482381.17,650618.07,2025-08-29
20250829,E09,UK Ltd,GBP,-594046.62,594046.62,-111646.94,111646.94,2025-08-29
20250829,E09,UK Ltd,USD,-35672.49,35672.49,-48110.56,48110.56,2025-08-29
20250829,E10,US Inc,EUR,180440.27,305219.87,264052.49,446652.33,2025-08-29
20250829,E10,US Inc,USD,-1351934.57,1351934.57,-408242.31,408242.31,2025-08-29
20250829,E11,US West Distribution,USD,-19743.09,221235.63,-26626.99,298374.73,2025-08-29
20250830,E06,Germany GmbH,EUR,-28565.54,28565.54,-41802.21,41802.21,2025-08-30
20250831,E01,Group Treasury HQ,SGD,-210000.0,210000.0,-210000.0,210000.0,2025-08-31
20250831,E02,SG Operations,SGD,210000.0,210000.0,210000.0,210000.0,2025-08-31
20250831,E07,Germany Sales Office,EUR,-202240.66,202240.66,-296928.93,296928.93,2025-08-31
20250901,E01,Group Treasury HQ,CNY,-1209677.42,1209677.42,-225858.87,225858.87,2025-09-01
20250901,E01,Group Treasury HQ,EUR,-155172.41,155172.41,-227823.52,227823.52,2025-09-01
20250901,E01,Group Treasury HQ,SGD,-79387.85,130612.15,-71248.42,138751.58,2025-09-01
20250901,E01,Group Treasury HQ,USD,-347014.93,347014.93,-468385.82,468385.82,2025-09-01
20250901,E02,SG Operations,SGD,144594.08,414400.38,223212.5,335781.96,2025-09-01
20250901,E02,SG Operations,USD,93212.11,93212.11,125813.7,125813.7,2025-09-01
20250901,E03,Shanghai Mfg,CNY,3001929.09,3482866.15,560490.19,650285.95,2025-09-01
20250901,E03,Shanghai Mfg,EUR,28174.58,28174.58,41488.37,41488.37,2025-09-01
20250901,E03,Shanghai Mfg,USD,3641.6,3641.6,4915.28,4915.28,2025-09-01
20250901,E04,Shenzhen Sourcing,CNY,5705516.65,5946943.57,1065276.98,1110353.82,2025-09-01
20250901,E04,Shenzhen Sourcing,USD,12293.15,12293.15,16592.77,16592.77,2025-09-01
20250901,E05,India Services,EUR,3849.02,3849.02,5651.12,5651.12,2025-09-01
20250901,E05,India Services,INR,44890254.18,48649026.46,718468.5,778627.66,2025-09-01
20250901,E05,India Services,USD,41308.07,41308.07,55755.86,55755.86,2025-09-01
20250901,E06,Germany GmbH,EUR,92306.19,177981.31,135523.58,261311.44,2025-09-01
20250901,E06,Germany GmbH,USD,379422.98,379422.98,512128.81,512128.81,2025-09-01
20250901,E07,Germany Sales Office,EUR,4403.44,4754.12,7480.42,7995.28,2025-09-01
20250901,E07,Germany Sales Office,USD,11940.85,23307.51,16117.25,31459.47,2025-09-01
20250901,E08,Netherlands BV,EUR,190748.53,191596.19,286866.18,288110.72,2025-09-01
20250901,E08,Netherlands BV,USD,122947.53,122947.53,165949.29,165949.29,2025-09-01
20250901,E09,UK Ltd,GBP,-85759.51,183328.13,-172432.18,282309.28,2025-09-01
20250901,E09,UK Ltd,USD,176999.82,176999.82,238906.74,238906.74,2025-09-01
20250901,E10,US Inc,USD,-41044.72,41044.72,-7663.46,7663.46,2025-09-01
20250901,E11,US West Distribution,USD,-392583.75,392583.75,-79114.55,79114.55,2025-09-01
20250902,E01,Group Treasury HQ,EUR,-703448.28,703448.28,-1035859.94,1035859.94,2025-09-02
20250902,E01,Group Treasury HQ,SGD,-920279.63,1368481.99,3453.78,444748.58,2025-09-02
20250902,E01,Group Treasury HQ,USD,156716.42,313432.84,211913.98,423827.96,2025-09-02
20250902,E02,SG Operations,SGD,-1612305.56,2169923.08,-96795.68,878714.54,2025-09-02
20250902,E02,SG Operations,USD,-73703.64,396445.62,-99580.16,536161.78,2025-09-02
20250902,E03,Shanghai Mfg,CNY,113926.15,3960098.45,29091.99,746245.43,2025-09-02
20250902,E03,Shanghai Mfg,EUR,426536.97,452509.27,628095.31,666340.71,2025-09-02
20250902,E03,Shanghai Mfg,USD,2608.15,2608.15,3526.77,3526.77,2025-09-02
20250902,E04,Shenzhen Sourcing,CNY,249461.53,1524361.45,149938.76,387655.32,2025-09-02
20250902,E04,Shenzhen Sourcing,USD,-168614.87,168614.87,-228003.22,228003.22,2025-09-02
20250902,E05,India Services,INR,-3524832.34,9125661.24,-28566.75,191503.71,2025-09-02
20250902,E05,India Services,USD,50336.66,147383.12,68065.89,199293.37,2025-09-02
20250902,E06,Germany GmbH,EUR,803759.72,806875.36,1183573.15,1188161.07,2025-09-02
20250902,E06,Germany GmbH,USD,-343839.02,428436.88,-464943.6,579337.92,2025-09-02
20250902,E07,Germany Sales Office,EUR,42146.48,42989.24,41947.35,43188.37,2025-09-02
20250902,E07,Germany Sales Office,USD,95154.57,95154.57,128669.25,128669.25,2025-09-02
20250902,E08,Netherlands BV,EUR,54128.87,234466.15,75752.49,349216.95,2025-09-02
20250902,E08,Netherlands BV,USD,-43908.75,383770.69,-60725.03,520290.75,2025-09-02
20250902,E09,UK Ltd,EUR,399186.63,399186.63,587820.68,587820.68,2025-09-02
20250902,E09,UK Ltd,GBP,-32965.86,32965.86,-55608.19,55608.19,2025-09-02
20250902,E09,UK Ltd,USD,184621.81,184621.81,249648.01,249648.01,2025-09-02
20250902,E10,US Inc,EUR,127841.75,134175.71,188252.87,197579.91,2025-09-02
20250902,E10,US Inc,USD,219465.43,442928.65,354480.88,546786.04,2025-09-02
20250902,E11,US West Distribution,USD,12242.44,612934.94,159372.75,706075.61,2025-09-02
20250903,E01,Group Treasury HQ,EUR,434482.76,434482.76,640905.52,640905.52,2025-09-03
20250903,E01,Group Treasury HQ,SGD,4450.48,5141.36,6169.97,6860.85,2025-09-03
20250903,E01,Group Treasury HQ,USD,559701.49,559701.49,760371.83,760371.83,2025-09-03
20250903,E02,SG Operations,SGD,300077.43,317082.59,383298.9,400304.06,2025-09-03
20250903,E02,SG Operations,USD,296255.23,296255.23,402475.36,402475.36,2025-09-03
20250903,E03,Shanghai Mfg,CNY,-50121.52,50121.52,-9354.15,9354.15,2025-09-03
20250903,E03,Shanghai Mfg,EUR,43723.56,43723.56,64496.62,64496.62,2025-09-03
20250903,E03,Shanghai Mfg,USD,143529.88,143529.88,194989.78,194989.78,2025-09-03
20250903,E04,Shenzhen Sourcing,CNY,-111229.75,352767.27,-20758.59,65836.51,2025-09-03
20250903,E04,Shenzhen Sourcing,USD,26600.2,93760.74,36137.19,127376.87,2025-09-03
20250903,E05,India Services,INR,7420877.34,10122081.1,118630.15,161811.59,2025-09-03
20250903,E05,India Services,USD,5763.24,13318.42,7829.54,18093.48,2025-09-03
20250903,E06,Germany GmbH,EUR,-335178.71,1233888.63,-20664.92,1346351.94,2025-09-03
20250903,E06,Germany GmbH,USD,13995.9,113255.82,19013.86,153861.54,2025-09-03
20250903,E07,Germany Sales Office,EUR,-152658.73,222193.49,-225186.9,327757.62,2025-09-03
20250903,E07,Germany Sales Office,USD,151461.47,151461.47,205765.11,205765.11,2025-09-03
20250903,E08,Netherlands BV,EUR,-37965.02,63061.22,-5731.37,42750.77,2025-09-03
20250903,E08,Netherlands BV,USD,82148.61,82148.61,111601.43,111601.43,2025-09-03
20250903,E09,UK Ltd,EUR,62822.5,62822.5,92669.47,92669.47,2025-09-03
20250903,E09,UK Ltd,GBP,-76555.04,76555.04,-49504.38,49504.38,2025-09-03
20250903,E09,UK Ltd,USD,233186.9,233186.9,316791.63,316791.63,2025-09-03
20250903,E10,US Inc,EUR,-217856.93,464901.69,-321360.76,685776.48,2025-09-03
20250903,E10,US Inc,USD,-434498.74,941443.56,-25483.98,714184.26,2025-09-03
20250903,E11,US West Distribution,USD,-63939.25,1270915.23,-69950.52,1690872.72,2025-09-03
20250904,E01,Group Treasury HQ,CNY,-14596774.19,14596774.19,-2725246.93,2725246.93,2025-09-04
20250904,E01,Group Treasury HQ,EUR,15325.47,15325.47,22568.64,22568.64,2025-09-04
20250904,E01,Group Treasury HQ,SGD,-111817.81,234388.19,38768.58,127964.76,2025-09-04
20250904,E02,SG Operations,SGD,-2746853.1,3153421.64,-332490.63,780410.57,2025-09-04
20250904,E02,SG Operations,USD,15904.51,81621.65,21635.02,111030.5,2025-09-04
20250904,E03,Shanghai Mfg,CNY,7114172.73,22199026.59,1313221.77,4159611.17,2025-09-04
20250904,E03,Shanghai Mfg,EUR,-34670.19,34670.19,-51056.12,51056.12,2025-09-04
20250904,E03,Shanghai Mfg,USD,-77948.01,77948.01,-106033.22,106033.22,2025-09-04
20250904,E04,Shenzhen Sourcing,CNY,-519680.29,778375.91,-191797.87,240096.85,2025-09-04
20250904,E04,Shenzhen Sourcing,USD,61508.21,61508.21,83670.05,83670.05,2025-09-04
20250904,E05,India Services,EUR,-70551.29,70551.29,-103895.45,103895.45,2025-09-04
20250904,E05,India Services,INR,-1021829.43,4338617.21,994334.93,1079973.39,2025-09-04
20250904,E05,India Services,USD,12566.42,30495.12,17094.18,41482.72,2025-09-04
20250904,E06,Germany GmbH,EUR,-51239.74,67865.76,-75730.98,100214.84,2025-09-04
20250904,E06,Germany GmbH,USD,-223753.86,385616.08,-304373.95,524556.27,2025-09-04
20250904,E07,Germany Sales Office,EUR,-1175.81,1175.81,-1731.53,1731.53,2025-09-04
20250904,E07,Germany Sales Office,USD,19355.1,24895.18,26332.38,33861.58,2025-09-04
20250904,E08,Netherlands BV,EUR,-82937.44,82937.44,-122135.59,122135.59,2025-09-04
20250904,E08,Netherlands BV,USD,9011.97,25516.59,12259.05,34710.39,2025-09-04
20250904,E09,UK Ltd,EUR,-2677.47,2677.47,-3942.9,3942.9,2025-09-04
20250904,E09,UK Ltd,GBP,-85123.73,101228.57,-148740.5,164845.34,2025-09-04
20250904,E10,US Inc,EUR,1245.78,15482.96,1834.56,22800.56,2025-09-04
20250904,E10,US Inc,USD,-23204.41,3156474.59,1698707.12,2563502.26,2025-09-04
20250904,E11,US West Distribution,USD,-265403.78,539636.74,41381.13,331659.89,2025-09-04
20250905,E01,Group Treasury HQ,CNY,-1532258.06,1532258.06,-286572.1,286572.1,2025-09-05
20250905,E01,Group Treasury HQ,EUR,-206896.55,206896.55,-302411.79,302411.79,2025-09-05
20250905,E01,Group Treasury HQ,SGD,-172222.93,274841.25,-227945.94,330564.26,2025-09-05
20250905,E01,Group Treasury HQ,USD,-11194.03,11194.03,-15213.13,15213.13,2025-09-05
20250905,E02,SG Operations,SGD,-347839.03,414190.51,-156686.85,223038.33,2025-09-05
20250905,E02,SG Operations,USD,-5207.08,51589.0,-7076.62,70111.52,2025-09-05
20250905,E03,Shanghai Mfg,CNY,3513333.99,5745013.73,657085.08,1074466.66,2025-09-05
20250905,E04,Shenzhen Sourcing,CNY,348199.19,483916.43,101695.08,127076.44,2025-09-05
20250905,E04,Shenzhen Sourcing,USD,74300.0,74300.0,100976.67,100976.67,2025-09-05
20250905,E05,India Services,EUR,-15355.8,15355.8,-22444.91,22444.91,2025-09-05
20250905,E05,India Services,INR,-763107.02,763107.02,-12235.66,12235.66,2025-09-05
20250905,E06,Germany GmbH,EUR,-520166.98,1007352.78,-708572.37,1420670.91,2025-09-05
20250905,E06,Germany GmbH,USD,-43908.08,43908.08,-59672.84,59672.84,2025-09-05
20250905,E07,Germany Sales Office,EUR,-17321.34,49754.64,-25317.86,72724.22,2025-09-05
20250905,E08,Netherlands BV,EUR,-1170924.54,1202433.28,-232916.33,278971.31,2025-09-05
20250905,E09,UK Ltd,EUR,15880.99,15880.99,23212.56,23212.56,2025-09-05
20250905,E09,UK Ltd,GBP,-61736.6,190987.14,82550.66,134419.64,2025-09-05
20250905,E09,UK Ltd,USD,1004.98,52684.84,1365.81,71600.81,2025-09-05
20250905,E10,US Inc,EUR,-99012.38,209663.86,-144722.13,306456.65,2025-09-05
20250905,E10,US Inc,USD,-613911.79,620129.89,-186534.1,194984.74,2025-09-05
20250905,E11,US West Distribution,USD,38110.3,160307.82,48533.1,222594.26,2025-09-05
20250907,E01,Group Treasury HQ,SGD,-1185000.0,1185000.0,-1185000.0,1185000.0,2025-09-07
20250907,E02,SG Operations,SGD,1185000.0,1185000.0,1185000.0,1185000.0,2025-09-07
20250907,E08,Netherlands BV,EUR,-40157.52,40157.52,-58825.71,58825.71,2025-09-07
20250908,E01,Group Treasury HQ,CNY,-3548387.1,3548387.1,-662036.77,662036.77,2025-09-08
20250908,E01,Group Treasury HQ,EUR,-82758.62,82758.62,-121230.95,121230.95,2025-09-08
20250908,E01,Group Treasury HQ,SGD,-421931.5,576715.6,-581105.21,781258.07,2025-09-08
20250908,E01,Group Treasury HQ,USD,-11194.03,11194.03,-15273.1,15273.1,2025-09-08
20250908,E02,SG Operations,SGD,219679.95,223903.03,320922.01,325145.09,2025-09-08
20250908,E02,SG Operations,USD,156305.09,156305.09,213262.19,213262.19,2025-09-08
20250908,E03,Shanghai Mfg,CNY,7430673.55,7437606.31,1386370.5,1387663.94,2025-09-08
20250908,E03,Shanghai Mfg,USD,260418.19,260418.19,354981.62,354981.62,2025-09-08
20250908,E04,Shenzhen Sourcing,CNY,2985598.79,3024989.13,558070.3,587012.24,2025-09-08
20250908,E04,Shenzhen Sourcing,USD,74960.56,74960.56,102236.4,102236.4,2025-09-08
20250908,E05,India Services,INR,26013311.37,37150142.27,423704.32,602316.8,2025-09-08
20250908,E05,India Services,USD,223230.82,223230.82,304575.46,304575.46,2025-09-08
20250908,E06,Germany GmbH,EUR,29698.81,33467.05,43505.01,49025.03,2025-09-08
20250908,E06,Germany GmbH,USD,446112.46,490184.02,608674.47,668805.59,2025-09-08
20250908,E07,Germany Sales Office,EUR,90341.71,151082.67,132339.22,221317.08,2025-09-08
20250908,E07,Germany Sales Office,USD,125922.13,125922.13,171807.77,171807.77,2025-09-08
20250908,E08,Netherlands BV,EUR,121771.55,125803.31,184303.94,190209.98,2025-09-08
20250908,E08,Netherlands BV,USD,546002.78,546002.78,744964.55,744964.55,2025-09-08
20250908,E09,UK Ltd,EUR,24707.17,24707.17,36192.89,36192.89,2025-09-08
20250908,E09,UK Ltd,GBP,-257029.7,257029.7,-206850.5,206850.5,2025-09-08
20250908,E09,UK Ltd,USD,237782.71,250415.47,324430.01,341666.11,2025-09-08
20250908,E10,US Inc,EUR,25063.31,25063.31,36714.59,36714.59,2025-09-08
20250908,E10,US Inc,USD,270999.93,460241.93,371612.55,629812.85,2025-09-08
20250908,E11,US West Distribution,USD,363215.04,429331.08,499359.4,589567.4,2025-09-08
20250909,E01,Group Treasury HQ,EUR,-1044827.59,1044827.59,-1525855.76,1525855.76,2025-09-09
20250909,E01,Group Treasury HQ,SGD,498206.03,1552653.01,926970.01,1123889.03,2025-09-09
20250909,E01,Group Treasury HQ,USD,694029.85,694029.85,944231.08,944231.08,2025-09-09
20250909,E02,SG Operations,SGD,-742436.54,1782994.78,-334319.33,1700106.55,2025-09-09
20250909,E02,SG Operations,USD,-477259.26,910800.44,-649313.61,1239148.55,2025-09-09
20250909,E03,Shanghai Mfg,CNY,-18609058.97,23992708.69,-3475260.37,4480662.35,2025-09-09
20250909,E03,Shanghai Mfg,EUR,15232.17,15232.17,22244.91,22244.91,2025-09-09
20250909,E03,Shanghai Mfg,USD,-43229.02,124659.96,-58738.39,169675.41,2025-09-09
20250909,E04,Shenzhen Sourcing,CNY,-1954811.13,3580622.45,-343303.33,731319.93,2025-09-09
20250909,E04,Shenzhen Sourcing,USD,29536.79,29536.79,40184.96,40184.96,2025-09-09
20250909,E05,India Services,EUR,729.13,729.13,1064.81,1064.81,2025-09-09
20250909,E05,India Services,INR,-9513728.59,12554598.01,-77295.29,275930.35,2025-09-09
20250909,E05,India Services,USD,79845.69,79845.69,108797.75,108797.75,2025-09-09
20250909,E06,Germany GmbH,EUR,1595771.11,1605280.39,2318664.75,2333767.51,2025-09-09
20250909,E06,Germany GmbH,USD,86499.08,111706.32,117682.43,151977.01,2025-09-09
20250909,E07,Germany Sales Office,EUR,70533.91,101820.13,103007.02,148697.1,2025-09-09
20250909,E08,Netherlands BV,EUR,-148719.55,180306.09,-218140.15,262365.59,2025-09-09
20250909,E08,Netherlands BV,USD,37598.53,37598.53,51152.99,51152.99,2025-09-09
20250909,E09,UK Ltd,EUR,21408.15,21408.15,31264.25,31264.25,2025-09-09
20250909,E09,UK Ltd,GBP,10560.72,12363.92,17821.74,20864.76,2025-09-09
20250909,E09,UK Ltd,USD,65158.63,123717.11,88432.71,168533.69,2025-09-09
20250909,E10,US Inc,EUR,315283.27,328066.57,460436.53,479105.13,2025-09-09
20250909,E10,US Inc,USD,58619.18,510039.72,319630.11,454033.17,2025-09-09
20250909,E11,US West Distribution,USD,786134.46,924463.26,1073305.79,1262503.29,2025-09-09
20250910,E01,Group Treasury HQ,EUR,755172.42,755172.42,1099343.76,1099343.76,2025-09-10
20250910,E01,Group Treasury HQ,GBP,-305232.56,305232.56,-515398.3,515398.3,2025-09-10
20250910,E01,Group Treasury HQ,SGD,-117579.19,124090.35,-116381.53,125288.01,2025-09-10
20250910,E01,Group Treasury HQ,USD,1947761.2,1970149.26,2664303.58,2694927.76,2025-09-10
20250910,E02,SG Operations,SGD,-157829.58,678100.12,60558.18,503241.9,2025-09-10
20250910,E02,SG Operations,USD,322085.15,322085.15,439473.34,439473.34,2025-09-10
20250910,E03,Shanghai Mfg,CNY,-1748277.82,2048540.98,-290712.83,417735.97,2025-09-10
20250910,E03,Shanghai Mfg,USD,-229223.49,287805.85,-313801.89,393432.19,2025-09-10
20250910,E04,Shenzhen Sourcing,CNY,-492246.23,1021914.31,-91848.23,190679.01,2025-09-10
20250910,E04,Shenzhen Sourcing,USD,22738.98,33075.52,31104.2,45243.34,2025-09-10
20250910,E05,India Services,INR,-88970.88,88970.88,-1427.64,1427.64,2025-09-10
20250910,E06,Germany GmbH,EUR,-993989.01,1135050.49,-1447001.5,1652352.02,2025-09-10
20250910,E06,Germany GmbH,USD,-653421.37,712250.27,-893802.02,974272.9,2025-09-10
20250910,E07,Germany Sales Office,EUR,89768.18,130316.78,130680.2,189708.92,2025-09-10
20250910,E07,Germany Sales Office,USD,7872.31,7872.31,10768.38,10768.38,2025-09-10
20250910,E08,Netherlands BV,EUR,102091.19,136354.15,151561.66,186827.08,2025-09-10
20250910,E08,Netherlands BV,USD,28820.81,28820.81,39423.41,39423.41,2025-09-10
20250910,E09,UK Ltd,EUR,6785.02,6785.02,9877.31,9877.31,2025-09-10
20250910,E09,UK Ltd,GBP,287681.81,444090.65,447491.84,711594.88,2025-09-10
20250910,E09,UK Ltd,USD,-14299.17,14299.17,-19559.55,19559.55,2025-09-10
20250910,E10,US Inc,EUR,-205023.79,250148.63,-298463.79,364154.37,2025-09-10
20250910,E10,US Inc,USD,409446.49,792099.99,753377.85,890193.57,2025-09-10
20250910,E11,US West Distribution,USD,-946017.07,1175333.81,-1311968.2,1590890.42,2025-09-10
20250911,E01,Group Treasury HQ,EUR,-165457.7,165457.7,-241173.62,241173.62,2025-09-11
20250911,E01,Group Treasury HQ,GBP,-165697.67,165697.67,-281644.79,281644.79,2025-09-11
20250911,E01,Group Treasury HQ,SGD,-503810.79,503810.79,-362592.99,362592.99,2025-09-11
20250911,E01,Group Treasury HQ,USD,-67164.18,67164.18,-91295.46,91295.46,2025-09-11
20250911,E02,SG Operations,SGD,-3640724.22,4350010.52,-1262744.15,1994234.37,2025-09-11
20250911,E02,SG Operations,USD,-19357.85,37563.65,-26360.14,51012.56,2025-09-11
20250911,E03,Shanghai Mfg,CNY,-6995732.57,6995732.57,-1304249.4,1304249.4,2025-09-11
20250911,E03,Shanghai Mfg,EUR,-10234.79,10234.79,-14918.38,14918.38,2025-09-11
20250911,E03,Shanghai Mfg,USD,-190445.67,190445.67,-258870.51,258870.51,2025-09-11
20250911,E04,Shenzhen Sourcing,CNY,-2886746.76,3233312.56,-576248.64,922814.44,2025-09-11
20250911,E04,Shenzhen Sourcing,USD,64606.7,88186.1,87819.11,119870.31,2025-09-11
20250911,E05,India Services,EUR,-6455.38,6455.38,-9409.46,9409.46,2025-09-11
20250911,E05,India Services,INR,-17902154.33,28979331.11,-383056.77,644214.79,2025-09-11
20250911,E05,India Services,USD,-24363.37,85946.73,-33116.84,116826.36,2025-09-11
20250911,E06,Germany GmbH,EUR,32436.98,207692.88,57217.97,292798.91,2025-09-11
20250911,E06,Germany GmbH,USD,56756.49,112284.31,77148.42,152626.72,2025-09-11
20250911,E07,Germany Sales Office,EUR,64595.58,65421.58,94155.49,95359.47,2025-09-11
20250911,E07,Germany Sales Office,USD,67164.18,67164.18,91295.46,91295.46,2025-09-11
20250911,E08,Netherlands BV,EUR,-166611.93,206766.03,-169125.18,237377.16,2025-09-11
20250911,E08,Netherlands BV,USD,-20068.44,20068.44,-27276.08,27276.08,2025-09-11
20250911,E09,UK Ltd,EUR,-48633.41,78543.89,-70888.79,114486.75,2025-09-11
20250911,E09,UK Ltd,GBP,146718.45,184676.89,249384.85,313904.73,2025-09-11
20250911,E09,UK Ltd,USD,51044.98,51044.98,69384.83,69384.83,2025-09-11
20250911,E10,US Inc,EUR,15206.62,47767.28,22165.39,69626.31,2025-09-11
20250911,E10,US Inc,USD,-400649.71,592759.87,-40009.96,301143.0,2025-09-11
20250911,E11,US West Distribution,USD,-111424.9,145117.8,-140321.26,186119.62,2025-09-11
20250912,E01,Group Treasury HQ,EUR,-320689.66,320689.66,-465163.23,465163.23,2025-09-12
20250912,E01,Group Treasury HQ,SGD,53761.77,54786.35,59108.74,60133.32,2025-09-12
20250912,E01,Group Treasury HQ,USD,-33582.09,33582.09,-45372.96,45372.96,2025-09-12
20250912,E02,SG Operations,SGD,15386.14,57239.34,31745.36,73598.56,2025-09-12
20250912,E02,SG Operations,USD,173218.74,173218.74,234036.88,234036.88,2025-09-12
20250912,E03,Shanghai Mfg,CNY,-1601178.59,3004638.57,-298753.54,560616.72,2025-09-12
20250912,E03,Shanghai Mfg,EUR,-37461.9,37461.9,-54338.82,54338.82,2025-09-12
20250912,E03,Shanghai Mfg,USD,-19685.38,19685.38,-26597.04,26597.04,2025-09-12
20250912,E04,Shenzhen Sourcing,CNY,515174.07,1006905.13,288891.81,380640.93,2025-09-12
20250912,E04,Shenzhen Sourcing,USD,138212.61,138212.61,186739.88,186739.88,2025-09-12
20250912,E05,India Services,EUR,-28117.21,28117.21,-40784.27,40784.27,2025-09-12
20250912,E05,India Services,INR,27863579.88,28035625.02,447237.72,450000.4,2025-09-12
20250912,E06,Germany GmbH,EUR,-810134.65,1451513.97,-1093656.03,2023982.49,2025-09-12
20250912,E06,Germany GmbH,USD,362833.9,362833.9,490227.06,490227.06,2025-09-12
20250912,E07,Germany Sales Office,EUR,-418540.82,527767.24,-246276.35,404710.27,2025-09-12
20250912,E07,Germany Sales Office,USD,40443.12,40443.12,54642.94,54642.94,2025-09-12
20250912,E08,Netherlands BV,EUR,-636641.01,799733.41,-97064.06,266986.88,2025-09-12
20250912,E08,Netherlands BV,USD,112224.46,112224.46,151627.14,151627.14,2025-09-12
20250912,E09,UK Ltd,EUR,41527.87,49385.27,60236.55,71633.77,2025-09-12
20250912,E09,UK Ltd,GBP,-322116.29,322116.29,-60975.97,60975.97,2025-09-12
20250912,E09,UK Ltd,USD,1163.26,44612.26,1571.68,60275.88,2025-09-12
20250912,E10,US Inc,EUR,-100634.78,215947.8,-145971.65,313234.23,2025-09-12
20250912,E10,US Inc,USD,-853069.33,1221380.39,-233967.08,731594.36,2025-09-12
20250912,E11,US West Distribution,USD,41703.62,192556.16,47338.61,251156.39,2025-09-12
20250914,E01,Group Treasury HQ,SGD,-1935000.0,1935000.0,-1935000.0,1935000.0,2025-09-14
20250914,E02,SG Operations,SGD,1935000.0,1935000.0,1935000.0,1935000.0,2025-09-14
20250915,E01,Group Treasury HQ,CNY,-2258064.52,2258064.52,-421456.45,421456.45,2025-09-15
20250915,E01,Group Treasury HQ,EUR,-175862.07,175862.07,-254690.83,254690.83,2025-09-15
20250915,E01,Group Treasury HQ,SGD,-253779.16,850210.22,194356.84,433114.1,2025-09-15
20250915,E02,SG Operations,SGD,578116.09,679431.31,737563.61,838878.83,2025-09-15
20250915,E02,SG Operations,USD,10429.07,45148.45,14078.24,60946.08,2025-09-15
20250915,E03,Shanghai Mfg,CNY,6225741.31,6592942.99,1162003.5,1230539.84,2025-09-15
20250915,E03,Shanghai Mfg,EUR,33130.62,33130.62,47981.16,47981.16,2025-09-15
20250915,E03,Shanghai Mfg,USD,15441.15,15441.15,20862.51,20862.51,2025-09-15
20250915,E04,Shenzhen Sourcing,CNY,2034633.31,3244036.47,551091.19,776820.23,2025-09-15
20250915,E04,Shenzhen Sourcing,USD,325279.12,325279.12,439095.59,439095.59,2025-09-15
20250915,E05,India Services,INR,43933340.63,45311692.53,704471.1,726572.98,2025-09-15
20250915,E05,India Services,USD,75484.49,75484.49,101896.81,101896.81,2025-09-15
20250915,E06,Germany GmbH,EUR,-114053.25,293505.45,-173332.78,410270.36,2025-09-15
20250915,E06,Germany GmbH,USD,70574.71,70574.71,95269.08,95269.08,2025-09-15
20250915,E07,Germany Sales Office,EUR,51383.53,52274.09,74415.78,75705.54,2025-09-15
20250915,E07,Germany Sales Office,USD,53840.8,53840.8,72679.91,72679.91,2025-09-15
20250915,E08,Netherlands BV,EUR,81393.91,83549.41,133907.92,137029.6,2025-09-15
20250915,E08,Netherlands BV,USD,69836.77,69836.77,94272.93,94272.93,2025-09-15
20250915,E09,UK Ltd,EUR,367479.75,367479.75,532199.61,532199.61,2025-09-15
20250915,E09,UK Ltd,GBP,-146245.16,284875.3,-280598.81,453052.25,2025-09-15
20250915,E09,UK Ltd,USD,66326.82,66326.82,89534.84,89534.84,2025-09-15
20250915,E10,US Inc,EUR,263939.12,263939.12,382247.71,382247.71,2025-09-15
20250915,E10,US Inc,USD,435475.92,477823.26,598194.63,655359.57,2025-09-15
20250915,E11,US West Distribution,USD,72779.82,504857.58,112322.86,696061.9,2025-09-15
20250916,E01,Group Treasury HQ,EUR,-806896.55,806896.55,-1169227.8,1169227.8,2025-09-16
20250916,E01,Group Treasury HQ,SGD,723968.48,963572.34,828697.32,873446.46,2025-09-16
20250916,E01,Group Treasury HQ,USD,436567.16,638059.7,589845.02,862081.18,2025-09-16
20250916,E02,SG Operations,SGD,-951439.6,1443952.68,-692578.11,1308015.73,2025-09-16
20250916,E02,SG Operations,USD,-504347.57,570279.29,-681423.0,770503.2,2025-09-16
20250916,E03,Shanghai Mfg,CNY,-703051.89,4017322.43,-112674.22,768917.1,2025-09-16
20250916,E03,Shanghai Mfg,EUR,27798.24,27798.24,40280.85,40280.85,2025-09-16
20250916,E03,Shanghai Mfg,USD,-1404.83,1404.83,-1898.06,1898.06,2025-09-16
20250916,E04,Shenzhen Sourcing,CNY,-805990.24,1047030.9,-188499.73,233517.21,2025-09-16
20250916,E04,Shenzhen Sourcing,USD,115538.6,115538.6,156103.97,156103.97,2025-09-16
20250916,E05,India Services,EUR,-2296.74,2296.74,-3328.08,3328.08,2025-09-16
20250916,E05,India Services,INR,3729155.72,7419181.0,54052.82,125201.3,2025-09-16
20250916,E05,India Services,USD,157000.49,157000.49,212123.06,212123.06,2025-09-16
20250916,E06,Germany GmbH,EUR,1068112.96,1100442.86,1547741.61,1594589.05,2025-09-16
20250916,E06,Germany GmbH,USD,115588.52,115588.52,156171.41,156171.41,2025-09-16
20250916,E07,Germany Sales Office,EUR,38180.07,48518.35,63401.62,78382.22,2025-09-16
20250916,E08,Netherlands BV,EUR,-147737.55,356884.83,-207287.92,523931.6,2025-09-16
20250916,E08,Netherlands BV,USD,134593.16,276294.04,181848.55,373300.33,2025-09-16
20250916,E09,UK Ltd,GBP,-206591.96,360975.0,27566.14,133931.08,2025-09-16
20250916,E09,UK Ltd,USD,115052.01,115052.01,155446.54,155446.54,2025-09-16
20250916,E10,US Inc,EUR,45523.99,45523.99,65966.22,65966.22,2025-09-16
20250916,E10,US Inc,USD,113945.87,784681.67,546279.39,672444.19,2025-09-16
20250916,E11,US West Distribution,USD,-274639.45,742572.63,130024.25,511672.71,2025-09-16
20250917,E01,Group Treasury HQ,EUR,282612.16,282612.16,411215.95,411215.95,2025-09-17
20250917,E01,Group Treasury HQ,GBP,-165697.67,165697.67,-282508.24,282508.24,2025-09-17
20250917,E01,Group Treasury HQ,SGD,-210592.89,210592.89,-210592.89,210592.89,2025-09-17
20250917,E01,Group Treasury HQ,USD,1164179.11,1164179.11,1572925.88,1572925.88,2025-09-17
20250917,E02,SG Operations,SGD,-91007.89,655326.81,-91007.89,655326.81,2025-09-17
20250917,E02,SG Operations,USD,107997.18,107997.18,145915.31,145915.31,2025-09-17
20250917,E03,Shanghai Mfg,CNY,462918.44,1040832.68,86364.38,194182.96,2025-09-17
20250917,E03,Shanghai Mfg,USD,70086.28,70086.28,94693.79,94693.79,2025-09-17
20250917,E04,Shenzhen Sourcing,CNY,-179311.59,734358.29,-33453.26,137005.56,2025-09-17
20250917,E04,Shenzhen Sourcing,USD,-529352.1,1104976.26,-714829.44,1493316.5,2025-09-17
20250917,E05,India Services,EUR,-55016.01,55016.01,-80051.27,80051.27,2025-09-17
20250917,E05,India Services,INR,1998617.44,2325429.04,32115.77,37367.33,2025-09-17
20250917,E05,India Services,USD,-82236.1,82236.1,-111109.44,111109.44,2025-09-17
20250917,E06,Germany GmbH,EUR,-608545.84,785087.02,-885467.04,1142344.0,2025-09-17
20250917,E06,Germany GmbH,USD,-168770.11,525259.75,-228025.8,709680.02,2025-09-17
20250917,E07,Germany Sales Office,EUR,69287.15,70025.17,100816.55,101890.41,2025-09-17
20250917,E07,Germany Sales Office,USD,-45071.36,45071.36,-60896.05,60896.05,2025-09-17
20250917,E08,Netherlands BV,EUR,-8270.15,20231.79,-12033.51,29438.35,2025-09-17
20250917,E08,Netherlands BV,USD,178476.95,178476.95,241140.74,241140.74,2025-09-17
20250917,E09,UK Ltd,GBP,-639465.1,1001158.74,144304.83,472369.11,2025-09-17
20250917,E09,UK Ltd,USD,-29746.71,29746.71,-40190.87,40190.87,2025-09-17
20250917,E10,US Inc,EUR,32307.29,32307.29,47008.85,47008.85,2025-09-17
20250917,E10,US Inc,USD,456912.79,882841.87,828216.09,1005573.93,2025-09-17
20250917,E11,US West Distribution,USD,7099.69,153518.57,6026.39,210985.41,2025-09-17
20250918,E01,Group Treasury HQ,EUR,-227586.21,227586.21,-330179.11,330179.11,2025-09-18
20250918,E01,Group Treasury HQ,SGD,-314011.53,314011.53,-58651.39,58651.39,2025-09-18
20250918,E02,SG Operations,SGD,-5141271.54,5206777.66,-1985127.99,2054102.73,2025-09-18
20250918,E02,SG Operations,USD,32391.77,57043.39,43879.03,77272.97,2025-09-18
20250918,E03,Shanghai Mfg,CNY,-5526239.04,5730589.58,-1037334.37,1075503.17,2025-09-18
20250918,E04,Shenzhen Sourcing,CNY,-1809651.97,3975806.45,-320725.14,759888.58,2025-09-18
20250918,E04,Shenzhen Sourcing,USD,-30850.06,38802.34,-41790.56,52563.0,2025-09-18
20250918,E05,India Services,EUR,-67018.11,67018.11,-97229.0,97229.0,2025-09-18
20250918,E05,India Services,INR,-11206498.33,11206498.33,-180547.88,180547.88,2025-09-18
20250918,E05,India Services,USD,-48333.05,134720.05,-65473.63,182496.49,2025-09-18
20250918,E06,Germany GmbH,EUR,166377.87,304238.95,237178.94,438623.68,2025-09-18
20250918,E06,Germany GmbH,USD,-273548.78,273548.78,-370557.18,370557.18,2025-09-18
20250918,E07,Germany Sales Office,EUR,-16006.61,50553.83,18447.28,31673.38,2025-09-18
20250918,E07,Germany Sales Office,USD,19285.4,19285.4,26124.68,26124.68,2025-09-18
20250918,E08,Netherlands BV,EUR,-511045.12,511045.12,-138055.26,138055.26,2025-09-18
20250918,E08,Netherlands BV,USD,61158.07,119490.43,82847.56,161865.22,2025-09-18
20250918,E09,UK Ltd,EUR,-72008.99,72008.99,-104469.71,104469.71,2025-09-18
20250918,E09,UK Ltd,GBP,58400.88,243211.12,98980.9,412207.12,2025-09-18
20250918,E09,UK Ltd,USD,4832.52,4832.52,6546.3,6546.3,2025-09-18
20250918,E10,US Inc,EUR,-7901.72,13201.04,-11463.71,19151.89,2025-09-18
20250918,E10,US Inc,USD,-237488.59,492849.63,-58102.8,404023.8,2025-09-18
20250918,E11,US West Distribution,USD,-443341.99,625797.81,-60838.26,300123.3,2025-09-18
20250919,E01,Group Treasury HQ,EUR,-559198.65,559198.65,-813050.79,813050.79,2025-09-19
20250919,E01,Group Treasury HQ,SGD,-4949.35,4949.35,-4949.35,4949.35,2025-09-19
20250919,E01,Group Treasury HQ,USD,-11194.03,11194.03,-15163.56,15163.56,2025-09-19
20250919,E02,SG Operations,SGD,-131316.26,504987.66,-42025.27,435214.81,2025-09-19
20250919,E02,SG Operations,USD,1573.01,1573.01,2130.82,2130.82,2025-09-19
20250919,E03,Shanghai Mfg,CNY,-577346.91,3382317.03,-107750.28,631241.84,2025-09-19
20250919,E04,Shenzhen Sourcing,CNY,10318.31,344081.55,1925.7,64215.94,2025-09-19
20250919,E05,India Services,EUR,51309.82,51309.82,74602.27,74602.27,2025-09-19
20250919,E05,India Services,INR,8967910.53,9848356.43,88860.45,216170.05,2025-09-19
20250919,E05,India Services,USD,-167632.01,219630.71,-227076.16,297514.18,2025-09-19
20250919,E06,Germany GmbH,EUR,-254322.59,1352624.81,-366645.34,1943950.46,2025-09-19
20250919,E06,Germany GmbH,USD,-10219.31,10219.31,-13843.19,13843.19,2025-09-19
20250919,E07,Germany Sales Office,EUR,-341957.08,341957.08,-497190.89,497190.89,2025-09-19
20250919,E08,Netherlands BV,EUR,-289882.31,357988.69,-290273.09,389296.83,2025-09-19
20250919,E08,Netherlands BV,USD,9256.26,9256.26,12538.63,12538.63,2025-09-19
20250919,E09,UK Ltd,EUR,33674.17,33674.17,48960.8,48960.8,2025-09-19
20250919,E09,UK Ltd,GBP,-88436.36,359173.24,185665.03,274382.99,2025-09-19
20250919,E09,UK Ltd,USD,63873.08,128855.18,86523.17,174548.65,2025-09-19
20250919,E10,US Inc,EUR,-353773.83,356225.49,-514371.94,517936.54,2025-09-19
20250919,E10,US Inc,USD,-1394386.99,1470721.31,-588048.86,669932.84,2025-09-19
20250919,E11,US West Distribution,USD,2810.06,59917.4,3806.55,81164.77,2025-09-19
20250921,E01,Group Treasury HQ,SGD,-540000.0,540000.0,-540000.0,540000.0,2025-09-21
20250921,E02,SG Operations,SGD,540000.0,540000.0,540000.0,540000.0,2025-09-21
20250922,E01,Group Treasury HQ,CNY,-4435483.87,4435483.87,-827302.01,827302.01,2025-09-22
20250922,E01,Group Treasury HQ,EUR,18167.12,18167.12,26319.12,26319.12,2025-09-22
20250922,E01,Group Treasury HQ,SGD,673.34,3632.96,673.34,3632.96,2025-09-22
20250922,E02,SG Operations,SGD,53632.06,56021.66,54379.66,56769.26,2025-09-22
20250922,E02,SG Operations,USD,47240.2,53026.24,63845.92,71666.96,2025-09-22
20250922,E03,Shanghai Mfg,CNY,5255810.12,5850252.46,980317.05,1091174.63,2025-09-22
20250922,E03,Shanghai Mfg,EUR,12036.74,12036.74,17355.11,17355.11,2025-09-22
20250922,E03,Shanghai Mfg,USD,348945.25,348945.25,470990.8,470990.8,2025-09-22
20250922,E04,Shenzhen Sourcing,CNY,2748821.37,3098600.57,537485.57,602726.03,2025-09-22
20250922,E04,Shenzhen Sourcing,USD,28386.99,28386.99,38370.92,38370.92,2025-09-22
20250922,E05,India Services,INR,13403610.75,13643176.45,222450.8,226338.46,2025-09-22
20250922,E05,India Services,USD,214193.94,214193.94,289495.3,289495.3,2025-09-22
20250922,E06,Germany GmbH,EUR,-29151.54,102169.78,-54051.94,136196.3,2025-09-22
20250922,E06,Germany GmbH,USD,-12767.11,12767.11,-17257.4,17257.4,2025-09-22
20250922,E07,Germany Sales Office,EUR,189797.92,191414.88,203012.55,205355.09,2025-09-22
20250922,E07,Germany Sales Office,USD,12965.41,12965.41,17525.45,17525.45,2025-09-22
20250922,E08,Netherlands BV,EUR,24297.9,27586.3,35200.92,39964.92,2025-09-22
20250922,E08,Netherlands BV,USD,178155.39,178155.39,240814.05,240814.05,2025-09-22
20250922,E09,UK Ltd,GBP,-55395.85,152624.13,-127280.58,224508.86,2025-09-22
20250922,E09,UK Ltd,USD,41259.38,41259.38,55770.64,55770.64,2025-09-22
20250922,E10,US Inc,EUR,142285.24,142285.24,206131.89,206131.89,2025-09-22
20250922,E10,US Inc,USD,253439.51,257276.57,348025.62,353212.22,2025-09-22
20250922,E11,US West Distribution,USD,111953.2,139938.74,152027.57,189855.85,2025-09-22
20250923,E01,Group Treasury HQ,EUR,126081.83,126081.83,181790.46,181790.46,2025-09-23
20250923,E01,Group Treasury HQ,SGD,-770824.42,1369477.7,116590.58,515968.64,2025-09-23
20250923,E01,Group Treasury HQ,USD,-11194.03,11194.03,-15108.07,15108.07,2025-09-23
20250923,E02,SG Operations,SGD,-1651227.22,1963788.94,-247379.35,651354.59,2025-09-23
20250923,E02,SG Operations,USD,26231.94,42561.36,35404.05,57443.11,2025-09-23
20250923,E03,Shanghai Mfg,CNY,2032936.89,2819911.19,379049.24,525783.7,2025-09-23
20250923,E03,Shanghai Mfg,EUR,-15287.04,15287.04,-22041.54,22041.54,2025-09-23
20250923,E03,Shanghai Mfg,USD,74683.96,74683.96,100797.5,100797.5,2025-09-23
20250923,E04,Shenzhen Sourcing,CNY,-251212.07,2173999.23,-31007.03,421183.33,2025-09-23
20250923,E04,Shenzhen Sourcing,USD,85744.16,103162.6,115724.95,139233.81,2025-09-23
20250923,E05,India Services,EUR,38617.75,38617.75,55680.81,55680.81,2025-09-23
20250923,E05,India Services,INR,12351004.77,13619829.45,81703.68,339543.26,2025-09-23
20250923,E05,India Services,USD,32503.64,32503.64,43868.67,43868.67,2025-09-23
20250923,E06,Germany GmbH,EUR,1636599.78,1638454.18,1962104.91,1964778.67,2025-09-23
20250923,E06,Germany GmbH,USD,31062.35,167750.13,41923.43,226404.63,2025-09-23
20250923,E07,Germany Sales Office,EUR,5971.9,6413.42,8610.56,9247.16,2025-09-23
20250923,E07,Germany Sales Office,USD,1348.18,1348.18,1819.58,1819.58,2025-09-23
20250923,E08,Netherlands BV,EUR,135932.54,149293.92,136070.15,155335.17,2025-09-23
20250923,E08,Netherlands BV,USD,20419.87,133241.67,27514.61,179875.27,2025-09-23
20250923,E09,UK Ltd,EUR,53033.79,60493.53,76466.51,87222.29,2025-09-23
20250923,E09,UK Ltd,GBP,-108519.41,119336.69,-187340.63,198157.91,2025-09-23
20250923,E09,UK Ltd,USD,322591.18,336897.88,435386.48,454695.58,2025-09-23
20250923,E10,US Inc,EUR,104285.08,104285.08,150362.92,150362.92,2025-09-23
20250923,E10,US Inc,USD,859319.05,1072512.75,1156461.8,1444337.3,2025-09-23
20250923,E11,US West Distribution,USD,280944.43,470017.35,407648.99,622631.05,2025-09-23
20250924,E01,Group Treasury HQ,EUR,879310.34,879310.34,1278609.57,1278609.57,2025-09-24
20250924,E01,Group Treasury HQ,GBP,-784883.72,784883.72,-1325342.88,1325342.88,2025-09-24
20250924,E01,Group Treasury HQ,SGD,-226672.33,226672.33,-226672.33,226672.33,2025-09-24
20250924,E01,Group Treasury HQ,USD,772388.06,772388.06,1043074.55,1043074.55,2025-09-24
20250924,E02,SG Operations,SGD,443431.17,449905.73,450488.02,456962.58,2025-09-24
20250924,E02,SG Operations,USD,44216.26,44216.26,59712.03,59712.03,2025-09-24
20250924,E03,Shanghai Mfg,CNY,628383.53,839993.27,109639.01,164260.25,2025-09-24
20250924,E03,Shanghai Mfg,USD,-458955.22,458955.22,-619797.92,619797.92,2025-09-24
20250924,E04,Shenzhen Sourcing,CNY,471464.98,481039.3,87943.29,89729.23,2025-09-24
20250924,E04,Shenzhen Sourcing,USD,-345562.0,347884.46,-466665.58,469801.96,2025-09-24
20250924,E05,India Services,EUR,37355.49,37355.49,54318.8,54318.8,2025-09-24
20250924,E05,India Services,INR,3435877.22,3444829.6,65811.38,65956.6,2025-09-24
20250924,E05,India Services,USD,17279.0,17279.0,23334.49,23334.49,2025-09-24
20250924,E06,Germany GmbH,EUR,-2282532.93,2592420.21,-1804288.93,2254897.57,2025-09-24
20250924,E06,Germany GmbH,USD,197159.72,246019.18,266255.13,332237.59,2025-09-24
20250924,E07,Germany Sales Office,EUR,16989.65,32715.77,24704.73,47572.17,2025-09-24
20250924,E08,Netherlands BV,EUR,67475.41,70069.17,114242.07,118013.65,2025-09-24
20250924,E08,Netherlands BV,USD,86299.88,86299.88,116544.02,116544.02,2025-09-24
20250924,E09,UK Ltd,GBP,1053265.68,1091613.92,1782488.21,1839323.29,2025-09-24
20250924,E09,UK Ltd,USD,19985.1,66517.56,26988.97,89828.91,2025-09-24
20250924,E10,US Inc,EUR,-236927.2,236927.2,-344517.03,344517.03,2025-09-24
20250924,E10,US Inc,USD,-39745.52,523649.0,-23001.88,669430.5,2025-09-24
20250924,E11,US West Distribution,USD,102454.53,412052.61,138360.13,556458.09,2025-09-24
20250925,E01,Group Treasury HQ,CNY,-4758064.52,4758064.52,-886208.55,886208.55,2025-09-25
20250925,E01,Group Treasury HQ,EUR,44576.95,74492.01,64415.65,107644.23,2025-09-25
20250925,E01,Group Treasury HQ,SGD,-926825.49,1107642.01,-282334.87,463151.39,2025-09-25
20250925,E01,Group Treasury HQ,USD,-335820.9,335820.9,-455076.6,455076.6,2025-09-25
20250925,E02,SG Operations,SGD,-1789894.07,2243390.29,-727911.23,1182963.43,2025-09-25
20250925,E02,SG Operations,USD,-172135.51,210516.49,-233263.75,285274.47,2025-09-25
20250925,E03,Shanghai Mfg,CNY,-4643119.75,11465117.99,-859321.3,2140902.44,2025-09-25
20250925,E03,Shanghai Mfg,EUR,-33334.22,33334.22,-48120.22,48120.22,2025-09-25
20250925,E03,Shanghai Mfg,USD,138241.6,197579.3,187333.53,267743.07,2025-09-25
20250925,E04,Shenzhen Sourcing,CNY,-825768.07,7022795.37,-460106.37,1614327.51,2025-09-25
20250925,E04,Shenzhen Sourcing,USD,113126.15,222694.75,153299.16,301777.44,2025-09-25
20250925,E05,India Services,EUR,-18217.53,18217.53,-26325.13,26325.13,2025-09-25
20250925,E05,India Services,INR,-15638920.63,18919711.47,-359672.03,412912.71,2025-09-25
20250925,E05,India Services,USD,165728.6,165728.6,224581.64,224581.64,2025-09-25
20250925,E06,Germany GmbH,EUR,102167.65,250647.79,142633.68,378639.48,2025-09-25
20250925,E06,Germany GmbH,USD,255372.0,328677.38,346058.95,445396.31,2025-09-25
20250925,E07,Germany Sales Office,EUR,113502.99,504971.13,164316.48,729405.82,2025-09-25
20250925,E08,Netherlands BV,EUR,-169034.48,169034.48,-159634.65,159634.65,2025-09-25
20250925,E08,Netherlands BV,USD,-143672.81,221533.61,-194693.46,300203.96,2025-09-25
20250925,E09,UK Ltd,EUR,-265566.62,318969.16,-383755.46,460924.48,2025-09-25
20250925,E09,UK Ltd,GBP,-35969.82,247797.24,46735.51,314788.01,2025-09-25
20250925,E09,UK Ltd,USD,-129777.35,139661.87,-175831.7,189226.38,2025-09-25
20250925,E10,US Inc,EUR,-62452.39,62452.39,-90240.94,90240.94,2025-09-25
20250925,E10,US Inc,USD,-1895118.85,1911673.09,-475168.97,497601.89,2025-09-25
20250925,E11,US West Distribution,USD,-1576134.44,1577896.26,-317103.97,319491.45,2025-09-25
20250926,E01,Group Treasury HQ,CNY,-10645161.29,10645161.29,-1982235.48,1982235.48,2025-09-26
20250926,E01,Group Treasury HQ,EUR,-10344.83,10344.83,-14932.89,14932.89,2025-09-26
20250926,E01,Group Treasury HQ,SGD,88368.72,124648.24,126166.56,162446.08,2025-09-26
20250926,E01,Group Treasury HQ,USD,-235074.63,235074.63,-318498.15,318498.15,2025-09-26
20250926,E02,SG Operations,SGD,14691.54,504255.22,88154.63,448833.15,2025-09-26
20250926,E02,SG Operations,USD,2519.58,2519.58,3413.73,3413.73,2025-09-26
20250926,E03,Shanghai Mfg,CNY,5890284.03,7022782.51,1096829.79,1307712.33,2025-09-26
20250926,E03,Shanghai Mfg,EUR,-53215.6,53215.6,-76817.41,76817.41,2025-09-26
20250926,E03,Shanghai Mfg,USD,235074.63,235074.63,318498.15,318498.15,2025-09-26
20250926,E04,Shenzhen Sourcing,CNY,4137148.28,5280738.26,770378.37,983326.29,2025-09-26
20250926,E04,Shenzhen Sourcing,USD,39384.1,39384.1,53360.77,53360.77,2025-09-26
20250926,E05,India Services,INR,83722.65,1167931.05,1362.68,19009.24,2025-09-26
20250926,E05,India Services,USD,22680.86,22680.86,30729.86,30729.86,2025-09-26
20250926,E06,Germany GmbH,EUR,-897411.58,949451.62,-727769.03,802889.49,2025-09-26
20250926,E06,Germany GmbH,USD,-1881.41,1881.41,-2549.09,2549.09,2025-09-26
20250926,E07,Germany Sales Office,EUR,-143028.16,143028.16,-171810.92,171810.92,2025-09-26
20250926,E07,Germany Sales Office,USD,-7757.26,7757.26,-10510.16,10510.16,2025-09-26
20250926,E08,Netherlands BV,EUR,-475994.06,508288.64,-130265.92,185145.9,2025-09-26
20250926,E08,Netherlands BV,USD,-48957.0,135905.62,-66330.9,184135.94,2025-09-26
20250926,E09,UK Ltd,EUR,23108.98,23108.98,33358.11,33358.11,2025-09-26
20250926,E09,UK Ltd,GBP,246001.88,628520.52,706505.79,779619.09,2025-09-26
20250926,E09,UK Ltd,USD,-13293.65,13293.65,-18011.31,18011.31,2025-09-26
20250926,E10,US Inc,EUR,-11536.59,60741.01,-16653.22,87680.44,2025-09-26
20250926,E10,US Inc,USD,-2112228.89,2338109.97,-908328.09,1165388.07,2025-09-26
20250926,E11,US West Distribution,USD,-182492.72,302650.88,-249925.42,412725.42,2025-09-26
20250928,E01,Group Treasury HQ,SGD,-1050000.0,1050000.0,-1050000.0,1050000.0,2025-09-28
20250928,E02,SG Operations,SGD,1050000.0,1050000.0,1050000.0,1050000.0,2025-09-28
20250929,E01,Group Treasury HQ,CNY,-1048387.1,1048387.1,-195192.9,195192.9,2025-09-29
20250929,E01,Group Treasury HQ,EUR,-413793.1,413793.1,-600115.04,600115.04,2025-09-29
20250929,E01,Group Treasury HQ,SGD,-15000.0,15000.0,-15000.0,15000.0,2025-09-29
20250929,E01,Group Treasury HQ,USD,-44776.12,44776.12,-60719.82,60719.82,2025-09-29
20250929,E02,SG Operations,SGD,379795.02,401324.32,486642.3,516101.02,2025-09-29
20250929,E02,SG Operations,USD,44237.92,44237.92,59989.98,59989.98,2025-09-29
20250929,E03,Shanghai Mfg,CNY,2130550.2,2195110.24,366102.44,439266.34,2025-09-29
20250929,E03,Shanghai Mfg,USD,435885.04,481835.36,591093.25,653405.37,2025-09-29
20250929,E04,Shenzhen Sourcing,CNY,2491315.41,3672204.65,507376.94,727232.38,2025-09-29
20250929,E04,Shenzhen Sourcing,USD,59171.02,59171.02,80240.4,80240.4,2025-09-29
20250929,E05,India Services,EUR,19071.9,19071.9,27659.56,27659.56,2025-09-29
20250929,E05,India Services,INR,13572424.91,19409166.67,14049.05,560685.39,2025-09-29
20250929,E05,India Services,USD,261735.69,302563.81,354031.08,409397.12,2025-09-29
20250929,E06,Germany GmbH,EUR,355326.1,414359.76,507349.23,592964.45,2025-09-29
20250929,E06,Germany GmbH,USD,110788.73,110788.73,150237.94,150237.94,2025-09-29
20250929,E07,Germany Sales Office,EUR,248799.16,248935.04,360827.95,361025.01,2025-09-29
20250929,E07,Germany Sales Office,USD,145459.0,145459.0,197253.46,197253.46,2025-09-29
20250929,E08,Netherlands BV,EUR,41891.6,46028.4,60754.47,66753.97,2025-09-29
20250929,E08,Netherlands BV,USD,286497.65,286497.65,388512.6,388512.6,2025-09-29
20250929,E09,UK Ltd,EUR,139070.99,139070.99,201691.6,201691.6,2025-09-29
20250929,E09,UK Ltd,GBP,-897996.6,907562.36,-1529627.65,1545921.75,2025-09-29
20250929,E09,UK Ltd,USD,381505.89,438511.23,517350.98,594654.56,2025-09-29
20250929,E10,US Inc,EUR,347017.55,347017.55,503271.93,503271.93,2025-09-29
20250929,E10,US Inc,USD,535302.07,656874.11,737942.77,902397.63,2025-09-29
20250929,E11,US West Distribution,USD,-776685.04,1178768.66,93616.52,459213.62,2025-09-29
20250930,E01,Group Treasury HQ,EUR,-1355172.41,1355172.41,-1966595.04,1966595.04,2025-09-30
20250930,E01,Group Treasury HQ,SGD,1839267.09,2231584.75,2028051.07,2110147.93,2025-09-30
20250930,E01,Group Treasury HQ,USD,369402.99,369402.99,499660.02,499660.02,2025-09-30
20250930,E02,SG Operations,SGD,-2370202.05,5081098.99,-530855.97,4182027.47,2025-09-30
20250930,E02,SG Operations,USD,-91609.15,649177.17,-123911.9,878086.78,2025-09-30
20250930,E03,Shanghai Mfg,CNY,-779824.38,11427577.08,-144956.09,2124192.31,2025-09-30
20250930,E03,Shanghai Mfg,EUR,-116438.92,125857.76,-168973.49,182641.89,2025-09-30
20250930,E03,Shanghai Mfg,USD,-235426.18,235426.18,-318439.35,318439.35,2025-09-30
20250930,E04,Shenzhen Sourcing,CNY,-3683536.54,4577327.88,-820940.98,1151474.46,2025-09-30
20250930,E04,Shenzhen Sourcing,USD,-177140.56,357537.52,-239602.97,483610.61,2025-09-30
20250930,E05,India Services,EUR,-104059.81,154197.11,-151009.19,223767.29,2025-09-30
20250930,E05,India Services,INR,11093581.11,30784519.25,107623.21,573105.31,2025-09-30
20250930,E05,India Services,USD,94834.87,129427.49,128275.08,175065.56,2025-09-30
20250930,E06,Germany GmbH,EUR,1348811.01,1516762.01,1956524.61,2200251.23,2025-09-30
20250930,E06,Germany GmbH,USD,125336.1,125336.1,169531.49,169531.49,2025-09-30
20250930,E07,Germany Sales Office,EUR,52324.71,54202.57,62602.72,65656.68,2025-09-30
20250930,E07,Germany Sales Office,USD,46453.44,46453.44,62833.62,62833.62,2025-09-30
20250930,E08,Netherlands BV,EUR,-874552.63,874552.63,-398272.04,398272.04,2025-09-30
20250930,E08,Netherlands BV,USD,414911.5,414911.5,561215.52,561215.52,2025-09-30
20250930,E09,UK Ltd,EUR,84385.12,84385.12,122457.75,122457.75,2025-09-30
20250930,E09,UK Ltd,GBP,-9508.97,19894.67,-10364.12,20749.82,2025-09-30
20250930,E09,UK Ltd,USD,-173110.72,418734.3,-234152.16,566386.3,2025-09-30
20250930,E10,US Inc,EUR,4518.46,4518.46,6557.09,6557.09,2025-09-30
20250930,E10,US Inc,USD,211928.51,220116.09,277746.5,288821.14,2025-09-30
20250930,E11,US West Distribution,USD,280441.48,301330.26,380694.35,408947.87,2025-09-30
20251001,E01,Group Treasury HQ,EUR,186206.9,186206.9,270954.68,270954.68,2025-10-01
20251001,E01,Group Treasury HQ,GBP,366279.07,366279.07,622640.35,622640.35,2025-10-01
20251001,E01,Group Treasury HQ,SGD,-325353.58,544856.66,-305724.61,564485.63,2025-10-01
20251001,E01,Group Treasury HQ,USD,649253.73,649253.73,878158.52,878158.52,2025-10-01
20251001,E02,SG Operations,SGD,503419.89,515343.71,537292.62,549216.44,2025-10-01
20251001,E02,SG Operations,USD,56351.14,56351.14,76218.63,76218.63,2025-10-01
20251001,E03,Shanghai Mfg,USD,-12176.66,12176.66,-16469.74,16469.74,2025-10-01
20251001,E04,Shenzhen Sourcing,USD,-1102.7,1102.7,-1491.47,1491.47,2025-10-01
20251001,E05,India Services,INR,2403978.77,2750503.61,39006.95,44629.67,2025-10-01
20251001,E05,India Services,USD,44343.9,44343.9,59978.05,59978.05,2025-10-01
20251001,E06,Germany GmbH,EUR,-253314.21,411846.39,-368283.96,599609.24,2025-10-01
20251001,E06,Germany GmbH,USD,-635164.12,663343.34,-859101.39,897215.65,2025-10-01
20251001,E07,Germany Sales Office,EUR,795702.06,1064256.98,1157847.56,1548629.04,2025-10-01
20251001,E07,Germany Sales Office,USD,23433.99,23433.99,31696.01,31696.01,2025-10-01
20251001,E08,Netherlands BV,EUR,101138.93,110940.29,147169.99,161432.21,2025-10-01
20251001,E09,UK Ltd,GBP,-154935.03,582797.99,-410002.43,844075.11,2025-10-01
20251001,E09,UK Ltd,USD,5065.04,27436.56,6850.8,37109.76,2025-10-01
20251001,E10,US Inc,EUR,-18726.27,353687.53,-27249.08,514660.28,2025-10-01
20251001,E10,US Inc,USD,18378.84,93345.0,24858.6,126255.28,2025-10-01
20251001,E11,US West Distribution,USD,106898.93,206864.15,148596.52,287412.48,2025-10-01
20251002,E01,Group Treasury HQ,EUR,-631034.48,631034.48,-922541.49,922541.49,2025-10-02
20251002,E01,Group Treasury HQ,SGD,-29359.71,303638.81,-56332.2,330611.3,2025-10-02
20251002,E02,SG Operations,SGD,-112606.23,388200.15,-205513.48,525267.1,2025-10-02
20251002,E02,SG Operations,USD,25689.64,25689.64,34889.28,34889.28,2025-10-02
20251002,E06,Germany GmbH,EUR,730224.57,780306.89,1014700.31,1098425.85,2025-10-02
20251002,E06,Germany GmbH,USD,12841.98,17976.52,17440.78,24414.04,2025-10-02
20251002,E07,Germany Sales Office,EUR,-4622.96,66428.54,-6758.54,97115.28,2025-10-02
20251002,E08,Netherlands BV,EUR,-231666.51,267532.69,-347893.29,400327.89,2025-10-02
20251002,E08,Netherlands BV,USD,-53134.02,84282.64,-71795.26,114098.42,2025-10-02
20251002,E09,UK Ltd,EUR,-48714.43,48714.43,-71218.11,71218.11,2025-10-02
20251002,E09,UK Ltd,GBP,-38717.12,38717.12,-65774.33,65774.33,2025-10-02
20251002,E09,UK Ltd,USD,24990.1,35437.5,33967.08,48100.06,2025-10-02
20251002,E10,US Inc,EUR,37830.74,37830.74,55306.69,55306.69,2025-10-02
20251002,E10,US Inc,USD,11075.96,180730.9,14170.7,246323.54,2025-10-02
20251002,E11,US West Distribution,USD,-548468.84,583524.18,-733736.7,781345.62,2025-10-02
20251003,E01,Group Treasury HQ,SGD,27003.73,27364.75,27003.73,27364.75,2025-10-03
20251003,E02,SG Operations,SGD,152369.47,782291.33,162005.19,791927.05,2025-10-03
20251003,E02,SG Operations,USD,-50773.93,50773.93,-68685.65,68685.65,2025-10-03
20251003,E05,India Services,EUR,160917.09,160917.09,235686.09,235686.09,2025-10-03
20251003,E05,India Services,INR,25126546.71,29772625.95,419141.27,494505.33,2025-10-03
20251003,E06,Germany GmbH,USD,-182561.31,182561.31,-246964.2,246964.2,2025-10-03
20251003,E08,Netherlands BV,EUR,298.75,50569.79,437.57,74066.69,2025-10-03
20251003,E08,Netherlands BV,USD,368780.22,371103.4,498876.29,502019.03,2025-10-03
20251003,E09,UK Ltd,GBP,-796.32,796.32,-1352.55,1352.55,2025-10-03
20251003,E09,UK Ltd,USD,-8160.11,8160.11,-11038.78,11038.78,2025-10-03
20251003,E10,US Inc,USD,-315768.35,549549.11,-397692.64,713945.16,2025-10-03
20251003,E11,US West Distribution,USD,-73494.31,73494.31,-105700.94,105700.94,2025-10-03
20251006,E01,Group Treasury HQ,EUR,-82758.62,82758.62,-121500.0,121500.0,2025-10-06
20251006,E01,Group Treasury HQ,SGD,38238.09,68482.43,57171.32,87415.66,2025-10-06
20251006,E02,SG Operations,SGD,362688.2,371361.0,371974.85,380647.65,2025-10-06
20251006,E02,SG Operations,USD,195254.29,195254.29,264533.91,264533.91,2025-10-06
20251006,E05,India Services,INR,49977466.69,50139705.71,811334.19,813967.97,2025-10-06
20251006,E05,India Services,USD,27297.85,27297.85,36983.65,36983.65,2025-10-06
20251006,E06,Germany GmbH,EUR,-1367878.79,1673895.71,-2040151.7,2425553.54,2025-10-06
20251006,E06,Germany GmbH,USD,148191.23,151832.93,200772.29,205706.13,2025-10-06
20251006,E07,Germany Sales Office,EUR,-138797.81,161171.93,-203772.53,236620.53,2025-10-06
20251006,E07,Germany Sales Office,USD,43417.7,43417.7,58823.12,58823.12,2025-10-06
20251006,E08,Netherlands BV,EUR,173166.03,215719.55,217557.49,280031.37,2025-10-06
20251006,E08,Netherlands BV,USD,102800.74,171783.9,139276.39,232736.09,2025-10-06
20251006,E09,UK Ltd,EUR,18253.78,18253.78,26798.83,26798.83,2025-10-06
20251006,E09,UK Ltd,GBP,-196795.24,253091.28,-335283.79,431196.43,2025-10-06
20251006,E09,UK Ltd,USD,136687.66,136687.66,185187.03,185187.03,2025-10-06
20251006,E10,US Inc,EUR,114399.78,536630.28,167953.21,787840.35,2025-10-06
20251006,E10,US Inc,USD,341871.38,371523.4,463173.84,503346.96,2025-10-06
20251006,E11,US West Distribution,USD,331995.14,352445.86,463884.31,493453.41,2025-10-06
20251007,E01,Group Treasury HQ,EUR,-575244.83,575244.83,-846912.26,846912.26,2025-10-07
20251007,E01,Group Treasury HQ,SGD,-25780.6,985780.6,-243064.27,1203064.27,2025-10-07
20251007,E01,Group Treasury HQ,USD,526119.4,526119.4,712732.9,712732.9,2025-10-07
20251007,E02,SG Operations,SGD,-269839.33,696511.45,-217156.4,749194.38,2025-10-07
20251007,E02,SG Operations,USD,-248874.94,803363.86,-337150.37,1088315.43,2025-10-07
20251007,E05,India Services,EUR,-64706.96,69271.74,-95265.72,101986.28,2025-10-07
20251007,E05,India Services,INR,-12711250.38,32786444.62,-146658.58,592314.98,2025-10-07
20251007,E05,India Services,USD,394512.06,394512.06,534444.7,534444.7,2025-10-07
20251007,E06,Germany GmbH,EUR,1799107.39,1801063.65,2648761.06,2651641.2,2025-10-07
20251007,E06,Germany GmbH,USD,30167.27,37271.95,40867.54,50492.24,2025-10-07
20251007,E07,Germany Sales Office,EUR,441299.2,675981.9,649708.91,995223.81,2025-10-07
20251007,E07,Germany Sales Office,USD,68186.01,68186.01,92371.46,92371.46,2025-10-07
20251007,E08,Netherlands BV,EUR,250564.57,357921.59,285941.38,443999.24,2025-10-07
20251007,E08,Netherlands BV,USD,197312.54,197312.54,267298.9,267298.9,2025-10-07
20251007,E09,UK Ltd,EUR,15191.54,15191.54,22365.96,22365.96,2025-10-07
20251007,E09,UK Ltd,GBP,139441.61,141439.43,229505.58,232912.76,2025-10-07
20251007,E09,UK Ltd,USD,24501.34,61927.86,33191.92,83893.56,2025-10-07
20251007,E10,US Inc,EUR,114479.27,135616.79,168543.72,199663.72,2025-10-07
20251007,E10,US Inc,USD,483874.98,506143.58,655481.34,685694.8,2025-10-07
20251007,E11,US West Distribution,USD,195342.04,220685.14,258182.02,292521.04,2025-10-07
20251008,E01,Group Treasury HQ,EUR,2120689.65,2120689.65,3131073.15,3131073.15,2025-10-08
20251008,E01,Group Treasury HQ,SGD,-203310.54,219811.24,-203310.54,219811.24,2025-10-08
20251008,E01,Group Treasury HQ,USD,660447.76,660447.76,896197.89,896197.89,2025-10-08
20251008,E02,SG Operations,SGD,463044.28,521310.84,482507.91,540774.47,2025-10-08
20251008,E02,SG Operations,USD,297100.79,297100.79,403152.41,403152.41,2025-10-08
20251008,E05,India Services,INR,8821970.83,8970603.99,143127.65,145539.07,2025-10-08
20251008,E05,India Services,USD,10544.4,10544.4,14308.28,14308.28,2025-10-08
20251008,E06,Germany GmbH,EUR,-1948147.46,2586895.06,-2879421.92,3822495.06,2025-10-08
20251008,E07,Germany Sales Office,EUR,86959.74,87559.5,128390.92,129276.44,2025-10-08
20251008,E08,Netherlands BV,EUR,-44876.81,79143.21,-64010.06,119098.2,2025-10-08
20251008,E08,Netherlands BV,USD,133990.94,133990.94,181819.67,181819.67,2025-10-08
20251008,E09,UK Ltd,GBP,181452.11,182594.65,200500.89,202448.79,2025-10-08
20251008,E09,UK Ltd,USD,118351.65,161369.55,160597.87,218971.23,2025-10-08
20251008,E10,US Inc,EUR,-610315.32,694566.96,-901094.56,1025487.14,2025-10-08
20251008,E10,US Inc,USD,-177887.49,438512.73,98839.75,254816.97,2025-10-08
20251008,E11,US West Distribution,USD,-653136.65,935500.09,-894387.47,1277799.33,2025-10-08
20251009,E01,Group Treasury HQ,SGD,-2844423.64,2971205.46,-572453.1,744636.76,2025-10-09
20251009,E02,SG Operations,SGD,-10205015.6,10645300.96,-1760481.23,2229860.85,2025-10-09
20251009,E02,SG Operations,USD,44262.67,106551.53,60094.59,144727.69,2025-10-09
20251009,E03,Shanghai Mfg,CNY,1742390.46,11575108.3,-77750.78,2557469.04,2025-10-09
20251009,E03,Shanghai Mfg,EUR,-114308.63,114308.63,-167173.51,167173.51,2025-10-09
20251009,E03,Shanghai Mfg,USD,-125837.78,385257.58,-170901.54,523222.16,2025-10-09
20251009,E04,Shenzhen Sourcing,CNY,4279606.06,12540440.32,726302.01,2513629.79,2025-10-09
20251009,E04,Shenzhen Sourcing,USD,262658.43,310674.43,356719.04,421930.04,2025-10-09
20251009,E05,India Services,EUR,-23594.37,28468.19,-34506.18,41634.02,2025-10-09
20251009,E05,India Services,INR,-13356705.72,30816808.34,-481560.33,765898.11,2025-10-09
20251009,E05,India Services,USD,-12417.74,12417.74,-16864.66,16864.66,2025-10-09
20251009,E06,Germany GmbH,EUR,-2993.67,2993.67,-4378.17,4378.17,2025-10-09
20251009,E06,Germany GmbH,USD,-60199.3,121582.76,-81800.27,165165.75,2025-10-09
20251009,E07,Germany Sales Office,EUR,14583.18,15780.44,21327.54,23078.5,2025-10-09
20251009,E07,Germany Sales Office,USD,9950.56,9950.56,13513.96,13513.96,2025-10-09
20251009,E08,Netherlands BV,EUR,-159878.2,165059.64,-175233.4,180414.84,2025-10-09
20251009,E08,Netherlands BV,USD,-110036.07,586867.05,-149418.95,797052.13,2025-10-09
20251009,E09,UK Ltd,EUR,-1604.91,1604.91,-2347.14,2347.14,2025-10-09
20251009,E09,UK Ltd,GBP,-1112784.71,1174731.87,-172554.72,278004.82,2025-10-09
20251009,E09,UK Ltd,USD,167030.4,175647.76,226828.46,238566.2,2025-10-09
20251009,E10,US Inc,EUR,2126.19,6666.03,3116.98,9741.42,2025-10-09
20251009,E10,US Inc,USD,-8574709.94,8831228.34,-1509742.48,1858122.64,2025-10-09
20251009,E11,US West Distribution,USD,-2444700.88,2741461.06,-473053.81,890637.95,2025-10-09
20251010,E01,Group Treasury HQ,EUR,-837931.03,837931.03,-1222692.21,1222692.21,2025-10-10
20251010,E01,Group Treasury HQ,SGD,-18734.84,94516.36,-7257.85,105993.35,2025-10-10
20251010,E01,Group Treasury HQ,USD,-156716.42,156716.42,-213464.06,213464.06,2025-10-10
20251010,E02,SG Operations,SGD,-564795.33,651579.81,-373135.36,459919.84,2025-10-10
20251010,E02,SG Operations,USD,301214.97,301214.97,410286.12,410286.12,2025-10-10
20251010,E03,Shanghai Mfg,CNY,-433691.91,1630052.23,-80808.11,303721.13,2025-10-10
20251010,E03,Shanghai Mfg,EUR,40052.97,40052.97,58444.49,58444.49,2025-10-10
20251010,E03,Shanghai Mfg,USD,72605.51,142363.95,98896.25,193914.51,2025-10-10
20251010,E04,Shenzhen Sourcing,CNY,1316567.76,4134589.84,314322.09,839392.87,2025-10-10
20251010,E04,Shenzhen Sourcing,USD,37176.43,37176.43,50638.17,50638.17,2025-10-10
20251010,E05,India Services,INR,414563.53,947930.99,-18115.34,40262.68,2025-10-10
20251010,E06,Germany GmbH,EUR,-2097657.42,3545933.28,22251.14,2091044.04,2025-10-10
20251010,E06,Germany GmbH,USD,21998.48,53997.8,29964.21,73550.63,2025-10-10
20251010,E07,Germany Sales Office,EUR,-783983.34,990382.8,-429238.21,730412.19,2025-10-10
20251010,E08,Netherlands BV,EUR,-1242123.06,1251342.92,-227086.52,240539.96,2025-10-10
20251010,E08,Netherlands BV,USD,26450.15,26450.15,36027.85,36027.85,2025-10-10
20251010,E09,UK Ltd,EUR,122438.84,122438.84,178660.31,178660.31,2025-10-10
20251010,E09,UK Ltd,GBP,-2088985.36,2088985.36,-489284.81,489284.81,2025-10-10
20251010,E09,UK Ltd,USD,77586.43,300289.51,105680.8,409025.54,2025-10-10
20251010,E10,US Inc,EUR,144519.86,163898.18,210880.49,239156.95,2025-10-10
20251010,E10,US Inc,USD,-1789180.62,1924359.64,-658162.99,842290.87,2025-10-10
20251010,E11,US West Distribution,USD,228998.25,467997.81,324934.8,661323.12,2025-10-10
20251012,E01,Group Treasury HQ,SGD,-150000.0,150000.0,-150000.0,150000.0,2025-10-12
20251012,E02,SG Operations,SGD,150000.0,150000.0,150000.0,150000.0,2025-10-12
20251012,E09,UK Ltd,USD,-95377.46,95377.46,-129758.65,129758.65,2025-10-12
20251013,E01,Group Treasury HQ,EUR,-105301.03,225733.45,-153011.46,328010.12,2025-10-13
20251013,E01,Group Treasury HQ,GBP,-270348.84,270348.84,-465742.65,465742.65,2025-10-13
20251013,E01,Group Treasury HQ,SGD,12515.34,14691.94,17419.11,19595.71,2025-10-13
20251013,E02,SG Operations,SGD,231361.26,236974.74,231361.26,236974.74,2025-10-13
20251013,E02,SG Operations,USD,1056940.03,1056940.03,1437940.48,1437940.48,2025-10-13
20251013,E03,Shanghai Mfg,CNY,2914433.02,2944890.42,542393.47,548061.79,2025-10-13
20251013,E03,Shanghai Mfg,USD,48836.46,48836.46,66440.78,66440.78,2025-10-13
20251013,E04,Shenzhen Sourcing,CNY,406287.0,2070592.04,135243.37,444980.53,2025-10-13
20251013,E04,Shenzhen Sourcing,USD,184940.87,184940.87,251607.43,251607.43,2025-10-13
20251013,E05,India Services,INR,19358703.53,19474865.73,313417.4,315298.06,2025-10-13
20251013,E05,India Services,USD,48196.94,48196.94,65570.74,65570.74,2025-10-13
20251013,E06,Germany GmbH,EUR,162709.43,165670.41,225577.11,229879.69,2025-10-13
20251013,E06,Germany GmbH,USD,105352.63,105352.63,143329.62,143329.62,2025-10-13
20251013,E07,Germany Sales Office,EUR,41510.85,46348.49,60318.83,67348.35,2025-10-13
20251013,E08,Netherlands BV,EUR,254819.29,258375.95,373124.72,378292.88,2025-10-13
20251013,E08,Netherlands BV,USD,229466.84,229466.84,312183.9,312183.9,2025-10-13
20251013,E09,UK Ltd,EUR,123279.29,258206.17,179135.4,375195.76,2025-10-13
20251013,E09,UK Ltd,GBP,152713.1,438148.86,263086.05,754819.61,2025-10-13
20251013,E09,UK Ltd,USD,90564.6,90564.6,123210.87,123210.87,2025-10-13
20251014,E01,Group Treasury HQ,EUR,-483401.0,568762.78,-704239.84,828598.64,2025-10-14
20251014,E01,Group Treasury HQ,SGD,-1018388.25,2355299.37,360566.73,1013136.81,2025-10-14
20251014,E01,Group Treasury HQ,USD,1488805.97,2406716.41,2017247.23,3260963.57,2025-10-14
20251014,E02,SG Operations,SGD,-1653179.67,2039366.63,-552014.26,1082552.1,2025-10-14
20251014,E02,SG Operations,USD,-1672452.93,2261036.11,-2265974.19,3063756.23,2025-10-14
20251014,E03,Shanghai Mfg,CNY,853970.87,4796186.91,157740.89,894216.77,2025-10-14
20251014,E03,Shanghai Mfg,EUR,-11692.01,11692.01,-17033.43,17033.43,2025-10-14
20251014,E03,Shanghai Mfg,USD,105793.26,219537.48,143518.8,297635.72,2025-10-14
20251014,E04,Shenzhen Sourcing,CNY,109139.98,2078288.8,65370.83,431990.91,2025-10-14
20251014,E04,Shenzhen Sourcing,USD,323596.55,323596.55,438454.88,438454.88,2025-10-14
20251014,E05,India Services,EUR,4869.34,4869.34,7093.87,7093.87,2025-10-14
20251014,E05,India Services,INR,7646598.47,20971625.49,123989.61,340054.91,2025-10-14
20251014,E05,India Services,USD,150280.85,150280.85,203632.46,203632.46,2025-10-14
20251014,E06,Germany GmbH,EUR,565625.25,567477.95,805059.41,807758.49,2025-10-14
20251014,E06,Germany GmbH,USD,118165.24,118165.24,160107.16,160107.16,2025-10-14
20251014,E07,Germany Sales Office,EUR,172429.95,186167.99,249393.89,273027.37,2025-10-14
20251014,E07,Germany Sales Office,USD,-4120.83,4120.83,-5583.49,5583.49,2025-10-14
20251014,E08,Netherlands BV,EUR,-28856.16,49369.8,-40906.38,76449.32,2025-10-14
20251014,E08,Netherlands BV,USD,-524122.73,651619.33,-710156.43,882907.05,2025-10-14
20251014,E09,UK Ltd,EUR,4647.91,4647.91,6771.28,6771.28,2025-10-14
20251014,E09,UK Ltd,GBP,-201.95,201.95,-349.91,349.91,2025-10-14
20251014,E09,UK Ltd,USD,61261.96,61261.96,83006.47,83006.47,2025-10-14
20251014,E10,US Inc,EUR,278545.77,278545.77,405797.73,405797.73,2025-10-14
20251014,E10,US Inc,USD,256231.07,1065194.07,725509.27,1052372.31,2025-10-14
20251014,E11,US West Distribution,USD,767086.21,918590.57,1119954.53,1169971.65,2025-10-14
20251015,E01,Group Treasury HQ,EUR,382758.62,382758.62,554405.96,554405.96,2025-10-15
20251015,E01,Group Treasury HQ,SGD,685453.95,709698.01,993897.23,1018141.29,2025-10-15
20251015,E01,Group Treasury HQ,USD,1533582.09,1533582.09,2081024.89,2081024.89,2025-10-15
20251015,E02,SG Operations,SGD,1721330.63,2209150.67,1727802.08,2215622.12,2025-10-15
20251015,E02,SG Operations,USD,44086.27,44086.27,59823.75,59823.75,2025-10-15
20251015,E03,Shanghai Mfg,CNY,2411577.0,3000790.58,449083.87,558807.23,2025-10-15
20251015,E03,Shanghai Mfg,EUR,-56149.18,56149.18,-81329.17,81329.17,2025-10-15
20251015,E03,Shanghai Mfg,USD,-657548.6,663346.92,-892273.73,900141.87,2025-10-15
20251015,E04,Shenzhen Sourcing,CNY,-14520.77,14520.77,-2704.05,2704.05,2025-10-15
20251015,E04,Shenzhen Sourcing,USD,-888026.59,888026.59,-1205025.44,1205025.44,2025-10-15
20251015,E05,India Services,EUR,72183.79,144985.27,104554.47,210003.63,2025-10-15
20251015,E05,India Services,INR,2458862.6,5495154.6,39759.8,88856.66,2025-10-15
20251015,E06,Germany GmbH,EUR,-794255.85,1557751.25,-1037478.68,2143362.08,2025-10-15
20251015,E06,Germany GmbH,USD,100080.89,101995.85,135806.76,138405.3,2025-10-15
20251015,E07,Germany Sales Office,EUR,-57958.48,57958.48,-83949.84,83949.84,2025-10-15
20251015,E07,Germany Sales Office,USD,174641.82,174641.82,236983.71,236983.71,2025-10-15
20251015,E08,Netherlands BV,EUR,167117.19,363520.53,242348.43,526828.49,2025-10-15
20251015,E08,Netherlands BV,USD,-72804.16,72804.16,-98793.06,98793.06,2025-10-15
20251015,E09,UK Ltd,GBP,-158350.45,161163.37,-272803.16,277649.2,2025-10-15
20251015,E09,UK Ltd,USD,49705.2,49705.2,67448.47,67448.47,2025-10-15
20251015,E10,US Inc,EUR,-294334.61,305665.39,-426328.38,442740.42,2025-10-15
20251015,E10,US Inc,USD,-446424.32,1437683.52,-530059.54,1835269.68,2025-10-15
20251015,E11,US West Distribution,USD,-163469.66,425208.76,-246046.07,601218.17,2025-10-15
20251016,E01,Group Treasury HQ,EUR,74600.0,74600.0,107180.43,107180.43,2025-10-16
20251016,E01,Group Treasury HQ,SGD,-166153.55,334026.13,55191.59,173040.91,2025-10-16
20251016,E01,Group Treasury HQ,USD,-55970.15,55970.15,-76094.66,76094.66,2025-10-16
20251016,E02,SG Operations,SGD,-436244.33,959670.07,172790.69,470830.59,2025-10-16
20251016,E02,SG Operations,USD,-14927.16,14927.16,-20294.34,20294.34,2025-10-16
20251016,E03,Shanghai Mfg,CNY,-3334162.92,4896015.4,-605072.12,969784.54,2025-10-16
20251016,E03,Shanghai Mfg,EUR,47113.46,49101.8,67689.56,70546.28,2025-10-16
20251016,E03,Shanghai Mfg,USD,-9113.08,9113.08,-12389.76,12389.76,2025-10-16
20251016,E04,Shenzhen Sourcing,CNY,-2908627.68,3196035.72,-641519.5,707001.72,2025-10-16
20251016,E04,Shenzhen Sourcing,USD,933.36,9417.0,1274.29,12797.63,2025-10-16
20251016,E05,India Services,INR,-1254939.43,1254939.43,-25595.52,25595.52,2025-10-16
20251016,E05,India Services,USD,-84653.24,110766.88,-115091.0,150594.0,2025-10-16
20251016,E06,Germany GmbH,EUR,-17116.11,224870.61,-42454.35,315733.71,2025-10-16
20251016,E06,Germany GmbH,USD,-304848.74,319536.34,-414440.27,434408.91,2025-10-16
20251016,E07,Germany Sales Office,EUR,-105689.52,105689.52,-154639.07,154639.07,2025-10-16
20251016,E07,Germany Sales Office,USD,55970.15,55970.15,76094.66,76094.66,2025-10-16
20251016,E08,Netherlands BV,EUR,-1563397.29,1606415.73,-390277.08,452083.18,2025-10-16
20251016,E08,Netherlands BV,USD,22837.17,127180.41,31048.46,172909.14,2025-10-16
20251016,E09,UK Ltd,EUR,3932.82,90062.02,5650.42,129395.26,2025-10-16
20251016,E09,UK Ltd,GBP,-88555.01,209760.37,-152258.2,360654.2,2025-10-16
20251016,E09,UK Ltd,USD,54108.14,74260.3,73575.81,100948.53,2025-10-16
20251016,E10,US Inc,EUR,-87176.41,87176.41,-125249.4,125249.4,2025-10-16
20251016,E10,US Inc,USD,-1651767.96,2313434.3,-8794.1,872113.16,2025-10-16
20251016,E11,US West Distribution,USD,-351186.33,467145.01,-83782.53,247938.53,2025-10-16
20251017,E01,Group Treasury HQ,EUR,72413.52,93103.18,103979.3,133687.78,2025-10-17
20251017,E01,Group Treasury HQ,SGD,56018.35,176118.35,92984.68,213084.68,2025-10-17
20251017,E01,Group Treasury HQ,USD,-235074.63,235074.63,-319302.33,319302.33,2025-10-17
20251017,E02,SG Operations,SGD,51710.6,232212.48,104537.32,285039.2,2025-10-17
20251017,E02,SG Operations,USD,24285.3,24285.3,32986.77,32986.77,2025-10-17
20251017,E03,Shanghai Mfg,CNY,-585328.88,876612.04,-109338.86,163750.26,2025-10-17
20251017,E03,Shanghai Mfg,USD,200162.75,247598.45,271881.46,336313.46,2025-10-17
20251017,E04,Shenzhen Sourcing,CNY,-4430046.79,5782052.19,-784817.88,1122791.98,2025-10-17
20251017,E04,Shenzhen Sourcing,USD,72233.63,89677.45,98115.08,121809.06,2025-10-17
20251017,E05,India Services,INR,769613.22,3607370.96,-55048.46,125570.42,2025-10-17
20251017,E06,Germany GmbH,EUR,-512832.77,533522.43,-736381.7,766090.18,2025-10-17
20251017,E06,Germany GmbH,USD,19804.28,82614.16,26900.18,112214.98,2025-10-17
20251017,E07,Germany Sales Office,EUR,-181107.49,210176.17,-252057.64,293797.64,2025-10-17
20251017,E07,Germany Sales Office,USD,4549.61,4549.61,6179.74,6179.74,2025-10-17
20251017,E08,Netherlands BV,EUR,-971916.88,971916.88,-244609.0,244609.0,2025-10-17
20251017,E08,Netherlands BV,USD,110042.69,202330.59,149471.2,274826.04,2025-10-17
20251017,E09,UK Ltd,EUR,-25207.39,25207.39,-36195.54,36195.54,2025-10-17
20251017,E09,UK Ltd,GBP,-397609.24,451815.0,-115376.01,208804.73,2025-10-17
20251017,E09,UK Ltd,USD,100138.98,100138.98,136018.97,136018.97,2025-10-17
20251017,E10,US Inc,EUR,-2393.18,158423.36,-3436.38,227481.68,2025-10-17
20251017,E10,US Inc,USD,-262091.66,501412.22,-283089.71,547657.07,2025-10-17
20251017,E11,US West Distribution,USD,-690305.63,735486.61,-947189.93,1008978.15,2025-10-17
20251019,E07,Germany Sales Office,EUR,-5000.0,5000.0,-7149.12,7149.12,2025-10-19
20251020,E01,Group Treasury HQ,EUR,-103448.28,103448.28,-147912.83,147912.83,2025-10-20
20251020,E01,Group Treasury HQ,SGD,-15000.0,15000.0,-15000.0,15000.0,2025-10-20
20251020,E01,Group Treasury HQ,USD,-347014.93,347014.93,-471125.16,471125.16,2025-10-20
20251020,E02,SG Operations,SGD,311198.87,311198.87,437912.15,437912.15,2025-10-20
20251020,E02,SG Operations,USD,-36453.86,53683.64,-49464.17,72911.07,2025-10-20
20251020,E03,Shanghai Mfg,CNY,1646811.36,1671628.3,315897.09,320534.65,2025-10-20
20251020,E04,Shenzhen Sourcing,CNY,2233688.37,2265957.47,431135.91,437166.21,2025-10-20
20251020,E04,Shenzhen Sourcing,USD,294859.37,294859.37,400316.11,400316.11,2025-10-20
20251020,E06,Germany GmbH,EUR,38995.13,44197.09,63574.5,71012.38,2025-10-20
20251020,E06,Germany GmbH,USD,217769.83,217769.83,295655.43,295655.43,2025-10-20
20251020,E07,Germany Sales Office,EUR,135206.03,176078.55,193320.84,251761.34,2025-10-20
20251020,E07,Germany Sales Office,USD,81689.98,81689.98,110906.48,110906.48,2025-10-20
20251020,E08,Netherlands BV,EUR,166225.3,310358.94,260070.59,466156.35,2025-10-20
20251020,E08,Netherlands BV,USD,395108.89,395108.89,536419.98,536419.98,2025-10-20
20251020,E09,UK Ltd,EUR,184931.54,184931.54,264419.55,264419.55,2025-10-20
20251020,E09,UK Ltd,GBP,-61339.54,61339.54,-106967.82,106967.82,2025-10-20
20251020,E09,UK Ltd,USD,365965.27,365965.27,496853.12,496853.12,2025-10-20
20251020,E10,US Inc,EUR,125497.12,146706.74,179438.8,209764.82,2025-10-20
20251020,E10,US Inc,USD,340831.68,530093.78,462730.47,719682.37,2025-10-20
20251020,E11,US West Distribution,USD,-55560.58,106720.8,-48818.42,118862.6,2025-10-20
20251021,E01,Group Treasury HQ,EUR,-248275.86,248275.86,-354487.78,354487.78,2025-10-21
20251021,E01,Group Treasury HQ,SGD,2357788.32,2357788.32,2371724.56,2371724.56,2025-10-21
20251021,E01,Group Treasury HQ,USD,425373.13,425373.13,578863.07,578863.07,2025-10-21
20251021,E02,SG Operations,SGD,-2589622.75,3305175.87,-1997620.92,2907064.2,2025-10-21
20251021,E02,SG Operations,USD,-68242.99,782503.27,-92978.57,1064747.57,2025-10-21
20251021,E03,Shanghai Mfg,CNY,-1850400.48,2228980.92,-422683.62,493361.92,2025-10-21
20251021,E03,Shanghai Mfg,EUR,37352.42,64793.32,53331.71,92511.77,2025-10-21
20251021,E03,Shanghai Mfg,USD,26431.86,144902.78,35989.65,197141.27,2025-10-21
20251021,E04,Shenzhen Sourcing,CNY,303972.87,987235.91,70970.9,274622.66,2025-10-21
20251021,E04,Shenzhen Sourcing,USD,71603.53,71603.53,97440.65,97440.65,2025-10-21
20251021,E05,India Services,EUR,5299.94,26605.84,7567.24,37987.76,2025-10-21
20251021,E05,India Services,INR,10615258.21,23500701.19,170979.97,378525.79,2025-10-21
20251021,E05,India Services,USD,-30577.04,431619.64,-41610.33,587363.55,2025-10-21
20251021,E06,Germany GmbH,EUR,461801.84,627186.26,623067.79,875224.51,2025-10-21
20251021,E06,Germany GmbH,USD,249676.06,279901.62,339768.17,380900.21,2025-10-21
20251021,E07,Germany Sales Office,EUR,67352.55,69393.51,96165.84,99079.92,2025-10-21
20251021,E07,Germany Sales Office,USD,-50426.67,50426.67,-68581.38,68581.38,2025-10-21
20251021,E08,Netherlands BV,EUR,16621.03,85583.81,5299.8,103764.68,2025-10-21
20251021,E08,Netherlands BV,USD,158415.47,377151.57,215579.37,513239.53,2025-10-21
20251021,E09,UK Ltd,EUR,-2233.54,37910.6,-3189.05,54128.69,2025-10-21
20251021,E09,UK Ltd,GBP,5961.19,7020.61,10426.11,12279.05,2025-10-21
20251021,E09,UK Ltd,USD,149805.06,149805.06,203860.11,203860.11,2025-10-21
20251021,E10,US Inc,EUR,71804.2,71804.2,102521.9,102521.9,2025-10-21
20251021,E10,US Inc,USD,-214900.53,963170.61,411609.96,658432.74,2025-10-21
20251021,E11,US West Distribution,USD,202459.53,253169.13,243033.26,312040.64,2025-10-21
20251022,E01,Group Treasury HQ,EUR,388039.62,388039.62,547748.58,547748.58,2025-10-22
20251022,E01,Group Treasury HQ,GBP,-218023.26,218023.26,-380415.7,380415.7,2025-10-22
20251022,E01,Group Treasury HQ,SGD,557728.45,559088.49,696571.91,697931.95,2025-10-22
20251022,E01,Group Treasury HQ,USD,548507.46,548507.46,745982.22,745982.22,2025-10-22
20251022,E02,SG Operations,SGD,362552.8,398759.72,490454.04,526660.96,2025-10-22
20251022,E02,SG Operations,USD,36892.91,74658.51,50175.17,101537.21,2025-10-22
20251022,E03,Shanghai Mfg,CNY,1069407.53,1267860.55,200113.19,237248.13,2025-10-22
20251022,E03,Shanghai Mfg,USD,-216900.0,216900.0,-294988.77,294988.77,2025-10-22
20251022,E04,Shenzhen Sourcing,CNY,274892.32,427970.26,51439.24,80083.92,2025-10-22
20251022,E04,Shenzhen Sourcing,USD,-81918.03,215081.97,-111410.32,292516.22,2025-10-22
20251022,E05,India Services,EUR,24729.99,24729.99,34908.33,34908.33,2025-10-22
20251022,E05,India Services,INR,-42784.34,52868.6,4271.51,5812.75,2025-10-22
20251022,E05,India Services,USD,59268.46,59268.46,80606.41,80606.41,2025-10-22
20251022,E06,Germany GmbH,EUR,-386908.47,440473.69,-554034.15,613881.13,2025-10-22
20251022,E06,Germany GmbH,USD,-463032.16,633982.76,-629733.93,862230.51,2025-10-22
20251022,E07,Germany Sales Office,EUR,-435399.99,475145.89,-614601.49,670705.97,2025-10-22
20251022,E07,Germany Sales Office,USD,6691.58,6691.58,9100.7,9100.7,2025-10-22
20251022,E08,Netherlands BV,EUR,-367819.97,455364.63,-28454.66,128251.5,2025-10-22
20251022,E08,Netherlands BV,USD,67766.63,67766.63,92164.11,92164.11,2025-10-22
20251022,E09,UK Ltd,GBP,376357.92,376441.52,656684.36,656830.22,2025-10-22
20251022,E09,UK Ltd,USD,6387.77,6387.77,8687.51,8687.51,2025-10-22
20251022,E10,US Inc,EUR,-147017.15,163327.67,-207526.33,230549.91,2025-10-22
20251022,E10,US Inc,USD,-123663.49,415051.75,-131228.49,527522.93,2025-10-22
20251022,E11,US West Distribution,USD,-368560.07,797943.37,76140.41,510480.35,2025-10-22
20251023,E01,Group Treasury HQ,EUR,-479365.92,506232.9,-680430.18,718566.2,2025-10-23
20251023,E01,Group Treasury HQ,SGD,-310071.72,501852.72,7606.1,184174.9,2025-10-23
20251023,E02,SG Operations,SGD,-2133402.46,2706344.88,-248188.97,858491.03,2025-10-23
20251023,E02,SG Operations,USD,-319.47,319.47,-435.09,435.09,2025-10-23
20251023,E03,Shanghai Mfg,CNY,-4192329.38,4255194.38,-806558.88,818321.68,2025-10-23
20251023,E03,Shanghai Mfg,USD,-49561.74,53077.84,-67498.18,72286.76,2025-10-23
20251023,E04,Shenzhen Sourcing,CNY,-1887796.36,2018242.14,-537933.54,562341.52,2025-10-23
20251023,E04,Shenzhen Sourcing,USD,-172093.2,172093.2,-234373.9,234373.9,2025-10-23
20251023,E05,India Services,EUR,-56763.78,66538.18,-80572.67,94446.83,2025-10-23
20251023,E05,India Services,INR,-35529479.17,46661864.49,-572699.67,752142.61,2025-10-23
20251023,E05,India Services,USD,-228574.15,228574.15,-311268.45,311268.45,2025-10-23
20251023,E06,Germany GmbH,EUR,-68172.15,133080.89,-129166.47,221300.39,2025-10-23
20251023,E06,Germany GmbH,USD,27396.92,40118.24,37311.89,54637.07,2025-10-23
20251023,E07,Germany Sales Office,EUR,-73168.57,73168.57,-103858.25,103858.25,2025-10-23
20251023,E07,Germany Sales Office,USD,-73988.87,73988.87,-100765.52,100765.52,2025-10-23
20251023,E08,Netherlands BV,EUR,25576.5,181320.06,36304.25,257372.57,2025-10-23
20251023,E08,Netherlands BV,USD,177951.52,208667.2,242352.34,284184.06,2025-10-23
20251023,E09,UK Ltd,EUR,-18899.36,18899.36,-26826.47,26826.47,2025-10-23
20251023,E09,UK Ltd,GBP,-111055.92,127043.64,-118700.22,146709.74,2025-10-23
20251023,E09,UK Ltd,USD,-109229.47,296229.47,-148446.97,403122.47,2025-10-23
20251023,E10,US Inc,EUR,-30363.26,568294.3,-43098.77,806658.53,2025-10-23
20251023,E10,US Inc,USD,-1557879.95,1643691.17,-287244.01,392238.45,2025-10-23
20251023,E11,US West Distribution,USD,7300.21,144950.03,10046.95,197302.81,2025-10-23
20251024,E01,Group Treasury HQ,EUR,-331034.48,331034.48,-471818.48,471818.48,2025-10-24
20251024,E01,Group Treasury HQ,SGD,-552522.24,552522.24,-737965.26,737965.26,2025-10-24
20251024,E01,Group Treasury HQ,USD,-11194.03,11194.03,-15225.08,15225.08,2025-10-24
20251024,E02,SG Operations,SGD,-763386.17,788079.65,-301767.42,327981.0,2025-10-24
20251024,E02,SG Operations,USD,-4516.15,4516.15,-6142.45,6142.45,2025-10-24
20251024,E03,Shanghai Mfg,CNY,1348122.82,1869923.66,141752.63,460031.71,2025-10-24
20251024,E03,Shanghai Mfg,USD,5563.95,5563.95,7567.57,7567.57,2025-10-24
20251024,E04,Shenzhen Sourcing,CNY,1445820.91,1892047.99,270372.85,353818.65,2025-10-24
20251024,E05,India Services,INR,7525882.6,7656722.74,125789.1,127892.74,2025-10-24
20251024,E05,India Services,USD,7040.56,7040.56,9575.91,9575.91,2025-10-24
20251024,E06,Germany GmbH,EUR,-668821.59,1370123.87,-229876.77,1215725.27,2025-10-24
20251024,E06,Germany GmbH,USD,-126429.17,159886.93,-171957.2,217463.34,2025-10-24
20251024,E07,Germany Sales Office,EUR,-1623545.81,1627318.25,-586401.51,591778.31,2025-10-24
20251024,E07,Germany Sales Office,USD,34214.84,70353.0,46535.85,95687.61,2025-10-24
20251024,E08,Netherlands BV,EUR,-374771.75,398279.75,-101306.53,142716.91,2025-10-24
20251024,E09,UK Ltd,EUR,-43763.1,51394.24,-62374.89,73251.43,2025-10-24
20251024,E09,UK Ltd,GBP,-93914.06,103577.86,-98614.76,115637.96,2025-10-24
20251024,E09,UK Ltd,USD,-80839.14,124418.66,-109949.88,169222.7,2025-10-24
20251024,E10,US Inc,EUR,54617.41,93519.61,77845.36,133292.1,2025-10-24
20251024,E10,US Inc,USD,-684608.31,684608.31,-664928.31,664928.31,2025-10-24
20251024,E11,US West Distribution,USD,-94333.37,122196.79,-132538.38,170435.62,2025-10-24
20251026,E01,Group Treasury HQ,SGD,-435000.0,435000.0,-435000.0,435000.0,2025-10-26
20251026,E02,SG Operations,SGD,435000.0,435000.0,435000.0,435000.0,2025-10-26
20251026,E06,Germany GmbH,USD,-13588.95,13588.95,-18483.15,18483.15,2025-10-26
20251026,E10,US Inc,USD,-160861.45,160861.45,-218797.31,218797.31,2025-10-26
20251027,E01,Group Treasury HQ,CNY,-1693548.39,1693548.39,-316602.1,316602.1,2025-10-27
20251027,E01,Group Treasury HQ,EUR,94522.18,94522.18,134224.52,134224.52,2025-10-27
20251027,E01,Group Treasury HQ,SGD,-400707.14,423553.66,-250759.57,273606.09,2025-10-27
20251027,E01,Group Treasury HQ,USD,-11194.03,11194.03,-15225.67,15225.67,2025-10-27
20251027,E02,SG Operations,SGD,-3783.51,501278.35,91221.13,423843.91,2025-10-27
20251027,E02,SG Operations,USD,77669.43,77669.43,105642.86,105642.86,2025-10-27
20251027,E03,Shanghai Mfg,CNY,5657283.31,6069552.09,1227806.24,1304835.26,2025-10-27
20251027,E03,Shanghai Mfg,EUR,96697.52,96697.52,137155.92,137155.92,2025-10-27
20251027,E03,Shanghai Mfg,USD,134689.96,134689.96,182541.8,182541.8,2025-10-27
20251027,E04,Shenzhen Sourcing,CNY,2385234.4,2421210.6,466411.76,473137.38,2025-10-27
20251027,E04,Shenzhen Sourcing,USD,113045.34,113045.34,153759.76,153759.76,2025-10-27
20251027,E05,India Services,INR,21536462.15,21675119.59,325962.33,370176.27,2025-10-27
20251027,E05,India Services,USD,244382.69,244382.69,332399.56,332399.56,2025-10-27
20251027,E06,Germany GmbH,EUR,19017.03,159041.31,7410.6,206249.56,2025-10-27
20251027,E06,Germany GmbH,USD,167155.81,167155.81,227358.65,227358.65,2025-10-27
20251027,E07,Germany Sales Office,EUR,21106.94,63832.36,15011.18,75682.64,2025-10-27
20251027,E08,Netherlands BV,EUR,-1263.42,75520.08,-12842.51,96192.51,2025-10-27
20251027,E08,Netherlands BV,USD,418834.19,418834.19,569681.51,569681.51,2025-10-27
20251027,E09,UK Ltd,EUR,9291.97,9291.97,13194.89,13194.89,2025-10-27
20251027,E09,UK Ltd,GBP,-123974.03,123974.03,-219305.97,219305.97,2025-10-27
20251027,E09,UK Ltd,USD,110442.89,110442.89,150220.02,150220.02,2025-10-27
20251027,E10,US Inc,EUR,277814.02,277814.02,394504.8,394504.8,2025-10-27
20251027,E10,US Inc,USD,439498.11,698096.89,683629.45,735067.15,2025-10-27
20251027,E11,US West Distribution,USD,106859.08,109458.32,133323.96,136853.14,2025-10-27
20251028,E01,Group Treasury HQ,EUR,-610344.83,610344.83,-865563.57,865563.57,2025-10-28
20251028,E01,Group Treasury HQ,SGD,390760.46,542947.2,464896.69,496755.87,2025-10-28
20251028,E01,Group Treasury HQ,USD,391791.04,391791.04,530984.22,530984.22,2025-10-28
20251028,E02,SG Operations,SGD,-891271.62,1622383.72,-118643.41,921252.09,2025-10-28
20251028,E02,SG Operations,USD,-81517.52,728328.52,-110431.89,987131.41,2025-10-28
20251028,E03,Shanghai Mfg,CNY,-1574505.22,6576935.98,-337843.29,1271922.17,2025-10-28
20251028,E03,Shanghai Mfg,EUR,16897.55,16897.55,23963.35,23963.35,2025-10-28
20251028,E03,Shanghai Mfg,USD,103825.6,158863.32,140847.25,215438.43,2025-10-28
20251028,E04,Shenzhen Sourcing,CNY,-508710.04,3835065.04,-94988.92,716102.54,2025-10-28
20251028,E04,Shenzhen Sourcing,USD,28161.36,45809.2,38166.35,62084.01,2025-10-28
20251028,E05,India Services,EUR,-32826.03,109509.89,-46552.4,155302.0,2025-10-28
20251028,E05,India Services,INR,-17675984.36,47050025.06,-99985.46,942038.52,2025-10-28
20251028,E05,India Services,USD,15651.54,42936.32,21212.12,58190.48,2025-10-28
20251028,E06,Germany GmbH,EUR,713634.16,751818.92,1012043.84,1066195.76,2025-10-28
20251028,E06,Germany GmbH,USD,276135.76,276135.76,374239.61,374239.61,2025-10-28
20251028,E07,Germany Sales Office,EUR,192482.75,192817.47,272970.37,273445.05,2025-10-28
20251028,E07,Germany Sales Office,USD,48019.06,48019.06,65078.98,65078.98,2025-10-28
20251028,E08,Netherlands BV,EUR,-388822.88,460083.2,-291101.64,392159.82,2025-10-28
20251028,E08,Netherlands BV,USD,199291.8,202784.64,270094.99,274828.75,2025-10-28
20251028,E09,UK Ltd,EUR,73380.95,110168.55,104065.56,156236.08,2025-10-28
20251028,E09,UK Ltd,GBP,-1462.72,1462.72,-2574.72,2574.72,2025-10-28
20251028,E09,UK Ltd,USD,206150.85,206150.85,279390.89,279390.89,2025-10-28
20251028,E10,US Inc,EUR,112690.97,295498.21,159813.27,419062.27,2025-10-28
20251028,E10,US Inc,USD,-633535.5,930475.56,-442977.08,825382.22,2025-10-28
20251028,E11,US West Distribution,USD,454774.99,714316.67,747433.58,838761.22,2025-10-28
20251029,E01,Group Treasury HQ,EUR,638172.1,644586.52,908000.83,917127.37,2025-10-29
20251029,E01,Group Treasury HQ,SGD,1841.39,2497.79,1841.39,2497.79,2025-10-29
20251029,E01,Group Treasury HQ,USD,1634328.36,1634328.36,2223214.45,2223214.45,2025-10-29
20251029,E02,SG Operations,SGD,192092.94,640893.24,279394.57,612136.93,2025-10-29
20251029,E02,SG Operations,USD,101672.82,101672.82,138307.88,138307.88,2025-10-29
20251029,E03,Shanghai Mfg,CNY,405266.98,3619697.0,75570.96,674972.14,2025-10-29
20251029,E03,Shanghai Mfg,USD,-108681.41,338469.03,-147841.82,460427.2,2025-10-29
20251029,E04,Shenzhen Sourcing,CNY,752113.03,3084130.65,132947.5,582404.54,2025-10-29
20251029,E05,India Services,INR,-580092.4,982199.4,-9330.79,15798.69,2025-10-29
20251029,E06,Germany GmbH,EUR,-317389.51,636563.63,-363630.37,837577.33,2025-10-29
20251029,E06,Germany GmbH,USD,-406317.54,434708.1,-552723.09,591343.43,2025-10-29
20251029,E07,Germany Sales Office,EUR,97861.18,237620.14,139238.34,338089.52,2025-10-29
20251029,E07,Germany Sales Office,USD,3009.68,3009.68,4094.14,4094.14,2025-10-29
20251029,E08,Netherlands BV,EUR,-1288126.29,2074815.65,299381.07,965179.03,2025-10-29
20251029,E08,Netherlands BV,USD,185211.38,185211.38,251947.29,251947.29,2025-10-29
20251029,E09,UK Ltd,EUR,-158414.75,158414.75,-225394.88,225394.88,2025-10-29
20251029,E09,UK Ltd,GBP,-669356.43,928832.65,-50569.86,342501.6,2025-10-29
20251029,E09,UK Ltd,USD,26488.04,55248.1,36032.29,75155.27,2025-10-29
20251029,E10,US Inc,EUR,-495526.06,577760.6,-705041.91,822046.45,2025-10-29
20251029,E10,US Inc,USD,-1220356.92,1804387.86,83727.8,710742.9,2025-10-29
20251029,E11,US West Distribution,USD,-1051562.73,1051562.73,-1430465.07,1430465.07,2025-10-29
20251030,E01,Group Treasury HQ,SGD,-1535202.19,1535202.19,-298671.38,298671.38,2025-10-30
20251030,E02,SG Operations,SGD,-2727615.39,3123334.73,-653277.53,1134675.99,2025-10-30
20251030,E02,SG Operations,USD,-68533.15,68533.15,-93050.61,93050.61,2025-10-30
20251030,E03,Shanghai Mfg,CNY,-9058349.92,10848595.38,-1713406.55,2047147.69,2025-10-30
20251030,E03,Shanghai Mfg,EUR,-20511.0,20511.0,-29165.19,29165.19,2025-10-30
20251030,E03,Shanghai Mfg,USD,22215.72,55116.76,30223.89,74984.87,2025-10-30
20251030,E04,Shenzhen Sourcing,CNY,-2291950.87,3874393.09,-509334.32,804336.36,2025-10-30
20251030,E04,Shenzhen Sourcing,USD,-245194.31,245194.31,-333580.24,333580.24,2025-10-30
20251030,E05,India Services,EUR,-4233.38,4233.38,-6019.57,6019.57,2025-10-30
20251030,E05,India Services,INR,-16989903.1,16989903.1,-273095.7,273095.7,2025-10-30
20251030,E05,India Services,USD,-151644.41,151644.41,-206308.13,206308.13,2025-10-30
20251030,E06,Germany GmbH,EUR,230265.65,280642.35,287667.63,362685.95,2025-10-30
20251030,E06,Germany GmbH,USD,-100326.14,148488.86,-136106.58,201630.66,2025-10-30
20251030,E07,Germany Sales Office,EUR,102673.03,103369.29,145993.77,146983.79,2025-10-30
20251030,E08,Netherlands BV,EUR,-157954.22,162315.78,-158599.81,166264.05,2025-10-30
20251030,E08,Netherlands BV,USD,-28611.32,38534.2,-38924.93,52424.75,2025-10-30
20251030,E09,UK Ltd,EUR,-46623.64,46623.64,-66295.5,66295.5,2025-10-30
20251030,E09,UK Ltd,GBP,35617.91,76728.63,20052.88,92293.66,2025-10-30
20251030,E09,UK Ltd,USD,146052.64,177503.72,198700.68,241489.02,2025-10-30
20251030,E10,US Inc,EUR,-63298.31,108021.21,-90005.71,153598.49,2025-10-30
20251030,E10,US Inc,USD,-61197.67,400088.71,184264.92,276787.18,2025-10-30
20251030,E11,US West Distribution,USD,-169674.56,353005.58,-156677.93,467527.13,2025-10-30
20251031,E01,Group Treasury HQ,EUR,-10344.83,10344.83,-14695.64,14695.64,2025-10-31
20251031,E01,Group Treasury HQ,SGD,-28658.08,33859.46,-27732.58,34784.96,2025-10-31
20251031,E01,Group Treasury HQ,USD,-44776.12,44776.12,-60710.42,60710.42,2025-10-31
20251031,E02,SG Operations,SGD,-214008.94,229879.52,-214008.94,229879.52,2025-10-31
20251031,E02,SG Operations,USD,74952.22,74952.22,101625.16,101625.16,2025-10-31
20251031,E03,Shanghai Mfg,CNY,1768692.36,3457148.22,330460.9,645929.92,2025-10-31
20251031,E03,Shanghai Mfg,EUR,-21619.89,21619.89,-30712.76,30712.76,2025-10-31
20251031,E03,Shanghai Mfg,USD,19042.64,19042.64,25819.27,25819.27,2025-10-31
20251031,E04,Shenzhen Sourcing,CNY,215986.48,487451.88,40354.69,91075.03,2025-10-31
20251031,E04,Shenzhen Sourcing,USD,14377.03,14377.03,19493.33,19493.33,2025-10-31
20251031,E05,India Services,INR,161295.23,27759800.05,2594.28,446488.62,2025-10-31
20251031,E05,India Services,USD,25890.17,25890.17,35103.6,35103.6,2025-10-31
20251031,E06,Germany GmbH,EUR,-559783.02,894200.5,-716316.81,1191383.25,2025-10-31
20251031,E06,Germany GmbH,USD,16009.1,23312.2,21706.2,31608.22,2025-10-31
20251031,E07,Germany Sales Office,EUR,-347700.5,347700.5,-452472.55,452472.55,2025-10-31
20251031,E08,Netherlands BV,EUR,3585.7,219456.88,36058.62,280790.98,2025-10-31
20251031,E08,Netherlands BV,USD,516.61,93505.57,700.45,126781.03,2025-10-31
20251031,E09,UK Ltd,EUR,5495.57,5495.57,7806.89,7806.89,2025-10-31
20251031,E09,UK Ltd,GBP,-524594.74,533128.08,-108062.18,116595.52,2025-10-31
20251031,E09,UK Ltd,USD,2138.71,2138.71,2899.8,2899.8,2025-10-31
20251031,E10,US Inc,USD,-208069.87,297540.23,-16587.25,137897.07,2025-10-31
20251031,E11,US West Distribution,USD,-13395.52,444625.34,33077.88,554881.42,2025-10-31
20251103,E01,Group Treasury HQ,GBP,-165697.67,165697.67,-290566.28,290566.28,2025-11-03
20251103,E01,Group Treasury HQ,SGD,-74050.04,204874.04,-111287.47,242111.47,2025-11-03
20251103,E02,SG Operations,SGD,146303.75,149843.89,155460.37,159000.51,2025-11-03
20251103,E02,SG Operations,USD,131101.47,131101.47,177430.77,177430.77,2025-11-03
20251103,E03,Shanghai Mfg,CNY,3223166.13,3823722.17,601736.12,713854.52,2025-11-03
20251103,E03,Shanghai Mfg,USD,44529.15,44529.15,60265.09,60265.09,2025-11-03
20251103,E04,Shenzhen Sourcing,CNY,1581211.5,2061244.18,299745.43,389363.19,2025-11-03
20251103,E04,Shenzhen Sourcing,USD,114866.84,114866.84,155459.06,155459.06,2025-11-03
20251103,E05,India Services,INR,23433838.35,23526698.65,393400.45,394899.21,2025-11-03
20251103,E05,India Services,USD,58529.84,58529.84,79267.07,79267.07,2025-11-03
20251103,E06,Germany GmbH,EUR,211879.09,217103.51,300024.67,307443.99,2025-11-03
20251103,E06,Germany GmbH,USD,9614.59,9614.59,13012.24,13012.24,2025-11-03
20251103,E07,Germany Sales Office,EUR,-90458.48,132213.9,-128461.81,187759.47,2025-11-03
20251103,E07,Germany Sales Office,USD,28338.48,28338.48,38352.87,38352.87,2025-11-03
20251103,E08,Netherlands BV,EUR,23542.67,25414.31,33433.4,36091.34,2025-11-03
20251103,E08,Netherlands BV,USD,265362.68,265362.68,359443.95,359443.95,2025-11-03
20251103,E09,UK Ltd,EUR,137862.89,137862.89,195781.71,195781.71,2025-11-03
20251103,E09,UK Ltd,GBP,108190.17,349490.77,145657.78,568800.8,2025-11-03
20251103,E09,UK Ltd,USD,157471.98,157471.98,213120.22,213120.22,2025-11-03
20251103,E10,US Inc,EUR,46037.39,46037.39,65378.58,65378.58,2025-11-03
20251103,E10,US Inc,USD,-231696.96,586527.9,-12616.24,492839.12,2025-11-03
20251103,E11,US West Distribution,USD,286249.05,321621.69,398448.49,446321.29,2025-11-03
20251104,E01,Group Treasury HQ,EUR,-265629.6,265629.6,-378088.14,378088.14,2025-11-04
20251104,E01,Group Treasury HQ,SGD,217528.66,1543632.6,760367.08,1008322.7,2025-11-04
20251104,E01,Group Treasury HQ,USD,335820.9,335820.9,455295.56,455295.56,2025-11-04
20251104,E02,SG Operations,SGD,-1261836.8,2795474.38,-210465.71,1981104.91,2025-11-04
20251104,E02,SG Operations,USD,-267083.75,404558.05,-362103.86,548487.26,2025-11-04
20251104,E03,Shanghai Mfg,CNY,-948943.43,1327461.39,-144532.4,383004.48,2025-11-04
20251104,E03,Shanghai Mfg,EUR,18665.17,18665.17,26567.37,26567.37,2025-11-04
20251104,E03,Shanghai Mfg,USD,31274.97,31274.97,42401.63,42401.63,2025-11-04
20251104,E04,Shenzhen Sourcing,CNY,331676.25,361787.61,96286.83,101914.71,2025-11-04
20251104,E04,Shenzhen Sourcing,USD,80152.31,80152.31,108668.02,108668.02,2025-11-04
20251104,E05,India Services,EUR,-63108.46,63108.46,-89826.44,89826.44,2025-11-04
20251104,E05,India Services,INR,2614977.89,3152671.25,11926.86,80891.92,2025-11-04
20251104,E05,India Services,USD,-115761.62,212196.76,-156301.19,287044.95,2025-11-04
20251104,E06,Germany GmbH,EUR,929826.42,990696.04,1324199.65,1410839.39,2025-11-04
20251104,E06,Germany GmbH,USD,21859.24,40405.28,29636.09,54780.23,2025-11-04
20251104,E07,Germany Sales Office,EUR,60506.02,134992.28,86122.22,192143.42,2025-11-04
20251104,E07,Germany Sales Office,USD,133681.46,187465.32,181241.17,254159.67,2025-11-04
20251104,E08,Netherlands BV,EUR,11803.43,161535.37,29725.76,242849.12,2025-11-04
20251104,E08,Netherlands BV,USD,215218.6,323548.56,291786.7,438657.1,2025-11-04
20251104,E09,UK Ltd,GBP,-15920.92,45785.28,-39252.78,69117.14,2025-11-04
20251104,E09,UK Ltd,USD,8744.47,309993.41,12321.99,419812.95,2025-11-04
20251104,E10,US Inc,EUR,-25258.2,40156.74,-35951.66,57157.74,2025-11-04
20251104,E10,US Inc,USD,-175730.51,1076653.29,323134.81,898308.37,2025-11-04
20251104,E11,US West Distribution,USD,46287.71,241280.19,63515.58,327561.62,2025-11-04
20251105,E01,Group Treasury HQ,EUR,941379.31,941379.31,1339770.09,1339770.09,2025-11-05
20251105,E01,Group Treasury HQ,SGD,-36482.86,36482.86,-36482.86,36482.86,2025-11-05
20251105,E01,Group Treasury HQ,USD,302238.81,302238.81,408377.22,408377.22,2025-11-05
20251105,E02,SG Operations,SGD,8008.38,148353.16,9618.84,149963.62,2025-11-05
20251105,E02,SG Operations,USD,23972.73,23972.73,32391.33,32391.33,2025-11-05
20251105,E03,Shanghai Mfg,CNY,368830.25,547975.91,68762.79,102160.13,2025-11-05
20251105,E04,Shenzhen Sourcing,CNY,21157.99,525165.63,7808.35,101772.01,2025-11-05
20251105,E04,Shenzhen Sourcing,USD,-302238.81,302238.81,-408377.22,408377.22,2025-11-05
20251105,E05,India Services,INR,-60547.95,60547.95,-11288.14,11288.14,2025-11-05
20251105,E06,Germany GmbH,EUR,-1192296.27,1249613.11,-1444890.17,1526463.43,2025-11-05
20251105,E06,Germany GmbH,USD,60489.63,60489.63,81732.02,81732.02,2025-11-05
20251105,E07,Germany Sales Office,EUR,-99399.73,123717.69,-103587.48,138196.78,2025-11-05
20251105,E08,Netherlands BV,EUR,-191498.06,304746.5,-272539.85,433714.91,2025-11-05
20251105,E08,Netherlands BV,USD,14378.32,14378.32,19427.61,19427.61,2025-11-05
20251105,E09,UK Ltd,GBP,9374.53,72857.57,43785.3,57362.04,2025-11-05
20251105,E09,UK Ltd,USD,-70432.45,120107.83,-95166.5,162286.58,2025-11-05
20251105,E10,US Inc,EUR,21237.21,21237.21,30224.77,30224.77,2025-11-05
20251105,E10,US Inc,USD,-490922.69,636216.21,-9791.69,206108.51,2025-11-05
20251105,E11,US West Distribution,USD,53361.76,219676.56,67007.41,304805.99,2025-11-05
20251106,E01,Group Treasury HQ,EUR,-230421.81,245440.25,-328753.63,350181.15,2025-11-06
20251106,E01,Group Treasury HQ,GBP,-252906.98,252906.98,-441635.01,441635.01,2025-11-06
20251106,E01,Group Treasury HQ,SGD,-286586.27,286586.27,-212596.31,212596.31,2025-11-06
20251106,E02,SG Operations,SGD,-2521097.83,2806841.03,-410992.63,696735.83,2025-11-06
20251106,E02,SG Operations,USD,54277.69,54277.69,73056.52,73056.52,2025-11-06
20251106,E03,Shanghai Mfg,CNY,-5264201.86,5274271.56,-981363.01,983240.23,2025-11-06
20251106,E03,Shanghai Mfg,EUR,-3746.06,3746.06,-5344.68,5344.68,2025-11-06
20251106,E03,Shanghai Mfg,USD,-42773.37,103272.25,-57571.97,139002.07,2025-11-06
20251106,E04,Shenzhen Sourcing,CNY,-2866846.7,2975087.3,-557572.93,577751.35,2025-11-06
20251106,E04,Shenzhen Sourcing,USD,41987.65,41987.65,56514.41,56514.41,2025-11-06
20251106,E05,India Services,EUR,-15859.54,15859.54,-22627.55,22627.55,2025-11-06
20251106,E05,India Services,INR,-690323.26,8692043.3,-11144.59,140324.35,2025-11-06
20251106,E05,India Services,USD,-18887.82,36836.18,-25422.58,49580.66,2025-11-06
20251106,E06,Germany GmbH,EUR,67626.97,172410.01,96486.58,245985.46,2025-11-06
20251106,E06,Germany GmbH,USD,3423.4,3423.4,4607.82,4607.82,2025-11-06
20251106,E07,Germany Sales Office,EUR,-74.94,74.94,-106.92,106.92,2025-11-06
20251106,E07,Germany Sales Office,USD,41358.87,41358.87,55668.09,55668.09,2025-11-06
20251106,E08,Netherlands BV,EUR,-503224.44,979086.5,-308453.14,987387.92,2025-11-06
20251106,E08,Netherlands BV,USD,-15951.32,15951.32,-21501.74,21501.74,2025-11-06
20251106,E09,UK Ltd,GBP,252617.54,253196.42,441129.57,442140.45,2025-11-06
20251106,E09,UK Ltd,USD,-32743.77,32743.77,-44118.34,44118.34,2025-11-06
20251106,E10,US Inc,EUR,-17058.38,17058.38,-24337.99,24337.99,2025-11-06
20251106,E10,US Inc,USD,-1725366.2,1964483.72,-247554.14,569400.82,2025-11-06
20251106,E11,US West Distribution,USD,-333261.75,504113.27,-76338.12,331427.68,2025-11-06
20251107,E01,Group Treasury HQ,EUR,-452608.35,463612.35,-645214.03,660900.73,2025-11-07
20251107,E01,Group Treasury HQ,SGD,-615180.13,615180.13,-768526.11,768526.11,2025-11-07
20251107,E02,SG Operations,SGD,-308679.67,716409.59,59874.29,347855.63,2025-11-07
20251107,E02,SG Operations,USD,-13275.58,13275.58,-17894.95,17894.95,2025-11-07
20251107,E03,Shanghai Mfg,CNY,-627101.99,627101.99,-116725.02,116725.02,2025-11-07
20251107,E03,Shanghai Mfg,USD,292678.83,292678.83,394519.36,394519.36,2025-11-07
20251107,E04,Shenzhen Sourcing,CNY,40579.59,422467.75,-24100.63,110289.49,2025-11-07
20251107,E04,Shenzhen Sourcing,USD,226928.15,226928.15,305890.08,305890.08,2025-11-07
20251107,E05,India Services,INR,3978677.6,4241668.5,48291.57,134921.15,2025-11-07
20251107,E06,Germany GmbH,EUR,-445411.76,809333.92,-618441.22,1132038.18,2025-11-07
20251107,E06,Germany GmbH,USD,28836.45,28836.45,38870.38,38870.38,2025-11-07
20251107,E07,Germany Sales Office,EUR,-485186.01,569200.61,-679775.57,799542.23,2025-11-07
20251107,E08,Netherlands BV,EUR,-91172.99,405354.01,-71262.6,519142.1,2025-11-07
20251107,E08,Netherlands BV,USD,4099.57,52305.73,5526.05,70506.03,2025-11-07
20251107,E09,UK Ltd,EUR,9136.29,15831.07,13024.2,22567.92,2025-11-07
20251107,E09,UK Ltd,GBP,-334339.37,334339.37,-70478.61,70478.61,2025-11-07
20251107,E09,UK Ltd,USD,11690.43,11690.43,15758.23,15758.23,2025-11-07
20251107,E10,US Inc,EUR,62347.59,173897.95,88879.35,247899.53,2025-11-07
20251107,E10,US Inc,USD,-544326.11,986509.45,-545398.6,1149406.84,2025-11-07
20251107,E11,US West Distribution,USD,42282.01,216996.71,41477.67,278420.61,2025-11-07
20251109,E01,Group Treasury HQ,SGD,-315000.0,315000.0,-315000.0,315000.0,2025-11-09
20251109,E02,SG Operations,SGD,315000.0,315000.0,315000.0,315000.0,2025-11-09
20251109,E08,Netherlands BV,USD,23278.23,23278.23,31130.28,31130.28,2025-11-09
20251109,E09,UK Ltd,USD,-6287.46,6287.46,-8408.3,8408.3,2025-11-09
20251109,E11,US West Distribution,USD,-26354.73,26354.73,-35244.53,35244.53,2025-11-09
20251110,E01,Group Treasury HQ,CNY,-5000000.0,5000000.0,-928450.0,928450.0,2025-11-10
20251110,E01,Group Treasury HQ,EUR,-144827.59,144827.59,-206720.38,206720.38,2025-11-10
20251110,E01,Group Treasury HQ,SGD,28395.26,59068.52,28395.26,59068.52,2025-11-10
20251110,E02,SG Operations,SGD,495202.41,498420.61,651521.62,654739.82,2025-11-10
20251110,E02,SG Operations,USD,1883.66,1883.66,2519.04,2519.04,2025-11-10
20251110,E03,Shanghai Mfg,CNY,2965851.92,4094939.52,550728.84,760389.52,2025-11-10
20251110,E04,Shenzhen Sourcing,CNY,6162965.67,6396091.77,1144401.09,1187690.29,2025-11-10
20251110,E05,India Services,INR,14799751.97,14949880.81,239637.57,242068.47,2025-11-10
20251110,E05,India Services,USD,10327.72,10327.72,13811.39,13811.39,2025-11-10
20251110,E06,Germany GmbH,EUR,-297924.28,445697.2,-58911.83,268852.25,2025-11-10
20251110,E06,Germany GmbH,USD,328329.36,328329.36,439079.13,439079.13,2025-11-10
20251110,E07,Germany Sales Office,EUR,117733.23,118809.29,168047.11,169583.03,2025-11-10
20251110,E07,Germany Sales Office,USD,247893.11,247893.11,331510.67,331510.67,2025-11-10
20251110,E08,Netherlands BV,EUR,385525.03,408240.59,573191.48,605614.64,2025-11-10
20251110,E08,Netherlands BV,USD,454908.63,454908.63,608355.23,608355.23,2025-11-10
20251110,E09,UK Ltd,EUR,217302.17,217302.17,310167.34,310167.34,2025-11-10
20251110,E09,UK Ltd,GBP,-64717.81,180550.73,-151196.68,275789.12,2025-11-10
20251110,E09,UK Ltd,USD,59208.31,59208.31,79180.05,79180.05,2025-11-10
20251110,E10,US Inc,EUR,52831.19,79204.67,75408.86,113053.18,2025-11-10
20251110,E10,US Inc,USD,448568.09,500558.09,600431.15,669958.03,2025-11-10
20251110,E11,US West Distribution,USD,161274.42,230401.38,199783.96,292228.3,2025-11-10
20251111,E01,Group Treasury HQ,EUR,-558620.69,558620.69,-796943.36,796943.36,2025-11-11
20251111,E01,Group Treasury HQ,SGD,2865135.65,3379871.95,3105614.81,3203266.85,2025-11-11
20251111,E01,Group Treasury HQ,USD,425373.13,425373.13,567798.69,567798.69,2025-11-11
20251111,E02,SG Operations,SGD,-781485.61,5299070.85,-495581.18,5184877.98,2025-11-11
20251111,E02,SG Operations,USD,-34998.48,815747.78,-46716.84,1088880.54,2025-11-11
20251111,E03,Shanghai Mfg,CNY,-735937.99,1682108.61,-136758.23,312584.17,2025-11-11
20251111,E03,Shanghai Mfg,EUR,-6495.66,6495.66,-9266.88,9266.88,2025-11-11
20251111,E04,Shenzhen Sourcing,CNY,-4405117.07,4681124.99,-760911.57,927575.69,2025-11-11
20251111,E04,Shenzhen Sourcing,USD,10396.98,10396.98,13878.15,13878.15,2025-11-11
20251111,E05,India Services,INR,-9431270.24,19513843.96,-19413.93,453008.73,2025-11-11
20251111,E06,Germany GmbH,EUR,606240.48,814689.4,864540.36,1162596.56,2025-11-11
20251111,E06,Germany GmbH,USD,293154.27,293154.27,391309.65,391309.65,2025-11-11
20251111,E07,Germany Sales Office,EUR,100937.19,100937.19,143999.73,143999.73,2025-11-11
20251111,E07,Germany Sales Office,USD,56264.51,56264.51,75103.28,75103.28,2025-11-11
20251111,E08,Netherlands BV,EUR,59881.29,229943.53,75583.92,318199.32,2025-11-11
20251111,E08,Netherlands BV,USD,22933.45,51646.39,30612.13,68938.89,2025-11-11
20251111,E09,UK Ltd,EUR,36524.02,45890.72,52106.15,65468.93,2025-11-11
20251111,E09,UK Ltd,GBP,17047.69,20963.55,23388.93,30203.21,2025-11-11
20251111,E09,UK Ltd,USD,10904.01,35218.15,14554.95,47010.07,2025-11-11
20251112,E01,Group Treasury HQ,EUR,382758.62,382758.62,545825.66,545825.66,2025-11-12
20251112,E01,Group Treasury HQ,SGD,-87874.42,107401.12,-8810.54,28337.24,2025-11-12
20251112,E01,Group Treasury HQ,USD,1264925.37,1264925.37,1682753.0,1682753.0,2025-11-12
20251112,E02,SG Operations,SGD,279042.02,411637.44,370072.95,502668.37,2025-11-12
20251112,E02,SG Operations,USD,213762.08,213762.08,284371.54,284371.54,2025-11-12
20251112,E03,Shanghai Mfg,CNY,-1274089.23,2097181.59,-238924.4,391871.42,2025-11-12
20251112,E03,Shanghai Mfg,USD,-455318.17,609394.85,-605686.23,810485.37,2025-11-12
20251112,E04,Shenzhen Sourcing,CNY,-126044.14,322744.22,-20227.27,63166.57,2025-11-12
20251112,E04,Shenzhen Sourcing,USD,171551.51,182276.43,228218.06,242485.62,2025-11-12
20251112,E05,India Services,EUR,30379.21,30379.21,43321.7,43321.7,2025-11-12
20251112,E05,India Services,INR,-3766125.55,4940179.43,19061.65,159355.03,2025-11-12
20251112,E05,India Services,USD,-62956.94,75400.04,-83752.75,100306.03,2025-11-12
20251112,E06,Germany GmbH,EUR,-200430.16,724611.88,-199179.37,832224.59,2025-11-12
20251112,E06,Germany GmbH,USD,-829553.1,988956.72,-1103569.42,1315626.92,2025-11-12
20251112,E07,Germany Sales Office,EUR,68063.86,109964.22,87766.91,147518.13,2025-11-12
20251112,E08,Netherlands BV,EUR,-2024450.49,2187863.27,-661371.47,913744.21,2025-11-12
20251112,E08,Netherlands BV,USD,10664.7,12424.98,14187.44,16529.18,2025-11-12
20251112,E09,UK Ltd,GBP,-344141.82,408793.88,-291511.11,403943.05,2025-11-12
20251112,E09,UK Ltd,USD,1668.05,19297.75,2219.04,25672.14,2025-11-12
20251112,E10,US Inc,EUR,133850.24,133850.24,190874.59,190874.59,2025-11-12
20251112,E10,US Inc,USD,576350.5,579683.18,755754.13,760187.05,2025-11-12
20251112,E11,US West Distribution,USD,160573.47,162065.63,210714.4,212699.38,2025-11-12
20251113,E01,Group Treasury HQ,SGD,-430042.56,430042.56,-95088.4,95088.4,2025-11-13
20251113,E01,Group Treasury HQ,USD,-134328.36,134328.36,-178484.1,178484.1,2025-11-13
20251113,E02,SG Operations,SGD,-1753013.39,1915316.11,-366557.0,595944.54,2025-11-13
20251113,E02,SG Operations,USD,-28508.81,33843.91,-37880.09,44968.91,2025-11-13
20251113,E03,Shanghai Mfg,CNY,-3646667.43,4538090.13,-679049.58,845042.3,2025-11-13
20251113,E03,Shanghai Mfg,EUR,-12612.53,12612.53,-17970.75,17970.75,2025-11-13
20251113,E03,Shanghai Mfg,USD,-31105.23,31105.23,-41280.75,41280.75,2025-11-13
20251113,E04,Shenzhen Sourcing,CNY,-7969823.77,8305555.85,-1493645.5,1559118.72,2025-11-13
20251113,E04,Shenzhen Sourcing,USD,13843.3,13843.3,18393.8,18393.8,2025-11-13
20251113,E05,India Services,INR,-13627487.04,13627487.04,-364299.72,364299.72,2025-11-13
20251113,E05,India Services,USD,-18809.72,24289.66,-24992.76,32274.04,2025-11-13
20251113,E06,Germany GmbH,EUR,-72880.63,72880.63,-103842.74,103842.74,2025-11-13
20251113,E06,Germany GmbH,USD,-15915.31,15915.31,-21146.91,21146.91,2025-11-13
20251113,E07,Germany Sales Office,EUR,-89052.85,89052.85,-126885.45,126885.45,2025-11-13
20251113,E07,Germany Sales Office,USD,134328.36,134328.36,178484.1,178484.1,2025-11-13
20251113,E08,Netherlands BV,EUR,-143075.41,143075.41,-203858.56,203858.56,2025-11-13
20251113,E08,Netherlands BV,USD,25747.38,27204.42,34210.93,36146.93,2025-11-13
20251113,E09,UK Ltd,EUR,-17617.04,17617.04,-25101.34,25101.34,2025-11-13
20251113,E09,UK Ltd,GBP,-418437.26,422233.64,-98516.53,105113.03,2025-11-13
20251113,E09,UK Ltd,USD,31363.59,34258.45,41675.69,45517.29,2025-11-13
20251113,E10,US Inc,EUR,-25910.08,25910.08,-36917.54,36917.54,2025-11-13
20251113,E10,US Inc,USD,-1671222.92,2517572.72,-412719.85,1537277.53,2025-11-13
20251113,E11,US West Distribution,USD,-49381.93,326251.31,139956.4,227924.1,2025-11-13
20251114,E01,Group Treasury HQ,EUR,-196551.72,196551.72,-280587.02,280587.02,2025-11-14
20251114,E01,Group Treasury HQ,SGD,-26509.96,32811.5,-26509.96,32811.5,2025-11-14
20251114,E02,SG Operations,SGD,-147682.56,191666.4,-145417.82,193931.14,2025-11-14
20251114,E03,Shanghai Mfg,CNY,9434.95,2682806.19,1757.86,499744.76,2025-11-14
20251114,E03,Shanghai Mfg,EUR,-48879.46,48879.46,-69777.78,69777.78,2025-11-14
20251114,E04,Shenzhen Sourcing,CNY,184703.94,594210.0,34406.09,110687.65,2025-11-14
20251114,E04,Shenzhen Sourcing,USD,193647.13,214863.21,256977.49,285132.07,2025-11-14
20251114,E05,India Services,INR,1511871.95,1846491.07,24316.41,29699.51,2025-11-14
20251114,E05,India Services,USD,86691.45,113009.35,115043.03,149967.93,2025-11-14
20251114,E06,Germany GmbH,EUR,-505849.07,898952.51,-475287.49,1036461.53,2025-11-14
20251114,E06,Germany GmbH,USD,63799.9,63799.9,84665.02,84665.02,2025-11-14
20251114,E07,Germany Sales Office,EUR,-14659.8,153517.26,-20927.58,219153.26,2025-11-14
20251114,E08,Netherlands BV,EUR,-935252.89,935252.89,-178232.13,178232.13,2025-11-14
20251114,E08,Netherlands BV,USD,11569.54,11569.54,15353.24,15353.24,2025-11-14
20251114,E09,UK Ltd,GBP,-133956.89,424070.35,91058.72,199054.74,2025-11-14
20251114,E09,UK Ltd,USD,-71264.52,111932.06,-94570.86,148538.32,2025-11-14
20251114,E10,US Inc,EUR,-39472.65,39472.65,-56349.1,56349.1,2025-11-14
20251114,E10,US Inc,USD,-207437.16,248118.56,-275277.42,329263.26,2025-11-14
20251114,E11,US West Distribution,USD,-147579.92,215028.28,-106626.57,196133.25,2025-11-14
20251116,E01,Group Treasury HQ,SGD,-15000.0,15000.0,-15000.0,15000.0,2025-11-16
20251116,E02,SG Operations,SGD,15000.0,15000.0,15000.0,15000.0,2025-11-16
20251117,E01,Group Treasury HQ,CNY,-5241935.49,5241935.49,-976142.74,976142.74,2025-11-17
20251117,E01,Group Treasury HQ,EUR,-316181.43,387266.85,-450654.02,551972.22,2025-11-17
20251117,E01,Group Treasury HQ,GBP,-287790.7,287790.7,-499179.58,499179.58,2025-11-17
20251117,E01,Group Treasury HQ,SGD,-24942.21,24942.21,-24942.21,24942.21,2025-11-17
20251117,E01,Group Treasury HQ,USD,-123134.33,123134.33,-162884.18,162884.18,2025-11-17
20251117,E02,SG Operations,SGD,-64339.14,742547.52,328126.91,512442.43,2025-11-17
20251117,E02,SG Operations,USD,614808.47,614808.47,813279.11,813279.11,2025-11-17
20251117,E03,Shanghai Mfg,CNY,2869887.75,10087792.89,549590.53,1893694.53,2025-11-17
20251117,E03,Shanghai Mfg,EUR,145249.29,145249.29,207024.11,207024.11,2025-11-17
20251117,E03,Shanghai Mfg,USD,266884.96,266884.96,353043.35,353043.35,2025-11-17
20251117,E04,Shenzhen Sourcing,CNY,3021398.24,3151124.68,565978.82,590136.22,2025-11-17
20251117,E04,Shenzhen Sourcing,USD,31061.72,31061.72,41088.97,41088.97,2025-11-17
20251117,E05,India Services,INR,20233754.69,21677113.21,336949.67,360127.13,2025-11-17
20251117,E05,India Services,USD,57758.72,57758.72,76404.22,76404.22,2025-11-17
20251117,E06,Germany GmbH,EUR,413008.86,501459.5,563090.56,689159.44,2025-11-17
20251117,E06,Germany GmbH,USD,621210.41,621210.41,821747.68,821747.68,2025-11-17
20251117,E07,Germany Sales Office,EUR,30486.41,46828.69,43452.35,66745.01,2025-11-17
20251117,E07,Germany Sales Office,USD,22910.72,22910.72,30306.69,30306.69,2025-11-17
20251117,E08,Netherlands BV,EUR,140804.31,141395.51,205833.35,206675.99,2025-11-17
20251117,E08,Netherlands BV,USD,32700.27,568686.21,43256.48,752267.8,2025-11-17
20251117,E09,UK Ltd,GBP,-391608.59,1008691.67,226358.18,843986.6,2025-11-17
20251117,E09,UK Ltd,USD,377232.56,377232.56,499009.64,499009.64,2025-11-17
20251117,E10,US Inc,EUR,41903.77,41903.77,59725.53,59725.53,2025-11-17
20251117,E10,US Inc,USD,-708580.92,1056004.18,-68280.01,562994.97,2025-11-17
20251117,E11,US West Distribution,USD,211187.2,262375.02,294455.01,362167.13,2025-11-17
20251118,E01,Group Treasury HQ,EUR,-445878.83,464465.99,-634931.9,661400.04,2025-11-18
20251118,E01,Group Treasury HQ,SGD,579749.71,583208.17,598006.47,601464.93,2025-11-18
20251118,E01,Group Treasury HQ,USD,917910.45,917910.45,1214624.08,1214624.08,2025-11-18
20251118,E02,SG Operations,SGD,-284829.29,1127809.37,-61614.56,1058708.02,2025-11-18
20251118,E02,SG Operations,USD,-812061.82,1023759.08,-1074559.99,1354688.17,2025-11-18
20251118,E03,Shanghai Mfg,CNY,336083.3,1935352.36,62603.74,360467.06,2025-11-18
20251118,E03,Shanghai Mfg,EUR,-22318.08,22318.08,-31780.97,31780.97,2025-11-18
20251118,E03,Shanghai Mfg,USD,15208.67,15208.67,20124.86,20124.86,2025-11-18
20251118,E04,Shenzhen Sourcing,CNY,258839.52,1039694.62,131126.92,435373.88,2025-11-18
20251118,E04,Shenzhen Sourcing,USD,71408.22,79274.5,94490.86,104899.9,2025-11-18
20251118,E05,India Services,EUR,4049.38,4049.38,5766.32,5766.32,2025-11-18
20251118,E05,India Services,INR,3347494.78,3439452.04,53884.62,55364.86,2025-11-18
20251118,E05,India Services,USD,34542.89,34542.89,45708.84,45708.84,2025-11-18
20251118,E06,Germany GmbH,EUR,726695.46,879014.02,1021966.1,1264565.82,2025-11-18
20251118,E06,Germany GmbH,USD,-76307.75,122665.07,-100974.15,162316.43,2025-11-18
20251118,E07,Germany Sales Office,EUR,261657.84,748519.02,341798.01,1035088.83,2025-11-18
20251118,E08,Netherlands BV,EUR,-42521.77,42521.77,-60551.06,60551.06,2025-11-18
20251118,E08,Netherlands BV,USD,37401.54,37401.54,49491.54,49491.54,2025-11-18
20251118,E09,UK Ltd,EUR,141921.71,141921.71,202096.66,202096.66,2025-11-18
20251118,E09,UK Ltd,GBP,256912.25,258681.27,256260.3,259333.22,2025-11-18
20251118,E09,UK Ltd,USD,306572.73,341409.09,405782.13,451659.17,2025-11-18
20251118,E10,US Inc,EUR,426866.25,426866.25,607857.97,607857.97,2025-11-18
20251118,E10,US Inc,USD,-321006.3,576915.74,-18934.97,357566.87,2025-11-18
20251118,E11,US West Distribution,USD,-254624.89,833414.61,285690.39,518826.47,2025-11-18
20251119,E01,Group Treasury HQ,EUR,837931.03,837931.03,1187407.77,1187407.77,2025-11-19
20251119,E01,Group Treasury HQ,SGD,-59708.19,100623.59,176.43,40738.97,2025-11-19
20251119,E01,Group Treasury HQ,USD,1152985.07,1152985.07,1518306.09,1518306.09,2025-11-19
20251119,E02,SG Operations,SGD,234107.49,348757.17,301736.74,416386.42,2025-11-19
20251119,E02,SG Operations,USD,21949.22,21949.22,28903.79,28903.79,2025-11-19
20251119,E03,Shanghai Mfg,CNY,463861.45,762189.83,86361.93,141906.75,2025-11-19
20251119,E03,Shanghai Mfg,USD,43389.95,43389.95,57137.97,57137.97,2025-11-19
20251119,E04,Shenzhen Sourcing,CNY,1201158.74,1256663.08,223634.14,233968.04,2025-11-19
20251119,E04,Shenzhen Sourcing,USD,-625663.25,873328.71,-823903.39,1150041.17,2025-11-19
20251119,E05,India Services,INR,101952934.71,102113842.99,1653126.22,1655714.74,2025-11-19
20251119,E05,India Services,USD,191464.55,191464.55,252135.1,252135.1,2025-11-19
20251119,E06,Germany GmbH,EUR,-414075.32,730158.52,-559100.9,1007013.26,2025-11-19
20251119,E06,Germany GmbH,USD,-413361.59,482307.91,-544334.38,635126.22,2025-11-19
20251119,E07,Germany Sales Office,EUR,-124971.88,256220.3,-177094.02,363082.36,2025-11-19
20251119,E07,Germany Sales Office,USD,-92051.96,92051.96,-121218.44,121218.44,2025-11-19
20251119,E08,Netherlands BV,EUR,-68422.37,68422.37,-96959.36,96959.36,2025-11-19
20251119,E08,Netherlands BV,USD,16223.36,16223.36,21363.7,21363.7,2025-11-19
20251119,E09,UK Ltd,EUR,47057.4,47057.4,66683.68,66683.68,2025-11-19
20251119,E09,UK Ltd,GBP,-102426.86,318204.22,83069.89,163461.63,2025-11-19
20251119,E09,UK Ltd,USD,108422.09,128948.87,142775.42,169806.06,2025-11-19
20251119,E10,US Inc,EUR,-523900.89,523900.89,-742404.77,742404.77,2025-11-19
20251119,E10,US Inc,USD,-2946633.18,3414529.98,-340430.04,956579.0,2025-11-19
20251119,E11,US West Distribution,USD,112101.65,345735.91,157360.46,466088.52,2025-11-19
20251120,E01,Group Treasury HQ,EUR,-1075331.38,1075331.38,-1525523.17,1525523.17,2025-11-20
20251120,E01,Group Treasury HQ,GBP,-261627.91,261627.91,-457449.07,457449.07,2025-11-20
20251120,E01,Group Treasury HQ,SGD,-458957.34,458957.34,-85534.42,85534.42,2025-11-20
20251120,E02,SG Operations,SGD,-1481688.23,1572817.35,-327270.1,418399.22,2025-11-20
20251120,E02,SG Operations,USD,8046.66,33424.58,10599.82,44030.0,2025-11-20
20251120,E03,Shanghai Mfg,CNY,-3535923.67,3535923.67,-658488.01,658488.01,2025-11-20
20251120,E03,Shanghai Mfg,EUR,-2600.25,2600.25,-3688.86,3688.86,2025-11-20
20251120,E03,Shanghai Mfg,USD,-175559.42,175559.42,-232205.42,232205.42,2025-11-20
20251120,E04,Shenzhen Sourcing,CNY,-1953513.51,4470568.51,-430682.55,913606.01,2025-11-20
20251120,E04,Shenzhen Sourcing,USD,-3290.15,3290.15,-4351.75,4351.75,2025-11-20
20251120,E05,India Services,EUR,-3884.39,3884.39,-5510.61,5510.61,2025-11-20
20251120,E05,India Services,INR,-6754759.2,6754759.2,-204704.28,204704.28,2025-11-20
20251120,E05,India Services,USD,-213293.26,213293.26,-280969.93,280969.93,2025-11-20
20251120,E06,Germany GmbH,EUR,10106.59,182120.63,7233.38,265470.52,2025-11-20
20251120,E06,Germany GmbH,USD,-33378.85,33378.85,-44065.96,44065.96,2025-11-20
20251120,E07,Germany Sales Office,EUR,-105977.15,105977.15,-150344.91,150344.91,2025-11-20
20251120,E08,Netherlands BV,EUR,395794.02,962486.58,518126.07,1413241.19,2025-11-20
20251120,E08,Netherlands BV,USD,-19475.4,50638.4,-25774.98,66825.82,2025-11-20
20251120,E09,UK Ltd,EUR,-305034.81,305034.81,-432738.85,432738.85,2025-11-20
20251120,E09,UK Ltd,GBP,215528.07,415247.85,376844.78,726049.24,2025-11-20
20251120,E09,UK Ltd,USD,9799.82,9799.82,12909.24,12909.24,2025-11-20
20251120,E10,US Inc,EUR,324084.93,462121.97,459764.38,655591.18,2025-11-20
20251120,E10,US Inc,USD,-1146517.87,1241111.13,-378457.1,503064.22,2025-11-20
20251120,E11,US West Distribution,USD,-493307.48,493307.48,-443206.2,443206.2,2025-11-20
20251121,E01,Group Treasury HQ,EUR,-165517.24,165517.24,-235159.45,235159.45,2025-11-21
20251121,E01,Group Treasury HQ,SGD,-386.28,386.28,-386.28,386.28,2025-11-21
20251121,E02,SG Operations,SGD,-510941.74,565674.36,-371386.21,447498.95,2025-11-21
20251121,E02,SG Operations,USD,-1821.75,11707.25,-2409.55,15484.71,2025-11-21
20251121,E03,Shanghai Mfg,CNY,20487.46,1112200.4,14211.77,217235.61,2025-11-21
20251121,E03,Shanghai Mfg,USD,148337.45,148337.45,196200.02,196200.02,2025-11-21
20251121,E04,Shenzhen Sourcing,CNY,1009159.39,1252793.89,187671.36,232979.56,2025-11-21
20251121,E05,India Services,INR,-2534513.49,2534513.49,-40787.92,40787.92,2025-11-21
20251121,E05,India Services,USD,-47307.55,47307.55,-62571.8,62571.8,2025-11-21
20251121,E06,Germany GmbH,EUR,-2490030.18,2862890.98,-1041905.56,1571649.42,2025-11-21
20251121,E06,Germany GmbH,USD,-128975.92,128975.92,-170591.29,170591.29,2025-11-21
20251121,E07,Germany Sales Office,EUR,-273114.63,273114.63,-345330.94,345330.94,2025-11-21
20251121,E08,Netherlands BV,EUR,-92533.91,92533.91,-18000.33,18000.33,2025-11-21
20251121,E08,Netherlands BV,USD,107005.97,107005.97,141532.52,141532.52,2025-11-21
20251121,E09,UK Ltd,GBP,-453503.47,810387.11,140886.85,483104.57,2025-11-21
20251121,E09,UK Ltd,USD,69298.36,99238.28,91658.16,131258.5,2025-11-21
20251121,E10,US Inc,EUR,-43457.66,54546.66,-61742.68,77497.44,2025-11-21
20251121,E10,US Inc,USD,-648183.58,779817.08,-268571.45,442677.83,2025-11-21
20251121,E11,US West Distribution,USD,-255757.87,295009.31,-350084.48,402000.78,2025-11-21
20251123,E01,Group Treasury HQ,SGD,-210000.0,210000.0,-210000.0,210000.0,2025-11-23
20251123,E02,SG Operations,SGD,210000.0,210000.0,210000.0,210000.0,2025-11-23
20251124,E01,Group Treasury HQ,CNY,-161290.32,161290.32,-29965.65,29965.65,2025-11-24
20251124,E01,Group Treasury HQ,EUR,-1365517.24,1365517.24,-1924528.59,1924528.59,2025-11-24
20251124,E01,Group Treasury HQ,SGD,-420378.39,420378.39,-420378.39,420378.39,2025-11-24
20251124,E02,SG Operations,SGD,283522.98,627382.32,309605.63,608397.81,2025-11-24
20251124,E02,SG Operations,USD,185261.46,188750.86,245994.62,250627.92,2025-11-24
20251124,E03,Shanghai Mfg,CNY,3537472.43,8123949.43,628657.27,1537883.29,2025-11-24
20251124,E03,Shanghai Mfg,EUR,-10888.39,10888.39,-15345.85,15345.85,2025-11-24
20251124,E03,Shanghai Mfg,USD,35311.23,54456.01,46911.87,72332.77,2025-11-24
20251124,E04,Shenzhen Sourcing,CNY,-477493.75,1182872.63,-88712.12,219762.36,2025-11-24
20251124,E04,Shenzhen Sourcing,USD,81671.67,81671.67,108445.6,108445.6,2025-11-24
20251124,E05,India Services,INR,141913368.16,141944380.2,2335519.61,2336018.11,2025-11-24
20251124,E05,India Services,USD,43852.21,43852.21,58228.02,58228.02,2025-11-24
20251124,E06,Germany GmbH,EUR,914342.17,1047160.03,1275272.09,1462462.51,2025-11-24
20251124,E06,Germany GmbH,USD,56254.07,56254.07,74695.5,74695.5,2025-11-24
20251124,E07,Germany Sales Office,EUR,4127.64,182132.3,5817.41,256693.07,2025-11-24
20251124,E07,Germany Sales Office,USD,37594.19,37594.19,49918.47,49918.47,2025-11-24
20251124,E08,Netherlands BV,EUR,572695.38,609642.24,806974.39,871390.71,2025-11-24
20251124,E08,Netherlands BV,USD,155847.89,155847.89,206938.57,206938.57,2025-11-24
20251124,E09,UK Ltd,EUR,8472.96,8472.96,11941.59,11941.59,2025-11-24
20251124,E09,UK Ltd,GBP,-182271.14,340899.64,-377794.71,536423.21,2025-11-24
20251124,E09,UK Ltd,USD,80384.17,80384.17,106736.03,106736.03,2025-11-24
20251124,E10,US Inc,EUR,217540.5,217540.5,306596.56,306596.56,2025-11-24
20251124,E10,US Inc,USD,88778.21,311565.37,117666.33,413919.51,2025-11-24
20251124,E11,US West Distribution,USD,432456.73,934262.45,875386.43,969176.49,2025-11-24
20251125,E01,Group Treasury HQ,EUR,-713793.1,713793.1,-1004771.58,1004771.58,2025-11-25
20251125,E01,Group Treasury HQ,SGD,348279.67,548908.21,431892.01,474282.31,2025-11-25
20251125,E01,Group Treasury HQ,USD,-111940.3,111940.3,-148940.04,148940.04,2025-11-25
20251125,E02,SG Operations,SGD,-1296167.74,2153128.28,-222245.27,1135478.57,2025-11-25
20251125,E02,SG Operations,USD,153015.27,161898.47,203591.55,215410.93,2025-11-25
20251125,E03,Shanghai Mfg,CNY,-590934.71,3102838.99,-110073.99,577968.89,2025-11-25
20251125,E03,Shanghai Mfg,USD,248845.57,248845.57,331124.49,331124.49,2025-11-25
20251125,E04,Shenzhen Sourcing,CNY,-422314.82,2411629.54,59531.97,587413.61,2025-11-25
20251125,E04,Shenzhen Sourcing,USD,182605.94,182605.94,242962.86,242962.86,2025-11-25
20251125,E05,India Services,EUR,-31527.93,31527.93,-44380.32,44380.32,2025-11-25
20251125,E05,India Services,INR,4216654.72,6363527.4,98247.35,132842.07,2025-11-25
20251125,E05,India Services,USD,53289.8,53289.8,70903.72,70903.72,2025-11-25
20251125,E06,Germany GmbH,EUR,925305.66,948040.96,1281696.81,1313700.17,2025-11-25
20251125,E06,Germany GmbH,USD,32060.91,32060.91,42658.04,42658.04,2025-11-25
20251125,E07,Germany Sales Office,EUR,155578.27,204362.57,218999.91,287671.17,2025-11-25
20251125,E07,Germany Sales Office,USD,97663.65,97663.65,129944.52,129944.52,2025-11-25
20251125,E08,Netherlands BV,EUR,-2418104.16,2748187.64,-367357.4,738721.38,2025-11-25
20251125,E08,Netherlands BV,USD,134870.39,134870.39,179449.23,179449.23,2025-11-25
20251125,E09,UK Ltd,GBP,40952.22,45790.7,39168.88,47574.04,2025-11-25
20251125,E09,UK Ltd,USD,127031.08,197231.86,169018.79,262423.11,2025-11-25
20251125,E10,US Inc,EUR,117307.12,473058.7,165127.51,665901.55,2025-11-25
20251125,E10,US Inc,USD,-2192832.24,2978048.76,-78215.84,1110159.96,2025-11-25
20251125,E11,US West Distribution,USD,-1129816.48,1252456.88,-228317.9,392067.7,2025-11-25
20251126,E01,Group Treasury HQ,EUR,441476.36,441476.36,617391.02,617391.02,2025-11-26
20251126,E01,Group Treasury HQ,GBP,-1787790.7,1787790.7,-3095366.51,3095366.51,2025-11-26
20251126,E01,Group Treasury HQ,SGD,-32403.86,32403.86,-32403.86,32403.86,2025-11-26
20251126,E01,Group Treasury HQ,USD,1063432.84,2048507.46,1416507.43,2728640.63,2025-11-26
20251126,E02,SG Operations,SGD,163796.26,332814.58,167675.03,336693.35,2025-11-26
20251126,E02,SG Operations,USD,41013.96,1047470.72,54631.17,1395245.67,2025-11-26
20251126,E03,Shanghai Mfg,CNY,621315.92,1841636.46,115434.88,342159.5,2025-11-26
20251126,E03,Shanghai Mfg,USD,-417482.99,439156.39,-556093.19,584962.47,2025-11-26
20251126,E04,Shenzhen Sourcing,CNY,1020981.49,1043602.23,219434.82,223637.54,2025-11-26
20251126,E04,Shenzhen Sourcing,USD,-345591.02,393214.96,-460331.43,523768.47,2025-11-26
20251126,E05,India Services,INR,-125381.6,125381.6,-2021.28,2021.28,2025-11-26
20251126,E05,India Services,USD,179335.12,179335.12,238876.89,238876.89,2025-11-26
20251126,E06,Germany GmbH,EUR,-179710.63,725610.91,-251319.73,1014744.35,2025-11-26
20251126,E06,Germany GmbH,USD,13784.8,13784.8,18361.54,18361.54,2025-11-26
20251126,E07,Germany Sales Office,EUR,30363.31,162006.41,42462.14,226560.94,2025-11-26
20251126,E07,Germany Sales Office,USD,21914.83,22754.19,29190.86,30308.9,2025-11-26
20251126,E08,Netherlands BV,EUR,-2389568.15,2792746.53,-270347.53,834179.99,2025-11-26
20251126,E08,Netherlands BV,USD,213001.25,236078.25,283720.66,314459.54,2025-11-26
20251126,E09,UK Ltd,GBP,-129318.25,3776782.39,2790192.96,3524997.26,2025-11-26
20251126,E09,UK Ltd,USD,-23703.96,116164.84,-31574.0,154733.2,2025-11-26
20251126,E10,US Inc,EUR,-484925.74,588774.12,-678153.62,823382.36,2025-11-26
20251126,E10,US Inc,USD,-645739.91,836290.53,-431673.94,685490.02,2025-11-26
20251126,E11,US West Distribution,USD,-838230.49,1078911.11,-1117622.27,1438212.23,2025-11-26
20251127,E01,Group Treasury HQ,SGD,-1089385.51,1089385.51,-202741.19,202741.19,2025-11-27
20251127,E02,SG Operations,SGD,-1817028.25,1966101.63,-279988.39,429061.77,2025-11-27
20251127,E02,SG Operations,USD,-924.5,10644.02,-1231.74,14181.36,2025-11-27
20251127,E03,Shanghai Mfg,CNY,-2147387.03,2803835.39,-399641.59,521810.57,2025-11-27
20251127,E03,Shanghai Mfg,EUR,-165288.28,165288.28,-231144.59,231144.59,2025-11-27
20251127,E03,Shanghai Mfg,USD,-419.11,419.11,-558.39,558.39,2025-11-27
20251127,E04,Shenzhen Sourcing,CNY,-3949930.61,3949930.61,-767266.91,767266.91,2025-11-27
20251127,E04,Shenzhen Sourcing,USD,-12536.44,34146.28,-16702.69,45494.15,2025-11-27
20251127,E05,India Services,EUR,-20183.67,20183.67,-28225.51,28225.51,2025-11-27
20251127,E05,India Services,INR,-4359099.91,7480056.89,60177.59,285458.91,2025-11-27
20251127,E05,India Services,USD,104163.02,104163.02,138779.62,138779.62,2025-11-27
20251127,E06,Germany GmbH,EUR,-46529.28,46529.28,-80654.73,80654.73,2025-11-27
20251127,E06,Germany GmbH,USD,3877.21,3877.21,5165.73,5165.73,2025-11-27
20251127,E07,Germany Sales Office,EUR,35006.38,79093.16,48954.07,110606.49,2025-11-27
20251127,E07,Germany Sales Office,USD,-5574.85,31067.27,-7433.94,41398.28,2025-11-27
20251127,E08,Netherlands BV,EUR,-1857090.0,1857090.0,-598238.06,598238.06,2025-11-27
20251127,E08,Netherlands BV,USD,-243298.32,243298.32,-324153.89,324153.89,2025-11-27
20251127,E09,UK Ltd,EUR,2501.34,28374.36,3497.96,39679.64,2025-11-27
20251127,E09,UK Ltd,GBP,-714197.86,714197.86,-192744.74,192744.74,2025-11-27
20251127,E09,UK Ltd,USD,-11828.57,11828.57,-15759.57,15759.57,2025-11-27
20251127,E10,US Inc,USD,-32182.4,32182.4,-5989.34,5989.34,2025-11-27
20251128,E01,Group Treasury HQ,EUR,-186206.9,186206.9,-262468.86,262468.86,2025-11-28
20251128,E01,Group Treasury HQ,SGD,-131.51,131.51,-131.51,131.51,2025-11-28
20251128,E02,SG Operations,SGD,-415616.43,423363.55,-297801.37,305548.49,2025-11-28
20251128,E02,SG Operations,USD,-74615.67,83961.69,-99496.57,111959.05,2025-11-28
20251128,E03,Shanghai Mfg,CNY,470097.65,509835.19,87620.1,95026.64,2025-11-28
20251128,E03,Shanghai Mfg,EUR,-1541.98,1541.98,-2173.51,2173.51,2025-11-28
20251128,E03,Shanghai Mfg,USD,-147941.13,147941.13,-197272.69,197272.69,2025-11-28
20251128,E04,Shenzhen Sourcing,CNY,-467498.84,481626.26,-81388.57,95515.99,2025-11-28
20251128,E05,India Services,INR,14514819.51,20456198.27,234791.72,330899.46,2025-11-28
20251128,E06,Germany GmbH,EUR,-5940550.48,6353287.42,-2047141.06,2628916.46,2025-11-28
20251128,E06,Germany GmbH,USD,-109761.08,197833.84,-146361.35,263802.31,2025-11-28
20251128,E07,Germany Sales Office,EUR,-256725.29,256725.29,-361868.41,361868.41,2025-11-28
20251128,E08,Netherlands BV,EUR,-2145253.53,2145253.53,-419264.91,419264.91,2025-11-28
20251128,E08,Netherlands BV,USD,67657.37,67657.37,90217.99,90217.99,2025-11-28
20251128,E09,UK Ltd,GBP,-1213930.73,1251115.05,-352107.92,410002.04,2025-11-28
20251128,E09,UK Ltd,USD,182225.62,194349.66,242989.48,259156.32,2025-11-28
20251128,E10,US Inc,USD,38022.59,51027.07,50701.39,68042.25,2025-11-28
20251128,E11,US West Distribution,USD,58455.83,98003.71,78288.35,131023.63,2025-11-28
20251130,E01,Group Treasury HQ,SGD,-270000.0,270000.0,-270000.0,270000.0,2025-11-30
20251130,E02,SG Operations,SGD,270000.0,270000.0,270000.0,270000.0,2025-11-30
20251201,E01,Group Treasury HQ,CNY,-2500000.0,2500000.0,-466445.0,466445.0,2025-12-01
20251201,E01,Group Treasury HQ,EUR,-258620.69,258620.69,-363030.78,363030.78,2025-12-01
20251201,E01,Group Treasury HQ,SGD,-276961.82,415006.44,-254526.28,437441.98,2025-12-01
20251201,E01,Group Treasury HQ,USD,-179104.48,179104.48,-239052.72,239052.72,2025-12-01
20251201,E02,SG Operations,SGD,-70872.41,1018401.19,383173.72,622620.92,2025-12-01
20251201,E02,SG Operations,USD,-52651.07,631642.91,-68647.18,841294.1,2025-12-01
20251201,E03,Shanghai Mfg,CNY,4434551.59,4997588.15,893632.33,998682.57,2025-12-01
20251201,E03,Shanghai Mfg,USD,57279.32,66868.82,76451.34,89250.56,2025-12-01
20251201,E04,Shenzhen Sourcing,CNY,3240026.31,3344308.87,648503.1,667959.92,2025-12-01
20251201,E04,Shenzhen Sourcing,USD,109324.97,109324.97,145782.37,145782.37,2025-12-01
20251201,E05,India Services,EUR,38438.82,38438.82,53957.3,53957.3,2025-12-01
20251201,E05,India Services,INR,35649150.01,35946285.71,587722.31,592502.95,2025-12-01
20251201,E05,India Services,USD,15144.95,15144.95,20214.13,20214.13,2025-12-01
20251201,E06,Germany GmbH,EUR,146873.5,154437.24,206169.13,216786.49,2025-12-01
20251201,E06,Germany GmbH,USD,216319.2,216319.2,288723.64,288723.64,2025-12-01
20251201,E07,Germany Sales Office,EUR,6491.05,6881.97,9111.61,9660.35,2025-12-01
20251201,E07,Germany Sales Office,USD,225367.94,225367.94,300801.07,300801.07,2025-12-01
20251201,E08,Netherlands BV,EUR,323056.78,326394.08,470481.38,475166.02,2025-12-01
20251201,E08,Netherlands BV,USD,1017658.96,1017658.96,1358280.6,1358280.6,2025-12-01
20251201,E09,UK Ltd,EUR,93352.11,116391.19,131040.12,163380.52,2025-12-01
20251201,E09,UK Ltd,GBP,-1750100.57,1764197.07,-3034713.44,3048809.94,2025-12-01
20251201,E09,UK Ltd,USD,298910.62,298910.62,398959.28,398959.28,2025-12-01
20251201,E10,US Inc,EUR,434670.2,434670.2,610154.82,610154.82,2025-12-01
20251201,E10,US Inc,USD,113150.14,209471.98,151025.88,279581.4,2025-12-01
20251201,E11,US West Distribution,USD,467711.57,508215.57,633276.57,687336.69,2025-12-01
20251202,E01,Group Treasury HQ,EUR,-651724.14,651724.14,-915695.22,915695.22,2025-12-02
20251202,E01,Group Treasury HQ,SGD,555554.31,1629207.91,1020976.35,1221414.07,2025-12-02
20251202,E01,Group Treasury HQ,USD,481343.28,481343.28,640067.19,640067.19,2025-12-02
20251202,E02,SG Operations,SGD,-626095.9,2389518.48,-94013.0,2115282.06,2025-12-02
20251202,E02,SG Operations,USD,-285639.61,765884.95,-379829.83,1018437.05,2025-12-02
20251202,E03,Shanghai Mfg,CNY,874713.84,2315990.2,148968.7,446030.56,2025-12-02
20251202,E03,Shanghai Mfg,EUR,86705.09,105554.35,121823.67,148307.55,2025-12-02
20251202,E03,Shanghai Mfg,USD,192539.23,204770.43,256029.43,272293.89,2025-12-02
20251202,E04,Shenzhen Sourcing,CNY,-121195.87,840971.99,-22600.48,156823.6,2025-12-02
20251202,E04,Shenzhen Sourcing,USD,3829.23,3829.23,5091.93,5091.93,2025-12-02
20251202,E05,India Services,EUR,41679.43,41679.43,58561.06,58561.06,2025-12-02
20251202,E05,India Services,INR,30617607.99,30688200.77,493525.23,494663.11,2025-12-02
20251202,E05,India Services,USD,3428.52,22802.94,4559.08,30322.26,2025-12-02
20251202,E06,Germany GmbH,EUR,967321.87,1027257.83,1350295.88,1434508.02,2025-12-02
20251202,E06,Germany GmbH,USD,72993.8,72993.8,97063.65,97063.65,2025-12-02
20251202,E07,Germany Sales Office,EUR,309461.9,447692.66,434804.8,629023.86,2025-12-02
20251202,E08,Netherlands BV,EUR,-5370.9,69417.3,-15905.45,107822.33,2025-12-02
20251202,E08,Netherlands BV,USD,946269.17,960010.97,1258335.75,1276544.09,2025-12-02
20251202,E09,UK Ltd,GBP,-24279.22,37840.54,-42104.01,65621.49,2025-12-02
20251202,E09,UK Ltd,USD,-38865.92,38865.92,-51682.03,51682.03,2025-12-02
20251202,E10,US Inc,EUR,14486.85,14486.85,20354.53,20354.53,2025-12-02
20251202,E10,US Inc,USD,82416.18,864145.06,534483.12,724208.6,2025-12-02
20251202,E11,US West Distribution,USD,600540.17,656362.47,842091.59,899864.03,2025-12-02
20251203,E01,Group Treasury HQ,EUR,103448.27,724137.93,145782.21,1020475.45,2025-12-03
20251203,E01,Group Treasury HQ,SGD,173385.41,336346.41,229781.35,445630.13,2025-12-03
20251203,E01,Group Treasury HQ,USD,1253731.34,1253731.34,1661235.41,1661235.41,2025-12-03
20251203,E02,SG Operations,SGD,227104.16,320880.66,312944.74,406721.24,2025-12-03
20251203,E02,SG Operations,USD,165573.15,165573.15,219389.89,219389.89,2025-12-03
20251203,E03,Shanghai Mfg,CNY,297525.69,485023.03,249449.51,284299.27,2025-12-03
20251203,E03,Shanghai Mfg,USD,-201492.54,201492.54,-266984.26,266984.26,2025-12-03
20251203,E04,Shenzhen Sourcing,CNY,-573715.47,864717.61,-38710.9,228647.76,2025-12-03
20251203,E04,Shenzhen Sourcing,USD,-9537.08,60836.28,-12636.94,80610.08,2025-12-03
20251203,E05,India Services,EUR,19680.88,19680.88,27734.85,27734.85,2025-12-03
20251203,E05,India Services,INR,1305643.65,23201457.67,20950.36,372290.6,2025-12-03
20251203,E05,India Services,USD,326607.81,326607.81,432766.12,432766.12,2025-12-03
20251203,E06,Germany GmbH,EUR,105997.76,1014020.22,155386.67,1422974.03,2025-12-03
20251203,E06,Germany GmbH,USD,-99970.02,1064209.08,-132463.59,1410112.15,2025-12-03
20251203,E07,Germany Sales Office,EUR,21585.28,28251.3,30418.58,39812.54,2025-12-03
20251203,E07,Germany Sales Office,USD,8475.69,8475.69,11230.57,11230.57,2025-12-03
20251203,E08,Netherlands BV,EUR,-70409.67,77412.35,-99223.25,109091.63,2025-12-03
20251203,E08,Netherlands BV,USD,-85683.76,292084.88,-113533.81,387022.11,2025-12-03
20251203,E09,UK Ltd,EUR,26243.76,26243.76,36983.44,36983.44,2025-12-03
20251203,E09,UK Ltd,GBP,218465.05,230498.15,382937.64,397859.64,2025-12-03
20251203,E09,UK Ltd,USD,84053.61,145209.53,111373.8,192407.42,2025-12-03
20251203,E10,US Inc,EUR,-597195.41,616957.83,-841584.5,869434.26,2025-12-03
20251203,E10,US Inc,USD,-170579.09,489862.17,-25748.1,448808.7,2025-12-03
20251203,E11,US West Distribution,USD,-374822.92,570411.7,-495104.86,757336.06,2025-12-03
20251204,E01,Group Treasury HQ,EUR,-134482.76,134482.76,-189376.74,189376.74,2025-12-04
20251204,E01,Group Treasury HQ,SGD,-491942.06,788232.24,57502.46,331837.36,2025-12-04
20251204,E02,SG Operations,SGD,-2064342.7,2357902.64,-287718.63,640751.51,2025-12-04
20251204,E02,SG Operations,USD,-7513.93,19760.53,-9873.68,25966.3,2025-12-04
20251204,E03,Shanghai Mfg,CNY,-2223439.66,2223439.66,-414051.16,414051.16,2025-12-04
20251204,E03,Shanghai Mfg,USD,-64429.95,64429.95,-84717.3,84717.3,2025-12-04
20251204,E04,Shenzhen Sourcing,CNY,-3045561.97,3045561.97,-875707.87,875707.87,2025-12-04
20251204,E05,India Services,INR,-15191868.25,17708916.55,-243647.18,284015.6,2025-12-04
20251204,E05,India Services,USD,37088.2,66179.84,48735.71,86963.55,2025-12-04
20251204,E06,Germany GmbH,EUR,-40940.63,40940.63,-70263.85,70263.85,2025-12-04
20251204,E06,Germany GmbH,USD,-89208.93,89208.93,-117234.17,117234.17,2025-12-04
20251204,E07,Germany Sales Office,EUR,26259.24,26729.5,32771.34,33433.54,2025-12-04
20251204,E07,Germany Sales Office,USD,-64645.03,83056.05,-84946.74,109139.72,2025-12-04
20251204,E08,Netherlands BV,EUR,-471169.82,740135.34,-716075.0,1094828.48,2025-12-04
20251204,E08,Netherlands BV,USD,4934.29,4934.29,6483.89,6483.89,2025-12-04
20251204,E09,UK Ltd,EUR,-43189.12,43189.12,-60818.32,60818.32,2025-12-04
20251204,E09,UK Ltd,GBP,-14695.52,23292.76,-25595.19,40569.01,2025-12-04
20251204,E09,UK Ltd,USD,-101616.25,183288.75,-133742.37,241064.03,2025-12-04
20251204,E10,US Inc,EUR,232358.8,258319.8,327204.41,363762.33,2025-12-04
20251204,E10,US Inc,USD,-838920.62,1555389.48,246725.57,694749.61,2025-12-04
20251204,E11,US West Distribution,USD,-74900.55,99385.67,-95301.14,127475.78,2025-12-04
20251205,E01,Group Treasury HQ,EUR,-530300.0,530300.0,-747997.17,747997.17,2025-12-05
20251205,E01,Group Treasury HQ,SGD,-484533.72,484533.72,-561579.73,561579.73,2025-12-05
20251205,E02,SG Operations,SGD,-1354359.66,1703766.26,-386575.96,735982.56,2025-12-05
20251205,E02,SG Operations,USD,128356.27,128356.27,168944.19,168944.19,2025-12-05
20251205,E03,Shanghai Mfg,CNY,146377.61,173044.79,27261.21,32227.69,2025-12-05
20251205,E04,Shenzhen Sourcing,CNY,-1010006.55,1351617.35,-160827.09,278999.39,2025-12-05
20251205,E04,Shenzhen Sourcing,USD,5723.9,5723.9,7533.87,7533.87,2025-12-05
20251205,E05,India Services,INR,2097640.88,2286966.36,43835.27,46867.89,2025-12-05
20251205,E05,India Services,USD,69047.7,76066.1,90881.48,100119.18,2025-12-05
20251205,E06,Germany GmbH,EUR,-178361.57,1238961.57,-232187.07,1728181.41,2025-12-05
20251205,E06,Germany GmbH,USD,-151032.14,151032.14,-198790.47,198790.47,2025-12-05
20251205,E07,Germany Sales Office,EUR,-419199.14,419199.14,-431794.87,431794.87,2025-12-05
20251205,E07,Germany Sales Office,USD,-81066.71,81066.71,-106701.06,106701.06,2025-12-05
20251205,E08,Netherlands BV,EUR,-2261363.78,2261363.78,-656675.84,656675.84,2025-12-05
20251205,E08,Netherlands BV,USD,182983.48,300422.72,240845.24,395420.3,2025-12-05
20251205,E09,UK Ltd,GBP,-42436.22,100392.1,-13490.7,115239.9,2025-12-05
20251205,E09,UK Ltd,USD,132532.26,132532.26,174440.68,174440.68,2025-12-05
20251205,E10,US Inc,EUR,-53018.85,92938.77,-74783.99,131091.71,2025-12-05
20251205,E10,US Inc,USD,-1130626.16,1181247.84,-629896.49,707244.71,2025-12-05
20251205,E11,US West Distribution,USD,-168324.47,211724.39,-223222.32,284438.64,2025-12-05
20251207,E01,Group Treasury HQ,SGD,-750000.0,750000.0,-750000.0,750000.0,2025-12-07
20251207,E02,SG Operations,SGD,750000.0,750000.0,750000.0,750000.0,2025-12-07
20251208,E01,Group Treasury HQ,CNY,-3870967.74,3870967.74,-720437.42,720437.42,2025-12-08
20251208,E01,Group Treasury HQ,EUR,-161454.35,213352.55,-228526.03,301983.89,2025-12-08
20251208,E01,Group Treasury HQ,SGD,-78330.09,97671.61,-98428.71,123918.29,2025-12-08
20251208,E02,SG Operations,SGD,1679164.58,1685123.12,1711798.22,1717756.76,2025-12-08
20251208,E02,SG Operations,USD,543374.31,543374.31,716096.16,716096.16,2025-12-08
20251208,E03,Shanghai Mfg,CNY,2867709.18,3006744.58,533717.94,559594.28,2025-12-08
20251208,E03,Shanghai Mfg,USD,78979.32,78979.32,104084.4,104084.4,2025-12-08
20251208,E04,Shenzhen Sourcing,CNY,5949894.07,5968460.13,1354310.15,1357765.55,2025-12-08
20251208,E04,Shenzhen Sourcing,USD,47381.03,47381.03,62441.99,62441.99,2025-12-08
20251208,E05,India Services,EUR,9166.93,9166.93,12975.07,12975.07,2025-12-08
20251208,E05,India Services,INR,9608193.0,10009437.72,153990.5,160421.26,2025-12-08
20251208,E05,India Services,USD,48028.08,48028.08,63294.72,63294.72,2025-12-08
20251208,E06,Germany GmbH,EUR,-501589.1,743760.78,-724892.55,1037803.07,2025-12-08
20251208,E06,Germany GmbH,USD,103416.52,103416.52,136289.43,136289.43,2025-12-08
20251208,E07,Germany Sales Office,EUR,-20081.93,208608.61,-28424.42,295269.22,2025-12-08
20251208,E07,Germany Sales Office,USD,16947.19,16947.19,22334.18,22334.18,2025-12-08
20251208,E08,Netherlands BV,EUR,196080.1,208508.48,277536.08,295127.5,2025-12-08
20251208,E08,Netherlands BV,USD,77941.96,77941.96,102717.31,102717.31,2025-12-08
20251208,E09,UK Ltd,GBP,-105468.06,142197.86,-198576.2,235306.0,2025-12-08
20251208,E09,UK Ltd,USD,163081.82,163081.82,214920.47,214920.47,2025-12-08
20251208,E10,US Inc,EUR,86968.12,86968.12,123096.59,123096.59,2025-12-08
20251208,E10,US Inc,USD,427552.68,637547.2,568540.89,845285.25,2025-12-08
20251208,E11,US West Distribution,USD,294364.05,304961.29,393260.45,407223.39,2025-12-08
20251209,E01,Group Treasury HQ,EUR,18889.22,18889.22,26645.61,26645.61,2025-12-09
20251209,E01,Group Treasury HQ,SGD,1216461.39,2149361.77,1596369.04,1771283.34,2025-12-09
20251209,E01,Group Treasury HQ,USD,906716.42,906716.42,1191540.53,1191540.53,2025-12-09
20251209,E02,SG Operations,SGD,-2143344.67,2744520.23,-1554281.52,2348590.32,2025-12-09
20251209,E02,SG Operations,USD,-843815.13,985176.65,-1108880.25,1294647.23,2025-12-09
20251209,E03,Shanghai Mfg,CNY,-898856.0,2389060.52,-150697.31,460684.21,2025-12-09
20251209,E03,Shanghai Mfg,EUR,-114975.96,114975.96,-162187.96,162187.96,2025-12-09
20251209,E03,Shanghai Mfg,USD,54875.52,155111.02,71697.97,203420.15,2025-12-09
20251209,E04,Shenzhen Sourcing,CNY,-569841.83,989040.73,-109338.97,187288.17,2025-12-09
20251209,E04,Shenzhen Sourcing,USD,464139.18,464139.18,609937.83,609937.83,2025-12-09
20251209,E05,India Services,EUR,-9010.96,9010.96,-12711.09,12711.09,2025-12-09
20251209,E05,India Services,INR,3561470.63,15371294.41,52289.12,250483.66,2025-12-09
20251209,E05,India Services,USD,145848.69,145848.69,191663.7,191663.7,2025-12-09
20251209,E06,Germany GmbH,EUR,70176.17,166668.23,98992.26,235106.38,2025-12-09
20251209,E06,Germany GmbH,USD,54709.93,54709.93,71895.79,71895.79,2025-12-09
20251209,E07,Germany Sales Office,EUR,509492.39,510945.37,718702.7,720752.32,2025-12-09
20251209,E07,Germany Sales Office,USD,58284.74,82835.18,76658.7,108790.8,2025-12-09
20251209,E08,Netherlands BV,EUR,77418.52,313276.42,41807.0,374514.06,2025-12-09
20251209,E08,Netherlands BV,USD,242016.37,272305.57,318040.23,357844.09,2025-12-09
20251209,E09,UK Ltd,EUR,49908.42,53890.2,70402.06,76018.86,2025-12-09
20251209,E09,UK Ltd,GBP,-630.02,630.02,-1100.77,1100.77,2025-12-09
20251209,E09,UK Ltd,USD,265795.67,265795.67,349289.25,349289.25,2025-12-09
20251209,E10,US Inc,EUR,102582.86,102582.86,144705.95,144705.95,2025-12-09
20251209,E10,US Inc,USD,-470118.17,1233892.03,-28023.3,1008406.42,2025-12-09
20251209,E11,US West Distribution,USD,907309.06,913161.98,1182177.58,1189848.16,2025-12-09
20251210,E01,Group Treasury HQ,EUR,900000.0,900000.0,1271401.2,1271401.2,2025-12-10
20251210,E01,Group Treasury HQ,GBP,-165697.67,165697.67,-287230.29,287230.29,2025-12-10
20251210,E01,Group Treasury HQ,SGD,-146613.8,154451.9,-145403.52,155662.18,2025-12-10
20251210,E01,Group Treasury HQ,USD,1645522.39,1645522.39,2153692.61,2153692.61,2025-12-10
20251210,E02,SG Operations,SGD,196606.59,532075.21,280702.61,498361.39,2025-12-10
20251210,E02,SG Operations,USD,9263.12,9263.12,12076.03,12076.03,2025-12-10
20251210,E03,Shanghai Mfg,CNY,-911417.13,2884330.91,-214783.31,581360.57,2025-12-10
20251210,E03,Shanghai Mfg,USD,8570.54,8570.54,11217.29,11217.29,2025-12-10
20251210,E04,Shenzhen Sourcing,CNY,88813.43,521151.85,36366.2,116696.86,2025-12-10
20251210,E04,Shenzhen Sourcing,USD,-649253.73,649253.73,-849756.27,849756.27,2025-12-10
20251210,E05,India Services,INR,16339556.61,27959735.71,261285.86,447104.14,2025-12-10
20251210,E05,India Services,USD,87066.67,87066.67,113954.6,113954.6,2025-12-10
20251210,E06,Germany GmbH,EUR,421231.96,1395092.16,613546.88,1989287.98,2025-12-10
20251210,E06,Germany GmbH,USD,73236.2,73236.2,95853.0,95853.0,2025-12-10
20251210,E07,Germany Sales Office,EUR,20833.7,256878.34,29431.11,362883.81,2025-12-10
20251210,E08,Netherlands BV,EUR,-50791.81,64658.79,-71751.96,91341.4,2025-12-10
20251210,E08,Netherlands BV,USD,-6569.48,12617.84,-8598.26,16514.48,2025-12-10
20251210,E09,UK Ltd,EUR,91629.97,91629.97,129442.73,129442.73,2025-12-10
20251210,E09,UK Ltd,GBP,3723.31,339733.93,251270.23,344099.17,2025-12-10
20251210,E09,UK Ltd,USD,103790.96,200232.9,135843.69,262068.83,2025-12-10
20251210,E10,US Inc,EUR,-429467.55,522256.59,-606695.07,737775.17,2025-12-10
20251210,E10,US Inc,USD,-272774.8,344603.5,-55674.61,152501.57,2025-12-10
20251210,E11,US West Distribution,USD,-1520624.14,1718149.4,-1370566.32,1629091.32,2025-12-10
20251211,E01,Group Treasury HQ,EUR,-8912.48,8912.48,-12608.85,12608.85,2025-12-11
20251211,E01,Group Treasury HQ,SGD,-496375.59,656607.63,-54137.72,218147.54,2025-12-11
20251211,E01,Group Treasury HQ,USD,-44776.12,44776.12,-58373.19,58373.19,2025-12-11
20251211,E02,SG Operations,SGD,-5064501.51,6142372.99,-308490.26,1793449.04,2025-12-11
20251211,E02,SG Operations,USD,-4001.54,4001.54,-5216.68,5216.68,2025-12-11
20251211,E03,Shanghai Mfg,CNY,-5891527.62,7355105.8,-1113661.96,1386244.62,2025-12-11
20251211,E03,Shanghai Mfg,USD,323744.65,448123.07,420269.44,582417.6,2025-12-11
20251211,E04,Shenzhen Sourcing,CNY,-2236522.15,3947297.09,-422918.88,741540.44,2025-12-11
20251211,E04,Shenzhen Sourcing,USD,16634.72,44334.94,21745.51,57738.69,2025-12-11
20251211,E05,India Services,EUR,13692.16,13692.16,19370.86,19370.86,2025-12-11
20251211,E05,India Services,INR,-9399416.27,14264601.07,-247842.13,325651.03,2025-12-11
20251211,E05,India Services,USD,115513.65,115513.65,150591.45,150591.45,2025-12-11
20251211,E06,Germany GmbH,EUR,2510.3,112329.3,-7498.18,169966.48,2025-12-11
20251211,E06,Germany GmbH,USD,30755.27,30755.27,40094.66,40094.66,2025-12-11
20251211,E07,Germany Sales Office,EUR,-58886.09,70706.01,-83812.44,100534.58,2025-12-11
20251211,E07,Germany Sales Office,USD,44606.45,51370.07,58152.0,66969.52,2025-12-11
20251211,E08,Netherlands BV,EUR,-228361.71,256782.71,-75178.16,115386.52,2025-12-11
20251211,E08,Netherlands BV,USD,-176012.62,217966.4,-229420.14,284113.94,2025-12-11
20251211,E09,UK Ltd,EUR,-318634.73,318634.73,-450785.61,450785.61,2025-12-11
20251211,E09,UK Ltd,GBP,28456.47,90299.95,12580.02,119423.9,2025-12-11
20251211,E09,UK Ltd,USD,-21749.69,21749.69,-28354.37,28354.37,2025-12-11
20251211,E10,US Inc,EUR,120521.51,120521.51,170506.72,170506.72,2025-12-11
20251211,E10,US Inc,USD,-1359863.25,1551646.97,-332605.21,582627.51,2025-12-11
20251211,E11,US West Distribution,USD,22210.32,67341.92,26963.95,89782.43,2025-12-11
20251212,E01,Group Treasury HQ,SGD,40498.69,59770.35,40498.69,59770.35,2025-12-12
20251212,E02,SG Operations,SGD,-972401.07,1086358.11,-258648.88,372605.92,2025-12-12
20251212,E02,SG Operations,USD,750.93,750.93,975.49,975.49,2025-12-12
20251212,E03,Shanghai Mfg,CNY,218661.42,538128.16,40676.71,100105.83,2025-12-12
20251212,E04,Shenzhen Sourcing,CNY,-47157.01,1094022.81,-8772.42,203516.68,2025-12-12
20251212,E05,India Services,INR,8903124.44,9086247.72,141817.88,144734.84,2025-12-12
20251212,E06,Germany GmbH,EUR,-365273.89,571184.87,-389884.32,698335.28,2025-12-12
20251212,E07,Germany Sales Office,EUR,-111332.92,140134.34,-158374.29,199345.15,2025-12-12
20251212,E07,Germany Sales Office,USD,4702.45,4702.45,6108.67,6108.67,2025-12-12
20251212,E08,Netherlands BV,EUR,-418528.36,432096.0,-102220.45,121520.81,2025-12-12
20251212,E08,Netherlands BV,USD,318115.08,318115.08,413244.21,413244.21,2025-12-12
20251212,E09,UK Ltd,GBP,-503721.53,602963.07,-87820.64,198102.28,2025-12-12
20251212,E09,UK Ltd,USD,-319919.82,339021.32,-415588.64,440402.26,2025-12-12
20251212,E10,US Inc,EUR,-51906.35,51906.35,-73838.29,73838.29,2025-12-12
20251212,E10,US Inc,USD,-620899.11,1077743.57,17707.73,575751.49,2025-12-12
20251212,E11,US West Distribution,USD,-86901.48,212344.22,-105757.4,284203.34,2025-12-12
20251214,E08,Netherlands BV,USD,7314.57,7314.57,9476.21,9476.21,2025-12-14
20251215,E01,Group Treasury HQ,CNY,-161290.32,161290.32,-29962.1,29962.1,2025-12-15
20251215,E01,Group Treasury HQ,GBP,-209302.33,209302.33,-361700.79,361700.79,2025-12-15
20251215,E01,Group Treasury HQ,SGD,-35951.33,36106.43,-35928.41,36129.35,2025-12-15
20251215,E02,SG Operations,SGD,249095.27,279386.21,316520.66,346811.6,2025-12-15
20251215,E02,SG Operations,USD,299480.77,299480.77,388001.99,388001.99,2025-12-15
20251215,E03,Shanghai Mfg,CNY,7547814.34,7884196.44,1411797.34,1474285.36,2025-12-15
20251215,E03,Shanghai Mfg,USD,69406.24,173262.92,90067.71,224616.63,2025-12-15
20251215,E04,Shenzhen Sourcing,CNY,2683379.55,2940497.11,519825.04,595362.56,2025-12-15
20251215,E04,Shenzhen Sourcing,USD,13735.26,13735.26,17794.38,17794.38,2025-12-15
20251215,E05,India Services,INR,21141079.89,22581860.99,337432.8,360429.08,2025-12-15
20251215,E05,India Services,USD,329183.51,329183.51,427075.78,427075.78,2025-12-15
20251215,E06,Germany GmbH,EUR,-72670.25,181652.55,-103503.16,258725.02,2025-12-15
20251215,E06,Germany GmbH,USD,418851.04,491162.02,542522.02,636422.62,2025-12-15
20251215,E07,Germany Sales Office,EUR,-400223.13,400223.13,-570031.8,570031.8,2025-12-15
20251215,E07,Germany Sales Office,USD,103244.53,103244.53,133755.87,133755.87,2025-12-15
20251215,E08,Netherlands BV,EUR,40939.62,42754.38,58309.69,60894.41,2025-12-15
20251215,E08,Netherlands BV,USD,211942.51,211942.51,274576.82,274576.82,2025-12-15
20251215,E09,UK Ltd,GBP,63507.85,355096.81,109749.55,613652.03,2025-12-15
20251215,E09,UK Ltd,USD,96228.19,96228.19,124666.03,124666.03,2025-12-15
20251215,E10,US Inc,EUR,370277.75,370277.75,527381.06,527381.06,2025-12-15
20251215,E10,US Inc,USD,217181.3,245978.94,269850.57,307159.75,2025-12-15
20251215,E11,US West Distribution,USD,145740.22,287459.56,280133.45,344967.21,2025-12-15
20251216,E01,Group Treasury HQ,EUR,-619294.9,622084.42,-879043.9,883003.42,2025-12-16
20251216,E01,Group Treasury HQ,SGD,481090.17,525976.85,483649.62,528536.3,2025-12-16
20251216,E01,Group Treasury HQ,USD,447761.19,671641.79,582057.76,873086.64,2025-12-16
20251216,E02,SG Operations,SGD,-1664526.86,1799256.16,-828632.2,1000738.12,2025-12-16
20251216,E02,SG Operations,USD,-282628.65,836774.33,-367397.18,1087747.22,2025-12-16
20251216,E03,Shanghai Mfg,CNY,930925.93,5691337.35,173019.12,1057774.86,2025-12-16
20251216,E03,Shanghai Mfg,EUR,-15417.75,15417.75,-21884.37,21884.37,2025-12-16
20251216,E03,Shanghai Mfg,USD,4440.23,47070.05,5771.99,61187.73,2025-12-16
20251216,E04,Shenzhen Sourcing,CNY,-891165.45,2659938.65,-162438.08,497559.52,2025-12-16
20251216,E04,Shenzhen Sourcing,USD,-95125.27,370268.29,-123656.09,481322.49,2025-12-16
20251216,E05,India Services,INR,15721087.59,15949513.01,239875.21,264700.81,2025-12-16
20251216,E05,India Services,USD,257010.91,261966.47,334095.93,340537.81,2025-12-16
20251216,E06,Germany GmbH,EUR,860717.19,1248012.91,1123793.56,1789605.88,2025-12-16
20251216,E06,Germany GmbH,USD,29826.73,49694.47,38772.63,64599.27,2025-12-16
20251216,E07,Germany Sales Office,EUR,-636.24,636.24,-903.1,903.1,2025-12-16
20251216,E07,Germany Sales Office,USD,301727.42,301727.42,392224.22,392224.22,2025-12-16
20251216,E08,Netherlands BV,EUR,11063.27,160308.55,15703.51,227546.29,2025-12-16
20251216,E08,Netherlands BV,USD,149275.54,149275.54,194047.59,194047.59,2025-12-16
20251216,E09,UK Ltd,EUR,252068.03,252068.03,357792.17,357792.17,2025-12-16
20251216,E09,UK Ltd,GBP,-111544.44,111544.44,-21743.01,21743.01,2025-12-16
20251216,E09,UK Ltd,USD,46847.73,46847.73,60898.72,60898.72,2025-12-16
20251216,E10,US Inc,EUR,24543.79,24543.79,34838.12,34838.12,2025-12-16
20251216,E10,US Inc,USD,-437251.65,1614060.17,450523.3,982332.18,2025-12-16
20251216,E11,US West Distribution,USD,-365319.27,911544.45,-306631.44,1018956.9,2025-12-16
20251217,E01,Group Treasury HQ,EUR,703448.27,703448.27,998364.04,998364.04,2025-12-17
20251217,E01,Group Treasury HQ,GBP,-348837.21,348837.21,-602286.98,602286.98,2025-12-17
20251217,E01,Group Treasury HQ,SGD,-85493.83,286027.63,-78302.1,293219.36,2025-12-17
20251217,E01,Group Treasury HQ,USD,1007462.68,1007462.68,1312359.18,1312359.18,2025-12-17
20251217,E02,SG Operations,SGD,426918.85,1510844.01,916236.72,1257218.6,2025-12-17
20251217,E02,SG Operations,USD,138141.25,138141.25,179948.04,179948.04,2025-12-17
20251217,E03,Shanghai Mfg,CNY,804367.44,1120775.08,182342.62,241217.54,2025-12-17
20251217,E03,Shanghai Mfg,USD,-424745.13,424745.13,-553289.15,553289.15,2025-12-17
20251217,E04,Shenzhen Sourcing,CNY,41812.17,245385.23,7780.12,45659.56,2025-12-17
20251217,E04,Shenzhen Sourcing,USD,68669.15,68669.15,89451.04,89451.04,2025-12-17
20251217,E05,India Services,INR,4554266.58,4618173.1,72567.68,73585.96,2025-12-17
20251217,E05,India Services,USD,24580.12,24580.12,32019.0,32019.0,2025-12-17
20251217,E06,Germany GmbH,EUR,-569281.5,843800.62,-619220.01,1070753.95,2025-12-17
20251217,E06,Germany GmbH,USD,-577542.09,609025.07,-752328.28,793339.2,2025-12-17
20251217,E07,Germany Sales Office,EUR,-49856.88,93675.06,-66611.66,137095.08,2025-12-17
20251217,E07,Germany Sales Office,USD,66656.42,66656.42,86829.19,86829.19,2025-12-17
20251217,E08,Netherlands BV,EUR,-293369.38,462967.18,-130503.32,371203.8,2025-12-17
20251217,E08,Netherlands BV,USD,103724.55,149725.71,135115.54,195038.4,2025-12-17
20251217,E09,UK Ltd,EUR,167238.19,167238.19,237351.63,237351.63,2025-12-17
20251217,E09,UK Ltd,GBP,-606793.23,1616404.43,645964.07,1086130.05,2025-12-17
20251217,E09,UK Ltd,USD,159386.38,159386.38,207622.75,207622.75,2025-12-17
20251217,E10,US Inc,EUR,-368700.61,423158.11,-523275.77,600564.19,2025-12-17
20251217,E10,US Inc,USD,100336.62,137587.9,125452.25,184477.27,2025-12-17
20251217,E11,US West Distribution,USD,156711.66,504772.36,205508.16,659148.86,2025-12-17
20251218,E01,Group Treasury HQ,CNY,-80645.16,80645.16,-15049.03,15049.03,2025-12-18
20251218,E01,Group Treasury HQ,EUR,-1106896.55,1106896.55,-1556546.71,1556546.71,2025-12-18
20251218,E01,Group Treasury HQ,GBP,-226744.19,226744.19,-392803.24,392803.24,2025-12-18
20251218,E01,Group Treasury HQ,SGD,-1463374.17,1491481.27,-947442.21,975549.31,2025-12-18
20251218,E01,Group Treasury HQ,USD,-268656.72,268656.72,-351450.27,351450.27,2025-12-18
20251218,E02,SG Operations,SGD,-882004.57,2636297.81,502803.8,1251489.44,2025-12-18
20251218,E02,SG Operations,USD,-19431.42,19431.42,-25419.71,25419.71,2025-12-18
20251218,E03,Shanghai Mfg,CNY,-5518413.93,5943857.89,-1039539.77,1118931.01,2025-12-18
20251218,E03,Shanghai Mfg,EUR,-9958.62,9958.62,-14004.07,14004.07,2025-12-18
20251218,E03,Shanghai Mfg,USD,-6613.13,6613.13,-8651.14,8651.14,2025-12-18
20251218,E04,Shenzhen Sourcing,CNY,-3344474.04,3505764.36,-637868.63,667966.69,2025-12-18
20251218,E04,Shenzhen Sourcing,USD,8338.74,8338.74,10908.54,10908.54,2025-12-18
20251218,E05,India Services,EUR,-37116.5,37116.5,-52194.19,52194.19,2025-12-18
20251218,E05,India Services,INR,-9744417.53,9744417.53,-165441.77,165441.77,2025-12-18
20251218,E06,Germany GmbH,EUR,934915.72,1278877.38,1285181.75,1827911.67,2025-12-18
20251218,E07,Germany Sales Office,EUR,-363.5,363.5,-511.15,511.15,2025-12-18
20251218,E08,Netherlands BV,EUR,-636849.81,636849.81,-895554.76,895554.76,2025-12-18
20251218,E08,Netherlands BV,USD,-50899.22,82690.26,-66637.48,108225.76,2025-12-18
20251218,E09,UK Ltd,GBP,210683.41,265707.77,364980.14,460302.3,2025-12-18
20251218,E09,UK Ltd,USD,7246.62,59321.92,9429.23,77654.13,2025-12-18
20251218,E10,US Inc,EUR,-87074.57,87074.57,-122446.52,122446.52,2025-12-18
20251218,E10,US Inc,USD,-820875.36,846889.26,-143435.44,177466.2,2025-12-18
20251218,E11,US West Distribution,USD,-10418.96,691683.72,99098.82,783783.9,2025-12-18
20251219,E01,Group Treasury HQ,EUR,-920689.66,920689.66,-1295093.63,1295093.63,2025-12-19
20251219,E01,Group Treasury HQ,SGD,-76893.93,90963.45,-78778.55,92848.07,2025-12-19
20251219,E02,SG Operations,SGD,-112495.71,137471.21,-101122.91,136254.85,2025-12-19
20251219,E02,SG Operations,USD,19495.84,19495.84,25606.15,25606.15,2025-12-19
20251219,E03,Shanghai Mfg,CNY,-1008663.3,2103974.66,-188290.2,392755.26,2025-12-19
20251219,E03,Shanghai Mfg,USD,-109988.63,109988.63,-144460.83,144460.83,2025-12-19
20251219,E04,Shenzhen Sourcing,CNY,-40998.47,401917.29,-267.37,82413.03,2025-12-19
20251219,E04,Shenzhen Sourcing,USD,63539.82,63539.82,83454.22,83454.22,2025-12-19
20251219,E05,India Services,INR,644089.69,799509.85,18351.75,20826.67,2025-12-19
20251219,E06,Germany GmbH,EUR,-157756.82,2037339.6,-162030.2,2805956.58,2025-12-19
20251219,E06,Germany GmbH,USD,59910.5,158143.74,78687.42,207708.52,2025-12-19
20251219,E07,Germany Sales Office,EUR,-30428.1,30428.1,-42801.88,42801.88,2025-12-19
20251219,E07,Germany Sales Office,USD,41594.77,41594.77,54631.24,54631.24,2025-12-19
20251219,E08,Netherlands BV,EUR,-151154.07,151154.07,-162233.85,162233.85,2025-12-19
20251219,E08,Netherlands BV,USD,74921.81,111774.29,98403.5,146806.14,2025-12-19
20251219,E09,UK Ltd,EUR,-5871.97,5871.97,-8259.84,8259.84,2025-12-19
20251219,E09,UK Ltd,GBP,-691337.18,1268634.6,314440.93,681103.29,2025-12-19
20251219,E09,UK Ltd,USD,84644.77,110904.75,111173.79,145664.07,2025-12-19
20251219,E10,US Inc,EUR,-65676.78,98862.42,-92384.64,139065.42,2025-12-19
20251219,E10,US Inc,USD,-3414016.06,3462401.7,-1501027.43,1564577.89,2025-12-19
20251219,E11,US West Distribution,USD,-45953.2,181691.02,-57806.16,241185.4,2025-12-19
20251221,E01,Group Treasury HQ,SGD,-105000.0,105000.0,-105000.0,105000.0,2025-12-21
20251221,E02,SG Operations,SGD,105000.0,105000.0,105000.0,105000.0,2025-12-21
20251221,E06,Germany GmbH,EUR,-12880.77,12880.77,-18235.68,18235.68,2025-12-21
20251222,E01,Group Treasury HQ,CNY,-5645161.29,5645161.29,-1055961.29,1055961.29,2025-12-22
20251222,E01,Group Treasury HQ,EUR,4274.35,4274.35,6051.32,6051.32,2025-12-22
20251222,E01,Group Treasury HQ,SGD,22476.0,22804.02,22476.0,22804.02,2025-12-22
20251222,E01,Group Treasury HQ,USD,-11194.03,11194.03,-14622.03,14622.03,2025-12-22
20251222,E02,SG Operations,SGD,-94992.15,441926.61,154095.23,258424.49,2025-12-22
20251222,E02,SG Operations,USD,257044.85,257044.85,335683.99,335683.99,2025-12-22
20251222,E03,Shanghai Mfg,CNY,6081853.88,7189144.78,1137647.27,1344772.65,2025-12-22
20251222,E03,Shanghai Mfg,USD,25276.17,25276.17,33016.62,33016.62,2025-12-22
20251222,E04,Shenzhen Sourcing,CNY,7059877.44,7363498.42,1520834.3,1577628.42,2025-12-22
20251222,E04,Shenzhen Sourcing,USD,155909.07,155909.07,203122.56,203122.56,2025-12-22
20251222,E05,India Services,INR,50167814.2,50365375.48,800026.14,803176.64,2025-12-22
20251222,E05,India Services,USD,147730.01,147730.01,192970.1,192970.1,2025-12-22
20251222,E06,Germany GmbH,EUR,-39786.87,86613.91,-56289.23,122583.63,2025-12-22
20251222,E06,Germany GmbH,USD,138067.8,138067.8,180349.0,180349.0,2025-12-22
20251222,E07,Germany Sales Office,EUR,-239880.15,255233.27,-339605.29,361341.15,2025-12-22
20251222,E08,Netherlands BV,EUR,396523.41,398657.59,434039.74,437061.14,2025-12-22
20251222,E08,Netherlands BV,USD,247150.7,247150.7,322746.74,322746.74,2025-12-22
20251222,E09,UK Ltd,EUR,127012.47,127012.47,179815.23,179815.23,2025-12-22
20251222,E09,UK Ltd,GBP,-326783.3,377435.74,-565085.12,652675.1,2025-12-22
20251222,E09,UK Ltd,USD,38084.63,38084.63,49747.47,49747.47,2025-12-22
20251222,E10,US Inc,EUR,798627.49,878408.73,1130640.1,1243588.72,2025-12-22
20251222,E10,US Inc,USD,109906.97,114824.85,143571.03,149981.53,2025-12-22
20251222,E11,US West Distribution,USD,323207.94,323972.52,423628.06,424626.78,2025-12-22
20251223,E01,Group Treasury HQ,EUR,-223463.39,252398.67,-315699.47,356577.99,2025-12-23
20251223,E01,Group Treasury HQ,SGD,-624130.28,1659636.42,291729.96,743776.18,2025-12-23
20251223,E01,Group Treasury HQ,USD,-134328.36,1007462.68,-174606.99,1309552.39,2025-12-23
20251223,E02,SG Operations,SGD,-3372431.74,5178351.3,-323044.08,2558160.98,2025-12-23
20251223,E02,SG Operations,USD,-376631.55,795024.19,-489565.27,1033413.77,2025-12-23
20251223,E03,Shanghai Mfg,CNY,335418.61,2985262.81,70479.8,565815.16,2025-12-23
20251223,E03,Shanghai Mfg,EUR,-5103.02,5103.02,-7209.33,7209.33,2025-12-23
20251223,E03,Shanghai Mfg,USD,763464.47,772073.91,992507.81,1003698.81,2025-12-23
20251223,E04,Shenzhen Sourcing,CNY,-494708.78,741381.34,-144408.61,190519.11,2025-12-23
20251223,E04,Shenzhen Sourcing,USD,515678.14,515678.14,670305.27,670305.27,2025-12-23
20251223,E05,India Services,EUR,51970.53,51970.53,73421.73,73421.73,2025-12-23
20251223,E05,India Services,INR,-16254579.64,16254579.64,-327077.92,327077.92,2025-12-23
20251223,E05,India Services,USD,-12608.77,72272.19,-16389.54,93943.14,2025-12-23
20251223,E06,Germany GmbH,EUR,733115.44,1051150.44,1041902.42,1524180.72,2025-12-23
20251223,E06,Germany GmbH,USD,-30134.27,145575.09,-39170.09,189226.07,2025-12-23
20251223,E07,Germany Sales Office,EUR,131752.42,138384.34,185087.72,196549.88,2025-12-23
20251223,E07,Germany Sales Office,USD,10530.22,10530.22,13687.73,13687.73,2025-12-23
20251223,E08,Netherlands BV,EUR,-24139.44,48525.88,-30248.16,72410.24,2025-12-23
20251223,E08,Netherlands BV,USD,158171.68,285903.28,205295.32,371936.42,2025-12-23
20251223,E09,UK Ltd,EUR,8144.74,11431.34,11506.54,16149.7,2025-12-23
20251223,E09,UK Ltd,GBP,-101923.48,165617.74,13093.19,66282.39,2025-12-23
20251223,E09,UK Ltd,USD,-141956.95,211044.83,-185987.45,275791.47,2025-12-23
20251223,E10,US Inc,EUR,72572.47,72572.47,102527.27,102527.27,2025-12-23
20251223,E10,US Inc,USD,-1165521.41,2320463.19,221458.17,1255765.89,2025-12-23
20251223,E11,US West Distribution,USD,-3856190.93,4618693.89,-563493.16,1555213.02,2025-12-23
20251224,E01,Group Treasury HQ,EUR,910344.83,910344.83,1287421.49,1287421.49,2025-12-24
20251224,E01,Group Treasury HQ,SGD,-166434.54,174720.44,-166434.54,174720.44,2025-12-24
20251224,E01,Group Treasury HQ,USD,1119402.98,1141791.04,1464345.9,1493632.82,2025-12-24
20251224,E02,SG Operations,SGD,-1128083.39,1626139.63,-632558.26,1209417.2,2025-12-24
20251224,E02,SG Operations,USD,39019.38,39019.38,51043.16,51043.16,2025-12-24
20251224,E03,Shanghai Mfg,CNY,171423.29,378685.03,32064.21,70831.91,2025-12-24
20251224,E03,Shanghai Mfg,EUR,103172.66,103172.66,145908.12,145908.12,2025-12-24
20251224,E04,Shenzhen Sourcing,CNY,228119.8,241866.52,42669.13,45240.41,2025-12-24
20251224,E04,Shenzhen Sourcing,USD,-660447.76,660447.76,-863964.08,863964.08,2025-12-24
20251224,E05,India Services,INR,3874672.37,3988376.49,61987.01,63806.05,2025-12-24
20251224,E05,India Services,USD,61388.83,111710.65,80305.74,146134.18,2025-12-24
20251224,E06,Germany GmbH,EUR,-8214745.89,9314727.35,-2244219.33,3799827.39,2025-12-24
20251224,E06,Germany GmbH,USD,12044.18,23868.04,15755.58,31222.96,2025-12-24
20251224,E07,Germany Sales Office,EUR,-1408694.29,1492006.69,-706990.09,824811.57,2025-12-24
20251224,E08,Netherlands BV,EUR,-530956.05,530956.05,-194367.96,194367.96,2025-12-24
20251224,E08,Netherlands BV,USD,74688.5,371861.96,97703.68,486450.84,2025-12-24
20251224,E09,UK Ltd,EUR,33608.36,33608.36,47529.38,47529.38,2025-12-24
20251224,E09,UK Ltd,GBP,-2742233.33,2742233.33,-524069.69,524069.69,2025-12-24
20251224,E09,UK Ltd,USD,-23983.61,23983.61,-31374.14,31374.14,2025-12-24
20251224,E10,US Inc,EUR,-734208.99,849469.47,-1038327.9,1201330.78,2025-12-24
20251224,E10,US Inc,USD,10085.69,270014.73,13193.6,353219.48,2025-12-24
20251224,E11,US West Distribution,USD,-558455.63,793442.05,-732559.37,1052522.59,2025-12-24
20251225,E01,Group Treasury HQ,CNY,-8870967.74,8870967.74,-1658116.94,1658116.94,2025-12-25
20251225,E01,Group Treasury HQ,SGD,-1665000.0,1665000.0,-1665000.0,1665000.0,2025-12-25
20251225,E02,SG Operations,SGD,1665000.0,1665000.0,1665000.0,1665000.0,2025-12-25
20251225,E03,Shanghai Mfg,CNY,-5929280.25,6300212.41,-1108258.06,1177695.48,2025-12-25
20251225,E03,Shanghai Mfg,USD,-75617.04,75617.04,-99114.73,99114.73,2025-12-25
20251225,E04,Shenzhen Sourcing,CNY,2991816.43,17630350.51,587195.91,3323845.29,2025-12-25
20251225,E04,Shenzhen Sourcing,USD,8535.09,8535.09,11187.34,11187.34,2025-12-25
20251225,E05,India Services,INR,-2435176.14,2435176.14,-38797.23,38797.23,2025-12-25
20251226,E01,Group Treasury HQ,SGD,31976.85,96368.19,33667.33,98058.67,2025-12-26
20251226,E01,Group Treasury HQ,USD,-190298.51,190298.51,-249594.57,249594.57,2025-12-26
20251226,E02,SG Operations,SGD,-164350.74,212258.8,-164350.74,212258.8,2025-12-26
20251226,E02,SG Operations,USD,72264.75,72264.75,94782.09,94782.09,2025-12-26
20251226,E03,Shanghai Mfg,CNY,318880.88,1486340.98,59715.22,278339.64,2025-12-26
20251226,E03,Shanghai Mfg,USD,-552357.43,552357.43,-724469.24,724469.24,2025-12-26
20251226,E04,Shenzhen Sourcing,CNY,-851352.63,851352.63,-159428.56,159428.56,2025-12-26
20251226,E05,India Services,INR,1115256.81,1215117.01,17767.15,19358.03,2025-12-26
20251226,E05,India Services,USD,30538.29,30538.29,40053.87,40053.87,2025-12-26
20251226,E10,US Inc,USD,5496.98,96004.74,14489.02,118640.12,2025-12-26
20251226,E11,US West Distribution,USD,179881.53,256498.59,235931.72,336422.26,2025-12-26
20251228,E03,Shanghai Mfg,USD,-70948.72,70948.72,-93461.03,93461.03,2025-12-28
20251228,E04,Shenzhen Sourcing,USD,-17046.99,17046.99,-22456.07,22456.07,2025-12-28
20251228,E07,Germany Sales Office,EUR,-25000.0,25000.0,-35377.25,35377.25,2025-12-28
20251229,E01,Group Treasury HQ,EUR,22146.26,22146.26,31338.95,31338.95,2025-12-29
20251229,E01,Group Treasury HQ,GBP,-235465.12,235465.12,-400672.62,400672.62,2025-12-29
20251229,E02,SG Operations,SGD,116835.99,341067.95,219105.06,264574.1,2025-12-29
20251229,E02,SG Operations,USD,138529.31,138529.31,182485.21,182485.21,2025-12-29
20251229,E03,Shanghai Mfg,CNY,2689474.18,2779725.62,500803.79,523653.93,2025-12-29
20251229,E03,Shanghai Mfg,EUR,-36435.9,36435.9,-51560.08,51560.08,2025-12-29
20251229,E03,Shanghai Mfg,USD,11272.66,55535.66,14964.02,73271.84,2025-12-29
20251229,E04,Shenzhen Sourcing,CNY,2663901.73,4716868.53,349686.6,1043730.92,2025-12-29
20251229,E04,Shenzhen Sourcing,USD,57071.59,89291.65,75180.62,117624.24,2025-12-29
20251229,E05,India Services,INR,48231296.91,48403452.33,771845.44,774600.44,2025-12-29
20251229,E05,India Services,USD,66463.85,66463.85,87553.1,87553.1,2025-12-29
20251229,E06,Germany GmbH,EUR,153077.62,389954.34,122890.18,458092.06,2025-12-29
20251229,E06,Germany GmbH,USD,292924.52,292924.52,385870.63,385870.63,2025-12-29
20251229,E07,Germany Sales Office,EUR,-158768.67,292689.71,-225446.28,414956.6,2025-12-29
20251229,E07,Germany Sales Office,USD,338156.09,338156.09,445454.36,445454.36,2025-12-29
20251229,E08,Netherlands BV,EUR,92779.24,229874.62,136282.64,330284.96,2025-12-29
20251229,E08,Netherlands BV,USD,602967.89,602967.89,794345.96,794345.96,2025-12-29
20251229,E09,UK Ltd,EUR,215618.73,215618.73,305119.91,305119.91,2025-12-29
20251229,E09,UK Ltd,GBP,106005.23,590530.89,101969.56,926449.08,2025-12-29
20251229,E09,UK Ltd,USD,377854.4,377854.4,497749.11,497749.11,2025-12-29
20251229,E10,US Inc,EUR,396634.93,396634.93,561274.12,561274.12,2025-12-29
20251229,E10,US Inc,USD,306213.09,308725.99,403372.88,406688.84,2025-12-29
20251229,E11,US West Distribution,USD,514006.99,514875.31,717918.81,719062.65,2025-12-29
20251230,E01,Group Treasury HQ,EUR,-1747.32,17527.08,-2479.87,24875.19,2025-12-30
20251230,E01,Group Treasury HQ,SGD,-502190.03,2002190.03,475291.29,1024708.71,2025-12-30
20251230,E01,Group Treasury HQ,USD,391791.04,391791.04,517650.0,517650.0,2025-12-30
20251230,E02,SG Operations,SGD,-2645092.87,3687089.31,-718386.66,1866090.18,2025-12-30
20251230,E02,SG Operations,USD,-259953.96,616913.18,-343461.58,815090.36,2025-12-30
20251230,E03,Shanghai Mfg,CNY,-6803686.59,7792141.31,-1299834.84,1485296.62,2025-12-30
20251230,E03,Shanghai Mfg,EUR,-75795.09,98479.29,-107571.65,139766.05,2025-12-30
20251230,E03,Shanghai Mfg,USD,-91338.79,114194.35,-120687.98,150870.62,2025-12-30
20251230,E04,Shenzhen Sourcing,CNY,-7542037.27,13040551.27,-1463166.31,2538469.37,2025-12-30
20251230,E04,Shenzhen Sourcing,USD,80642.24,84364.38,106554.13,111459.21,2025-12-30
20251230,E05,India Services,EUR,-69493.39,69493.39,-98628.01,98628.01,2025-12-30
20251230,E05,India Services,INR,-11640806.04,11640806.04,-186094.86,186094.86,2025-12-30
20251230,E05,India Services,USD,95928.54,95928.54,126744.63,126744.63,2025-12-30
20251230,E06,Germany GmbH,EUR,-387872.71,703984.39,13265.93,435373.37,2025-12-30
20251230,E07,Germany Sales Office,EUR,-18170.05,144672.61,-45940.74,225478.64,2025-12-30
20251230,E07,Germany Sales Office,USD,613.24,613.24,810.24,810.24,2025-12-30
20251230,E08,Netherlands BV,EUR,-263103.87,297654.43,-312851.77,353989.81,2025-12-30
20251230,E08,Netherlands BV,USD,310326.15,591012.07,410422.16,780461.96,2025-12-30
20251230,E09,UK Ltd,EUR,-651806.69,671266.51,-925072.09,952690.31,2025-12-30
20251230,E09,UK Ltd,GBP,-388951.4,538000.14,-680.95,175562.55,2025-12-30
20251230,E09,UK Ltd,USD,45604.4,163548.18,60254.37,216086.41,2025-12-30
20251230,E10,US Inc,EUR,301771.7,390466.92,428287.37,554167.45,2025-12-30
20251230,E10,US Inc,USD,-3637689.49,5200174.45,93326.21,1978815.89,2025-12-30
20251230,E11,US West Distribution,USD,-909326.77,1306022.29,-88432.05,585623.89,2025-12-30
20251231,E01,Group Treasury HQ,EUR,1520689.65,1520689.65,2157203.21,2157203.21,2025-12-31
20251231,E01,Group Treasury HQ,SGD,-431758.63,448547.71,-431758.63,448547.71,2025-12-31
20251231,E01,Group Treasury HQ,USD,1208955.22,1208955.22,1593176.91,1593176.91,2025-12-31
20251231,E02,SG Operations,SGD,-2223186.56,2989136.68,-1667807.73,2535438.91,2025-12-31
20251231,E03,Shanghai Mfg,CNY,-38527.18,1549775.3,-7212.71,290134.99,2025-12-31
20251231,E03,Shanghai Mfg,EUR,-15046.8,15046.8,-21344.92,21344.92,2025-12-31
20251231,E03,Shanghai Mfg,USD,10822.88,10822.88,14262.53,14262.53,2025-12-31
20251231,E04,Shenzhen Sourcing,CNY,7966.32,421428.32,-3731.65,126265.77,2025-12-31
20251231,E04,Shenzhen Sourcing,USD,42785.37,42785.37,56383.12,56383.12,2025-12-31
20251231,E05,India Services,EUR,69711.4,69711.4,98890.43,98890.43,2025-12-31
20251231,E05,India Services,INR,61776834.22,83766169.64,960240.16,1367574.64,2025-12-31
20251231,E06,Germany GmbH,EUR,-1045270.59,1370221.21,-1482788.5,1943753.36,2025-12-31
20251231,E06,Germany GmbH,USD,-620029.24,1001132.54,-817082.59,1319305.47,2025-12-31
20251231,E07,Germany Sales Office,EUR,-526460.04,554768.06,-684732.83,724889.71,2025-12-31
20251231,E08,Netherlands BV,EUR,-36777.15,169435.55,-20029.65,183508.09,2025-12-31
20251231,E08,Netherlands BV,USD,21166.65,91619.23,27893.69,120737.01,2025-12-31
20251231,E09,UK Ltd,EUR,2702.57,2702.57,3833.78,3833.78,2025-12-31
20251231,E09,UK Ltd,GBP,-1196746.17,1223562.67,-407778.18,453211.54,2025-12-31
20251231,E09,UK Ltd,USD,12363.58,63159.88,16292.89,83232.91,2025-12-31
20251231,E10,US Inc,EUR,-666025.12,977879.48,-944802.6,1387189.52,2025-12-31
20251231,E10,US Inc,USD,-251190.71,506480.97,-267077.15,603501.95,2025-12-31
20251231,E11,US West Distribution,USD,-827863.55,972387.97,-1088356.13,1286208.87,2025-12-31
20260101,E01,Group Treasury HQ,SGD,-15000.0,15000.0,-15000.0,15000.0,2026-01-01
20260101,E02,SG Operations,SGD,15000.0,15000.0,15000.0,15000.0,2026-01-01
20260101,E05,India Services,INR,25730312.63,26437370.67,417481.25,428789.93,2026-01-01
20260102,E01,Group Treasury HQ,EUR,-155172.41,155172.41,-220031.84,220031.84,2026-01-02
20260102,E01,Group Treasury HQ,SGD,-428.64,428.64,-428.64,428.64,2026-01-02
20260102,E02,SG Operations,SGD,54437.81,93168.73,54437.81,93168.73,2026-01-02
20260102,E02,SG Operations,USD,34791.15,34791.15,45938.3,45938.3,2026-01-02
20260102,E05,India Services,EUR,29169.13,29169.13,41361.33,41361.33,2026-01-02
20260102,E05,India Services,INR,3497302.04,3884329.56,55904.37,62091.01,2026-01-02
20260102,E05,India Services,USD,11535.17,33069.05,15231.06,43664.44,2026-01-02
20260102,E06,Germany GmbH,EUR,136773.15,204232.03,193942.02,289597.54,2026-01-02
20260102,E07,Germany Sales Office,EUR,-5906.88,5906.88,-8375.85,8375.85,2026-01-02
20260102,E08,Netherlands BV,EUR,-1213.41,1213.41,-1720.6,1720.6,2026-01-02
20260102,E08,Netherlands BV,USD,2647.86,2647.86,3496.24,3496.24,2026-01-02
20260102,E09,UK Ltd,EUR,17748.14,17748.14,25166.56,25166.56,2026-01-02
20260102,E09,UK Ltd,GBP,-118864.95,135519.61,-200835.04,228974.88,2026-01-02
20260102,E10,US Inc,EUR,29668.87,79684.25,42069.95,112990.91,2026-01-02
20260102,E10,US Inc,USD,-95431.44,318779.1,-126007.87,420916.57,2026-01-02
20260102,E11,US West Distribution,USD,210377.64,213337.94,278163.68,282072.46,2026-01-02
20260104,E01,Group Treasury HQ,SGD,-510000.0,510000.0,-510000.0,510000.0,2026-01-04
20260104,E02,SG Operations,SGD,510000.0,510000.0,510000.0,510000.0,2026-01-04
20260105,E01,Group Treasury HQ,EUR,6833.38,6833.38,9810.0,9810.0,2026-01-05
20260105,E01,Group Treasury HQ,SGD,-66097.08,599335.92,-51424.94,586326.98,2026-01-05
20260105,E01,Group Treasury HQ,USD,-11194.03,11194.03,-14823.08,14823.08,2026-01-05
20260105,E02,SG Operations,SGD,431549.56,437946.16,438356.95,444753.55,2026-01-05
20260105,E02,SG Operations,USD,129472.1,248932.94,171446.32,329635.76,2026-01-05
20260105,E03,Shanghai Mfg,CNY,4595201.08,4656279.32,933119.53,944537.81,2026-01-05
20260105,E03,Shanghai Mfg,USD,193172.14,193172.14,255679.15,255679.15,2026-01-05
20260105,E04,Shenzhen Sourcing,CNY,2143456.7,2711273.02,441399.39,547543.01,2026-01-05
20260105,E04,Shenzhen Sourcing,USD,63292.09,63292.09,83811.07,83811.07,2026-01-05
20260105,E05,India Services,INR,24710475.07,24736466.73,396331.31,396748.19,2026-01-05
20260105,E05,India Services,USD,101522.66,108832.38,134435.79,144115.29,2026-01-05
20260105,E06,Germany GmbH,EUR,96404.37,269234.69,135100.35,383215.57,2026-01-05
20260105,E06,Germany GmbH,USD,116509.16,116509.16,154280.85,154280.85,2026-01-05
20260105,E07,Germany Sales Office,EUR,-10038.27,10038.27,-14410.94,14410.94,2026-01-05
20260105,E07,Germany Sales Office,USD,291104.11,291104.11,385478.61,385478.61,2026-01-05
20260105,E08,Netherlands BV,EUR,-8414.58,18198.1,-14561.99,29098.91,2026-01-05
20260105,E08,Netherlands BV,USD,193788.62,193788.62,256613.92,256613.92,2026-01-05
20260105,E09,UK Ltd,EUR,85062.26,85062.26,122115.38,122115.38,2026-01-05
20260105,E09,UK Ltd,GBP,102014.34,492226.26,225001.54,466794.98,2026-01-05
20260105,E09,UK Ltd,USD,64598.64,64598.64,85541.2,85541.2,2026-01-05
20260105,E10,US Inc,EUR,1295104.31,1295104.31,1859251.75,1859251.75,2026-01-05
20260105,E10,US Inc,USD,519637.85,526657.21,705202.39,714496.51,2026-01-05
20260105,E11,US West Distribution,USD,261913.68,328034.64,357831.73,445388.77,2026-01-05
20260106,E01,Group Treasury HQ,EUR,-493304.97,499798.47,-708739.64,718068.96,2026-01-06
20260106,E01,Group Treasury HQ,SGD,929516.09,950301.85,952355.25,956420.49,2026-01-06
20260106,E01,Group Treasury HQ,USD,727611.94,750000.0,962477.8,992092.5,2026-01-06
20260106,E02,SG Operations,SGD,-899779.85,2575444.71,-128283.19,1966330.03,2026-01-06
20260106,E02,SG Operations,USD,-161589.06,1381230.96,-213560.09,1826890.21,2026-01-06
20260106,E03,Shanghai Mfg,CNY,-695874.44,7906120.74,-125267.36,1484183.16,2026-01-06
20260106,E03,Shanghai Mfg,EUR,-61962.77,86146.19,-89022.96,123767.7,2026-01-06
20260106,E03,Shanghai Mfg,USD,-48486.99,86666.27,-63993.75,114496.91,2026-01-06
20260106,E04,Shenzhen Sourcing,CNY,-872940.39,1937064.61,-149756.13,376001.43,2026-01-06
20260106,E04,Shenzhen Sourcing,USD,70424.01,70424.01,92802.59,92802.59,2026-01-06
20260106,E05,India Services,INR,13221560.78,26072087.72,241440.01,484972.09,2026-01-06
20260106,E05,India Services,USD,46376.63,46376.63,61346.54,61346.54,2026-01-06
20260106,E06,Germany GmbH,EUR,558966.16,600733.98,798567.2,867593.72,2026-01-06
20260106,E06,Germany GmbH,USD,97477.33,97477.33,128942.04,128942.04,2026-01-06
20260106,E07,Germany Sales Office,EUR,274227.36,275918.68,393987.11,396417.07,2026-01-06
20260106,E07,Germany Sales Office,USD,93299.34,113149.2,123415.44,149672.64,2026-01-06
20260106,E08,Netherlands BV,EUR,14381.66,41549.62,20662.38,59695.04,2026-01-06
20260106,E08,Netherlands BV,USD,175157.82,187386.48,231697.01,247872.95,2026-01-06
20260106,E09,UK Ltd,EUR,5048.61,5048.61,7253.42,7253.42,2026-01-06
20260106,E09,UK Ltd,GBP,38809.27,40809.77,50376.95,53752.19,2026-01-06
20260106,E09,UK Ltd,USD,281003.54,281003.54,371708.67,371708.67,2026-01-06
20260106,E10,US Inc,EUR,319018.38,319018.38,458339.13,458339.13,2026-01-06
20260106,E10,US Inc,USD,430865.9,1186525.76,808217.15,1331252.33,2026-01-06
20260106,E11,US West Distribution,USD,755453.48,1089640.62,1201092.75,1267246.45,2026-01-06
20260107,E01,Group Treasury HQ,EUR,1679453.52,1824281.1,2419790.23,2628460.71,2026-01-07
20260107,E01,Group Treasury HQ,SGD,-1596.05,1596.05,-1596.05,1596.05,2026-01-07
20260107,E01,Group Treasury HQ,USD,1679104.47,1679104.47,2211405.79,2211405.79,2026-01-07
20260107,E02,SG Operations,SGD,503921.68,730035.44,675833.45,901947.21,2026-01-07
20260107,E02,SG Operations,USD,58036.37,58036.37,76434.77,76434.77,2026-01-07
20260107,E03,Shanghai Mfg,CNY,2434248.87,2470907.75,473247.83,480092.23,2026-01-07
20260107,E03,Shanghai Mfg,USD,-1547.25,27284.25,-2037.75,35933.77,2026-01-07
20260107,E04,Shenzhen Sourcing,CNY,1254115.06,1637554.38,234101.88,305677.38,2026-01-07
20260107,E04,Shenzhen Sourcing,USD,-442891.4,442891.4,-583294.63,583294.63,2026-01-07
20260107,E05,India Services,INR,1843819.65,6040696.23,87420.87,154961.19,2026-01-07
20260107,E05,India Services,USD,12337.72,12337.72,16248.96,16248.96,2026-01-07
20260107,E06,Germany GmbH,EUR,-489168.69,903146.15,-428935.01,966476.19,2026-01-07
20260107,E06,Germany GmbH,USD,-106425.02,833873.48,-140163.36,1098223.88,2026-01-07
20260107,E07,Germany Sales Office,EUR,-414697.71,564307.33,-195557.6,411118.14,2026-01-07
20260107,E08,Netherlands BV,EUR,-680075.6,870195.38,-387744.04,672987.0,2026-01-07
20260107,E08,Netherlands BV,USD,65906.07,100823.69,86799.29,132786.31,2026-01-07
20260107,E09,UK Ltd,GBP,-525770.49,594838.71,-61503.06,152556.62,2026-01-07
20260107,E09,UK Ltd,USD,28020.68,49288.84,36903.66,64914.14,2026-01-07
20260107,E10,US Inc,EUR,-1655172.41,1655172.41,-2384805.52,2384805.52,2026-01-07
20260107,E10,US Inc,USD,421915.55,632161.89,536331.59,751600.17,2026-01-07
20260107,E11,US West Distribution,USD,-1233245.09,1368729.15,-1178823.28,1360770.82,2026-01-07
20260108,E01,Group Treasury HQ,EUR,-177400.0,177400.0,-255915.47,255915.47,2026-01-08
20260108,E01,Group Treasury HQ,SGD,-812382.09,812382.09,-455445.33,455445.33,2026-01-08
20260108,E01,Group Treasury HQ,USD,-100746.27,100746.27,-132809.88,132809.88,2026-01-08
20260108,E02,SG Operations,SGD,-4558738.28,5167492.42,-612344.28,1280798.86,2026-01-08
20260108,E02,SG Operations,USD,5035.56,63430.76,6638.18,83618.3,2026-01-08
20260108,E03,Shanghai Mfg,CNY,-1826761.67,2436742.07,-376063.63,490025.67,2026-01-08
20260108,E03,Shanghai Mfg,EUR,-78426.26,113560.46,-113136.95,163821.19,2026-01-08
20260108,E03,Shanghai Mfg,USD,-57825.25,57825.25,-76228.77,76228.77,2026-01-08
20260108,E04,Shenzhen Sourcing,CNY,-2354093.77,2354093.77,-466313.27,466313.27,2026-01-08
20260108,E04,Shenzhen Sourcing,USD,-4519.7,15203.88,-5958.14,20042.68,2026-01-08
20260108,E05,India Services,EUR,-4652.98,4652.98,-6712.34,6712.34,2026-01-08
20260108,E05,India Services,INR,-17924057.93,17924057.93,-288398.08,288398.08,2026-01-08
20260108,E05,India Services,USD,140423.03,145647.25,185114.21,192001.09,2026-01-08
20260108,E06,Germany GmbH,EUR,-1374849.47,1385701.19,-250764.92,266419.5,2026-01-08
20260108,E06,Germany GmbH,USD,-33165.4,33165.4,-43720.65,43720.65,2026-01-08
20260108,E07,Germany Sales Office,EUR,-1442.55,63518.43,-2081.01,91631.05,2026-01-08
20260108,E07,Germany Sales Office,USD,46858.85,87469.51,61772.2,115307.64,2026-01-08
20260108,E08,Netherlands BV,EUR,153131.52,289139.08,219747.08,418268.06,2026-01-08
20260108,E08,Netherlands BV,USD,48104.55,117305.81,63331.59,154722.43,2026-01-08
20260108,E09,UK Ltd,EUR,-48876.77,48876.77,-70509.14,70509.14,2026-01-08
20260108,E09,UK Ltd,GBP,215368.85,270007.05,365805.72,458609.14,2026-01-08
20260108,E09,UK Ltd,USD,-54422.33,54422.33,-71942.18,71942.18,2026-01-08
20260108,E10,US Inc,EUR,1441.15,1441.15,2078.99,2078.99,2026-01-08
20260108,E10,US Inc,USD,-2361827.58,2677198.06,-389965.13,805705.73,2026-01-08
20260108,E11,US West Distribution,USD,-295767.31,362931.49,-124832.78,213372.7,2026-01-08
20260109,E01,Group Treasury HQ,SGD,-245183.49,245183.49,-263245.11,263245.11,2026-01-09
20260109,E02,SG Operations,SGD,-702377.64,883492.74,-284415.37,540189.11,2026-01-09
20260109,E02,SG Operations,USD,156490.88,156490.88,206869.05,206869.05,2026-01-09
20260109,E03,Shanghai Mfg,CNY,-546722.72,1107800.48,-100303.18,234815.38,2026-01-09
20260109,E03,Shanghai Mfg,EUR,-2435.22,2435.22,-3523.33,3523.33,2026-01-09
20260109,E03,Shanghai Mfg,USD,40019.53,81414.25,52902.77,107623.45,2026-01-09
20260109,E04,Shenzhen Sourcing,CNY,-3455659.93,3810248.43,-653582.72,719904.6,2026-01-09
20260109,E04,Shenzhen Sourcing,USD,755649.47,760178.45,998911.16,1004898.12,2026-01-09
20260109,E05,India Services,EUR,4780.46,4780.46,6916.47,6916.47,2026-01-09
20260109,E05,India Services,INR,-400500.92,400500.92,-6442.06,6442.06,2026-01-09
20260109,E06,Germany GmbH,EUR,-525984.47,596584.45,-732173.0,834318.6,2026-01-09
20260109,E06,Germany GmbH,USD,-33669.37,33669.37,-44508.35,44508.35,2026-01-09
20260109,E07,Germany Sales Office,EUR,-40210.7,40210.7,-56915.54,56915.54,2026-01-09
20260109,E07,Germany Sales Office,USD,12859.96,12859.96,16999.89,16999.89,2026-01-09
20260109,E08,Netherlands BV,EUR,-344042.07,348421.75,-298698.32,305034.94,2026-01-09
20260109,E08,Netherlands BV,USD,45692.14,257430.04,60401.53,340302.95,2026-01-09
20260109,E09,UK Ltd,GBP,-78897.84,78897.84,-66695.89,66695.89,2026-01-09
20260109,E09,UK Ltd,USD,103204.9,139406.26,136429.04,184284.48,2026-01-09
20260109,E10,US Inc,EUR,-89404.25,170430.33,-129352.04,246582.36,2026-01-09
20260109,E10,US Inc,USD,-341531.39,429907.87,-452320.48,569147.46,2026-01-09
20260109,E11,US West Distribution,USD,-67801.09,354552.91,-61086.7,465582.22,2026-01-09
20260111,E01,Group Treasury HQ,SGD,-15000.0,15000.0,-15000.0,15000.0,2026-01-11
20260111,E02,SG Operations,SGD,15000.0,15000.0,15000.0,15000.0,2026-01-11
20260112,E01,Group Treasury HQ,CNY,-4032258.06,4032258.06,-752903.23,752903.23,2026-01-12
20260112,E01,Group Treasury HQ,EUR,-229016.73,805466.03,-334119.57,1167128.01,2026-01-12
20260112,E01,Group Treasury HQ,SGD,-198632.28,198632.28,-49455.37,49455.37,2026-01-12
20260112,E01,Group Treasury HQ,USD,-212686.57,212686.57,-281142.29,281142.29,2026-01-12
20260112,E02,SG Operations,SGD,59262.12,370654.9,257747.6,320093.48,2026-01-12
20260112,E02,SG Operations,USD,753256.44,753256.44,993942.52,993942.52,2026-01-12
20260112,E03,Shanghai Mfg,CNY,1952114.47,2569052.71,375827.54,491022.24,2026-01-12
20260112,E03,Shanghai Mfg,EUR,7468.07,7468.07,10791.87,10791.87,2026-01-12
20260112,E03,Shanghai Mfg,USD,127488.92,127488.92,168522.76,168522.76,2026-01-12
20260112,E04,Shenzhen Sourcing,CNY,4930837.16,4955190.82,1027485.96,1032033.28,2026-01-12
20260112,E04,Shenzhen Sourcing,USD,87915.11,87915.11,116211.64,116211.64,2026-01-12
20260112,E05,India Services,EUR,181649.21,181649.21,263610.42,263610.42,2026-01-12
20260112,E05,India Services,INR,11811233.99,14288345.19,190125.43,229999.49,2026-01-12
20260112,E05,India Services,USD,308362.86,308362.86,407613.15,407613.15,2026-01-12
20260112,E06,Germany GmbH,EUR,456817.26,648574.26,659531.3,937810.22,2026-01-12
20260112,E06,Germany GmbH,USD,52523.99,52523.99,69429.46,69429.46,2026-01-12
20260112,E07,Germany Sales Office,EUR,9281.32,10990.32,13469.1,15949.22,2026-01-12
20260112,E07,Germany Sales Office,USD,79685.45,79685.45,105333.16,105333.16,2026-01-12
20260112,E08,Netherlands BV,EUR,3461.07,74762.05,-12624.64,90847.76,2026-01-12
20260112,E08,Netherlands BV,USD,392196.81,392196.81,518430.06,518430.06,2026-01-12
20260112,E09,UK Ltd,EUR,261656.24,261656.24,379717.1,379717.1,2026-01-12
20260112,E09,UK Ltd,GBP,-56781.47,56781.47,-97155.37,97155.37,2026-01-12
20260112,E09,UK Ltd,USD,95110.03,95110.03,125722.33,125722.33,2026-01-12
20260112,E10,US Inc,EUR,114249.24,114249.24,165799.18,165799.18,2026-01-12
20260112,E10,US Inc,USD,359776.57,413500.63,490276.72,561286.8,2026-01-12
20260112,E11,US West Distribution,USD,296397.73,422072.73,387934.05,554059.05,2026-01-12
20260113,E01,Group Treasury HQ,EUR,-662068.97,662068.97,-956734.68,956734.68,2026-01-13
20260113,E01,Group Treasury HQ,SGD,8125.01,19462.81,6335.81,21252.01,2026-01-13
20260113,E01,Group Treasury HQ,USD,817164.18,1152985.08,1077068.15,1519698.89,2026-01-13
20260113,E02,SG Operations,SGD,-197221.09,283040.55,5011.59,100440.37,2026-01-13
20260113,E02,SG Operations,USD,-897573.54,1080070.48,-1183053.69,1423591.87,2026-01-13
20260113,E03,Shanghai Mfg,CNY,-73964.91,4619885.79,-13818.72,863124.02,2026-01-13
20260113,E03,Shanghai Mfg,USD,118808.77,118808.77,156576.15,156576.15,2026-01-13
20260113,E04,Shenzhen Sourcing,CNY,-2148464.93,4526212.93,-275934.02,971082.72,2026-01-13
20260113,E04,Shenzhen Sourcing,USD,88806.03,95483.51,117051.32,125852.62,2026-01-13
20260113,E05,India Services,EUR,46256.78,102699.38,66844.19,148407.59,2026-01-13
20260113,E05,India Services,INR,86193780.35,101939646.33,1388495.62,1642145.78,2026-01-13
20260113,E05,India Services,USD,165256.22,165256.22,217816.94,217816.94,2026-01-13
20260113,E06,Germany GmbH,EUR,1081544.28,1085402.12,1565239.13,1570813.97,2026-01-13
20260113,E06,Germany GmbH,USD,-16160.43,65017.19,-21292.69,85688.63,2026-01-13
20260113,E07,Germany Sales Office,EUR,-972449.24,1426514.92,105627.53,555218.63,2026-01-13
20260113,E07,Germany Sales Office,USD,128356.0,181713.24,169180.39,239508.23,2026-01-13
20260113,E08,Netherlands BV,EUR,-28198.76,270165.58,-43237.92,389710.56,2026-01-13
20260113,E08,Netherlands BV,USD,96461.44,152534.72,127141.58,201049.3,2026-01-13
20260113,E09,UK Ltd,EUR,25501.53,25501.53,36851.45,36851.45,2026-01-13
20260113,E09,UK Ltd,GBP,-1969.8,1969.8,-3407.75,3407.75,2026-01-13
20260113,E09,UK Ltd,USD,186175.52,186175.52,245389.76,245389.76,2026-01-13
20260113,E10,US Inc,EUR,89020.82,166927.82,128641.13,241222.05,2026-01-13
20260113,E10,US Inc,USD,660461.23,663760.57,870525.03,874873.43,2026-01-13
20260113,E11,US West Distribution,USD,128825.92,699372.06,392022.01,712726.91,2026-01-13
20260114,E01,Group Treasury HQ,EUR,568965.53,879310.35,818345.38,1264715.58,2026-01-14
20260114,E01,Group Treasury HQ,SGD,-152665.83,221321.95,-662.01,69318.13,2026-01-14
20260114,E01,Group Treasury HQ,USD,458955.22,817164.18,604821.29,1076876.93,2026-01-14
20260114,E02,SG Operations,SGD,-46620.73,495454.87,43893.43,585969.03,2026-01-14
20260114,E02,SG Operations,USD,-7584.78,19833.5,-9995.39,26137.03,2026-01-14
20260114,E03,Shanghai Mfg,CNY,-67580.49,788148.19,38321.9,198296.08,2026-01-14
20260114,E03,Shanghai Mfg,USD,63939.99,63939.99,84509.97,84509.97,2026-01-14
20260114,E04,Shenzhen Sourcing,CNY,130874.0,208646.28,24466.24,39005.38,2026-01-14
20260114,E04,Shenzhen Sourcing,USD,-583144.81,692974.59,-768146.1,913552.12,2026-01-14
20260114,E05,India Services,INR,779494.07,883951.83,12559.21,14242.23,2026-01-14
20260114,E06,Germany GmbH,EUR,-166171.37,878482.47,-335419.11,1167110.71,2026-01-14
20260114,E06,Germany GmbH,USD,209122.04,209122.04,275585.62,275585.62,2026-01-14
20260114,E07,Germany Sales Office,EUR,-80869.27,108826.63,-116314.6,156525.78,2026-01-14
20260114,E08,Netherlands BV,EUR,122423.56,197467.38,183728.73,276371.69,2026-01-14
20260114,E08,Netherlands BV,USD,239336.26,239336.26,315402.59,315402.59,2026-01-14
20260114,E09,UK Ltd,GBP,161908.36,164156.28,173656.81,177550.81,2026-01-14
20260114,E09,UK Ltd,USD,22480.48,105442.14,29625.27,138953.97,2026-01-14
20260114,E10,US Inc,EUR,-322631.81,322631.81,-464042.61,464042.61,2026-01-14
20260114,E10,US Inc,USD,160921.93,304854.59,277497.36,318166.36,2026-01-14
20260114,E11,US West Distribution,USD,1715.6,108198.46,548.69,145927.35,2026-01-14
20260115,E01,Group Treasury HQ,EUR,129140.82,134583.06,184122.17,191876.89,2026-01-15
20260115,E01,Group Treasury HQ,SGD,238403.1,1164126.92,760262.02,952132.5,2026-01-15
20260115,E02,SG Operations,SGD,-1025063.33,1388133.07,-306194.49,709454.41,2026-01-15
20260115,E02,SG Operations,USD,526331.22,535138.62,698391.0,710077.58,2026-01-15
20260115,E03,Shanghai Mfg,CNY,-4118798.62,5075667.62,-821254.54,999746.96,2026-01-15
20260115,E03,Shanghai Mfg,EUR,-103978.67,103978.67,-148160.77,148160.77,2026-01-15
20260115,E03,Shanghai Mfg,USD,-56122.61,56122.61,-74469.31,74469.31,2026-01-15
20260115,E04,Shenzhen Sourcing,CNY,-3528919.03,3528919.03,-874513.85,874513.85,2026-01-15
20260115,E04,Shenzhen Sourcing,USD,-16230.59,16230.59,-21536.43,21536.43,2026-01-15
20260115,E05,India Services,EUR,-50339.47,50339.47,-71729.47,71729.47,2026-01-15
20260115,E05,India Services,INR,-7694057.4,8090799.08,-142596.04,148993.1,2026-01-15
20260115,E05,India Services,USD,-109648.68,109648.68,-145493.28,145493.28,2026-01-15
20260115,E06,Germany GmbH,EUR,-91031.52,91031.52,-143749.78,143749.78,2026-01-15
20260115,E06,Germany GmbH,USD,-35608.33,43592.45,-47219.84,57814.0,2026-01-15
20260115,E07,Germany Sales Office,EUR,-56766.46,56766.46,-87244.26,87244.26,2026-01-15
20260115,E07,Germany Sales Office,USD,179171.4,179171.4,237743.25,237743.25,2026-01-15
20260115,E08,Netherlands BV,EUR,-492587.31,492587.31,-543066.98,543066.98,2026-01-15
20260115,E08,Netherlands BV,USD,25896.67,101091.13,34419.21,134081.41,2026-01-15
20260115,E09,UK Ltd,EUR,-3330.2,52979.94,-4745.25,75491.91,2026-01-15
20260115,E09,UK Ltd,GBP,69136.03,125231.33,119210.85,215935.63,2026-01-15
20260115,E09,UK Ltd,USD,17082.54,74949.84,22666.89,99451.25,2026-01-15
20260115,E10,US Inc,EUR,-51293.15,51293.15,-73088.38,73088.38,2026-01-15
20260115,E10,US Inc,USD,-1768649.46,1885017.66,-660187.19,814596.63,2026-01-15
20260115,E11,US West Distribution,USD,-718638.2,754228.38,-351602.29,398827.05,2026-01-15
20260116,E01,Group Treasury HQ,EUR,-1141061.57,1652041.87,-1626845.71,2355365.67,2026-01-16
20260116,E01,Group Treasury HQ,SGD,-21092.09,343058.95,30841.96,394993.0,2026-01-16
20260116,E02,SG Operations,SGD,-1173118.73,1273499.89,-506305.67,612139.27,2026-01-16
20260116,E02,SG Operations,USD,-91238.16,91238.16,-120672.05,120672.05,2026-01-16
20260116,E03,Shanghai Mfg,CNY,-816301.15,1444959.47,-152480.98,269911.22,2026-01-16
20260116,E03,Shanghai Mfg,USD,-207089.3,207089.3,-273897.34,273897.34,2026-01-16
20260116,E04,Shenzhen Sourcing,CNY,-49411.32,935714.7,-34097.37,199654.39,2026-01-16
20260116,E04,Shenzhen Sourcing,USD,-52305.9,52305.9,-69180.04,69180.04,2026-01-16
20260116,E05,India Services,INR,-1324417.92,4078130.76,-29637.51,74060.41,2026-01-16
20260116,E06,Germany GmbH,EUR,-1615664.6,1646289.84,-1478011.35,1521674.67,2026-01-16
20260116,E06,Germany GmbH,USD,-9715.82,140464.86,-12850.19,185779.53,2026-01-16
20260116,E07,Germany Sales Office,EUR,-523478.72,535015.24,-393787.84,410235.8,2026-01-16
20260116,E08,Netherlands BV,EUR,-29469.56,73198.84,-16066.72,78412.86,2026-01-16
20260116,E08,Netherlands BV,USD,67656.86,143856.52,89483.3,190265.36,2026-01-16
20260116,E09,UK Ltd,GBP,-194345.73,810622.83,266888.32,462957.66,2026-01-16
20260116,E09,UK Ltd,USD,41705.52,86152.04,55159.93,113945.11,2026-01-16
20260116,E10,US Inc,EUR,1372815.41,1420288.03,1957264.12,2024947.26,2026-01-16
20260116,E10,US Inc,USD,-1441074.65,1887583.97,-325836.05,958947.37,2026-01-16
20260116,E11,US West Distribution,USD,-121138.43,309918.15,-160218.33,409899.33,2026-01-16
20260119,E01,Group Treasury HQ,CNY,-2983870.97,2983870.97,-556447.18,556447.18,2026-01-19
20260119,E01,Group Treasury HQ,EUR,-274851.13,304459.21,-390832.26,432934.3,2026-01-19
20260119,E01,Group Treasury HQ,SGD,141168.96,472159.68,286350.21,617340.93,2026-01-19
20260119,E01,Group Treasury HQ,USD,-145522.39,145522.39,-192960.94,192960.94,2026-01-19
20260119,E02,SG Operations,SGD,315725.29,324523.49,390648.11,399446.31,2026-01-19
20260119,E02,SG Operations,USD,74537.31,74537.31,98835.57,98835.57,2026-01-19
20260119,E03,Shanghai Mfg,CNY,2420018.28,4077926.36,451297.11,760472.11,2026-01-19
20260119,E03,Shanghai Mfg,USD,158763.88,169406.64,210518.99,224631.17,2026-01-19
20260119,E04,Shenzhen Sourcing,CNY,6491295.01,6708045.23,1489987.88,1530408.52,2026-01-19
20260119,E04,Shenzhen Sourcing,USD,-92388.92,278011.08,-122506.6,368639.36,2026-01-19
20260119,E05,India Services,INR,44318700.77,44341172.89,713929.94,714291.96,2026-01-19
20260119,E05,India Services,USD,48542.55,48542.55,64366.84,64366.84,2026-01-19
20260119,E06,Germany GmbH,EUR,541399.73,673509.79,744189.25,932046.87,2026-01-19
20260119,E06,Germany GmbH,USD,130984.06,239737.96,173683.29,317889.67,2026-01-19
20260119,E07,Germany Sales Office,EUR,147519.7,177965.28,220519.95,263812.89,2026-01-19
20260119,E07,Germany Sales Office,USD,190612.77,195394.57,252750.25,259090.85,2026-01-19
20260119,E08,Netherlands BV,EUR,489341.05,491964.69,704215.32,707946.06,2026-01-19
20260119,E08,Netherlands BV,USD,164710.11,164710.11,218403.62,218403.62,2026-01-19
20260119,E09,UK Ltd,EUR,22220.83,22220.83,31597.53,31597.53,2026-01-19
20260119,E09,UK Ltd,GBP,-250598.52,278670.44,-435559.67,476748.13,2026-01-19
20260119,E09,UK Ltd,USD,138451.35,138451.35,183584.82,183584.82,2026-01-19
20260119,E10,US Inc,USD,-31577.92,31577.92,-41871.94,41871.94,2026-01-19
20260120,E01,Group Treasury HQ,EUR,-47912.06,158984.5,-68120.83,226042.41,2026-01-20
20260120,E01,Group Treasury HQ,SGD,167505.11,405019.89,341565.16,385932.92,2026-01-20
20260120,E01,Group Treasury HQ,USD,682835.82,682835.82,909428.74,909428.74,2026-01-20
20260120,E02,SG Operations,SGD,46497.78,96695.24,85707.58,101912.8,2026-01-20
20260120,E02,SG Operations,USD,-606990.56,845064.72,-808414.91,1125491.85,2026-01-20
20260120,E03,Shanghai Mfg,CNY,-2743106.51,5301377.27,-512412.31,990297.29,2026-01-20
20260120,E03,Shanghai Mfg,EUR,29833.39,29833.39,42416.79,42416.79,2026-01-20
20260120,E03,Shanghai Mfg,USD,36686.45,45141.69,48860.52,60121.56,2026-01-20
20260120,E04,Shenzhen Sourcing,CNY,167562.82,1708155.22,173879.0,511908.44,2026-01-20
20260120,E04,Shenzhen Sourcing,USD,3950.18,23382.32,5261.01,31141.53,2026-01-20
20260120,E05,India Services,EUR,-19007.55,19007.55,-27024.73,27024.73,2026-01-20
20260120,E05,India Services,INR,16885710.3,28668944.16,258700.72,472724.8,2026-01-20
20260120,E05,India Services,USD,30694.52,30694.52,40880.22,40880.22,2026-01-20
20260120,E06,Germany GmbH,EUR,-425337.82,571240.62,-41658.38,205000.22,2026-01-20
20260120,E06,Germany GmbH,USD,66941.13,66941.13,89154.94,89154.94,2026-01-20
20260120,E07,Germany Sales Office,EUR,130991.15,132019.27,187621.6,189083.36,2026-01-20
20260120,E07,Germany Sales Office,USD,49938.72,49938.72,66510.43,66510.43,2026-01-20
20260120,E08,Netherlands BV,EUR,-1281207.9,1705296.2,-22967.55,678872.95,2026-01-20
20260120,E08,Netherlands BV,USD,682174.35,689750.53,908489.1,918579.36,2026-01-20
20260120,E09,UK Ltd,EUR,31917.68,31917.68,45380.21,45380.21,2026-01-20
20260120,E09,UK Ltd,GBP,73897.47,74544.25,73665.25,74776.47,2026-01-20
20260120,E09,UK Ltd,USD,68313.71,68313.71,90983.0,90983.0,2026-01-20
20260120,E10,US Inc,EUR,555734.41,555734.41,790137.06,790137.06,2026-01-20
20260120,E10,US Inc,USD,680614.58,687892.08,914896.11,924575.57,2026-01-20
20260120,E11,US West Distribution,USD,807200.34,1076099.16,1304702.31,1444948.59,2026-01-20
20260121,E01,Group Treasury HQ,EUR,415887.22,415887.22,592001.32,592001.32,2026-01-21
20260121,E01,Group Treasury HQ,SGD,-116300.25,192845.23,-115143.06,194002.42,2026-01-21
20260121,E02,SG Operations,SGD,-58460.69,617523.81,218920.5,361938.8,2026-01-21
20260121,E02,SG Operations,USD,211454.87,215404.79,281118.68,286369.9,2026-01-21
20260121,E03,Shanghai Mfg,CNY,308972.67,1406809.11,39195.86,281605.58,2026-01-21
20260121,E03,Shanghai Mfg,USD,-29799.47,49390.31,-39620.06,65658.8,2026-01-21
20260121,E04,Shenzhen Sourcing,CNY,159533.06,587224.7,36718.0,116683.92,2026-01-21
20260121,E05,India Services,INR,2213625.25,2437673.67,35634.94,39241.68,2026-01-21
20260121,E06,Germany GmbH,EUR,-203490.44,617065.04,42956.6,545752.78,2026-01-21
20260121,E06,Germany GmbH,USD,-64786.04,67147.86,-86129.8,89269.72,2026-01-21
20260121,E07,Germany Sales Office,EUR,51762.57,51954.05,73682.26,73954.82,2026-01-21
20260121,E07,Germany Sales Office,USD,106320.36,106320.36,141347.6,141347.6,2026-01-21
20260121,E08,Netherlands BV,EUR,-241842.36,560342.82,142722.63,310651.95,2026-01-21
20260121,E08,Netherlands BV,USD,8392.22,47606.34,11157.03,63290.25,2026-01-21
20260121,E09,UK Ltd,EUR,65074.76,65074.76,92631.71,92631.71,2026-01-21
20260121,E09,UK Ltd,GBP,198667.39,199573.43,281869.95,283433.95,2026-01-21
20260121,E09,UK Ltd,USD,45096.96,59122.0,59954.16,78599.74,2026-01-21
20260121,E10,US Inc,EUR,-375837.79,394194.97,-534992.31,561123.13,2026-01-21
20260121,E10,US Inc,USD,-40765.5,940219.7,-49602.32,1215158.88,2026-01-21
20260121,E11,US West Distribution,USD,169932.82,284188.98,225933.73,377798.51,2026-01-21
20260122,E01,Group Treasury HQ,CNY,-2741935.48,2741935.48,-513687.9,513687.9,2026-01-22
20260122,E01,Group Treasury HQ,SGD,-51099.6,153567.3,30974.55,71493.15,2026-01-22
20260122,E02,SG Operations,SGD,-3521953.43,3642235.51,-651304.94,771587.02,2026-01-22
20260122,E02,SG Operations,USD,83206.92,83206.92,110592.64,110592.64,2026-01-22
20260122,E03,Shanghai Mfg,CNY,-159090.57,9559292.53,-29804.82,1790885.66,2026-01-22
20260122,E03,Shanghai Mfg,EUR,-11927.58,11927.58,-17023.34,17023.34,2026-01-22
20260122,E03,Shanghai Mfg,USD,-357878.76,357878.76,-475666.69,475666.69,2026-01-22
20260122,E04,Shenzhen Sourcing,CNY,-5075830.28,5195302.7,-918951.09,1050278.95,2026-01-22
20260122,E04,Shenzhen Sourcing,USD,-1980.5,1980.5,-2632.34,2632.34,2026-01-22
20260122,E05,India Services,EUR,-16094.91,24423.43,-22971.05,34857.73,2026-01-22
20260122,E05,India Services,INR,-2413960.31,5414591.51,-19276.51,106677.07,2026-01-22
20260122,E05,India Services,USD,-4673.55,61621.81,-6211.75,81903.27,2026-01-22
20260122,E06,Germany GmbH,EUR,66276.5,164892.44,47926.29,188673.39,2026-01-22
20260122,E06,Germany GmbH,USD,-98079.23,208933.25,-130359.85,277699.03,2026-01-22
20260122,E07,Germany Sales Office,EUR,22270.65,23882.47,31785.23,34085.65,2026-01-22
20260122,E08,Netherlands BV,EUR,-119846.71,187937.05,-171465.45,272825.21,2026-01-22
20260122,E08,Netherlands BV,USD,-53965.61,371489.23,-71720.32,493749.86,2026-01-22
20260122,E09,UK Ltd,EUR,-5789.18,5789.18,-8262.46,8262.46,2026-01-22
20260122,E09,UK Ltd,GBP,-18036.09,244111.31,-31348.39,424288.15,2026-01-22
20260122,E09,UK Ltd,USD,12667.08,18661.68,16836.17,24803.77,2026-01-22
20260122,E10,US Inc,EUR,-130097.37,130097.37,-185678.22,185678.22,2026-01-22
20260122,E10,US Inc,USD,-210912.6,409476.0,26919.66,228381.28,2026-01-22
20260122,E11,US West Distribution,USD,28203.04,121508.08,44716.18,154269.06,2026-01-22
20260123,E01,Group Treasury HQ,SGD,-951.88,951.88,-951.88,951.88,2026-01-23
20260123,E02,SG Operations,SGD,-497472.51,585888.09,-497472.51,585888.09,2026-01-23
20260123,E02,SG Operations,USD,75370.72,75370.72,99911.8,99911.8,2026-01-23
20260123,E03,Shanghai Mfg,CNY,-264701.29,826714.35,-49600.52,154912.22,2026-01-23
20260123,E03,Shanghai Mfg,USD,33075.69,33075.69,43845.3,43845.3,2026-01-23
20260123,E04,Shenzhen Sourcing,CNY,1172086.35,2107026.23,219629.06,394820.88,2026-01-23
20260123,E04,Shenzhen Sourcing,USD,-2251.13,2251.13,-2984.11,2984.11,2026-01-23
20260123,E05,India Services,INR,75909.21,579145.01,1221.15,9316.71,2026-01-23
20260123,E05,India Services,USD,-5205.52,5205.52,-6900.46,6900.46,2026-01-23
20260123,E06,Germany GmbH,EUR,-377197.11,448313.79,-523339.38,624930.68,2026-01-23
20260123,E06,Germany GmbH,USD,39290.32,70005.64,52083.44,92799.84,2026-01-23
20260123,E07,Germany Sales Office,EUR,-332934.43,332934.43,-372407.17,372407.17,2026-01-23
20260123,E08,Netherlands BV,EUR,-1718783.45,1850658.17,-237987.88,445218.6,2026-01-23
20260123,E08,Netherlands BV,USD,9820.04,9820.04,13017.49,13017.49,2026-01-23
20260123,E09,UK Ltd,GBP,-526991.39,550654.85,-80999.32,122061.64,2026-01-23
20260123,E09,UK Ltd,USD,5698.93,5698.93,7554.53,7554.53,2026-01-23
20260123,E10,US Inc,EUR,-1293268.08,1293268.08,-1847454.14,1847454.14,2026-01-23
20260123,E10,US Inc,USD,-2160315.43,2160315.43,-687137.92,687137.92,2026-01-23
20260123,E11,US West Distribution,USD,-142815.57,142815.57,-189317.02,189317.02,2026-01-23
20260125,E01,Group Treasury HQ,SGD,-165000.0,165000.0,-165000.0,165000.0,2026-01-25
20260125,E02,SG Operations,SGD,165000.0,165000.0,165000.0,165000.0,2026-01-25
20260126,E01,Group Treasury HQ,CNY,-2338709.68,2338709.68,-437549.19,437549.19,2026-01-26
20260126,E01,Group Treasury HQ,EUR,340581.81,340581.81,485760.26,485760.26,2026-01-26
20260126,E01,Group Treasury HQ,SGD,-32259.43,33537.65,-32051.14,33745.94,2026-01-26
20260126,E02,SG Operations,SGD,479867.46,647899.74,611645.32,779677.6,2026-01-26
20260126,E02,SG Operations,USD,80288.03,80288.03,106454.14,106454.14,2026-01-26
20260126,E03,Shanghai Mfg,CNY,6322377.33,6360995.73,1182851.88,1190080.36,2026-01-26
20260126,E03,Shanghai Mfg,EUR,-80487.02,80487.02,-114630.9,114630.9,2026-01-26
20260126,E03,Shanghai Mfg,USD,109401.4,109401.4,145055.65,145055.65,2026-01-26
20260126,E04,Shenzhen Sourcing,CNY,3782220.74,3788753.78,737543.86,738766.1,2026-01-26
20260126,E04,Shenzhen Sourcing,USD,11847.51,11847.51,15708.65,15708.65,2026-01-26
20260126,E06,Germany GmbH,EUR,-9799.31,265001.49,-13956.35,377419.37,2026-01-26
20260126,E06,Germany GmbH,USD,127791.35,127791.35,169438.94,169438.94,2026-01-26
20260126,E07,Germany Sales Office,EUR,1805.53,52262.99,2571.45,74433.81,2026-01-26
20260126,E07,Germany Sales Office,USD,12391.35,12391.35,16429.73,16429.73,2026-01-26
20260126,E08,Netherlands BV,EUR,43387.56,120914.78,64544.07,174959.59,2026-01-26
20260126,E08,Netherlands BV,USD,71065.46,71065.46,94225.91,94225.91,2026-01-26
20260126,E09,UK Ltd,GBP,35110.83,37359.85,34267.27,38203.41,2026-01-26
20260126,E09,UK Ltd,USD,172288.15,172288.15,228437.37,228437.37,2026-01-26
20260126,E10,US Inc,EUR,156007.93,156007.93,222188.99,222188.99,2026-01-26
20260126,E10,US Inc,USD,272032.4,352204.12,362433.78,468734.7,2026-01-26
20260126,E11,US West Distribution,USD,48832.23,79274.13,66527.86,106890.86,2026-01-26
20260127,E01,Group Treasury HQ,EUR,-476253.6,992711.92,-679264.32,1415871.26,2026-01-27
20260127,E01,Group Treasury HQ,SGD,675340.15,676407.77,680918.61,681986.23,2026-01-27
20260127,E01,Group Treasury HQ,USD,895522.39,895522.39,1190717.91,1190717.91,2026-01-27
20260127,E02,SG Operations,SGD,-1437090.68,2167988.76,-372077.94,1351920.36,2026-01-27
20260127,E02,SG Operations,USD,-398311.62,1409918.44,-529643.12,1874542.04,2026-01-27
20260127,E03,Shanghai Mfg,CNY,-4623495.01,6232540.35,-870250.85,1182649.31,2026-01-27
20260127,E03,Shanghai Mfg,EUR,28675.82,28675.82,40899.35,40899.35,2026-01-27
20260127,E03,Shanghai Mfg,USD,13707.31,36406.53,18078.73,48260.41,2026-01-27
20260127,E04,Shenzhen Sourcing,CNY,-1942809.26,2400499.38,-211613.21,598850.87,2026-01-27
20260127,E04,Shenzhen Sourcing,USD,252538.87,252538.87,335784.52,335784.52,2026-01-27
20260127,E05,India Services,INR,80996644.29,81151130.49,1303085.51,1311385.17,2026-01-27
20260127,E05,India Services,USD,103937.62,265625.4,138199.09,353184.83,2026-01-27
20260127,E06,Germany GmbH,EUR,975484.59,1107310.09,1381580.88,1589038.36,2026-01-27
20260127,E06,Germany GmbH,USD,300537.49,313776.53,399605.16,417208.26,2026-01-27
20260127,E07,Germany Sales Office,EUR,-523.3,523.3,-746.37,746.37,2026-01-27
20260127,E07,Germany Sales Office,USD,17690.76,17690.76,23522.25,23522.25,2026-01-27
20260127,E08,Netherlands BV,EUR,-262372.18,303299.98,-39818.78,102066.12,2026-01-27
20260127,E08,Netherlands BV,USD,204745.2,433538.58,272236.38,576448.06,2026-01-27
20260127,E09,UK Ltd,EUR,-69062.11,69062.11,-98500.94,98500.94,2026-01-27
20260127,E09,UK Ltd,GBP,-74142.62,74142.62,-128921.13,128921.13,2026-01-27
20260127,E10,US Inc,EUR,150096.42,150096.42,214077.42,214077.42,2026-01-27
20260127,E10,US Inc,USD,-476896.95,1061077.31,195051.59,577305.41,2026-01-27
20260127,E11,US West Distribution,USD,268545.93,496268.51,447506.37,569417.67,2026-01-27
20260128,E01,Group Treasury HQ,EUR,570782.76,570782.76,815883.72,815883.72,2026-01-28
20260128,E01,Group Treasury HQ,SGD,22435.22,22435.22,22435.22,22435.22,2026-01-28
20260128,E01,Group Treasury HQ,USD,1712686.57,1712686.57,2267201.38,2267201.38,2026-01-28
20260128,E02,SG Operations,SGD,141527.03,191659.47,208213.49,258345.93,2026-01-28
20260128,E02,SG Operations,USD,147213.92,147213.92,194877.22,194877.22,2026-01-28
20260128,E03,Shanghai Mfg,CNY,-2421597.54,3186794.04,-464826.55,607569.37,2026-01-28
20260128,E04,Shenzhen Sourcing,CNY,1291668.79,1442006.09,240953.07,268997.59,2026-01-28
20260128,E04,Shenzhen Sourcing,USD,-283271.17,298818.39,-374985.59,395566.51,2026-01-28
20260128,E05,India Services,EUR,17319.66,17319.66,24756.93,24756.93,2026-01-28
20260128,E05,India Services,INR,-2825937.78,4022493.3,-58264.9,77602.44,2026-01-28
20260128,E05,India Services,USD,82264.79,82264.79,108899.58,108899.58,2026-01-28
20260128,E06,Germany GmbH,EUR,-299975.26,374214.12,-434715.32,540833.24,2026-01-28
20260128,E06,Germany GmbH,USD,-582089.55,582089.55,-770552.1,770552.1,2026-01-28
20260128,E07,Germany Sales Office,EUR,-179139.27,179139.27,-52256.39,52256.39,2026-01-28
20260128,E07,Germany Sales Office,USD,35705.41,35705.41,47265.71,47265.71,2026-01-28
20260128,E08,Netherlands BV,EUR,-59301.56,322781.98,151926.93,224695.15,2026-01-28
20260128,E08,Netherlands BV,USD,253163.03,253163.03,335129.37,335129.37,2026-01-28
20260128,E09,UK Ltd,EUR,13987.89,13987.89,19994.46,19994.46,2026-01-28
20260128,E09,UK Ltd,GBP,45408.36,83687.02,94022.37,132440.75,2026-01-28
20260128,E09,UK Ltd,USD,119894.62,128398.72,158712.78,169970.24,2026-01-28
20260128,E10,US Inc,EUR,-277285.7,310970.28,-396355.51,444504.65,2026-01-28
20260128,E10,US Inc,USD,-237924.46,548683.82,-234840.95,652413.03,2026-01-28
20260128,E11,US West Distribution,USD,-827351.96,852849.74,-1094239.22,1129959.72,2026-01-28
20260129,E01,Group Treasury HQ,SGD,-2305689.0,2305689.0,-430583.5,430583.5,2026-01-29
20260129,E01,Group Treasury HQ,USD,-123134.33,123134.33,-162533.62,162533.62,2026-01-29
20260129,E02,SG Operations,SGD,-1986000.94,2098803.16,-329390.33,452563.77,2026-01-29
20260129,E02,SG Operations,USD,-54220.11,54220.11,-71568.92,71568.92,2026-01-29
20260129,E03,Shanghai Mfg,CNY,-1717381.17,1717381.17,-411323.48,411323.48,2026-01-29
20260129,E03,Shanghai Mfg,USD,97692.08,103282.56,128950.62,136329.88,2026-01-29
20260129,E04,Shenzhen Sourcing,CNY,-1001965.6,1294534.76,-186935.74,241520.08,2026-01-29
20260129,E04,Shenzhen Sourcing,USD,-106421.0,106421.0,-140472.52,140472.52,2026-01-29
20260129,E05,India Services,EUR,2919.02,16597.6,4170.59,23714.09,2026-01-29
20260129,E05,India Services,INR,2412.85,896209.15,38.69,14471.35,2026-01-29
20260129,E05,India Services,USD,-584405.14,599720.5,-771776.91,791992.73,2026-01-29
20260129,E06,Germany GmbH,EUR,-62479.39,141309.93,19164.26,93466.14,2026-01-29
20260129,E06,Germany GmbH,USD,-5919.35,5919.35,-7813.36,7813.36,2026-01-29
20260129,E07,Germany Sales Office,EUR,-130880.03,130880.03,-25258.55,25258.55,2026-01-29
20260129,E07,Germany Sales Office,USD,-516.77,516.77,-682.12,682.12,2026-01-29
20260129,E08,Netherlands BV,EUR,-123665.66,288353.36,-174328.23,414350.55,2026-01-29
20260129,E08,Netherlands BV,USD,-37485.26,46624.08,-49699.84,61762.8,2026-01-29
20260129,E09,UK Ltd,EUR,-14740.54,14740.54,-21060.78,21060.78,2026-01-29
20260129,E09,UK Ltd,GBP,-11239.78,99505.76,-19851.56,175745.88,2026-01-29
20260129,E09,UK Ltd,USD,137580.9,137580.9,181602.66,181602.66,2026-01-29
20260129,E10,US Inc,EUR,161844.8,161844.8,231238.34,231238.34,2026-01-29
20260129,E10,US Inc,USD,-819536.34,926589.76,-109202.64,250509.96,2026-01-29
20260129,E11,US West Distribution,USD,45721.05,469450.95,136474.91,461349.73,2026-01-29
20260130,E01,Group Treasury HQ,EUR,-134482.76,134482.76,-191435.0,191435.0,2026-01-30
20260130,E01,Group Treasury HQ,SGD,210580.8,241996.92,281515.08,312931.2,2026-01-30
20260130,E01,Group Treasury HQ,USD,-156716.42,156716.42,-208094.33,208094.33,2026-01-30
20260130,E02,SG Operations,SGD,-194374.55,453081.39,-155067.83,492388.11,2026-01-30
20260130,E02,SG Operations,USD,160600.15,160600.15,213251.3,213251.3,2026-01-30
20260130,E03,Shanghai Mfg,CNY,609111.74,844137.04,182650.37,226522.57,2026-01-30
20260130,E04,Shenzhen Sourcing,CNY,360151.83,1449291.55,63363.34,274405.46,2026-01-30
20260130,E04,Shenzhen Sourcing,USD,31136.95,31136.95,41344.88,41344.88,2026-01-30
20260130,E05,India Services,INR,7292457.68,13485250.06,156574.52,256650.06,2026-01-30
20260130,E05,India Services,USD,-14968.85,23006.79,-19876.24,30549.34,2026-01-30
20260130,E06,Germany GmbH,EUR,-1077352.71,1358406.71,-1243931.42,1644009.26,2026-01-30
20260130,E06,Germany GmbH,USD,36477.49,179905.61,48436.27,238885.85,2026-01-30
20260130,E07,Germany Sales Office,EUR,-159299.31,159299.31,-226761.14,226761.14,2026-01-30
20260130,E08,Netherlands BV,EUR,-660011.0,730756.76,-131824.01,232529.97,2026-01-30
20260130,E08,Netherlands BV,USD,6397.47,6397.47,8494.81,8494.81,2026-01-30
20260130,E09,UK Ltd,EUR,251693.41,251693.41,358283.31,358283.31,2026-01-30
20260130,E09,UK Ltd,GBP,-72414.4,72414.4,-127593.73,127593.73,2026-01-30
20260130,E09,UK Ltd,USD,-42428.04,57961.26,-56337.65,76963.29,2026-01-30
20260130,E10,US Inc,EUR,-30761.8,30761.8,-43789.15,43789.15,2026-01-30
20260130,E10,US Inc,USD,-404331.7,425058.24,-235162.35,262683.87,2026-01-30
20260130,E11,US West Distribution,USD,119479.39,366814.37,159844.18,490880.92,2026-01-30
20260202,E01,Group Treasury HQ,EUR,-65436.2,182839.66,-92907.5,261176.84,2026-02-02
20260202,E01,Group Treasury HQ,SGD,-135067.89,648965.81,-58125.72,725907.98,2026-02-02
20260202,E01,Group Treasury HQ,USD,-626865.67,626865.67,-834317.46,834317.46,2026-02-02
20260202,E02,SG Operations,SGD,399775.18,737720.04,557321.7,667588.88,2026-02-02
20260202,E02,SG Operations,USD,66451.5,66451.5,88442.63,88442.63,2026-02-02
20260202,E03,Shanghai Mfg,CNY,1655080.21,1667881.59,318922.93,321316.07,2026-02-02
20260202,E03,Shanghai Mfg,USD,7862.41,7862.41,10450.77,10450.77,2026-02-02
20260202,E04,Shenzhen Sourcing,CNY,1095150.45,1141003.31,204731.79,213303.73,2026-02-02
20260202,E04,Shenzhen Sourcing,USD,166848.71,166848.71,221504.22,221504.22,2026-02-02
20260202,E05,India Services,EUR,23952.92,23952.92,34187.54,34187.54,2026-02-02
20260202,E05,India Services,INR,40543025.04,40711613.74,690168.01,692890.55,2026-02-02
20260202,E05,India Services,USD,715548.67,715548.67,952317.69,952317.69,2026-02-02
20260202,E06,Germany GmbH,EUR,61721.72,176791.98,95227.84,259337.92,2026-02-02
20260202,E06,Germany GmbH,USD,-74726.02,163931.6,-99455.48,218182.3,2026-02-02
20260202,E07,Germany Sales Office,EUR,11314.07,11669.65,16135.82,16642.94,2026-02-02
20260202,E07,Germany Sales Office,USD,47869.68,47869.68,63711.44,63711.44,2026-02-02
20260202,E08,Netherlands BV,EUR,238567.22,291179.78,337096.71,412131.33,2026-02-02
20260202,E08,Netherlands BV,USD,119117.5,119117.5,158537.65,158537.65,2026-02-02
20260202,E09,UK Ltd,EUR,40705.44,40705.44,58053.0,58053.0,2026-02-02
20260202,E09,UK Ltd,GBP,-32743.53,32743.53,-57777.41,57777.41,2026-02-02
20260202,E09,UK Ltd,USD,34471.28,34471.28,45879.04,45879.04,2026-02-02
20260202,E10,US Inc,EUR,261508.74,302640.32,372956.71,431617.45,2026-02-02
20260202,E10,US Inc,USD,354784.33,553831.27,472480.64,736827.62,2026-02-02
20260202,E11,US West Distribution,USD,690635.77,945906.57,896038.69,1287554.29,2026-02-02
20260203,E01,Group Treasury HQ,EUR,-577725.55,911929.63,-828029.18,1307029.52,2026-02-03
20260203,E01,Group Treasury HQ,SGD,84381.04,274042.66,170771.35,206689.19,2026-02-03
20260203,E01,Group Treasury HQ,USD,223880.6,335820.9,296830.07,445245.11,2026-02-03
20260203,E02,SG Operations,SGD,27390.54,335875.38,78637.82,387122.66,2026-02-03
20260203,E02,SG Operations,USD,-236091.68,323609.82,-313020.02,429055.16,2026-02-03
20260203,E03,Shanghai Mfg,CNY,-179076.77,2255938.79,-33395.67,420705.51,2026-02-03
20260203,E03,Shanghai Mfg,USD,-4316.65,45787.83,-5703.45,60687.65,2026-02-03
20260203,E04,Shenzhen Sourcing,CNY,541731.18,943024.3,247677.67,423228.59,2026-02-03
20260203,E04,Shenzhen Sourcing,USD,5790.69,5790.69,7677.53,7677.53,2026-02-03
20260203,E05,India Services,INR,11029239.55,13274369.73,196711.75,232898.77,2026-02-03
20260203,E05,India Services,USD,-22631.74,50230.24,-30006.09,66597.31,2026-02-03
20260203,E06,Germany GmbH,EUR,932021.0,970859.5,1329645.82,1397670.94,2026-02-03
20260203,E06,Germany GmbH,USD,323366.8,323366.8,428732.97,428732.97,2026-02-03
20260203,E07,Germany Sales Office,EUR,184330.99,395599.61,267594.61,570396.85,2026-02-03
20260203,E08,Netherlands BV,EUR,-112617.49,181832.41,-161409.8,260612.58,2026-02-03
20260203,E08,Netherlands BV,USD,83370.51,272780.09,110626.14,361572.96,2026-02-03
20260203,E09,UK Ltd,EUR,38188.09,61764.15,54733.35,88523.91,2026-02-03
20260203,E09,UK Ltd,GBP,-31348.75,31348.75,-55538.67,55538.67,2026-02-03
20260203,E09,UK Ltd,USD,101409.16,101409.16,134452.43,134452.43,2026-02-03
20260203,E10,US Inc,EUR,212298.85,212298.85,304278.8,304278.8,2026-02-03
20260203,E10,US Inc,USD,260527.57,596851.75,495067.9,656445.34,2026-02-03
20260203,E11,US West Distribution,USD,151295.25,270341.83,198832.2,360191.5,2026-02-03
20260204,E01,Group Treasury HQ,EUR,703448.27,703448.27,1010719.4,1010719.4,2026-02-04
20260204,E01,Group Treasury HQ,SGD,29496.33,41762.65,41067.65,53333.97,2026-02-04
20260204,E01,Group Treasury HQ,USD,167910.45,167910.45,222442.39,222442.39,2026-02-04
20260204,E02,SG Operations,SGD,639424.5,644989.82,671020.08,676585.4,2026-02-04
20260204,E02,SG Operations,USD,53875.9,53875.9,71373.06,71373.06,2026-02-04
20260204,E03,Shanghai Mfg,CNY,742285.09,837458.89,138337.44,156074.7,2026-02-04
20260204,E03,Shanghai Mfg,USD,-167910.45,167910.45,-222442.39,222442.39,2026-02-04
20260204,E04,Shenzhen Sourcing,CNY,-1532004.96,1649156.78,-285515.16,307348.4,2026-02-04
20260204,E05,India Services,INR,-861721.85,1763751.87,-13915.94,28482.82,2026-02-04
20260204,E05,India Services,USD,66500.34,66500.34,88097.52,88097.52,2026-02-04
20260204,E06,Germany GmbH,EUR,-383304.32,589072.88,-558315.55,838802.81,2026-02-04
20260204,E06,Germany GmbH,USD,-118463.38,118463.38,-156936.49,156936.49,2026-02-04
20260204,E07,Germany Sales Office,EUR,67553.41,91198.63,97061.22,131034.84,2026-02-04
20260204,E08,Netherlands BV,EUR,1879.92,2529.62,2701.09,3634.57,2026-02-04
20260204,E08,Netherlands BV,USD,98969.79,126622.13,131112.0,167744.94,2026-02-04
20260204,E09,UK Ltd,EUR,7371.64,7371.64,10591.62,10591.62,2026-02-04
20260204,E09,UK Ltd,GBP,31598.36,33944.56,32741.34,36902.08,2026-02-04
20260204,E09,UK Ltd,USD,48331.41,85908.15,64027.91,113808.37,2026-02-04
20260204,E10,US Inc,EUR,-426503.45,592844.77,-612803.15,851803.53,2026-02-04
20260204,E10,US Inc,USD,-572314.12,785843.96,-779457.93,1062335.43,2026-02-04
20260204,E11,US West Distribution,USD,-88569.59,292130.15,-117334.73,387005.27,2026-02-04
20260205,E01,Group Treasury HQ,EUR,5728.22,41157.96,8180.18,58775.54,2026-02-05
20260205,E01,Group Treasury HQ,SGD,-1551770.96,1551770.96,-289002.67,289002.67,2026-02-05
20260205,E02,SG Operations,SGD,-1176040.41,1420846.15,-140872.49,433262.21,2026-02-05
20260205,E02,SG Operations,USD,-122202.62,161960.3,-162178.78,214942.38,2026-02-05
20260205,E03,Shanghai Mfg,CNY,-2262641.19,2584284.57,-421024.07,480874.19,2026-02-05
20260205,E03,Shanghai Mfg,EUR,-52925.4,52925.4,-75580.01,75580.01,2026-02-05
20260205,E03,Shanghai Mfg,USD,-84488.6,84488.6,-112067.59,112067.59,2026-02-05
20260205,E04,Shenzhen Sourcing,CNY,-5655661.83,5709533.41,-1043106.9,1071683.56,2026-02-05
20260205,E04,Shenzhen Sourcing,USD,-26585.44,26585.44,-35257.56,35257.56,2026-02-05
20260205,E05,India Services,INR,-31552886.69,51748487.05,-509263.58,835220.56,2026-02-05
20260205,E05,India Services,USD,-21347.99,21347.99,-28331.56,28331.56,2026-02-05
20260205,E06,Germany GmbH,EUR,-51665.2,51665.2,-86971.95,86971.95,2026-02-05
20260205,E07,Germany Sales Office,EUR,-44834.93,100773.89,-65607.72,145491.24,2026-02-05
20260205,E08,Netherlands BV,EUR,-340612.44,340612.44,-486410.93,486410.93,2026-02-05
20260205,E08,Netherlands BV,USD,19272.94,95763.56,25587.76,127080.62,2026-02-05
20260205,E09,UK Ltd,EUR,-245359.14,245359.14,-350384.63,350384.63,2026-02-05
20260205,E09,UK Ltd,GBP,-89407.17,148919.39,-158540.56,264070.12,2026-02-05
20260205,E09,UK Ltd,USD,-7888.3,18348.44,-10468.8,24350.76,2026-02-05
20260205,E10,US Inc,EUR,20382.88,70437.64,29107.73,100588.33,2026-02-05
20260205,E10,US Inc,USD,-3794889.51,4682025.27,-227195.39,1404539.85,2026-02-05
20260205,E11,US West Distribution,USD,-667062.28,810604.9,-719585.59,904405.29,2026-02-05
20260206,E01,Group Treasury HQ,EUR,-538362.07,538362.07,-776575.98,776575.98,2026-02-06
20260206,E01,Group Treasury HQ,SGD,-197177.05,197177.05,-271575.99,271575.99,2026-02-06
20260206,E01,Group Treasury HQ,USD,-11194.03,11194.03,-14840.98,14840.98,2026-02-06
20260206,E02,SG Operations,SGD,-801466.7,852804.44,-586728.18,638065.92,2026-02-06
20260206,E02,SG Operations,USD,31034.34,31034.34,41145.14,41145.14,2026-02-06
20260206,E03,Shanghai Mfg,CNY,-1819959.36,1819959.36,-338417.8,338417.8,2026-02-06
20260206,E03,Shanghai Mfg,EUR,-151442.25,151442.25,-218452.26,218452.26,2026-02-06
20260206,E04,Shenzhen Sourcing,CNY,220405.85,1380353.95,40984.03,256674.05,2026-02-06
20260206,E04,Shenzhen Sourcing,USD,10379.02,10379.02,13760.44,13760.44,2026-02-06
20260206,E05,India Services,EUR,-23576.67,23576.67,-34008.85,34008.85,2026-02-06
20260206,E05,India Services,INR,1436777.69,11168376.77,-11764.38,276106.68,2026-02-06
20260206,E06,Germany GmbH,EUR,-301306.83,1355466.41,-293736.55,1824414.15,2026-02-06
20260206,E06,Germany GmbH,USD,-39864.26,82785.2,-52851.8,109756.12,2026-02-06
20260206,E07,Germany Sales Office,EUR,-347677.27,402161.71,-490802.69,569395.35,2026-02-06
20260206,E07,Germany Sales Office,USD,90491.03,107134.69,119972.47,142038.53,2026-02-06
20260206,E08,Netherlands BV,EUR,-1800949.33,1839994.59,-326971.71,383293.67,2026-02-06
20260206,E08,Netherlands BV,USD,217129.78,261483.6,287869.36,346673.38,2026-02-06
20260206,E09,UK Ltd,EUR,18164.81,18164.81,26202.36,26202.36,2026-02-06
20260206,E09,UK Ltd,GBP,-1243804.11,1386053.21,-146911.76,346084.84,2026-02-06
20260206,E09,UK Ltd,USD,24498.96,39056.16,32480.57,51780.41,2026-02-06
20260206,E10,US Inc,EUR,-82330.1,146732.84,-118759.44,211659.04,2026-02-06
20260206,E10,US Inc,USD,288441.26,543572.76,370465.37,693465.13,2026-02-06
20260206,E11,US West Distribution,USD,-169546.54,699857.96,-284455.35,987539.03,2026-02-06
20260209,E01,Group Treasury HQ,CNY,-13145161.29,13145161.29,-2441345.64,2441345.64,2026-02-09
20260209,E01,Group Treasury HQ,EUR,-10344.83,10344.83,-14851.73,14851.73,2026-02-09
20260209,E01,Group Treasury HQ,SGD,-233436.76,293162.54,-132857.4,212072.54,2026-02-09
20260209,E01,Group Treasury HQ,USD,-134328.36,134328.36,-178161.58,178161.58,2026-02-09
20260209,E02,SG Operations,SGD,-224407.11,973364.33,279442.36,537203.94,2026-02-09
20260209,E02,SG Operations,USD,89123.34,89123.34,118205.53,118205.53,2026-02-09
20260209,E03,Shanghai Mfg,CNY,13871440.7,13881846.16,2747499.91,2749432.43,2026-02-09
20260209,E03,Shanghai Mfg,EUR,-38901.8,38901.8,-55850.03,55850.03,2026-02-09
20260209,E03,Shanghai Mfg,USD,376867.99,376867.99,499708.75,499708.75,2026-02-09
20260209,E04,Shenzhen Sourcing,CNY,2884680.56,3476034.58,570019.22,679846.7,2026-02-09
20260209,E04,Shenzhen Sourcing,USD,121536.85,152456.73,161184.86,202194.32,2026-02-09
20260209,E05,India Services,EUR,21126.1,21126.1,30330.04,30330.04,2026-02-09
20260209,E05,India Services,INR,29236369.86,29296373.74,471611.87,472579.79,2026-02-09
20260209,E05,India Services,USD,18653.07,63809.31,24739.82,84631.18,2026-02-09
20260209,E06,Germany GmbH,EUR,146296.14,481480.42,210032.57,691245.55,2026-02-09
20260209,E06,Germany GmbH,USD,122068.76,143557.3,161901.51,190402.07,2026-02-09
20260209,E07,Germany Sales Office,EUR,12216.81,12489.63,17539.27,17930.95,2026-02-09
20260209,E07,Germany Sales Office,USD,109929.26,109929.26,145800.72,145800.72,2026-02-09
20260209,E08,Netherlands BV,EUR,9624.89,47262.23,22833.12,76867.8,2026-02-09
20260209,E08,Netherlands BV,USD,356494.55,356494.55,472823.71,472823.71,2026-02-09
20260209,E09,UK Ltd,EUR,51510.81,51510.81,73952.37,73952.37,2026-02-09
20260209,E09,UK Ltd,GBP,-55900.29,125107.15,-34266.47,145254.03,2026-02-09
20260209,E09,UK Ltd,USD,16212.81,16212.81,21503.28,21503.28,2026-02-09
20260209,E10,US Inc,EUR,115460.14,115460.14,165762.31,165762.31,2026-02-09
20260209,E10,US Inc,USD,276457.55,333047.95,385590.65,460643.41,2026-02-09
20260209,E11,US West Distribution,USD,162619.18,382911.18,318742.68,404801.9,2026-02-09
20260210,E01,Group Treasury HQ,CNY,-2177419.35,2177419.35,-404055.0,404055.0,2026-02-10
20260210,E01,Group Treasury HQ,EUR,-873346.97,968032.35,-1262892.03,1399810.59,2026-02-10
20260210,E01,Group Treasury HQ,SGD,499344.54,500893.2,539821.12,541369.78,2026-02-10
20260210,E01,Group Treasury HQ,USD,212686.57,235074.63,281491.74,311122.44,2026-02-10
20260210,E02,SG Operations,SGD,-1249106.73,1962438.23,-187870.18,1126776.58,2026-02-10
20260210,E02,SG Operations,USD,-82410.74,513585.08,-109071.02,679732.42,2026-02-10
20260210,E03,Shanghai Mfg,CNY,-189590.79,1899202.17,-26022.68,361586.28,2026-02-10
20260210,E03,Shanghai Mfg,EUR,-18109.42,18109.42,-26186.89,26186.89,2026-02-10
20260210,E03,Shanghai Mfg,USD,128954.8,154283.9,170639.89,204227.95,2026-02-10
20260210,E04,Shenzhen Sourcing,CNY,1448708.06,4691464.52,268830.95,870576.31,2026-02-10
20260210,E04,Shenzhen Sourcing,USD,236570.47,270051.29,313244.93,357556.97,2026-02-10
20260210,E05,India Services,EUR,-875.05,13081.31,-1265.36,18916.06,2026-02-10
20260210,E05,India Services,INR,2448355.63,8059832.11,39491.99,130005.07,2026-02-10
20260210,E05,India Services,USD,6617.91,81678.79,8758.85,108102.29,2026-02-10
20260210,E06,Germany GmbH,EUR,812907.45,1439191.93,1088245.87,2153272.83,2026-02-10
20260210,E06,Germany GmbH,USD,73554.03,83651.89,97349.13,110713.69,2026-02-10
20260210,E07,Germany Sales Office,EUR,75224.07,75224.07,108776.79,108776.79,2026-02-10
20260210,E07,Germany Sales Office,USD,18771.47,18771.47,24844.13,24844.13,2026-02-10
20260210,E08,Netherlands BV,EUR,62183.44,124670.98,93479.24,191759.16,2026-02-10
20260210,E08,Netherlands BV,USD,25511.84,102069.02,33733.1,135120.8,2026-02-10
20260210,E09,UK Ltd,EUR,208740.5,208740.5,301846.49,301846.49,2026-02-10
20260210,E09,UK Ltd,GBP,91189.01,92349.81,162403.06,164470.4,2026-02-10
20260210,E09,UK Ltd,USD,142243.83,142243.83,188260.42,188260.42,2026-02-10
20260210,E10,US Inc,EUR,63268.02,92005.12,91487.9,133042.8,2026-02-10
20260210,E10,US Inc,USD,379847.14,386936.78,490517.43,499903.03,2026-02-10
20260210,E11,US West Distribution,USD,292101.09,600042.89,479003.79,553053.39,2026-02-10
20260211,E01,Group Treasury HQ,EUR,968511.88,968511.88,1398373.27,1398373.27,2026-02-11
20260211,E01,Group Treasury HQ,SGD,-878695.54,878695.54,-878695.54,878695.54,2026-02-11
20260211,E01,Group Treasury HQ,USD,1611940.31,1611940.31,2137539.22,2137539.22,2026-02-11
20260211,E02,SG Operations,SGD,391800.67,1305943.83,671542.51,1066220.83,2026-02-11
20260211,E02,SG Operations,USD,-74615.72,74615.72,-98945.37,98945.37,2026-02-11
20260211,E03,Shanghai Mfg,CNY,-411700.11,411700.11,-76276.1,76276.1,2026-02-11
20260211,E03,Shanghai Mfg,EUR,-794645.73,794645.73,-1147338.91,1147338.91,2026-02-11
20260211,E03,Shanghai Mfg,USD,-324626.87,324626.87,-430476.65,430476.65,2026-02-11
20260211,E04,Shenzhen Sourcing,CNY,1738291.35,1928101.93,338952.43,374118.83,2026-02-11
20260211,E04,Shenzhen Sourcing,USD,-324626.87,324626.87,-430476.65,430476.65,2026-02-11
20260211,E05,India Services,INR,-83661.11,83661.11,-1346.44,1346.44,2026-02-11
20260211,E06,Germany GmbH,EUR,-459891.56,502960.04,-552306.24,614490.1,2026-02-11
20260211,E06,Germany GmbH,USD,-257462.69,257462.69,-341412.51,341412.51,2026-02-11
20260211,E07,Germany Sales Office,EUR,-876243.98,876243.98,-234078.16,234078.16,2026-02-11
20260211,E08,Netherlands BV,EUR,169643.77,1007598.35,49214.42,1128027.7,2026-02-11
20260211,E08,Netherlands BV,USD,287457.96,287457.96,381188.23,381188.23,2026-02-11
20260211,E09,UK Ltd,GBP,127608.65,147368.03,233710.68,254721.88,2026-02-11
20260211,E09,UK Ltd,USD,48710.24,48710.24,64592.99,64592.99,2026-02-11
20260211,E10,US Inc,EUR,-198580.74,504867.54,-286718.21,728946.43,2026-02-11
20260211,E10,US Inc,USD,-377206.51,418670.29,-218740.55,273724.25,2026-02-11
20260211,E11,US West Distribution,USD,-628114.78,917065.04,-842794.0,1206216.92,2026-02-11
20260212,E01,Group Treasury HQ,CNY,-2419354.84,2419354.84,-447505.65,447505.65,2026-02-12
20260212,E01,Group Treasury HQ,EUR,-190424.19,190424.19,-274486.19,274486.19,2026-02-12
20260212,E01,Group Treasury HQ,SGD,-1468780.85,1468780.85,-578171.91,578171.91,2026-02-12
20260212,E02,SG Operations,SGD,-1422633.45,1684544.23,-174642.97,446274.89,2026-02-12
20260212,E02,SG Operations,USD,315534.08,380925.94,419444.09,506360.91,2026-02-12
20260212,E03,Shanghai Mfg,CNY,-8922627.05,17045845.81,-1939517.15,3504154.57,2026-02-12
20260212,E03,Shanghai Mfg,EUR,-186020.05,186020.05,-268137.85,268137.85,2026-02-12
20260212,E03,Shanghai Mfg,USD,-174617.1,174617.1,-232118.69,232118.69,2026-02-12
20260212,E04,Shenzhen Sourcing,CNY,-5875734.54,7722373.48,-1195400.13,1536971.09,2026-02-12
20260212,E04,Shenzhen Sourcing,USD,-88498.45,88498.45,-117498.74,117498.74,2026-02-12
20260212,E05,India Services,EUR,-19337.49,19337.49,-27873.94,27873.94,2026-02-12
20260212,E05,India Services,INR,-8117058.04,8117058.04,-209836.57,209836.57,2026-02-12
20260212,E05,India Services,USD,6198.61,55664.15,8239.81,73994.41,2026-02-12
20260212,E06,Germany GmbH,EUR,32857.5,542098.66,-27012.94,855781.2,2026-02-12
20260212,E06,Germany GmbH,USD,-17597.73,91305.03,-23388.37,121367.55,2026-02-12
20260212,E07,Germany Sales Office,EUR,34268.94,35140.66,38567.13,39823.67,2026-02-12
20260212,E07,Germany Sales Office,USD,-22366.73,22366.73,-29732.12,29732.12,2026-02-12
20260212,E08,Netherlands BV,EUR,-679013.16,679013.16,-583332.58,583332.58,2026-02-12
20260212,E08,Netherlands BV,USD,-94267.65,94267.65,-125310.08,125310.08,2026-02-12
20260212,E09,UK Ltd,EUR,-10916.05,10916.05,-15734.89,15734.89,2026-02-12
20260212,E09,UK Ltd,GBP,-47703.51,47703.51,-85111.67,85111.67,2026-02-12
20260212,E09,UK Ltd,USD,-74779.65,74779.65,-99368.25,99368.25,2026-02-12
20260212,E10,US Inc,EUR,14567.18,17622.88,20997.81,25402.43,2026-02-12
20260212,E10,US Inc,USD,-4642582.52,7055896.9,-27738.31,2451850.25,2026-02-12
20260212,E11,US West Distribution,USD,-385181.38,521380.0,-313080.58,494129.54,2026-02-12
20260213,E01,Group Treasury HQ,CNY,-4677419.35,4677419.35,-863928.71,863928.71,2026-02-13
20260213,E01,Group Treasury HQ,EUR,-72413.79,72413.79,-104854.67,104854.67,2026-02-13
20260213,E01,Group Treasury HQ,SGD,-212442.68,257199.44,-61888.76,106645.52,2026-02-13
20260213,E01,Group Treasury HQ,USD,-11194.03,11194.03,-14848.12,14848.12,2026-02-13
20260213,E02,SG Operations,SGD,-624553.7,759555.54,-579740.52,718543.04,2026-02-13
20260213,E03,Shanghai Mfg,CNY,1971480.89,8592321.47,364135.23,1587020.21,2026-02-13
20260213,E03,Shanghai Mfg,EUR,-27021.56,27021.56,-39127.03,39127.03,2026-02-13
20260213,E04,Shenzhen Sourcing,CNY,-3118385.81,3357078.93,-712119.15,756206.25,2026-02-13
20260213,E04,Shenzhen Sourcing,USD,-30009.57,30009.57,-39805.65,39805.65,2026-02-13
20260213,E05,India Services,INR,22257543.1,22465480.48,357456.13,360795.63,2026-02-13
20260213,E05,India Services,USD,32068.92,32068.92,42537.24,42537.24,2026-02-13
20260213,E06,Germany GmbH,EUR,-1073469.25,1107794.01,-1386805.98,1436508.0,2026-02-13
20260213,E06,Germany GmbH,USD,-3713.22,146129.38,-4925.33,193830.69,2026-02-13
20260213,E07,Germany Sales Office,EUR,-126855.08,144866.72,-55652.96,81733.68,2026-02-13
20260213,E08,Netherlands BV,EUR,-419764.34,419764.34,-94690.03,94690.03,2026-02-13
20260213,E08,Netherlands BV,USD,-94861.99,94861.99,-125827.98,125827.98,2026-02-13
20260213,E09,UK Ltd,EUR,-9663.87,18017.41,-13993.22,26089.08,2026-02-13
20260213,E09,UK Ltd,GBP,-266917.61,272868.97,-48829.72,54781.08,2026-02-13
20260213,E09,UK Ltd,USD,1259.31,20705.71,1670.38,27464.72,2026-02-13
20260213,E10,US Inc,EUR,-27367.7,172195.28,-39628.23,249337.57,2026-02-13
20260213,E10,US Inc,USD,12278.32,594560.22,82875.53,761634.17,2026-02-13
20260213,E11,US West Distribution,USD,-58917.4,139224.42,-76069.87,186939.49,2026-02-13
20260216,E01,Group Treasury HQ,EUR,-113793.1,113793.1,-164070.2,164070.2,2026-02-16
20260216,E01,Group Treasury HQ,SGD,2431.12,2932.24,3319.47,3820.59,2026-02-16
20260216,E02,SG Operations,SGD,182572.93,228194.09,182572.93,228194.09,2026-02-16
20260216,E02,SG Operations,USD,105438.21,105438.21,140366.19,140366.19,2026-02-16
20260216,E03,Shanghai Mfg,USD,-3864.26,3864.26,-5144.35,5144.35,2026-02-16
20260216,E05,India Services,INR,59357873.38,60870633.04,953524.89,977825.87,2026-02-16
20260216,E05,India Services,USD,7082.55,7082.55,9428.75,9428.75,2026-02-16
20260216,E06,Germany GmbH,EUR,101245.66,232748.1,133506.29,323110.31,2026-02-16
20260216,E06,Germany GmbH,USD,95028.11,95028.11,126507.6,126507.6,2026-02-16
20260216,E07,Germany Sales Office,EUR,293101.69,293381.05,422602.51,423005.29,2026-02-16
20260216,E07,Germany Sales Office,USD,78767.49,78767.49,104860.4,104860.4,2026-02-16
20260216,E08,Netherlands BV,EUR,-50207.82,69847.28,-50802.41,70441.87,2026-02-16
20260216,E08,Netherlands BV,USD,30150.08,30150.08,40137.75,40137.75,2026-02-16
20260216,E09,UK Ltd,EUR,32319.24,32319.24,46598.81,46598.81,2026-02-16
20260216,E09,UK Ltd,GBP,46472.02,139251.3,9741.87,175981.45,2026-02-16
20260216,E09,UK Ltd,USD,305546.86,305546.86,406763.84,406763.84,2026-02-16
20260216,E10,US Inc,EUR,-47578.11,47578.11,-68599.5,68599.5,2026-02-16
20260216,E11,US West Distribution,USD,-23223.3,23223.3,-30916.37,30916.37,2026-02-16
20260217,E01,Group Treasury HQ,EUR,-1541379.31,1541379.31,-2213564.04,2213564.04,2026-02-17
20260217,E01,Group Treasury HQ,USD,-134328.36,134328.36,-178149.63,178149.63,2026-02-17
20260217,E05,India Services,EUR,-28466.72,28466.72,-40880.86,40880.86,2026-02-17
20260217,E05,India Services,INR,511288.63,4249216.97,8240.43,68484.63,2026-02-17
20260217,E06,Germany GmbH,EUR,1686848.88,1746477.1,2420664.52,2509910.9,2026-02-17
20260217,E06,Germany GmbH,USD,158715.13,207051.73,210491.97,274597.17,2026-02-17
20260217,E07,Germany Sales Office,EUR,17745.47,23531.29,25484.14,33793.12,2026-02-17
20260217,E08,Netherlands BV,EUR,1018.0,357963.82,23247.63,535855.03,2026-02-17
20260217,E08,Netherlands BV,USD,109540.84,148329.22,145275.8,196717.92,2026-02-17
20260217,E09,UK Ltd,EUR,13964.07,13964.07,20053.7,20053.7,2026-02-17
20260217,E09,UK Ltd,GBP,10877.67,13578.55,19370.92,24180.64,2026-02-17
20260217,E09,UK Ltd,USD,45150.94,45150.94,59880.3,59880.3,2026-02-17
20260217,E10,US Inc,EUR,180744.3,245119.22,259539.42,352040.24,2026-02-17
20260217,E10,US Inc,USD,185678.16,445478.82,265874.43,610993.31,2026-02-17
20260217,E11,US West Distribution,USD,303209.6,341227.66,371465.57,421886.07,2026-02-17
20260218,E01,Group Treasury HQ,EUR,331034.48,331034.48,476600.94,476600.94,2026-02-18
20260218,E05,India Services,INR,-343450.64,2407563.58,-5548.38,38894.12,2026-02-18
20260218,E05,India Services,USD,10675.45,10675.45,14294.11,14294.11,2026-02-18
20260218,E06,Germany GmbH,EUR,-177879.95,361038.27,-256099.48,519798.36,2026-02-18
20260218,E06,Germany GmbH,USD,9.81,5279.33,13.07,7035.57,2026-02-18
20260218,E07,Germany Sales Office,EUR,-181655.77,191008.71,-261535.62,275001.34,2026-02-18
20260218,E08,Netherlands BV,EUR,-30602.19,87674.25,-44058.94,126227.42,2026-02-18
20260218,E08,Netherlands BV,USD,230087.31,248049.23,306629.08,330566.28,2026-02-18
20260218,E09,UK Ltd,GBP,-71872.85,71872.85,-128247.48,128247.48,2026-02-18
20260218,E09,UK Ltd,USD,53888.83,53888.83,71815.71,71815.71,2026-02-18
20260218,E10,US Inc,EUR,-35538.54,295495.94,-51165.98,425434.96,2026-02-18
20260218,E10,US Inc,USD,296917.95,355701.79,383550.49,484837.73,2026-02-18
20260218,E11,US West Distribution,USD,66904.15,76129.59,89158.37,101457.53,2026-02-18
20260219,E01,Group Treasury HQ,EUR,-124137.93,124137.93,-178296.46,178296.46,2026-02-19
20260219,E01,Group Treasury HQ,SGD,-4650.17,4650.17,-4650.17,4650.17,2026-02-19
20260219,E01,Group Treasury HQ,USD,-11194.03,11194.03,-14988.47,14988.47,2026-02-19
20260219,E02,SG Operations,SGD,388291.61,627829.33,522330.68,864156.84,2026-02-19
20260219,E02,SG Operations,USD,28803.29,70809.33,38566.75,94811.57,2026-02-19
20260219,E05,India Services,EUR,-48387.29,48387.29,-69497.56,69497.56,2026-02-19
20260219,E05,India Services,INR,-13608608.61,13688552.35,-180548.25,260491.99,2026-02-19
20260219,E05,India Services,USD,-12401.23,12401.23,-16604.88,16604.88,2026-02-19
20260219,E06,Germany GmbH,EUR,160049.11,162510.19,162363.37,165898.15,2026-02-19
20260219,E06,Germany GmbH,USD,11933.66,20266.6,15978.81,27136.37,2026-02-19
20260219,E07,Germany Sales Office,EUR,-17561.42,17561.42,-30940.1,30940.1,2026-02-19
20260219,E07,Germany Sales Office,USD,145859.01,168972.45,195300.84,226249.04,2026-02-19
20260219,E08,Netherlands BV,EUR,7399.61,21987.37,4217.45,25169.53,2026-02-19
20260219,E08,Netherlands BV,USD,-300912.41,312377.67,-402912.69,418264.33,2026-02-19
20260219,E09,UK Ltd,EUR,-69323.33,69323.33,-99567.5,99567.5,2026-02-19
20260219,E09,UK Ltd,GBP,241792.55,293167.17,221836.26,313123.46,2026-02-19
20260219,E09,UK Ltd,USD,98898.81,103809.93,132422.54,138998.38,2026-02-19
20260219,E10,US Inc,EUR,35296.7,212979.16,50695.84,305897.08,2026-02-19
20260219,E10,US Inc,USD,472175.84,600975.54,588688.52,741251.98,2026-02-19
20260219,E11,US West Distribution,USD,78499.35,129308.99,105105.12,173144.02,2026-02-19
20260220,E01,Group Treasury HQ,EUR,-76275.45,109931.45,-109287.09,157509.23,2026-02-20
20260220,E01,Group Treasury HQ,SGD,-72085.47,161449.51,-103511.12,192875.16,2026-02-20
20260220,E02,SG Operations,SGD,83993.54,306515.06,132058.9,354580.42,2026-02-20
20260220,E05,India Services,INR,944776.32,1261989.26,-70452.6,106041.12,2026-02-20
20260220,E05,India Services,USD,9526.81,9526.81,12775.28,12775.28,2026-02-20
20260220,E06,Germany GmbH,EUR,-1254511.49,1911083.81,-1870050.17,2643408.73,2026-02-20
20260220,E06,Germany GmbH,USD,-241156.48,246400.98,-323386.51,330419.29,2026-02-20
20260220,E07,Germany Sales Office,EUR,-55028.82,55028.82,-78845.01,78845.01,2026-02-20
20260220,E08,Netherlands BV,EUR,10051.66,78148.14,14401.96,111970.28,2026-02-20
20260220,E08,Netherlands BV,USD,253445.58,253445.58,339865.96,339865.96,2026-02-20
20260220,E09,UK Ltd,GBP,110023.94,129412.4,171880.34,192355.24,2026-02-20
20260220,E09,UK Ltd,USD,66825.32,77150.52,89611.54,103457.46,2026-02-20
20260220,E10,US Inc,EUR,-22408.01,78973.77,-32106.09,113153.23,2026-02-20
20260220,E10,US Inc,USD,-172782.68,323585.1,-193877.23,396100.55,2026-02-20
20260220,E11,US West Distribution,USD,-109482.85,135391.85,-148878.0,183621.5,2026-02-20
20260223,E01,Group Treasury HQ,EUR,-229126.02,267425.7,-327610.66,382226.42,2026-02-23
20260223,E01,Group Treasury HQ,SGD,62612.67,63371.63,83813.94,84572.9,2026-02-23
20260223,E02,SG Operations,SGD,111362.04,113546.38,137751.27,139935.61,2026-02-23
20260223,E02,SG Operations,USD,292833.86,292833.86,390586.69,390586.69,2026-02-23
20260223,E03,Shanghai Mfg,EUR,6697.25,6697.25,9550.35,9550.35,2026-02-23
20260223,E03,Shanghai Mfg,USD,45080.77,45080.77,59840.57,59840.57,2026-02-23
20260223,E05,India Services,INR,28442536.33,28536192.53,457924.84,459432.7,2026-02-23
20260223,E05,India Services,USD,86412.13,86412.13,115495.87,115495.87,2026-02-23
20260223,E06,Germany GmbH,EUR,264702.11,323620.63,375514.34,465512.44,2026-02-23
20260223,E06,Germany GmbH,USD,353913.84,633100.72,473030.61,846183.43,2026-02-23
20260223,E07,Germany Sales Office,EUR,40745.63,43422.85,58247.22,62074.4,2026-02-23
20260223,E07,Germany Sales Office,USD,143676.07,143676.07,192033.12,192033.12,2026-02-23
20260223,E08,Netherlands BV,EUR,68892.28,70996.14,100892.59,103900.11,2026-02-23
20260223,E08,Netherlands BV,USD,311238.13,311238.13,415991.55,415991.55,2026-02-23
20260223,E09,UK Ltd,EUR,18690.93,18690.93,26719.3,26719.3,2026-02-23
20260223,E09,UK Ltd,GBP,-86900.06,180321.32,-183297.69,294380.29,2026-02-23
20260223,E09,UK Ltd,USD,218474.78,218474.78,292006.83,292006.83,2026-02-23
20260223,E10,US Inc,EUR,236834.81,236834.81,338563.18,338563.18,2026-02-23
20260223,E10,US Inc,USD,156033.5,294093.34,210530.97,395057.61,2026-02-23
20260223,E11,US West Distribution,USD,318811.41,368973.95,442565.92,493931.36,2026-02-23
20260224,E01,Group Treasury HQ,EUR,-658963.71,685863.87,-939689.5,978049.44,2026-02-24
20260224,E01,Group Treasury HQ,SGD,-106513.98,1654455.44,623803.32,949836.3,2026-02-24
20260224,E01,Group Treasury HQ,USD,1444029.85,1466417.91,1916816.78,1946534.86,2026-02-24
20260224,E02,SG Operations,SGD,-4713096.55,5736708.13,-854631.64,2234122.68,2026-02-24
20260224,E02,SG Operations,USD,-727504.25,2182943.51,-965690.32,2897661.32,2026-02-24
20260224,E03,Shanghai Mfg,CNY,6619761.59,10549865.29,1217118.12,1958078.22,2026-02-24
20260224,E03,Shanghai Mfg,EUR,102131.59,185864.21,145640.77,265044.41,2026-02-24
20260224,E03,Shanghai Mfg,USD,317768.5,317768.5,421895.88,421895.88,2026-02-24
20260224,E04,Shenzhen Sourcing,CNY,9521605.99,10476564.13,1793983.26,1999922.5,2026-02-24
20260224,E04,Shenzhen Sourcing,USD,294134.8,523108.3,390436.88,694378.14,2026-02-24
20260224,E05,India Services,EUR,8645.51,8645.51,12328.59,12328.59,2026-02-24
20260224,E05,India Services,INR,23061335.14,24533873.04,370918.5,394602.82,2026-02-24
20260224,E05,India Services,USD,334749.21,334749.21,444348.78,444348.78,2026-02-24
20260224,E06,Germany GmbH,EUR,535978.72,1181441.26,1090901.45,1358158.33,2026-02-24
20260224,E06,Germany GmbH,USD,150254.62,159519.3,199449.19,211747.21,2026-02-24
20260224,E07,Germany Sales Office,EUR,658761.11,809685.45,939400.58,1154620.36,2026-02-24
20260224,E07,Germany Sales Office,USD,148221.7,148221.7,196750.67,196750.67,2026-02-24
20260224,E08,Netherlands BV,EUR,-43921.78,108066.72,-58522.92,158214.32,2026-02-24
20260224,E08,Netherlands BV,USD,222554.62,647023.02,295420.79,858863.53,2026-02-24
20260224,E09,UK Ltd,EUR,549187.42,549187.42,783147.3,783147.3,2026-02-24
20260224,E09,UK Ltd,GBP,-123996.81,135920.57,-94029.84,109463.58,2026-02-24
20260224,E09,UK Ltd,USD,264758.51,264758.51,351442.57,351442.57,2026-02-24
20260224,E10,US Inc,EUR,98292.0,130816.62,140165.47,186545.93,2026-02-24
20260224,E10,US Inc,USD,-2840779.61,3456709.27,-336616.15,1154206.13,2026-02-24
20260224,E11,US West Distribution,USD,527154.47,958241.03,872354.0,1034753.66,2026-02-24
20260225,E01,Group Treasury HQ,EUR,186206.9,186206.9,266257.24,266257.24,2026-02-25
20260225,E01,Group Treasury HQ,SGD,-1796305.55,1872331.87,-1719592.14,1820743.04,2026-02-25
20260225,E01,Group Treasury HQ,USD,2641791.05,2641791.05,3514829.02,3514829.02,2026-02-25
20260225,E02,SG Operations,SGD,-933101.12,4755947.62,1333502.3,2511341.18,2026-02-25
20260225,E02,SG Operations,USD,278954.55,278954.55,371141.22,371141.22,2026-02-25
20260225,E03,Shanghai Mfg,CNY,-651121.54,2598832.0,17179.89,618265.27,2026-02-25
20260225,E03,Shanghai Mfg,EUR,-50862.33,209823.57,-72728.04,300026.72,2026-02-25
20260225,E03,Shanghai Mfg,USD,-172436.87,566369.11,-229422.42,753538.24,2026-02-25
20260225,E04,Shenzhen Sourcing,CNY,655589.3,875690.54,121252.56,161960.7,2026-02-25
20260225,E04,Shenzhen Sourcing,USD,-105244.67,700725.47,-140025.1,932295.62,2026-02-25
20260225,E05,India Services,INR,-140755.06,140755.06,-2266.58,2266.58,2026-02-25
20260225,E05,India Services,USD,58839.72,58839.72,78284.59,78284.59,2026-02-25
20260225,E06,Germany GmbH,EUR,-62474.45,1752409.31,436443.52,1979994.34,2026-02-25
20260225,E06,Germany GmbH,USD,-531046.73,1259998.05,-706542.79,1676392.13,2026-02-25
20260225,E07,Germany Sales Office,EUR,-18574.69,156310.89,-26559.94,223508.94,2026-02-25
20260225,E07,Germany Sales Office,USD,-2688.58,2688.58,-3577.08,3577.08,2026-02-25
20260225,E08,Netherlands BV,EUR,-149840.46,407627.04,140184.21,244505.23,2026-02-25
20260225,E08,Netherlands BV,USD,27503.75,168300.39,36592.97,223918.95,2026-02-25
20260225,E09,UK Ltd,EUR,5900.21,5900.21,8436.71,8436.71,2026-02-25
20260225,E09,UK Ltd,GBP,-205777.95,237801.35,-106546.23,163925.39,2026-02-25
20260225,E09,UK Ltd,USD,70820.97,70820.97,94225.32,94225.32,2026-02-25
20260225,E10,US Inc,EUR,-230043.41,230043.41,-328939.08,328939.08,2026-02-25
20260225,E10,US Inc,USD,-840982.79,1781722.13,310487.02,941140.34,2026-02-25
20260225,E11,US West Distribution,USD,-1252756.15,1471458.65,-1334179.32,1625156.86,2026-02-25
20260226,E01,Group Treasury HQ,SGD,-280705.45,280705.45,-291072.42,291072.42,2026-02-26
20260226,E02,SG Operations,SGD,-4852081.17,4852081.17,-1037927.24,1037927.24,2026-02-26
20260226,E02,SG Operations,USD,-37820.31,37820.31,-50045.46,50045.46,2026-02-26
20260226,E03,Shanghai Mfg,CNY,-5515229.02,5515229.02,-1019319.12,1019319.12,2026-02-26
20260226,E03,Shanghai Mfg,EUR,239015.96,357677.7,341528.47,511083.53,2026-02-26
20260226,E04,Shenzhen Sourcing,CNY,-2747711.81,2747711.81,-534903.98,534903.98,2026-02-26
20260226,E04,Shenzhen Sourcing,USD,61371.75,66714.47,81209.74,88279.46,2026-02-26
20260226,E05,India Services,EUR,-5852.01,5852.01,-8361.9,8361.9,2026-02-26
20260226,E05,India Services,INR,-22862433.49,22862433.49,-369228.3,369228.3,2026-02-26
20260226,E05,India Services,USD,-17723.23,17723.23,-23452.14,23452.14,2026-02-26
20260226,E06,Germany GmbH,EUR,109047.4,381665.92,115057.45,531011.57,2026-02-26
20260226,E06,Germany GmbH,USD,-49201.61,49201.61,-65105.68,65105.68,2026-02-26
20260226,E07,Germany Sales Office,EUR,99953.7,146640.98,89941.76,156652.92,2026-02-26
20260226,E08,Netherlands BV,EUR,-286101.01,286101.01,-408808.03,408808.03,2026-02-26
20260226,E08,Netherlands BV,USD,-32685.14,32685.14,-43012.38,43012.38,2026-02-26
20260226,E09,UK Ltd,GBP,5260.6,8401.84,9456.75,15103.61,2026-02-26
20260226,E09,UK Ltd,USD,-9356.4,35257.0,-12380.79,46653.57,2026-02-26
20260226,E10,US Inc,EUR,-4308.41,4308.41,-6156.26,6156.26,2026-02-26
20260226,E10,US Inc,USD,-1147194.1,1147194.1,-493858.79,493858.79,2026-02-26
20260226,E11,US West Distribution,USD,-195105.58,343895.02,-34521.95,231406.53,2026-02-26
20260227,E01,Group Treasury HQ,EUR,-134482.76,134482.76,-191839.52,191839.52,2026-02-27
20260227,E01,Group Treasury HQ,SGD,-6527.19,6527.19,-6527.19,6527.19,2026-02-27
20260227,E02,SG Operations,SGD,-1255935.31,1318810.15,-218110.78,280985.62,2026-02-27
20260227,E02,SG Operations,USD,197702.62,218668.96,260116.75,287702.11,2026-02-27
20260227,E03,Shanghai Mfg,CNY,-742295.56,1332032.4,-137665.37,247037.39,2026-02-27
20260227,E04,Shenzhen Sourcing,CNY,225589.32,400488.58,31180.14,84931.64,2026-02-27
20260227,E05,India Services,EUR,17726.08,17726.08,25286.24,25286.24,2026-02-27
20260227,E05,India Services,INR,-3029509.31,3029509.31,-49068.96,49068.96,2026-02-27
20260227,E05,India Services,USD,11615.34,11615.34,15282.27,15282.27,2026-02-27
20260227,E06,Germany GmbH,EUR,-3223917.45,3533664.87,-1399772.0,1841626.38,2026-02-27
20260227,E06,Germany GmbH,USD,18083.79,77238.35,23792.79,101622.27,2026-02-27
20260227,E07,Germany Sales Office,EUR,-563724.86,563724.86,-788335.96,788335.96,2026-02-27
20260227,E08,Netherlands BV,EUR,-470248.33,542858.79,-130621.12,234199.88,2026-02-27
20260227,E08,Netherlands BV,USD,-82236.04,82236.04,-108197.71,108197.71,2026-02-27
20260227,E09,UK Ltd,GBP,-1997003.01,2004111.39,-365792.67,378661.19,2026-02-27
20260227,E09,UK Ltd,USD,-14299.94,34409.78,-18814.38,45272.84,2026-02-27
20260227,E10,US Inc,EUR,-216033.59,216033.59,-308171.7,308171.7,2026-02-27
20260227,E10,US Inc,USD,-2522626.58,2527761.26,-565725.93,572481.61,2026-02-27
20260227,E11,US West Distribution,USD,156491.79,785004.67,220452.59,1018271.47,2026-02-27
20260301,E01,Group Treasury HQ,SGD,-1256705.66,1293294.34,-1250871.83,1299128.17,2026-03-01
20260301,E02,SG Operations,SGD,1275000.0,1275000.0,1275000.0,1275000.0,2026-03-01
20260302,E01,Group Treasury HQ,GBP,-680232.56,680232.56,-1231178.08,1231178.08,2026-03-02
20260302,E01,Group Treasury HQ,SGD,-200923.61,200923.61,-200923.61,200923.61,2026-03-02
20260302,E01,Group Treasury HQ,USD,-89552.24,89552.24,-118109.28,118109.28,2026-03-02
20260302,E02,SG Operations,SGD,191793.46,272403.86,206242.57,286852.97,2026-03-02
20260302,E02,SG Operations,USD,236678.23,236678.23,312155.34,312155.34,2026-03-02
20260302,E03,Shanghai Mfg,CNY,3640310.7,3698843.4,679813.5,690671.82,2026-03-02
20260302,E03,Shanghai Mfg,EUR,22782.29,22782.29,32757.83,32757.83,2026-03-02
20260302,E03,Shanghai Mfg,USD,101591.46,175613.74,133987.65,231614.67,2026-03-02
20260302,E04,Shenzhen Sourcing,CNY,993247.6,1204858.26,184256.38,223512.04,2026-03-02
20260302,E04,Shenzhen Sourcing,USD,46398.47,46398.47,61196.15,61196.15,2026-03-02
20260302,E05,India Services,EUR,-35193.69,35193.69,-50603.74,50603.74,2026-03-02
20260302,E05,India Services,INR,29400994.19,29512396.67,526272.07,528074.77,2026-03-02
20260302,E05,India Services,USD,182963.49,182963.49,241308.18,241308.18,2026-03-02
20260302,E06,Germany GmbH,EUR,41828.78,78705.36,60144.09,113167.61,2026-03-02
20260302,E06,Germany GmbH,USD,46640.57,100636.45,61495.3,132746.44,2026-03-02
20260302,E07,Germany Sales Office,EUR,-43802.57,113345.07,-22553.11,135485.25,2026-03-02
20260302,E07,Germany Sales Office,USD,666417.49,680853.69,878929.36,897969.08,2026-03-02
20260302,E08,Netherlands BV,EUR,88811.69,91296.35,119851.66,123424.26,2026-03-02
20260302,E08,Netherlands BV,USD,195732.44,195732.44,258148.96,258148.96,2026-03-02
20260302,E09,UK Ltd,EUR,37975.18,37975.18,54603.15,54603.15,2026-03-02
20260302,E09,UK Ltd,GBP,1272405.15,1620028.71,1682574.07,2311750.83,2026-03-02
20260302,E09,UK Ltd,USD,506149.2,506149.2,667553.61,667553.61,2026-03-02
20260302,E10,US Inc,EUR,213955.4,213955.4,307638.76,307638.76,2026-03-02
20260302,E10,US Inc,USD,398051.67,473954.19,524985.17,625092.01,2026-03-02
20260302,E11,US West Distribution,USD,-121056.94,452610.34,142473.78,295397.82,2026-03-02
20260303,E01,Group Treasury HQ,EUR,-427987.63,627184.79,-614022.3,899805.08,2026-03-03
20260303,E01,Group Treasury HQ,SGD,190742.02,438972.52,252793.48,376921.06,2026-03-03
20260303,E01,Group Treasury HQ,USD,694029.85,694029.85,916061.1,916061.1,2026-03-03
20260303,E02,SG Operations,SGD,-7177031.78,7685831.02,-1321277.09,1904956.33,2026-03-03
20260303,E02,SG Operations,USD,-656542.53,745650.11,-866580.99,984195.51,2026-03-03
20260303,E03,Shanghai Mfg,CNY,720588.13,5787182.73,121539.11,1084337.81,2026-03-03
20260303,E03,Shanghai Mfg,EUR,73157.83,73157.83,104957.56,104957.56,2026-03-03
20260303,E03,Shanghai Mfg,USD,-21522.87,21522.87,-28408.38,28408.38,2026-03-03
20260303,E04,Shenzhen Sourcing,CNY,2170353.7,5211959.72,428740.32,992343.86,2026-03-03
20260303,E04,Shenzhen Sourcing,USD,-11877.55,111770.85,-15677.37,147528.13,2026-03-03
20260303,E05,India Services,INR,16705260.78,25596716.68,270274.41,414129.29,2026-03-03
20260303,E05,India Services,USD,41911.19,41911.19,55319.25,55319.25,2026-03-03
20260303,E06,Germany GmbH,EUR,400287.48,1138023.02,843657.53,1369441.87,2026-03-03
20260303,E06,Germany GmbH,USD,126798.71,136239.19,167368.15,179819.79,2026-03-03
20260303,E07,Germany Sales Office,EUR,168377.03,169667.23,241565.99,243416.99,2026-03-03
20260303,E07,Germany Sales Office,USD,37891.62,37891.62,50013.76,50013.76,2026-03-03
20260303,E08,Netherlands BV,EUR,153544.64,161961.32,219382.66,233964.9,2026-03-03
20260303,E08,Netherlands BV,USD,8802.08,249650.38,11618.01,329517.53,2026-03-03
20260303,E09,UK Ltd,EUR,-39720.58,39720.58,-56986.04,56986.04,2026-03-03
20260303,E09,UK Ltd,GBP,-31196.57,199445.43,-57011.93,362064.61,2026-03-03
20260303,E09,UK Ltd,USD,297661.7,443747.22,392929.73,585667.77,2026-03-03
20260303,E10,US Inc,EUR,56451.56,56451.56,80989.52,80989.52,2026-03-03
20260303,E10,US Inc,USD,76638.08,968059.98,604365.19,774548.53,2026-03-03
20260303,E11,US West Distribution,USD,33932.23,235957.69,58452.83,305009.03,2026-03-03
20260304,E01,Group Treasury HQ,EUR,465517.24,465517.24,667266.83,667266.83,2026-03-04
20260304,E01,Group Treasury HQ,SGD,1037094.98,1055452.96,1037094.98,1055452.96,2026-03-04
20260304,E01,Group Treasury HQ,USD,1399253.73,1399253.73,1845563.9,1845563.9,2026-03-04
20260304,E02,SG Operations,SGD,404418.88,590742.26,429667.82,615991.2,2026-03-04
20260304,E02,SG Operations,USD,93102.05,93102.05,122798.16,122798.16,2026-03-04
20260304,E03,Shanghai Mfg,CNY,-40377.76,40377.76,-7484.36,7484.36,2026-03-04
20260304,E03,Shanghai Mfg,USD,-246268.66,246268.66,-324819.25,324819.25,2026-03-04
20260304,E04,Shenzhen Sourcing,CNY,23716.89,401673.95,4396.25,74455.89,2026-03-04
20260304,E04,Shenzhen Sourcing,USD,-311751.25,449790.71,-411188.28,593257.22,2026-03-04
20260304,E06,Germany GmbH,EUR,-773878.44,1224112.12,-1109268.1,1754627.62,2026-03-04
20260304,E06,Germany GmbH,USD,14006.04,14006.04,18473.45,18473.45,2026-03-04
20260304,E07,Germany Sales Office,EUR,23630.38,24085.2,33871.5,34523.44,2026-03-04
20260304,E08,Netherlands BV,EUR,-22380.03,85803.21,-28664.16,126404.4,2026-03-04
20260304,E08,Netherlands BV,USD,100272.53,100272.53,132255.75,132255.75,2026-03-04
20260304,E09,UK Ltd,GBP,-41555.61,41555.61,-8246.62,8246.62,2026-03-04
20260304,E10,US Inc,EUR,-251241.46,311340.24,-360126.5,446271.38,2026-03-04
20260304,E10,US Inc,USD,199850.01,496314.03,263595.76,654618.88,2026-03-04
20260304,E11,US West Distribution,USD,-806136.06,836261.1,-1063290.75,1104375.53,2026-03-04
20260305,E01,Group Treasury HQ,EUR,27265.69,31718.69,38944.21,45304.53,2026-03-05
20260305,E01,Group Treasury HQ,SGD,-201140.67,220736.55,-41505.17,61101.05,2026-03-05
20260305,E02,SG Operations,SGD,-4801508.56,5296720.0,-693492.97,1245766.41,2026-03-05
20260305,E02,SG Operations,USD,837905.59,942797.83,1104714.0,1243006.34,2026-03-05
20260305,E03,Shanghai Mfg,CNY,-3864888.38,3864888.38,-801166.7,801166.7,2026-03-05
20260305,E03,Shanghai Mfg,EUR,-39808.04,72143.86,-56858.74,103044.74,2026-03-05
20260305,E03,Shanghai Mfg,USD,-10768.92,34592.5,-14197.99,45607.55,2026-03-05
20260305,E04,Shenzhen Sourcing,CNY,-2813324.67,2813324.67,-524947.98,524947.98,2026-03-05
20260305,E04,Shenzhen Sourcing,USD,-1523.41,4838.71,-2008.5,6379.46,2026-03-05
20260305,E05,India Services,EUR,-42239.39,42239.39,-60331.49,60331.49,2026-03-05
20260305,E05,India Services,INR,-5572375.34,5572375.34,-102848.82,102848.82,2026-03-05
20260305,E05,India Services,USD,249386.37,249386.37,328796.72,328796.72,2026-03-05
20260305,E06,Germany GmbH,EUR,196074.95,271472.99,280058.35,387751.13,2026-03-05
20260305,E06,Germany GmbH,USD,-127045.38,127045.38,-167499.56,167499.56,2026-03-05
20260305,E07,Germany Sales Office,EUR,31896.34,33535.56,31545.28,33886.62,2026-03-05
20260305,E07,Germany Sales Office,USD,-19643.47,19643.47,-25898.4,25898.4,2026-03-05
20260305,E08,Netherlands BV,EUR,-446846.37,446846.37,-604549.76,604549.76,2026-03-05
20260305,E08,Netherlands BV,USD,-1833.97,13420.69,-2417.95,17694.15,2026-03-05
20260305,E09,UK Ltd,EUR,-2861.1,2861.1,-4086.57,4086.57,2026-03-05
20260305,E09,UK Ltd,GBP,-697856.77,900432.99,-1202999.33,1433793.97,2026-03-05
20260305,E09,UK Ltd,USD,-57850.62,57850.62,-76198.55,76198.55,2026-03-05
20260305,E10,US Inc,USD,-1004951.44,1111507.36,-312816.97,453302.75,2026-03-05
20260305,E11,US West Distribution,USD,-54819.1,59245.16,-27696.1,33531.52,2026-03-05
20260306,E01,Group Treasury HQ,EUR,-78444.83,78444.83,-111769.68,111769.68,2026-03-06
20260306,E01,Group Treasury HQ,SGD,-688808.4,688808.4,-670161.19,670161.19,2026-03-06
20260306,E01,Group Treasury HQ,USD,-33582.09,33582.09,-44021.65,44021.65,2026-03-06
20260306,E02,SG Operations,SGD,-829002.56,1049467.74,-121761.13,435884.11,2026-03-06
20260306,E02,SG Operations,USD,19995.0,44089.7,26210.78,57795.72,2026-03-06
20260306,E03,Shanghai Mfg,CNY,-529570.65,529570.65,-98188.75,98188.75,2026-03-06
20260306,E03,Shanghai Mfg,EUR,156340.27,156340.27,222756.59,222756.59,2026-03-06
20260306,E04,Shenzhen Sourcing,CNY,-414347.47,1731111.77,-118782.04,362925.94,2026-03-06
20260306,E04,Shenzhen Sourcing,USD,-7735.78,7735.78,-10140.58,10140.58,2026-03-06
20260306,E05,India Services,EUR,-34854.46,34854.46,-49661.3,49661.3,2026-03-06
20260306,E05,India Services,INR,3306226.09,3566553.21,56007.86,60194.96,2026-03-06
20260306,E05,India Services,USD,103599.7,162438.34,135805.44,212935.06,2026-03-06
20260306,E06,Germany GmbH,EUR,-388111.74,1058803.66,-454165.5,1455240.62,2026-03-06
20260306,E06,Germany GmbH,USD,-9679.41,29149.87,-12688.42,38211.6,2026-03-06
20260306,E07,Germany Sales Office,EUR,-1663854.56,2067382.6,-251525.5,712896.98,2026-03-06
20260306,E07,Germany Sales Office,USD,4661.3,4661.3,6110.34,6110.34,2026-03-06
20260306,E08,Netherlands BV,EUR,-269396.65,269396.65,-383841.46,383841.46,2026-03-06
20260306,E08,Netherlands BV,USD,176627.31,179334.41,231534.91,235083.55,2026-03-06
20260306,E09,UK Ltd,EUR,3367.73,7420.75,4798.41,10573.23,2026-03-06
20260306,E09,UK Ltd,GBP,-2415712.36,2463818.08,-418564.11,490272.83,2026-03-06
20260306,E09,UK Ltd,USD,-177531.3,190408.7,-232719.92,249600.48,2026-03-06
20260306,E10,US Inc,EUR,149584.96,339168.28,213131.5,483253.4,2026-03-06
20260306,E10,US Inc,USD,-98726.33,547524.43,-73904.25,662218.87,2026-03-06
20260306,E11,US West Distribution,USD,36090.78,392069.9,40010.56,521251.14,2026-03-06
20260308,E01,Group Treasury HQ,SGD,-675000.0,675000.0,-675000.0,675000.0,2026-03-08
20260308,E02,SG Operations,SGD,675000.0,675000.0,675000.0,675000.0,2026-03-08
20260309,E01,Group Treasury HQ,EUR,-409803.74,703582.46,-582944.18,1000843.24,2026-03-09
20260309,E01,Group Treasury HQ,SGD,-137202.54,163284.92,-157807.56,191741.24,2026-03-09
20260309,E01,Group Treasury HQ,USD,-111940.3,111940.3,-146164.26,146164.26,2026-03-09
20260309,E02,SG Operations,SGD,164900.12,243672.96,172014.96,250787.8,2026-03-09
20260309,E02,SG Operations,USD,-238119.64,575994.34,-311075.17,751941.13,2026-03-09
20260309,E03,Shanghai Mfg,CNY,2760343.41,3003945.25,512985.4,558255.76,2026-03-09
20260309,E03,Shanghai Mfg,EUR,-8801.32,47490.12,-12519.84,67554.5,2026-03-09
20260309,E03,Shanghai Mfg,USD,185937.72,249178.88,242785.19,325361.33,2026-03-09
20260309,E04,Shenzhen Sourcing,CNY,1106740.5,1655564.9,205677.75,307671.83,2026-03-09
20260309,E04,Shenzhen Sourcing,USD,265366.01,265366.01,346497.42,346497.42,2026-03-09
20260309,E05,India Services,INR,31109588.86,31345451.82,507213.11,511001.09,2026-03-09
20260309,E05,India Services,USD,386318.26,386318.26,504428.89,504428.89,2026-03-09
20260309,E06,Germany GmbH,EUR,-99427.11,431248.37,179541.24,280921.46,2026-03-09
20260309,E06,Germany GmbH,USD,124425.97,124425.97,162467.21,162467.21,2026-03-09
20260309,E07,Germany Sales Office,EUR,-131.83,131.83,-187.53,187.53,2026-03-09
20260309,E07,Germany Sales Office,USD,55970.15,55970.15,73082.13,73082.13,2026-03-09
20260309,E08,Netherlands BV,EUR,734811.54,739145.28,1034347.03,1040511.77,2026-03-09
20260309,E08,Netherlands BV,USD,186010.36,186010.36,242880.05,242880.05,2026-03-09
20260309,E09,UK Ltd,EUR,51611.92,51611.92,73417.75,73417.75,2026-03-09
20260309,E09,UK Ltd,GBP,156935.48,360056.82,134730.92,503942.36,2026-03-09
20260309,E09,UK Ltd,USD,457317.07,457317.07,597134.45,597134.45,2026-03-09
20260309,E10,US Inc,EUR,301255.63,301255.63,428534.93,428534.93,2026-03-09
20260309,E10,US Inc,USD,137235.01,960377.07,636373.02,796816.34,2026-03-09
20260309,E11,US West Distribution,USD,388125.44,472788.44,412456.42,518741.24,2026-03-09
20260310,E01,Group Treasury HQ,EUR,-879310.34,879310.34,-1254399.52,1254399.52,2026-03-10
20260310,E01,Group Treasury HQ,SGD,51820.15,466845.87,159143.42,359522.6,2026-03-10
20260310,E01,Group Treasury HQ,USD,895522.39,895522.39,1165091.64,1165091.64,2026-03-10
20260310,E02,SG Operations,SGD,-541224.32,896215.46,-92776.97,502951.43,2026-03-10
20260310,E02,SG Operations,USD,-757330.38,1080080.22,-985301.21,1405204.89,2026-03-10
20260310,E03,Shanghai Mfg,CNY,688747.62,3597178.6,128037.49,668711.89,2026-03-10
20260310,E03,Shanghai Mfg,EUR,-2160.12,2160.12,-3081.57,3081.57,2026-03-10
20260310,E03,Shanghai Mfg,USD,31777.23,36266.59,41342.78,47183.52,2026-03-10
20260310,E04,Shenzhen Sourcing,CNY,392512.86,3915571.14,-56326.75,869139.87,2026-03-10
20260310,E04,Shenzhen Sourcing,USD,1470432.12,1472635.52,1913060.13,1915926.79,2026-03-10
20260310,E05,India Services,EUR,97899.95,97899.95,139661.33,139661.33,2026-03-10
20260310,E05,India Services,INR,4937411.03,11419058.81,79151.64,183058.94,2026-03-10
20260310,E05,India Services,USD,345958.08,345958.08,450098.04,450098.04,2026-03-10
20260310,E06,Germany GmbH,EUR,954233.28,1044020.22,1342949.43,1471036.97,2026-03-10
20260310,E06,Germany GmbH,USD,94453.56,109117.92,122926.61,141923.73,2026-03-10
20260310,E07,Germany Sales Office,EUR,296648.33,298309.91,423190.21,425560.57,2026-03-10
20260310,E07,Germany Sales Office,USD,28596.3,28596.3,37204.33,37204.33,2026-03-10
20260310,E08,Netherlands BV,EUR,-15188.99,37241.81,-20998.38,52458.32,2026-03-10
20260310,E08,Netherlands BV,USD,116992.41,116992.41,152209.35,152209.35,2026-03-10
20260310,E09,UK Ltd,EUR,92170.78,92170.78,131488.25,131488.25,2026-03-10
20260310,E09,UK Ltd,GBP,84769.06,169568.46,69822.98,223715.42,2026-03-10
20260310,E09,UK Ltd,USD,245586.49,245586.49,319512.69,319512.69,2026-03-10
20260310,E10,US Inc,EUR,-41649.81,60566.05,-59416.45,86401.83,2026-03-10
20260310,E10,US Inc,USD,-1606134.63,3172078.79,498141.22,1539181.9,2026-03-10
20260310,E11,US West Distribution,USD,138142.9,139187.36,181682.22,183037.92,2026-03-10
20260311,E01,Group Treasury HQ,EUR,289655.17,289655.17,415523.09,415523.09,2026-03-11
20260311,E01,Group Treasury HQ,SGD,-214331.34,266487.24,-214331.34,266487.24,2026-03-11
20260311,E01,Group Treasury HQ,USD,1791044.78,1791044.78,2320230.45,2320230.45,2026-03-11
20260311,E02,SG Operations,SGD,272173.71,575958.77,320022.48,623807.54,2026-03-11
20260311,E02,SG Operations,USD,51680.39,51680.39,66949.99,66949.99,2026-03-11
20260311,E03,Shanghai Mfg,CNY,-371813.38,862331.54,-69306.37,160739.45,2026-03-11
20260311,E03,Shanghai Mfg,EUR,2005.38,2005.38,2876.81,2876.81,2026-03-11
20260311,E03,Shanghai Mfg,USD,-133924.35,133924.35,-173493.91,173493.91,2026-03-11
20260311,E04,Shenzhen Sourcing,CNY,238201.68,297671.06,48697.91,112594.69,2026-03-11
20260311,E04,Shenzhen Sourcing,USD,-1820583.34,1820583.34,-2358496.53,2358496.53,2026-03-11
20260311,E05,India Services,INR,-103909.71,170526.83,-1665.88,2733.88,2026-03-11
20260311,E05,India Services,USD,62300.5,62300.5,80707.93,80707.93,2026-03-11
20260311,E06,Germany GmbH,EUR,-281429.28,537280.78,-424909.7,787889.14,2026-03-11
20260311,E06,Germany GmbH,USD,17076.11,45792.97,22121.46,59323.06,2026-03-11
20260311,E07,Germany Sales Office,EUR,75253.18,242025.7,107954.0,347196.52,2026-03-11
20260311,E07,Germany Sales Office,USD,15172.2,15172.2,19655.01,19655.01,2026-03-11
20260311,E08,Netherlands BV,EUR,388484.05,414240.35,545561.61,573955.27,2026-03-11
20260311,E09,UK Ltd,GBP,-98855.34,145330.5,-3195.23,87802.09,2026-03-11
20260311,E09,UK Ltd,USD,92944.92,92944.92,120406.61,120406.61,2026-03-11
20260311,E10,US Inc,EUR,-331880.35,402866.11,-476096.97,577929.17,2026-03-11
20260311,E10,US Inc,USD,-955487.45,1303631.39,-277.89,451285.15,2026-03-11
20260311,E11,US West Distribution,USD,-166031.38,355902.96,-46607.16,292578.58,2026-03-11
20260312,E01,Group Treasury HQ,EUR,-283.71,283.71,-405.59,405.59,2026-03-12
20260312,E01,Group Treasury HQ,SGD,-256384.26,262422.6,-51740.44,57778.78,2026-03-12
20260312,E02,SG Operations,SGD,-7040218.51,7130546.89,-1302362.8,1431496.62,2026-03-12
20260312,E02,SG Operations,USD,-17810.41,17810.41,-23170.7,23170.7,2026-03-12
20260312,E03,Shanghai Mfg,CNY,-3715830.61,3762497.53,-1095077.01,1103776.01,2026-03-12
20260312,E03,Shanghai Mfg,USD,-35839.09,35839.09,-46628.84,46628.84,2026-03-12
20260312,E04,Shenzhen Sourcing,CNY,-4826819.71,5178690.05,-940328.04,1005918.78,2026-03-12
20260312,E04,Shenzhen Sourcing,USD,6032.94,39270.94,7848.64,51090.08,2026-03-12
20260312,E05,India Services,INR,-29466972.03,30236868.37,-477175.95,489513.53,2026-03-12
20260312,E06,Germany GmbH,EUR,243128.3,433197.08,330311.66,636565.82,2026-03-12
20260312,E06,Germany GmbH,USD,-8801.79,110893.61,-11451.48,144269.26,2026-03-12
20260312,E07,Germany Sales Office,EUR,-8166.91,16288.81,-11675.45,23286.55,2026-03-12
20260312,E07,Germany Sales Office,USD,-54870.61,54870.61,-71384.68,71384.68,2026-03-12
20260312,E08,Netherlands BV,EUR,-584764.78,618270.12,-576144.58,635249.06,2026-03-12
20260312,E08,Netherlands BV,USD,-54868.41,60397.75,-71390.76,78584.24,2026-03-12
20260312,E09,UK Ltd,EUR,-318.69,318.69,-455.6,455.6,2026-03-12
20260312,E09,UK Ltd,GBP,-661000.86,759446.62,-61143.26,206134.12,2026-03-12
20260312,E09,UK Ltd,USD,-1186.17,1186.17,-1543.35,1543.35,2026-03-12
20260312,E10,US Inc,EUR,-214855.49,214855.49,-307158.27,307158.27,2026-03-12
20260312,E10,US Inc,USD,-500648.45,941224.19,69736.53,503436.65,2026-03-12
20260312,E11,US West Distribution,USD,-182735.64,218109.6,-30177.35,76197.59,2026-03-12
20260313,E01,Group Treasury HQ,EUR,15481.57,15481.57,22168.73,22168.73,2026-03-13
20260313,E01,Group Treasury HQ,SGD,54942.52,55786.0,71613.75,72457.23,2026-03-13
20260313,E02,SG Operations,SGD,-160132.01,206859.43,-160132.01,206859.43,2026-03-13
20260313,E02,SG Operations,USD,48343.52,48343.52,62900.67,62900.67,2026-03-13
20260313,E03,Shanghai Mfg,CNY,1032030.68,2367119.22,182205.8,450311.4,2026-03-13
20260313,E03,Shanghai Mfg,USD,-94842.57,132505.23,-123401.47,172405.07,2026-03-13
20260313,E04,Shenzhen Sourcing,CNY,1110870.38,1127785.54,206711.86,209859.46,2026-03-13
20260313,E04,Shenzhen Sourcing,USD,26962.12,37757.68,35080.93,49127.23,2026-03-13
20260313,E05,India Services,EUR,7207.99,7207.99,10321.43,10321.43,2026-03-13
20260313,E05,India Services,INR,3858178.98,4017126.78,61912.22,64462.82,2026-03-13
20260313,E06,Germany GmbH,EUR,-1344309.76,1616104.52,-1618184.99,2007379.61,2026-03-13
20260313,E06,Germany GmbH,USD,-83681.24,170605.5,-108879.26,221978.06,2026-03-13
20260313,E07,Germany Sales Office,EUR,-86469.61,86469.61,-123819.54,123819.54,2026-03-13
20260313,E08,Netherlands BV,EUR,-143710.69,143710.69,-49633.62,49633.62,2026-03-13
20260313,E08,Netherlands BV,USD,-7352.07,7352.07,-9565.92,9565.92,2026-03-13
20260313,E09,UK Ltd,EUR,124996.48,124996.48,178987.83,178987.83,2026-03-13
20260313,E09,UK Ltd,GBP,-740140.79,810006.51,-166010.33,293181.73,2026-03-13
20260313,E09,UK Ltd,USD,-24635.34,93476.94,-32053.5,121624.62,2026-03-13
20260313,E10,US Inc,EUR,-94059.07,101876.65,-134687.24,145881.56,2026-03-13
20260313,E10,US Inc,USD,-2439585.21,2663641.83,-446764.49,738288.81,2026-03-13
20260313,E11,US West Distribution,USD,-218012.83,218012.83,-299397.49,299397.49,2026-03-13
20260315,E01,Group Treasury HQ,SGD,-1080000.0,1080000.0,-1080000.0,1080000.0,2026-03-15
20260315,E02,SG Operations,SGD,1080000.0,1080000.0,1080000.0,1080000.0,2026-03-15
20260316,E01,Group Treasury HQ,EUR,-868965.51,868965.51,-1256084.44,1256084.44,2026-03-16
20260316,E01,Group Treasury HQ,SGD,-158385.28,269236.9,-148918.65,278703.53,2026-03-16
20260316,E01,Group Treasury HQ,USD,-11194.03,11194.03,-14564.7,14564.7,2026-03-16
20260316,E02,SG Operations,SGD,560455.46,592880.88,598677.08,631102.5,2026-03-16
20260316,E02,SG Operations,USD,355260.65,355260.65,463042.89,463042.89,2026-03-16
20260316,E03,Shanghai Mfg,CNY,6138088.91,6289384.35,1159362.37,1187558.83,2026-03-16
20260316,E03,Shanghai Mfg,USD,25687.82,25687.82,33422.76,33422.76,2026-03-16
20260316,E04,Shenzhen Sourcing,CNY,2046811.31,2111847.85,728158.17,740278.37,2026-03-16
20260316,E04,Shenzhen Sourcing,USD,254616.11,254616.11,331387.09,331387.09,2026-03-16
20260316,E05,India Services,INR,11345328.51,13384374.39,288823.05,321502.85,2026-03-16
20260316,E05,India Services,USD,67125.34,67125.34,87554.64,87554.64,2026-03-16
20260316,E06,Germany GmbH,EUR,-9618.29,213041.17,-11823.41,310029.51,2026-03-16
20260316,E06,Germany GmbH,USD,99151.88,99151.88,129007.8,129007.8,2026-03-16
20260316,E07,Germany Sales Office,EUR,-67.16,67.16,-97.08,97.08,2026-03-16
20260316,E07,Germany Sales Office,USD,167681.92,167681.92,218173.12,218173.12,2026-03-16
20260316,E08,Netherlands BV,EUR,-333478.21,937851.65,318070.65,555547.57,2026-03-16
20260316,E08,Netherlands BV,USD,330569.69,330569.69,430108.52,430108.52,2026-03-16
20260316,E09,UK Ltd,EUR,184729.7,184729.7,267025.67,267025.67,2026-03-16
20260316,E09,UK Ltd,GBP,267463.31,905341.25,381699.2,791105.36,2026-03-16
20260316,E09,UK Ltd,USD,56190.39,56190.39,73110.04,73110.04,2026-03-16
20260316,E10,US Inc,EUR,953189.17,953189.17,1377829.23,1377829.23,2026-03-16
20260316,E10,US Inc,USD,-601239.05,1697290.41,-717290.09,2093045.07,2026-03-16
20260316,E11,US West Distribution,USD,-139856.39,425123.13,93821.13,290516.83,2026-03-16
20260317,E01,Group Treasury HQ,EUR,-568965.52,568965.52,-821959.45,821959.45,2026-03-17
20260317,E01,Group Treasury HQ,SGD,336139.33,473860.67,391464.85,418535.15,2026-03-17
20260317,E01,Group Treasury HQ,USD,582089.55,604477.61,760935.41,790202.15,2026-03-17
20260317,E02,SG Operations,SGD,-2526176.64,3236540.96,-536933.74,1459111.96,2026-03-17
20260317,E02,SG Operations,USD,-432535.89,772551.93,-565432.55,1009916.11,2026-03-17
20260317,E03,Shanghai Mfg,CNY,691663.08,1163145.66,137569.64,225285.94,2026-03-17
20260317,E03,Shanghai Mfg,USD,8028.71,8028.71,10495.52,10495.52,2026-03-17
20260317,E04,Shenzhen Sourcing,CNY,9967723.12,10233400.04,1887565.54,1936991.0,2026-03-17
20260317,E04,Shenzhen Sourcing,USD,2203.61,2203.61,2880.66,2880.66,2026-03-17
20260317,E05,India Services,EUR,79022.08,95668.0,114159.72,138207.34,2026-03-17
20260317,E05,India Services,INR,24119199.61,61895006.81,386082.96,989972.32,2026-03-17
20260317,E05,India Services,USD,110490.82,110490.82,144438.91,144438.91,2026-03-17
20260317,E06,Germany GmbH,EUR,795218.94,828896.92,1182607.21,1231260.29,2026-03-17
20260317,E06,Germany GmbH,USD,124553.33,124553.33,162822.09,162822.09,2026-03-17
20260317,E07,Germany Sales Office,EUR,34410.17,34719.57,52230.62,52677.6,2026-03-17
20260317,E07,Germany Sales Office,USD,12128.14,12128.14,15854.49,15854.49,2026-03-17
20260317,E08,Netherlands BV,EUR,45274.2,116334.12,65405.65,168062.79,2026-03-17
20260317,E08,Netherlands BV,USD,221118.17,242745.99,289056.93,317328.57,2026-03-17
20260317,E09,UK Ltd,EUR,7015.27,7015.27,10134.65,10134.65,2026-03-17
20260317,E09,UK Ltd,GBP,-24426.07,24426.07,-12700.48,12700.48,2026-03-17
20260317,E09,UK Ltd,USD,159884.19,166358.37,209008.48,217471.46,2026-03-17
20260317,E10,US Inc,EUR,176269.15,176269.15,254648.28,254648.28,2026-03-17
20260317,E10,US Inc,USD,-807944.77,1749970.09,275780.73,955679.95,2026-03-17
20260317,E11,US West Distribution,USD,355554.02,411629.64,425895.15,499199.79,2026-03-17
20260318,E01,Group Treasury HQ,EUR,667049.33,667049.33,949413.97,949413.97,2026-03-18
20260318,E01,Group Treasury HQ,SGD,269108.01,269192.85,269108.01,269192.85,2026-03-18
20260318,E01,Group Treasury HQ,USD,447761.19,447761.19,585308.51,585308.51,2026-03-18
20260318,E02,SG Operations,SGD,835683.14,965297.66,847991.43,977605.95,2026-03-18
20260318,E02,SG Operations,USD,16625.13,16625.13,21732.19,21732.19,2026-03-18
20260318,E03,Shanghai Mfg,CNY,-1346788.53,2294903.77,-250486.43,426806.47,2026-03-18
20260318,E03,Shanghai Mfg,USD,124783.45,124783.45,163141.64,163141.64,2026-03-18
20260318,E04,Shenzhen Sourcing,CNY,3155232.4,3223160.68,605277.46,617910.0,2026-03-18
20260318,E04,Shenzhen Sourcing,USD,12724.78,12724.78,16633.69,16633.69,2026-03-18
20260318,E05,India Services,INR,-95272.25,107416.55,4454.38,7689.92,2026-03-18
20260318,E05,India Services,USD,39488.93,39488.93,51619.49,51619.49,2026-03-18
20260318,E06,Germany GmbH,EUR,-256464.67,541160.79,-397164.34,738099.16,2026-03-18
20260318,E06,Germany GmbH,USD,-426930.57,468591.81,-558078.95,612538.07,2026-03-18
20260318,E07,Germany Sales Office,EUR,242625.82,264208.0,345330.3,376048.3,2026-03-18
20260318,E07,Germany Sales Office,USD,2811.74,2811.74,3675.48,3675.48,2026-03-18
20260318,E08,Netherlands BV,EUR,52067.49,376464.95,184040.16,244492.28,2026-03-18
20260318,E08,Netherlands BV,USD,117429.12,137038.16,153502.06,179134.78,2026-03-18
20260318,E09,UK Ltd,GBP,167704.73,379650.03,269423.67,390395.59,2026-03-18
20260318,E09,UK Ltd,USD,109969.11,109969.11,143750.42,143750.42,2026-03-18
20260318,E10,US Inc,EUR,-417012.02,596781.08,-593534.89,849400.89,2026-03-18
20260318,E10,US Inc,USD,591884.75,596487.31,773704.68,779722.22,2026-03-18
20260318,E11,US West Distribution,USD,51090.45,92523.35,66782.44,120947.94,2026-03-18
20260319,E01,Group Treasury HQ,SGD,-97657.07,97657.07,-34686.2,34686.2,2026-03-19
20260319,E02,SG Operations,SGD,-4841327.6,5138255.62,-855088.18,1152016.2,2026-03-19
20260319,E02,SG Operations,USD,-29914.31,46768.09,-39360.0,61535.48,2026-03-19
20260319,E03,Shanghai Mfg,CNY,-820534.06,1034696.8,-55266.52,310780.6,2026-03-19
20260319,E03,Shanghai Mfg,EUR,-104311.27,104311.27,-148506.5,148506.5,2026-03-19
20260319,E03,Shanghai Mfg,USD,24545.97,70969.67,32296.56,93378.9,2026-03-19
20260319,E04,Shenzhen Sourcing,CNY,-2538878.53,3725935.85,-530785.42,793795.58,2026-03-19
20260319,E05,India Services,EUR,-21210.2,21210.2,-30196.67,30196.67,2026-03-19
20260319,E05,India Services,INR,-2786317.6,3781186.18,-55076.39,70998.27,2026-03-19
20260319,E05,India Services,USD,-13911.34,13911.34,-18303.96,18303.96,2026-03-19
20260319,E06,Germany GmbH,EUR,-138631.63,498334.87,122551.56,389552.9,2026-03-19
20260319,E06,Germany GmbH,USD,-49856.9,105086.92,-65588.59,138257.93,2026-03-19
20260319,E07,Germany Sales Office,USD,10068.5,10068.5,13247.71,13247.71,2026-03-19
20260319,E08,Netherlands BV,EUR,-168704.12,285342.62,-242075.25,404344.75,2026-03-19
20260319,E08,Netherlands BV,USD,-76713.21,122341.61,-100936.01,160971.95,2026-03-19
20260319,E09,UK Ltd,EUR,-30081.62,30081.62,-42826.78,42826.78,2026-03-19
20260319,E09,UK Ltd,GBP,-167054.52,167054.52,-302241.89,302241.89,2026-03-19
20260319,E09,UK Ltd,USD,-35861.56,70989.36,-47173.72,93393.4,2026-03-19
20260319,E10,US Inc,EUR,-496463.17,558109.87,-706807.67,794573.21,2026-03-19
20260319,E10,US Inc,USD,-3232223.42,3277353.44,-1062784.77,1122164.95,2026-03-19
20260319,E11,US West Distribution,USD,-84190.52,84190.52,-81378.57,81378.57,2026-03-19
20260320,E01,Group Treasury HQ,EUR,-72413.79,72413.79,-103437.31,103437.31,2026-03-20
20260320,E01,Group Treasury HQ,SGD,-60819.91,60819.91,-60819.91,60819.91,2026-03-20
20260320,E02,SG Operations,SGD,-751171.66,751171.66,-610332.61,610332.61,2026-03-20
20260320,E02,SG Operations,USD,-9139.82,9139.82,-12010.45,12010.45,2026-03-20
20260320,E03,Shanghai Mfg,CNY,-558254.44,558254.44,-144097.58,144097.58,2026-03-20
20260320,E03,Shanghai Mfg,EUR,3217.58,3217.58,4596.06,4596.06,2026-03-20
20260320,E04,Shenzhen Sourcing,CNY,214026.47,393903.87,39884.04,73404.38,2026-03-20
20260320,E05,India Services,INR,10364845.26,10636405.68,165381.47,169714.49,2026-03-20
20260320,E06,Germany GmbH,EUR,-1401349.42,1550399.04,-1016087.72,1228993.18,2026-03-20
20260320,E07,Germany Sales Office,EUR,-655146.06,655146.06,-758387.88,758387.88,2026-03-20
20260320,E08,Netherlands BV,EUR,-1751275.88,1867581.48,-381127.22,497432.82,2026-03-20
20260320,E08,Netherlands BV,USD,28911.61,145439.67,37992.14,191119.22,2026-03-20
20260320,E09,UK Ltd,EUR,10867.36,10867.36,15523.15,15523.15,2026-03-20
20260320,E09,UK Ltd,GBP,-268226.85,459980.81,-5331.75,256707.27,2026-03-20
20260320,E09,UK Ltd,USD,3564.35,3564.35,4683.84,4683.84,2026-03-20
20260320,E10,US Inc,EUR,-17477.52,17477.52,-24965.24,24965.24,2026-03-20
20260320,E10,US Inc,USD,-177818.98,280195.88,-162212.95,296744.29,2026-03-20
20260320,E11,US West Distribution,USD,-134579.63,134579.63,-177768.66,177768.66,2026-03-20
20260322,E01,Group Treasury HQ,USD,-223880.6,223880.6,-294196.79,294196.79,2026-03-22
20260322,E02,SG Operations,USD,223880.6,223880.6,294196.79,294196.79,2026-03-22
20260323,E01,Group Treasury HQ,SGD,-15401.15,15401.15,-15401.15,15401.15,2026-03-23
20260323,E01,Group Treasury HQ,USD,-11194.03,11194.03,-14735.06,14735.06,2026-03-23
20260323,E02,SG Operations,SGD,-65977.05,200722.51,17832.04,134747.38,2026-03-23
20260323,E02,SG Operations,USD,103865.07,103865.07,136720.93,136720.93,2026-03-23
20260323,E03,Shanghai Mfg,CNY,1322176.21,1623022.53,246292.34,302333.4,2026-03-23
20260323,E04,Shenzhen Sourcing,CNY,870414.18,897371.56,162139.0,167160.6,2026-03-23
20260323,E04,Shenzhen Sourcing,USD,400132.52,400132.52,526959.97,526959.97,2026-03-23
20260323,E05,India Services,EUR,5224.95,5224.95,7455.45,7455.45,2026-03-23
20260323,E05,India Services,INR,737895.08,4993911.84,33695.2,101616.98,2026-03-23
20260323,E05,India Services,USD,19553.87,34039.19,25739.38,44806.88,2026-03-23
20260323,E06,Germany GmbH,EUR,731809.9,983045.82,782919.78,1141406.82,2026-03-23
20260323,E06,Germany GmbH,USD,15053.85,15053.85,19815.87,19815.87,2026-03-23
20260323,E07,Germany Sales Office,EUR,127971.91,194725.69,182602.34,277852.92,2026-03-23
20260323,E07,Germany Sales Office,USD,206340.43,206340.43,271614.47,271614.47,2026-03-23
20260323,E08,Netherlands BV,EUR,-297200.89,479991.13,56721.67,204100.61,2026-03-23
20260323,E08,Netherlands BV,USD,144264.87,144264.87,189900.47,189900.47,2026-03-23
20260323,E09,UK Ltd,GBP,-235337.99,250312.29,-63690.06,82699.44,2026-03-23
20260323,E09,UK Ltd,USD,118035.25,150219.29,155373.58,197738.46,2026-03-23
20260323,E10,US Inc,EUR,211221.86,211221.86,301391.21,301391.21,2026-03-23
20260323,E10,US Inc,USD,22340.8,155759.98,43869.44,182689.76,2026-03-23
20260323,E11,US West Distribution,USD,196327.69,441602.55,260666.69,583529.83,2026-03-23
20260324,E01,Group Treasury HQ,EUR,-537931.03,537931.03,-770263.99,770263.99,2026-03-24
20260324,E01,Group Treasury HQ,SGD,855181.63,1026666.87,938311.86,972197.44,2026-03-24
20260324,E01,Group Treasury HQ,USD,223880.6,246268.66,294849.18,324334.1,2026-03-24
20260324,E02,SG Operations,SGD,-518195.3,2096583.02,-103994.65,1771754.83,2026-03-24
20260324,E02,SG Operations,USD,-103327.85,451621.91,-136082.05,594782.89,2026-03-24
20260324,E03,Shanghai Mfg,CNY,-890267.16,1560375.34,-375837.15,500500.73,2026-03-24
20260324,E03,Shanghai Mfg,EUR,130753.32,130753.32,187225.81,187225.81,2026-03-24
20260324,E04,Shenzhen Sourcing,CNY,140079.46,1124088.4,-72329.6,347348.72,2026-03-24
20260324,E04,Shenzhen Sourcing,USD,316775.96,316775.96,417191.72,417191.72,2026-03-24
20260324,E05,India Services,EUR,-22767.43,41094.55,-32600.71,58843.33,2026-03-24
20260324,E05,India Services,INR,3800092.33,21449585.99,-38743.71,465889.67,2026-03-24
20260324,E05,India Services,USD,-247229.44,328217.34,-325599.44,432259.94,2026-03-24
20260324,E06,Germany GmbH,EUR,692886.4,765257.94,983070.14,1101991.46,2026-03-24
20260324,E06,Germany GmbH,USD,262661.39,311606.79,345923.21,410383.95,2026-03-24
20260324,E07,Germany Sales Office,EUR,8083.25,9268.25,7827.34,9524.16,2026-03-24
20260324,E07,Germany Sales Office,USD,45463.55,45463.55,59875.17,59875.17,2026-03-24
20260324,E08,Netherlands BV,EUR,50217.82,195605.82,71906.96,280088.16,2026-03-24
20260324,E08,Netherlands BV,USD,331642.15,344744.83,436770.4,454026.52,2026-03-24
20260324,E09,UK Ltd,EUR,-35929.84,97474.2,-51447.98,139573.4,2026-03-24
20260324,E09,UK Ltd,GBP,390.59,11920.39,700.4,21375.74,2026-03-24
20260324,E09,UK Ltd,USD,184179.46,184179.46,242563.07,242563.07,2026-03-24
20260324,E10,US Inc,EUR,27877.15,91954.75,39917.31,131670.09,2026-03-24
20260324,E10,US Inc,USD,131782.94,935400.2,450034.89,953313.85,2026-03-24
20260324,E11,US West Distribution,USD,360424.38,364189.94,488566.71,493526.13,2026-03-24
20260325,E01,Group Treasury HQ,EUR,351724.14,351724.14,502396.78,502396.78,2026-03-25
20260325,E01,Group Treasury HQ,SGD,269.69,19753.03,3470.28,22953.62,2026-03-25
20260325,E01,Group Treasury HQ,USD,1063432.84,1063432.84,1403164.53,1403164.53,2026-03-25
20260325,E02,SG Operations,SGD,208996.06,349954.68,323340.54,464299.16,2026-03-25
20260325,E02,SG Operations,USD,69413.87,69413.87,91589.31,91589.31,2026-03-25
20260325,E03,Shanghai Mfg,CNY,19121.78,828048.62,19306.73,170028.41,2026-03-25
20260325,E03,Shanghai Mfg,USD,-10999.85,26749.07,-14513.94,35294.52,2026-03-25
20260325,E04,Shenzhen Sourcing,CNY,-2930.59,16476.83,7866.59,11482.63,2026-03-25
20260325,E04,Shenzhen Sourcing,USD,-683353.44,906198.8,-901662.3,1195699.42,2026-03-25
20260325,E05,India Services,INR,5887927.06,6094747.38,82671.86,109050.92,2026-03-25
20260325,E05,India Services,USD,819.75,819.75,1081.63,1081.63,2026-03-25
20260325,E06,Germany GmbH,EUR,-449973.43,719226.19,-526435.73,911031.81,2026-03-25
20260325,E06,Germany GmbH,USD,-268656.72,268656.72,-354483.67,354483.67,2026-03-25
20260325,E07,Germany Sales Office,EUR,-244815.97,244815.97,-63115.02,63115.02,2026-03-25
20260325,E07,Germany Sales Office,USD,26734.14,26734.14,35274.82,35274.82,2026-03-25
20260325,E08,Netherlands BV,EUR,13055.92,49653.34,23058.77,71306.53,2026-03-25
20260325,E08,Netherlands BV,USD,32589.52,32589.52,43000.8,43000.8,2026-03-25
20260325,E09,UK Ltd,GBP,77575.91,79594.61,121708.26,125363.32,2026-03-25
20260325,E09,UK Ltd,USD,109898.63,109898.63,145007.62,145007.62,2026-03-25
20260325,E10,US Inc,EUR,-184498.02,301584.96,-263533.84,430778.82,2026-03-25
20260325,E10,US Inc,USD,-45711.06,152114.38,-46478.56,186874.24,2026-03-25
20260325,E11,US West Distribution,USD,-2461.45,18188.95,-3248.42,24000.34,2026-03-25
20260326,E01,Group Treasury HQ,CNY,-3870967.74,3870967.74,-721935.48,721935.48,2026-03-26
20260326,E01,Group Treasury HQ,SGD,-118468.1,118468.1,-38352.58,38352.58,2026-03-26
20260326,E02,SG Operations,SGD,-1176784.58,1859492.3,-214935.79,899355.81,2026-03-26
20260326,E02,SG Operations,USD,-29992.55,29992.55,-39656.19,39656.19,2026-03-26
20260326,E03,Shanghai Mfg,CNY,-3643342.4,12128027.68,-709301.69,2291695.49,2026-03-26
20260326,E03,Shanghai Mfg,EUR,-103548.51,103548.51,-148789.58,148789.58,2026-03-26
20260326,E03,Shanghai Mfg,USD,-262334.04,262334.04,-346385.77,346385.77,2026-03-26
20260326,E04,Shenzhen Sourcing,CNY,-4813879.88,5186031.2,-981094.12,1050500.34,2026-03-26
20260326,E04,Shenzhen Sourcing,USD,-218668.8,218668.8,-288595.49,288595.49,2026-03-26
20260326,E06,Germany GmbH,EUR,116273.96,426342.74,66802.68,547664.94,2026-03-26
20260326,E06,Germany GmbH,USD,-8570.29,8570.29,-11310.18,11310.18,2026-03-26
20260326,E07,Germany Sales Office,EUR,-31265.95,31265.95,-48688.63,48688.63,2026-03-26
20260326,E08,Netherlands BV,EUR,-459553.44,464177.4,-583102.5,589746.7,2026-03-26
20260326,E08,Netherlands BV,USD,-335944.33,353056.95,-444091.07,466674.53,2026-03-26
20260326,E09,UK Ltd,EUR,-26020.27,26020.27,-37388.7,37388.7,2026-03-26
20260326,E09,UK Ltd,GBP,-32450.13,142689.21,16724.39,116857.83,2026-03-26
20260326,E09,UK Ltd,USD,-33292.77,33292.77,-43936.33,43936.33,2026-03-26
20260326,E10,US Inc,EUR,-63236.38,63236.38,-90864.8,90864.8,2026-03-26
20260326,E10,US Inc,USD,-2143904.22,2286158.02,-513585.67,701317.43,2026-03-26
20260326,E11,US West Distribution,USD,-250196.36,359248.46,-52719.55,197054.53,2026-03-26
20260327,E01,Group Treasury HQ,CNY,-1451612.9,1451612.9,-269997.1,269997.1,2026-03-27
20260327,E01,Group Treasury HQ,EUR,-103448.28,103448.28,-148464.31,148464.31,2026-03-27
20260327,E01,Group Treasury HQ,SGD,-2323.57,2323.57,-2323.57,2323.57,2026-03-27
20260327,E02,SG Operations,SGD,-184676.75,365830.21,-155686.55,356260.07,2026-03-27
20260327,E02,SG Operations,USD,-5750.22,404052.2,-7617.97,535294.01,2026-03-27
20260327,E03,Shanghai Mfg,CNY,101288.13,3055275.19,18839.38,568275.1,2026-03-27
20260327,E04,Shenzhen Sourcing,CNY,-1117388.78,1289393.02,-207832.08,239824.52,2026-03-27
20260327,E04,Shenzhen Sourcing,USD,36971.1,36971.1,48979.83,48979.83,2026-03-27
20260327,E05,India Services,INR,7379757.67,8788831.35,117943.28,140463.1,2026-03-27
20260327,E05,India Services,USD,65266.47,65266.47,86465.94,86465.94,2026-03-27
20260327,E06,Germany GmbH,EUR,-1203548.36,1244036.6,-1716051.48,1774158.38,2026-03-27
20260327,E06,Germany GmbH,USD,-8127.3,8127.3,-10767.16,10767.16,2026-03-27
20260327,E07,Germany Sales Office,EUR,-237592.95,516224.43,-176388.5,576267.86,2026-03-27
20260327,E07,Germany Sales Office,USD,-1318.74,1318.74,-1747.09,1747.09,2026-03-27
20260327,E08,Netherlands BV,EUR,162148.21,425341.23,206996.87,380492.57,2026-03-27
20260327,E08,Netherlands BV,USD,34871.83,34871.83,46198.69,46198.69,2026-03-27
20260327,E09,UK Ltd,EUR,13803.79,19824.11,19810.57,28450.67,2026-03-27
20260327,E09,UK Ltd,GBP,-2848859.89,2848859.89,-530764.6,530764.6,2026-03-27
20260327,E09,UK Ltd,USD,15592.48,15592.48,20657.13,20657.13,2026-03-27
20260327,E10,US Inc,EUR,45343.5,161553.06,65074.94,231853.68,2026-03-27
20260327,E10,US Inc,USD,534781.76,1071330.06,907082.71,1220716.71,2026-03-27
20260327,E11,US West Distribution,USD,-852338.97,917246.27,-518020.49,610027.11,2026-03-27
20260329,E10,US Inc,USD,-19311.73,19311.73,-25553.65,25553.65,2026-03-29
20260330,E01,Group Treasury HQ,CNY,-5322580.65,5322580.65,-988259.52,988259.52,2026-03-30
20260330,E01,Group Treasury HQ,EUR,-227586.21,227586.21,-326825.62,326825.62,2026-03-30
20260330,E01,Group Treasury HQ,GBP,-174418.6,174418.6,-316499.13,316499.13,2026-03-30
20260330,E01,Group Treasury HQ,SGD,-88920.74,121235.08,-75759.19,134396.63,2026-03-30
20260330,E01,Group Treasury HQ,USD,-402985.08,402985.08,-533237.5,533237.5,2026-03-30
20260330,E02,SG Operations,SGD,330811.53,334094.97,347805.44,351088.88,2026-03-30
20260330,E02,SG Operations,USD,416390.98,425926.2,550976.46,563593.64,2026-03-30
20260330,E03,Shanghai Mfg,CNY,9273153.58,10233385.4,1734902.65,1913101.91,2026-03-30
20260330,E03,Shanghai Mfg,EUR,83322.05,83322.05,119654.8,119654.8,2026-03-30
20260330,E03,Shanghai Mfg,USD,284343.53,284343.53,375625.11,375625.11,2026-03-30
20260330,E04,Shenzhen Sourcing,CNY,3587322.32,5299461.02,693703.77,1011601.71,2026-03-30
20260330,E04,Shenzhen Sourcing,USD,126855.45,126855.45,167857.54,167857.54,2026-03-30
20260330,E05,India Services,EUR,52951.01,52951.01,76040.4,76040.4,2026-03-30
20260330,E05,India Services,INR,52356818.62,58688911.04,836452.54,937614.04,2026-03-30
20260330,E05,India Services,USD,443476.52,443476.52,586816.55,586816.55,2026-03-30
20260330,E06,Germany GmbH,EUR,37033.76,361641.38,28055.46,494208.9,2026-03-30
20260330,E06,Germany GmbH,USD,590535.49,609140.17,781407.78,806025.84,2026-03-30
20260330,E07,Germany Sales Office,EUR,126268.96,126302.16,181328.78,181376.46,2026-03-30
20260330,E07,Germany Sales Office,USD,238414.04,238414.04,315473.99,315473.99,2026-03-30
20260330,E08,Netherlands BV,EUR,36326.55,46310.73,34439.32,48777.12,2026-03-30
20260330,E08,Netherlands BV,USD,108602.22,108602.22,143704.51,143704.51,2026-03-30
20260330,E09,UK Ltd,EUR,125537.14,125537.14,180277.86,180277.86,2026-03-30
20260330,E09,UK Ltd,GBP,100200.66,248636.54,181823.63,451174.63,2026-03-30
20260330,E09,UK Ltd,USD,203715.86,235846.38,269560.69,312076.41,2026-03-30
20260330,E10,US Inc,EUR,128373.65,128373.65,184351.23,184351.23,2026-03-30
20260330,E10,US Inc,USD,87978.94,587722.74,340653.79,484405.37,2026-03-30
20260330,E11,US West Distribution,USD,264737.93,265358.19,358987.36,359806.46,2026-03-30
20260331,E01,Group Treasury HQ,EUR,-909168.69,962596.01,-1305662.62,1382389.92,2026-03-31
20260331,E01,Group Treasury HQ,SGD,622194.24,804215.84,654422.7,786798.42,2026-03-31
20260331,E01,Group Treasury HQ,USD,492537.31,492537.31,649722.72,649722.72,2026-03-31
20260331,E02,SG Operations,SGD,-775632.92,2031103.42,-99095.24,1668132.92,2026-03-31
20260331,E02,SG Operations,USD,-398221.41,586853.21,-525307.41,774138.03,2026-03-31
20260331,E03,Shanghai Mfg,CNY,-4063083.09,6298245.55,-776238.16,1190281.88,2026-03-31
20260331,E03,Shanghai Mfg,EUR,-1021.3,1021.3,-1466.7,1466.7,2026-03-31
20260331,E03,Shanghai Mfg,USD,130750.29,130750.29,172477.15,172477.15,2026-03-31
20260331,E04,Shenzhen Sourcing,CNY,-560939.89,3650915.91,-69126.35,711082.03,2026-03-31
20260331,E04,Shenzhen Sourcing,USD,233436.31,233436.31,307933.77,307933.77,2026-03-31
20260331,E06,Germany GmbH,EUR,715238.4,1178559.92,1150997.8,1568697.34,2026-03-31
20260331,E06,Germany GmbH,USD,-129573.63,169023.83,-170708.08,222748.18,2026-03-31
20260331,E07,Germany Sales Office,EUR,490892.35,494838.69,704973.42,710640.82,2026-03-31
20260331,E08,Netherlands BV,EUR,-391847.51,676640.29,-94006.88,501816.08,2026-03-31
20260331,E08,Netherlands BV,USD,109995.49,109995.49,145098.78,145098.78,2026-03-31
20260331,E09,UK Ltd,EUR,5176.43,5176.43,7433.9,7433.9,2026-03-31
20260331,E09,UK Ltd,GBP,-369042.15,369042.15,-109607.04,109607.04,2026-03-31
20260331,E09,UK Ltd,USD,62922.7,62922.7,83003.47,83003.47,2026-03-31
20260331,E10,US Inc,USD,867947.1,2900321.1,2281926.45,2683557.85,2026-03-31
20260331,E11,US West Distribution,USD,261081.46,484556.86,304135.81,679789.41,2026-03-31
20260401,E01,Group Treasury HQ,CNY,-2338709.68,2338709.68,-431831.05,431831.05,2026-04-01
20260401,E01,Group Treasury HQ,EUR,-237931.03,237931.03,-342845.53,342845.53,2026-04-01
20260401,E01,Group Treasury HQ,GBP,-854651.16,854651.16,-1543725.63,1543725.63,2026-04-01
20260401,E01,Group Treasury HQ,SGD,-96948.1,214797.14,48452.9,106413.0,2026-04-01
20260401,E01,Group Treasury HQ,USD,1388059.7,1388059.7,1824054.81,1824054.81,2026-04-01
20260401,E02,SG Operations,SGD,-399950.9,1151694.62,132530.71,619213.01,2026-04-01
20260401,E02,SG Operations,USD,145040.77,145040.77,190598.65,190598.65,2026-04-01
20260401,E03,Shanghai Mfg,CNY,2105737.67,5969529.17,388813.94,1102243.7,2026-04-01
20260401,E03,Shanghai Mfg,EUR,85395.42,85395.42,123050.1,123050.1,2026-04-01
20260401,E03,Shanghai Mfg,USD,-201421.18,269576.34,-264745.25,354194.47,2026-04-01
20260401,E04,Shenzhen Sourcing,CNY,-127507.43,303935.75,-44393.46,76970.08,2026-04-01
20260401,E04,Shenzhen Sourcing,USD,-313562.88,514795.32,-412054.24,676494.6,2026-04-01
20260401,E05,India Services,EUR,8836.87,8836.87,12733.44,12733.44,2026-04-01
20260401,E05,India Services,INR,2958454.58,21265329.58,47261.31,339713.63,2026-04-01
20260401,E05,India Services,USD,238380.91,238380.91,313257.3,313257.3,2026-04-01
20260401,E06,Germany GmbH,EUR,59306.6,837533.84,321489.8,970807.96,2026-04-01
20260401,E06,Germany GmbH,USD,8281.39,8281.39,10882.61,10882.61,2026-04-01
20260401,E07,Germany Sales Office,EUR,-20539.99,65592.41,-29597.0,94515.06,2026-04-01
20260401,E07,Germany Sales Office,USD,336747.78,336747.78,442521.61,442521.61,2026-04-01
20260401,E08,Netherlands BV,EUR,131479.79,141531.45,191277.8,202116.38,2026-04-01
20260401,E08,Netherlands BV,USD,56912.76,150588.6,74789.28,197889.08,2026-04-01
20260401,E09,UK Ltd,GBP,761003.75,1104102.99,1544198.94,1805354.74,2026-04-01
20260401,E09,UK Ltd,USD,-15242.95,24385.31,-20030.82,32044.84,2026-04-01
20260401,E10,US Inc,EUR,-139215.8,218014.76,-200602.31,314147.29,2026-04-01
20260401,E10,US Inc,USD,221656.71,328162.35,291281.33,431238.11,2026-04-01
20260401,E11,US West Distribution,USD,-747124.89,823781.63,-985063.42,1085798.34,2026-04-01
20260402,E01,Group Treasury HQ,EUR,-113793.1,113793.1,-164455.84,164455.84,2026-04-02
20260402,E01,Group Treasury HQ,SGD,-636750.5,636750.5,-118390.45,118390.45,2026-04-02
20260402,E01,Group Treasury HQ,USD,-268656.72,268656.72,-352594.48,352594.48,2026-04-02
20260402,E02,SG Operations,SGD,-1771957.16,1771957.16,-517785.16,517785.16,2026-04-02
20260402,E02,SG Operations,USD,-226974.64,275862.5,-297889.46,362051.6,2026-04-02
20260402,E03,Shanghai Mfg,CNY,-4240316.15,6159029.79,-862580.45,1218198.67,2026-04-02
20260402,E03,Shanghai Mfg,EUR,-25038.39,25038.39,-36185.93,36185.93,2026-04-02
20260402,E03,Shanghai Mfg,USD,-31934.3,77433.72,-41911.69,101626.73,2026-04-02
20260402,E04,Shenzhen Sourcing,CNY,-1474653.81,2113668.07,-337721.48,456157.66,2026-04-02
20260402,E04,Shenzhen Sourcing,USD,118008.14,128959.3,154878.01,169250.69,2026-04-02
20260402,E05,India Services,EUR,-28100.26,28100.26,-40611.0,40611.0,2026-04-02
20260402,E05,India Services,INR,2354070.11,4626102.55,-129885.53,241330.95,2026-04-02
20260402,E05,India Services,USD,322670.55,404989.21,423484.13,531522.03,2026-04-02
20260402,E06,Germany GmbH,EUR,-1619.02,1619.02,-2339.83,2339.83,2026-04-02
20260402,E06,Germany GmbH,USD,-138720.56,229959.38,-182061.72,301806.74,2026-04-02
20260402,E07,Germany Sales Office,EUR,45865.48,48213.18,66285.62,69678.56,2026-04-02
20260402,E07,Germany Sales Office,USD,167910.45,167910.45,220371.55,220371.55,2026-04-02
20260402,E08,Netherlands BV,EUR,-722323.42,965603.14,-108216.7,455332.06,2026-04-02
20260402,E08,Netherlands BV,USD,-99069.85,99069.85,-130022.74,130022.74,2026-04-02
20260402,E09,UK Ltd,EUR,-70523.27,70523.27,-101921.5,101921.5,2026-04-02
20260402,E09,UK Ltd,GBP,-17317.57,56704.21,-31079.11,101764.63,2026-04-02
20260402,E10,US Inc,EUR,-4910.75,4910.75,-7097.1,7097.1,2026-04-02
20260402,E10,US Inc,USD,-191031.49,191031.49,-43264.67,43264.67,2026-04-02
20260402,E11,US West Distribution,USD,172935.74,235426.86,227493.48,309472.96,2026-04-02
20260403,E01,Group Treasury HQ,CNY,-4193548.39,4193548.39,-776716.45,776716.45,2026-04-03
20260403,E02,SG Operations,SGD,-125586.42,125586.42,-23260.74,23260.74,2026-04-03
20260403,E03,Shanghai Mfg,CNY,6331019.96,6626666.56,1172612.53,1227371.29,2026-04-03
20260403,E04,Shenzhen Sourcing,CNY,66141.2,767983.06,12250.47,142243.51,2026-04-03
20260403,E04,Shenzhen Sourcing,USD,-80350.59,80350.59,-105357.06,105357.06,2026-04-03
20260403,E06,Germany GmbH,EUR,-559643.96,559643.96,-103655.58,103655.58,2026-04-03
20260403,E06,Germany GmbH,USD,-174353.63,174353.63,-228615.44,228615.44,2026-04-03
20260403,E07,Germany Sales Office,EUR,-472162.59,472162.59,-87452.54,87452.54,2026-04-03
20260403,E08,Netherlands BV,EUR,-257991.53,257991.53,-47784.41,47784.41,2026-04-03
20260403,E09,UK Ltd,USD,-10667.53,10667.53,-13987.45,13987.45,2026-04-03
20260403,E10,US Inc,USD,-1626955.8,1791628.2,-565101.83,781023.07,2026-04-03
20260403,E11,US West Distribution,USD,-5431.94,172517.54,-7122.44,226207.92,2026-04-03
20260405,E01,Group Treasury HQ,SGD,-600000.0,600000.0,-600000.0,600000.0,2026-04-05
20260405,E02,SG Operations,SGD,600000.0,600000.0,600000.0,600000.0,2026-04-05
20260406,E01,Group Treasury HQ,EUR,-12360.34,153156.9,-17789.7,220432.14,2026-04-06
20260406,E01,Group Treasury HQ,SGD,-26340.69,94961.39,-15477.11,105824.97,2026-04-06
20260406,E02,SG Operations,SGD,-245802.68,559100.9,-209145.5,595758.08,2026-04-06
20260406,E02,SG Operations,USD,112013.56,112013.56,147060.37,147060.37,2026-04-06
20260406,E03,Shanghai Mfg,CNY,10440.62,38109.7,-495.38,49045.7,2026-04-06
20260406,E03,Shanghai Mfg,USD,14914.97,14914.97,19637.45,19637.45,2026-04-06
20260406,E04,Shenzhen Sourcing,USD,-89784.0,89784.0,-117875.62,117875.62,2026-04-06
20260406,E05,India Services,INR,15870417.53,16135112.67,253101.42,257322.76,2026-04-06
20260406,E05,India Services,USD,47374.64,47374.64,62197.21,62197.21,2026-04-06
20260406,E06,Germany GmbH,EUR,-2821.89,2821.89,-2821.89,2821.89,2026-04-06
20260406,E07,Germany Sales Office,USD,-65401.51,65401.51,-86109.39,86109.39,2026-04-06
20260406,E08,Netherlands BV,USD,-82177.12,82177.12,-108196.62,108196.62,2026-04-06
20260406,E09,UK Ltd,GBP,50549.22,74747.72,49186.34,92348.78,2026-04-06
20260406,E09,UK Ltd,USD,42440.3,230615.52,55460.32,303029.2,2026-04-06
20260406,E10,US Inc,EUR,82758.62,82758.62,119110.92,119110.92,2026-04-06
20260406,E10,US Inc,USD,-177075.5,635792.04,-228117.51,785828.25,2026-04-06
20260406,E11,US West Distribution,USD,32235.49,56987.99,42321.33,74818.39,2026-04-06
20260407,E01,Group Treasury HQ,EUR,-220854.55,255007.51,-320073.46,369569.64,2026-04-07
20260407,E01,Group Treasury HQ,SGD,237754.76,287565.98,258064.36,267256.38,2026-04-07
20260407,E01,Group Treasury HQ,USD,526119.4,705223.88,692703.01,928516.81,2026-04-07
20260407,E02,SG Operations,SGD,-105149.05,539554.63,-63646.15,498051.73,2026-04-07
20260407,E02,SG Operations,USD,-287750.74,949543.9,-379204.56,1249850.98,2026-04-07
20260407,E03,Shanghai Mfg,CNY,63194.83,13393909.07,46295.85,2728564.19,2026-04-07
20260407,E03,Shanghai Mfg,USD,196095.47,196095.47,258184.6,258184.6,2026-04-07
20260407,E04,Shenzhen Sourcing,CNY,603228.65,5898328.63,181893.78,1159073.84,2026-04-07
20260407,E04,Shenzhen Sourcing,USD,18923.29,27162.03,24711.47,35558.81,2026-04-07
20260407,E05,India Services,EUR,20574.36,29989.22,29817.39,43461.87,2026-04-07
20260407,E05,India Services,INR,-99361.76,99361.76,-1590.09,1590.09,2026-04-07
20260407,E05,India Services,USD,424951.52,424951.52,559502.63,559502.63,2026-04-07
20260407,E06,Germany GmbH,EUR,-455537.57,1007755.11,-663903.38,1456773.48,2026-04-07
20260407,E06,Germany GmbH,USD,521158.94,521158.94,686171.93,686171.93,2026-04-07
20260407,E07,Germany Sales Office,EUR,145006.99,261913.05,208699.27,378125.37,2026-04-07
20260407,E07,Germany Sales Office,USD,238186.95,238186.95,313603.37,313603.37,2026-04-07
20260407,E08,Netherlands BV,EUR,66720.33,107939.63,96694.45,156431.51,2026-04-07
20260407,E08,Netherlands BV,USD,607642.74,607642.74,800038.86,800038.86,2026-04-07
20260407,E09,UK Ltd,EUR,51920.99,146881.87,75246.49,212868.55,2026-04-07
20260407,E09,UK Ltd,GBP,-768151.97,845006.19,-1399758.21,1476612.43,2026-04-07
20260407,E09,UK Ltd,USD,103488.95,197881.75,136256.35,260536.45,2026-04-07
20260407,E10,US Inc,EUR,339963.04,515857.88,492691.43,747607.03,2026-04-07
20260407,E10,US Inc,USD,243101.91,404391.13,393898.68,458509.72,2026-04-07
20260407,E11,US West Distribution,USD,-127921.41,503353.25,132899.12,366369.32,2026-04-07
20260408,E01,Group Treasury HQ,EUR,581992.37,681792.37,838923.38,982781.88,2026-04-08
20260408,E01,Group Treasury HQ,GBP,-366279.07,366279.07,-651435.02,651435.02,2026-04-08
20260408,E01,Group Treasury HQ,SGD,-2479040.88,2501462.46,-1916491.09,1938912.67,2026-04-08
20260408,E01,Group Treasury HQ,USD,873134.33,873134.33,1141883.33,1141883.33,2026-04-08
20260408,E02,SG Operations,SGD,373042.43,554388.91,425237.67,606584.15,2026-04-08
20260408,E02,SG Operations,USD,21756.87,60265.21,28453.57,78814.71,2026-04-08
20260408,E03,Shanghai Mfg,CNY,1870009.06,1882144.04,398905.95,401148.01,2026-04-08
20260408,E03,Shanghai Mfg,EUR,72396.99,72396.99,104357.95,104357.95,2026-04-08
20260408,E03,Shanghai Mfg,USD,406912.63,899449.95,532829.48,1176968.8,2026-04-08
20260408,E04,Shenzhen Sourcing,CNY,3987124.91,4483073.41,1111707.96,1213827.58,2026-04-08
20260408,E04,Shenzhen Sourcing,USD,71736.46,71736.46,93816.8,93816.8,2026-04-08
20260408,E05,India Services,INR,832680.62,978040.36,13323.72,15649.62,2026-04-08
20260408,E06,Germany GmbH,EUR,-26570.16,438477.0,-38300.02,632050.56,2026-04-08
20260408,E06,Germany GmbH,USD,-613991.08,639740.26,-802976.31,836651.03,2026-04-08
20260408,E07,Germany Sales Office,EUR,-132349.44,339680.68,-190777.48,489638.82,2026-04-08
20260408,E07,Germany Sales Office,USD,26087.19,75129.77,34116.78,98254.56,2026-04-08
20260408,E08,Netherlands BV,EUR,-857304.45,900325.35,-180801.38,242814.64,2026-04-08
20260408,E08,Netherlands BV,USD,20910.15,20910.15,27346.25,27346.25,2026-04-08
20260408,E09,UK Ltd,EUR,32866.27,32866.27,47375.68,47375.68,2026-04-08
20260408,E09,UK Ltd,GBP,516272.5,544412.28,926532.53,956086.81,2026-04-08
20260408,E09,UK Ltd,USD,207648.22,370339.1,271561.93,484328.73,2026-04-08
20260408,E10,US Inc,EUR,-398924.54,891040.06,-575036.96,1284405.72,2026-04-08
20260408,E10,US Inc,USD,-176558.1,686116.3,71350.14,595049.06,2026-04-08
20260408,E11,US West Distribution,USD,488488.58,621711.94,665871.73,840101.03,2026-04-08
20260409,E01,Group Treasury HQ,EUR,-304972.42,304972.42,-441432.93,441432.93,2026-04-09
20260409,E01,Group Treasury HQ,SGD,-365003.78,371253.46,-216852.72,223102.4,2026-04-09
20260409,E02,SG Operations,SGD,-3620364.89,3973271.95,-685760.75,1038667.81,2026-04-09
20260409,E02,SG Operations,USD,42512.95,42512.95,55844.54,55844.54,2026-04-09
20260409,E03,Shanghai Mfg,CNY,-5963960.16,6241505.08,-1071227.61,1188466.05,2026-04-09
20260409,E03,Shanghai Mfg,EUR,-23678.43,23678.43,-34273.39,34273.39,2026-04-09
20260409,E03,Shanghai Mfg,USD,-12552.28,12552.28,-16488.54,16488.54,2026-04-09
20260409,E04,Shenzhen Sourcing,CNY,-2242108.19,9676263.23,-481595.47,1855115.09,2026-04-09
20260409,E04,Shenzhen Sourcing,USD,-5643.52,5643.52,-7413.27,7413.27,2026-04-09
20260409,E05,India Services,INR,11727467.03,15766349.65,211634.52,310106.26,2026-04-09
20260409,E05,India Services,USD,194735.97,311800.63,255803.03,409577.87,2026-04-09
20260409,E06,Germany GmbH,EUR,192645.59,257690.37,275748.78,376090.9,2026-04-09
20260409,E06,Germany GmbH,USD,-26428.74,26428.74,-34716.51,34716.51,2026-04-09
20260409,E07,Germany Sales Office,EUR,-196.37,196.37,-284.24,284.24,2026-04-09
20260409,E07,Germany Sales Office,USD,-150756.52,150756.52,-198032.1,198032.1,2026-04-09
20260409,E08,Netherlands BV,EUR,47819.36,302415.94,69216.23,437732.55,2026-04-09
20260409,E08,Netherlands BV,USD,-115580.46,139812.46,-152345.59,184176.47,2026-04-09
20260409,E09,UK Ltd,EUR,-61018.06,61018.06,-88320.71,88320.71,2026-04-09
20260409,E09,UK Ltd,GBP,-17790.03,37518.45,-31400.75,66222.91,2026-04-09
20260409,E09,UK Ltd,USD,7955.2,7955.2,10449.86,10449.86,2026-04-09
20260409,E10,US Inc,EUR,-26714.87,26714.87,-38668.49,38668.49,2026-04-09
20260409,E10,US Inc,USD,-540303.02,569251.12,-492362.65,530388.55,2026-04-09
20260409,E11,US West Distribution,USD,-3562436.76,3705902.66,-694675.94,883131.16,2026-04-09
20260410,E01,Group Treasury HQ,EUR,-103448.28,103448.28,-149353.55,149353.55,2026-04-10
20260410,E01,Group Treasury HQ,SGD,-101081.63,101081.63,-101081.63,101081.63,2026-04-10
20260410,E02,SG Operations,SGD,-158370.64,161842.72,-158370.64,161842.72,2026-04-10
20260410,E02,SG Operations,USD,7419.81,7419.81,9796.67,9796.67,2026-04-10
20260410,E03,Shanghai Mfg,CNY,-1719045.41,4522501.23,-318062.94,836766.74,2026-04-10
20260410,E03,Shanghai Mfg,USD,21013.16,46117.72,27744.52,60891.08,2026-04-10
20260410,E04,Shenzhen Sourcing,CNY,-365841.64,752336.9,-52812.24,231500.54,2026-04-10
20260410,E05,India Services,INR,2289886.46,2865980.86,36619.88,45832.76,2026-04-10
20260410,E05,India Services,USD,183287.49,267571.27,242001.81,353285.05,2026-04-10
20260410,E06,Germany GmbH,EUR,-304823.06,519056.36,-428630.15,737929.67,2026-04-10
20260410,E06,Germany GmbH,USD,-80394.04,80394.04,-106147.46,106147.46,2026-04-10
20260410,E07,Germany Sales Office,EUR,79743.82,208191.52,65119.71,249030.89,2026-04-10
20260410,E07,Germany Sales Office,USD,24100.2,24100.2,31820.46,31820.46,2026-04-10
20260410,E08,Netherlands BV,EUR,-879147.11,927377.43,-178586.89,263850.87,2026-04-10
20260410,E08,Netherlands BV,USD,-135843.11,337240.69,-179359.09,445272.37,2026-04-10
20260410,E09,UK Ltd,EUR,40434.73,40434.73,58377.68,58377.68,2026-04-10
20260410,E09,UK Ltd,GBP,195982.91,381300.93,492190.38,528360.86,2026-04-10
20260410,E09,UK Ltd,USD,44645.48,44645.48,58947.21,58947.21,2026-04-10
20260410,E10,US Inc,EUR,110816.56,320277.56,159991.51,462401.05,2026-04-10
20260410,E10,US Inc,USD,-673041.34,781398.04,-688111.7,831179.38,2026-04-10
20260410,E11,US West Distribution,USD,-87873.91,351693.17,-74100.15,433975.83,2026-04-10
20260413,E01,Group Treasury HQ,EUR,-703448.28,703448.28,-1014925.32,1014925.32,2026-04-13
20260413,E01,Group Treasury HQ,SGD,-128964.28,128964.28,-24069.17,24069.17,2026-04-13
20260413,E01,Group Treasury HQ,USD,-179104.48,179104.48,-237853.61,237853.61,2026-04-13
20260413,E02,SG Operations,SGD,-48247.8,303873.56,75982.9,206836.26,2026-04-13
20260413,E02,SG Operations,USD,636979.2,636979.2,845918.57,845918.57,2026-04-13
20260413,E03,Shanghai Mfg,CNY,9004956.44,9610007.1,1754562.48,1867075.86,2026-04-13
20260413,E03,Shanghai Mfg,EUR,-39676.27,39676.27,-57244.37,57244.37,2026-04-13
20260413,E04,Shenzhen Sourcing,CNY,5906769.81,6004982.87,1044581.09,1170492.71,2026-04-13
20260413,E04,Shenzhen Sourcing,USD,104266.93,104266.93,138468.16,138468.16,2026-04-13
20260413,E05,India Services,EUR,13272.97,13272.97,19150.06,19150.06,2026-04-13
20260413,E05,India Services,INR,19037235.18,19170551.56,389257.4,391391.94,2026-04-13
20260413,E05,India Services,USD,283694.2,283694.2,376750.43,376750.43,2026-04-13
20260413,E06,Germany GmbH,EUR,703317.13,718634.15,1017083.02,1039182.2,2026-04-13
20260413,E06,Germany GmbH,USD,173637.2,173637.2,230592.97,230592.97,2026-04-13
20260413,E07,Germany Sales Office,EUR,-51660.65,186522.67,47772.11,114073.19,2026-04-13
20260413,E07,Germany Sales Office,USD,281407.46,281407.46,373713.61,373713.61,2026-04-13
20260413,E08,Netherlands BV,EUR,36975.95,41160.95,53348.37,59386.45,2026-04-13
20260413,E08,Netherlands BV,USD,4870.36,282440.18,6467.91,375085.07,2026-04-13
20260413,E09,UK Ltd,EUR,279713.35,279713.35,403566.5,403566.5,2026-04-13
20260413,E09,UK Ltd,GBP,-678447.71,772556.35,-980745.44,1092401.48,2026-04-13
20260413,E09,UK Ltd,USD,240368.85,240368.85,319213.68,319213.68,2026-04-13
20260413,E10,US Inc,EUR,21980.61,21980.61,31713.32,31713.32,2026-04-13
20260413,E10,US Inc,USD,134353.54,351000.68,212974.6,431583.58,2026-04-13
20260413,E11,US West Distribution,USD,226311.43,331350.09,357709.7,497075.86,2026-04-13
20260414,E01,Group Treasury HQ,EUR,-506896.55,506896.55,-738153.91,738153.91,2026-04-14
20260414,E01,Group Treasury HQ,SGD,931125.25,1059583.99,984498.55,1009692.05,2026-04-14
20260414,E01,Group Treasury HQ,USD,1119402.99,1119402.99,1483298.51,1483298.51,2026-04-14
20260414,E02,SG Operations,SGD,-1204264.6,2964439.96,-349612.02,2244563.38,2026-04-14
20260414,E02,SG Operations,USD,-715793.98,1523012.0,-948484.28,2018112.74,2026-04-14
20260414,E03,Shanghai Mfg,CNY,-2694607.22,6048688.78,-502899.92,1128878.86,2026-04-14
20260414,E03,Shanghai Mfg,EUR,-44608.31,44608.31,-64959.6,64959.6,2026-04-14
20260414,E03,Shanghai Mfg,USD,119642.78,149557.94,158356.14,197996.12,2026-04-14
20260414,E04,Shenzhen Sourcing,CNY,416954.9,1452675.02,164850.2,422531.68,2026-04-14
20260414,E04,Shenzhen Sourcing,USD,22026.94,22026.94,29187.46,29187.46,2026-04-14
20260414,E06,Germany GmbH,EUR,706868.73,1034509.25,1028353.78,1505471.1,2026-04-14
20260414,E06,Germany GmbH,USD,289197.43,289197.43,383209.73,383209.73,2026-04-14
20260414,E07,Germany Sales Office,EUR,122714.2,145094.36,178699.12,211289.6,2026-04-14
20260414,E07,Germany Sales Office,USD,39587.99,39587.99,52457.25,52457.25,2026-04-14
20260414,E08,Netherlands BV,EUR,-1033156.58,1513184.78,-26417.14,637558.02,2026-04-14
20260414,E08,Netherlands BV,USD,269956.94,314459.32,357714.54,416683.76,2026-04-14
20260414,E09,UK Ltd,EUR,7188.72,21623.54,10468.37,31488.67,2026-04-14
20260414,E09,UK Ltd,GBP,123642.39,125868.13,122791.51,126719.01,2026-04-14
20260414,E09,UK Ltd,USD,136862.32,139831.74,181353.51,185288.23,2026-04-14
20260414,E10,US Inc,EUR,73056.7,73056.7,106386.78,106386.78,2026-04-14
20260414,E10,US Inc,USD,432625.66,836700.58,784822.82,897136.04,2026-04-14
20260414,E11,US West Distribution,USD,96931.93,202228.95,138910.91,278414.79,2026-04-14
20260415,E01,Group Treasury HQ,EUR,661634.23,661634.23,956402.2,956402.2,2026-04-15
20260415,E01,Group Treasury HQ,SGD,777390.27,777390.27,955215.15,955215.15,2026-04-15
20260415,E01,Group Treasury HQ,USD,884328.36,884328.36,1170405.05,1170405.05,2026-04-15
20260415,E02,SG Operations,SGD,270745.63,803268.67,409131.79,941654.83,2026-04-15
20260415,E02,SG Operations,USD,67999.65,67999.65,89997.26,89997.26,2026-04-15
20260415,E03,Shanghai Mfg,CNY,-1376430.36,2181509.56,-253383.12,409603.42,2026-04-15
20260415,E03,Shanghai Mfg,USD,-725177.41,851249.33,-959828.03,1126683.71,2026-04-15
20260415,E04,Shenzhen Sourcing,CNY,721640.43,1521912.43,139548.99,288671.69,2026-04-15
20260415,E04,Shenzhen Sourcing,USD,63528.2,63528.2,84079.32,84079.32,2026-04-15
20260415,E05,India Services,EUR,253426.78,253426.78,366332.21,366332.21,2026-04-15
20260415,E05,India Services,INR,25689014.66,29037581.44,410690.27,464223.81,2026-04-15
20260415,E05,India Services,USD,214134.99,214134.99,283406.81,283406.81,2026-04-15
20260415,E06,Germany GmbH,EUR,-745275.91,819296.13,-1010831.62,1117828.96,2026-04-15
20260415,E06,Germany GmbH,USD,-293975.72,343349.72,-389075.68,454421.98,2026-04-15
20260415,E07,Germany Sales Office,EUR,-54002.27,125022.89,-67255.08,169916.46,2026-04-15
20260415,E08,Netherlands BV,EUR,37239.6,91481.9,53830.4,132238.44,2026-04-15
20260415,E08,Netherlands BV,USD,110736.39,279594.89,146559.17,370042.71,2026-04-15
20260415,E09,UK Ltd,EUR,57964.03,57964.03,83787.87,83787.87,2026-04-15
20260415,E09,UK Ltd,GBP,8426.23,11562.05,14783.03,20284.53,2026-04-15
20260415,E09,UK Ltd,USD,123314.1,140329.4,163205.72,185725.4,2026-04-15
20260415,E10,US Inc,EUR,-147701.03,325293.07,-213504.05,470216.01,2026-04-15
20260415,E10,US Inc,USD,59176.17,1608723.07,657680.5,1565289.12,2026-04-15
20260415,E11,US West Distribution,USD,-136489.07,433712.21,-186101.8,569171.42,2026-04-15
20260416,E01,Group Treasury HQ,SGD,231140.9,292546.24,354445.87,419619.67,2026-04-16
20260416,E02,SG Operations,SGD,-329086.45,428681.11,-21991.38,133302.34,2026-04-16
20260416,E02,SG Operations,USD,-13250.52,13250.52,-17559.37,17559.37,2026-04-16
20260416,E03,Shanghai Mfg,CNY,-1927554.64,3174189.1,-417400.3,649791.66,2026-04-16
20260416,E03,Shanghai Mfg,USD,-49256.07,49256.07,-65273.36,65273.36,2026-04-16
20260416,E04,Shenzhen Sourcing,CNY,-724968.72,778130.06,-137480.52,214340.38,2026-04-16
20260416,E04,Shenzhen Sourcing,USD,-346007.04,348153.02,-458522.99,461366.81,2026-04-16
20260416,E05,India Services,EUR,634980.74,634980.74,918045.63,918045.63,2026-04-16
20260416,E05,India Services,INR,-4954234.12,25877010.3,-79396.57,414704.97,2026-04-16
20260416,E05,India Services,USD,-21919.86,21919.86,-29037.11,29037.11,2026-04-16
20260416,E06,Germany GmbH,EUR,-423827.94,429394.72,-749948.55,757996.91,2026-04-16
20260416,E06,Germany GmbH,USD,-7077.7,40630.88,-9365.4,53829.54,2026-04-16
20260416,E07,Germany Sales Office,EUR,-11642.36,11642.36,-16832.35,16832.35,2026-04-16
20260416,E07,Germany Sales Office,USD,30652.94,30652.94,40620.79,40620.79,2026-04-16
20260416,E08,Netherlands BV,EUR,-116901.63,158143.51,-126726.2,186353.1,2026-04-16
20260416,E08,Netherlands BV,USD,-128584.18,155926.18,-170350.33,206583.51,2026-04-16
20260416,E09,UK Ltd,EUR,103972.58,221745.18,150321.99,320595.87,2026-04-16
20260416,E09,UK Ltd,GBP,-59361.19,250984.11,-178892.53,370515.45,2026-04-16
20260416,E09,UK Ltd,USD,-26130.61,26130.61,-34583.6,34583.6,2026-04-16
20260416,E10,US Inc,EUR,26480.88,26480.88,38285.66,38285.66,2026-04-16
20260416,E10,US Inc,USD,-807015.25,1237633.25,-23945.18,594593.28,2026-04-16
20260416,E11,US West Distribution,USD,-490498.74,490498.74,-431736.32,431736.32,2026-04-16
20260417,E01,Group Treasury HQ,EUR,-235820.53,777972.57,-339419.31,1119745.27,2026-04-17
20260417,E01,Group Treasury HQ,SGD,-86813.12,432303.94,180112.12,277141.52,2026-04-17
20260417,E02,SG Operations,SGD,-74776.6,108619.24,-36547.21,82107.69,2026-04-17
20260417,E02,SG Operations,USD,33432.46,33432.46,44247.52,44247.52,2026-04-17
20260417,E03,Shanghai Mfg,CNY,4477073.39,4639633.73,836057.66,866414.48,2026-04-17
20260417,E03,Shanghai Mfg,EUR,70561.3,70561.3,101559.73,101559.73,2026-04-17
20260417,E03,Shanghai Mfg,USD,3588.6,3588.6,4749.48,4749.48,2026-04-17
20260417,E04,Shenzhen Sourcing,CNY,-526997.15,574673.41,-68553.57,137174.59,2026-04-17
20260417,E04,Shenzhen Sourcing,USD,3157.28,3157.28,4178.63,4178.63,2026-04-17
20260417,E05,India Services,INR,17594012.43,17670132.27,281504.21,282722.13,2026-04-17
20260417,E05,India Services,USD,-152801.69,192798.31,-202231.51,255166.63,2026-04-17
20260417,E06,Germany GmbH,EUR,-352446.65,1394994.53,-258680.25,1759231.93,2026-04-17
20260417,E06,Germany GmbH,USD,-83984.25,83984.25,-111152.32,111152.32,2026-04-17
20260417,E07,Germany Sales Office,EUR,-145070.78,225651.24,-114911.07,230891.49,2026-04-17
20260417,E07,Germany Sales Office,USD,-148563.13,201876.77,-196621.82,267181.88,2026-04-17
20260417,E08,Netherlands BV,EUR,-301016.47,308054.07,-233352.71,245886.91,2026-04-17
20260417,E08,Netherlands BV,USD,234745.08,234745.08,310682.77,310682.77,2026-04-17
20260417,E09,UK Ltd,GBP,-281442.08,337828.02,-87446.84,143832.78,2026-04-17
20260417,E09,UK Ltd,USD,-274596.87,274596.87,-363426.21,363426.21,2026-04-17
20260417,E10,US Inc,EUR,35631.3,277084.08,51284.55,398810.45,2026-04-17
20260417,E10,US Inc,USD,-252758.21,440116.21,-236852.77,484819.21,2026-04-17
20260417,E11,US West Distribution,USD,-32296.57,32296.57,-42744.21,42744.21,2026-04-17
20260419,E01,Group Treasury HQ,USD,-246268.66,246268.66,-325934.1,325934.1,2026-04-19
20260419,E02,SG Operations,USD,246268.66,246268.66,325934.1,325934.1,2026-04-19
20260420,E01,Group Treasury HQ,SGD,81475.91,89690.99,86323.68,94538.76,2026-04-20
20260420,E01,Group Treasury HQ,USD,-324626.87,324626.87,-430114.69,430114.69,2026-04-20
20260420,E02,SG Operations,SGD,94120.33,100242.45,137771.78,143893.9,2026-04-20
20260420,E02,SG Operations,USD,230205.46,230205.46,305010.96,305010.96,2026-04-20
20260420,E03,Shanghai Mfg,CNY,6014683.32,6136803.22,1131606.09,1154382.07,2026-04-20
20260420,E03,Shanghai Mfg,EUR,28304.48,28304.48,41008.54,41008.54,2026-04-20
20260420,E03,Shanghai Mfg,USD,28961.84,28961.84,38373.02,38373.02,2026-04-20
20260420,E04,Shenzhen Sourcing,CNY,3011670.92,3024565.36,569479.71,571884.57,2026-04-20
20260420,E04,Shenzhen Sourcing,USD,534899.84,534899.84,708819.72,708819.72,2026-04-20
20260420,E05,India Services,INR,19489441.65,23046925.35,312474.22,369511.36,2026-04-20
20260420,E05,India Services,USD,139864.92,139864.92,185314.16,185314.16,2026-04-20
20260420,E06,Germany GmbH,EUR,176816.98,254319.02,239569.8,363241.48,2026-04-20
20260420,E06,Germany GmbH,USD,419000.89,419000.89,555155.65,555155.65,2026-04-20
20260420,E07,Germany Sales Office,EUR,-171958.67,216861.93,-33285.8,98358.48,2026-04-20
20260420,E07,Germany Sales Office,USD,325517.86,325517.86,431295.22,431295.22,2026-04-20
20260420,E08,Netherlands BV,EUR,193528.63,197558.85,246474.31,252314.79,2026-04-20
20260420,E08,Netherlands BV,USD,953630.63,953630.63,1263513.85,1263513.85,2026-04-20
20260420,E09,UK Ltd,EUR,38086.92,38086.92,55194.61,55194.61,2026-04-20
20260420,E09,UK Ltd,GBP,68519.79,89000.51,60468.61,97051.69,2026-04-20
20260420,E09,UK Ltd,USD,235125.53,235125.53,311529.81,311529.81,2026-04-20
20260420,E10,US Inc,EUR,47244.04,47244.04,68464.88,68464.88,2026-04-20
20260420,E10,US Inc,USD,-311329.66,1313953.12,510310.02,818116.96,2026-04-20
20260420,E11,US West Distribution,USD,1290545.57,1628478.73,1857766.22,2347183.3,2026-04-20
20260421,E01,Group Treasury HQ,EUR,-558620.69,558620.69,-807977.23,807977.23,2026-04-21
20260421,E01,Group Treasury HQ,SGD,1669666.06,1681417.44,1667775.65,1683307.85,2026-04-21
20260421,E01,Group Treasury HQ,USD,235074.63,235074.63,312509.62,312509.62,2026-04-21
20260421,E02,SG Operations,SGD,-975357.3,3404582.54,-111188.31,3417622.71,2026-04-21
20260421,E02,SG Operations,USD,-276147.37,347967.73,-367111.97,462590.39,2026-04-21
20260421,E03,Shanghai Mfg,CNY,-2148928.87,3052897.91,-401226.5,570006.58,2026-04-21
20260421,E03,Shanghai Mfg,EUR,-77332.66,77332.66,-111852.33,111852.33,2026-04-21
20260421,E03,Shanghai Mfg,USD,26224.39,29345.91,34862.86,39012.62,2026-04-21
20260421,E04,Shenzhen Sourcing,CNY,-434913.44,1109734.52,-286160.78,412156.62,2026-04-21
20260421,E04,Shenzhen Sourcing,USD,-3627.63,10651.47,-4822.59,14160.13,2026-04-21
20260421,E05,India Services,EUR,71771.04,71771.04,103808.13,103808.13,2026-04-21
20260421,E05,India Services,INR,24776901.28,24825329.0,385541.33,408937.57,2026-04-21
20260421,E05,India Services,USD,17156.51,17156.51,22807.97,22807.97,2026-04-21
20260421,E06,Germany GmbH,EUR,568514.35,650073.69,823853.53,941819.23,2026-04-21
20260421,E06,Germany GmbH,USD,426408.0,426408.0,566869.36,566869.36,2026-04-21
20260421,E07,Germany Sales Office,EUR,49892.96,51103.4,72164.11,73914.89,2026-04-21
20260421,E07,Germany Sales Office,USD,19663.9,19663.9,26141.3,26141.3,2026-04-21
20260421,E08,Netherlands BV,EUR,2489.45,189090.75,3600.69,273496.89,2026-04-21
20260421,E08,Netherlands BV,USD,150171.77,150171.77,199639.26,199639.26,2026-04-21
20260421,E09,UK Ltd,EUR,96641.99,96641.99,139780.94,139780.94,2026-04-21
20260421,E09,UK Ltd,GBP,42232.99,43602.43,75261.94,77702.36,2026-04-21
20260421,E09,UK Ltd,USD,-36309.95,81955.89,-48270.67,108952.65,2026-04-21
20260421,E10,US Inc,EUR,13417.46,13417.46,19406.73,19406.73,2026-04-21
20260421,E10,US Inc,USD,125841.48,819960.06,476725.6,780628.64,2026-04-21
20260421,E11,US West Distribution,USD,-8194.37,210513.13,113139.9,157791.92,2026-04-21
20260422,E01,Group Treasury HQ,EUR,31034.48,279310.34,44827.82,403450.38,2026-04-22
20260422,E01,Group Treasury HQ,SGD,-17698.67,17698.67,-22999.08,22999.08,2026-04-22
20260422,E01,Group Treasury HQ,USD,1007462.68,1007462.68,1339495.18,1339495.18,2026-04-22
20260422,E02,SG Operations,SGD,-291536.19,590981.55,-12073.11,381470.17,2026-04-22
20260422,E03,Shanghai Mfg,CNY,344943.37,491358.07,106546.72,133952.3,2026-04-22
20260422,E03,Shanghai Mfg,USD,2350.41,2350.41,3125.04,3125.04,2026-04-22
20260422,E04,Shenzhen Sourcing,CNY,9563.1,572225.58,-132288.06,714076.74,2026-04-22
20260422,E04,Shenzhen Sourcing,USD,-469122.78,515951.84,-623732.98,685995.64,2026-04-22
20260422,E05,India Services,INR,387459.3,667053.4,6190.07,10656.83,2026-04-22
20260422,E05,India Services,USD,102935.22,102935.22,136859.88,136859.88,2026-04-22
20260422,E06,Germany GmbH,EUR,-230408.67,810567.65,-353600.43,1150039.85,2026-04-22
20260422,E06,Germany GmbH,USD,-440658.12,589192.62,-585887.14,783374.6,2026-04-22
20260422,E07,Germany Sales Office,EUR,-32513.57,180503.45,85948.12,127816.16,2026-04-22
20260422,E07,Germany Sales Office,USD,546981.38,546981.38,727251.68,727251.68,2026-04-22
20260422,E08,Netherlands BV,EUR,158902.15,193691.75,263631.45,272906.07,2026-04-22
20260422,E08,Netherlands BV,USD,-112427.27,208410.49,-149480.26,277096.96,2026-04-22
20260422,E09,UK Ltd,GBP,-980883.78,1150582.46,-229569.36,531068.76,2026-04-22
20260422,E09,UK Ltd,USD,130277.71,130277.71,173213.73,173213.73,2026-04-22
20260422,E10,US Inc,EUR,139509.37,472404.05,201514.58,682364.98,2026-04-22
20260422,E10,US Inc,USD,-1064354.79,1112904.97,-536950.82,601501.82,2026-04-22
20260422,E11,US West Distribution,USD,13843.38,19485.62,18405.78,25907.56,2026-04-22
20260423,E01,Group Treasury HQ,SGD,-901903.38,901903.38,-505724.25,505724.25,2026-04-23
20260423,E02,SG Operations,SGD,-1775222.01,2811827.59,-8774.07,1080617.21,2026-04-23
20260423,E02,SG Operations,USD,-303937.66,303937.66,-403372.38,403372.38,2026-04-23
20260423,E03,Shanghai Mfg,CNY,-3290132.98,3844778.18,-621344.16,724925.26,2026-04-23
20260423,E03,Shanghai Mfg,EUR,-61352.53,61352.53,-88698.7,88698.7,2026-04-23
20260423,E03,Shanghai Mfg,USD,-24420.19,24420.19,-32409.37,32409.37,2026-04-23
20260423,E04,Shenzhen Sourcing,CNY,-1711826.25,1711826.25,-390791.98,390791.98,2026-04-23
20260423,E04,Shenzhen Sourcing,USD,11951.66,22537.86,15861.71,29911.23,2026-04-23
20260423,E05,India Services,INR,793214.14,2575009.1,5602.64,48322.62,2026-04-23
20260423,E05,India Services,USD,-6152.67,9838.11,-8165.54,13056.7,2026-04-23
20260423,E06,Germany GmbH,EUR,299056.87,389325.11,424829.21,555305.41,2026-04-23
20260423,E06,Germany GmbH,USD,-102802.54,115485.12,-136643.22,153474.96,2026-04-23
20260423,E07,Germany Sales Office,EUR,9453.06,11050.12,13666.49,15975.41,2026-04-23
20260423,E08,Netherlands BV,EUR,-413094.71,611083.73,-649797.6,847786.62,2026-04-23
20260423,E08,Netherlands BV,USD,-20873.41,123536.07,-27702.25,163951.51,2026-04-23
20260423,E09,UK Ltd,EUR,-30331.26,147882.6,-43850.57,213797.13,2026-04-23
20260423,E09,UK Ltd,GBP,-20328.65,20328.65,-35909.56,35909.56,2026-04-23
20260423,E09,UK Ltd,USD,-190703.6,190703.6,-253093.24,253093.24,2026-04-23
20260423,E10,US Inc,EUR,-59727.36,59727.36,-86349.16,86349.16,2026-04-23
20260423,E10,US Inc,USD,-392021.11,772239.29,-148722.68,653331.14,2026-04-23
20260423,E11,US West Distribution,USD,40658.01,87536.35,25316.73,102877.63,2026-04-23
20260424,E01,Group Treasury HQ,SGD,-49858.68,89552.94,-51369.94,91064.2,2026-04-24
20260424,E01,Group Treasury HQ,USD,-22388.06,22388.06,-29763.9,29763.9,2026-04-24
20260424,E02,SG Operations,SGD,149063.86,199092.06,149063.86,199092.06,2026-04-24
20260424,E02,SG Operations,USD,99790.24,99790.24,132666.54,132666.54,2026-04-24
20260424,E03,Shanghai Mfg,CNY,-2515513.64,4071697.82,-471401.41,761880.31,2026-04-24
20260424,E04,Shenzhen Sourcing,CNY,55391.86,245020.88,10339.51,45735.83,2026-04-24
20260424,E04,Shenzhen Sourcing,USD,-83113.19,83113.19,-110495.16,110495.16,2026-04-24
20260424,E05,India Services,INR,8853064.01,9162013.63,141286.05,146216.57,2026-04-24
20260424,E06,Germany GmbH,EUR,-1165597.39,1443782.45,-926505.5,1222015.68,2026-04-24
20260424,E06,Germany GmbH,USD,-344838.37,344838.37,-458446.75,458446.75,2026-04-24
20260424,E07,Germany Sales Office,EUR,-140927.56,140927.56,-184809.83,184809.83,2026-04-24
20260424,E08,Netherlands BV,EUR,-330168.21,472020.19,-53476.73,195328.71,2026-04-24
20260424,E08,Netherlands BV,USD,39704.27,39704.27,52785.0,52785.0,2026-04-24
20260424,E09,UK Ltd,EUR,2625.54,2625.54,3794.05,3794.05,2026-04-24
20260424,E09,UK Ltd,GBP,-534311.04,534311.04,-209598.01,209598.01,2026-04-24
20260424,E09,UK Ltd,USD,-14994.94,14994.94,-19935.08,19935.08,2026-04-24
20260424,E10,US Inc,EUR,-64776.39,64776.39,-93605.57,93605.57,2026-04-24
20260424,E10,US Inc,USD,-1772741.72,1902970.16,-798442.63,971575.35,2026-04-24
20260424,E11,US West Distribution,USD,-40410.74,231985.54,-49865.46,316923.48,2026-04-24
20260426,E01,Group Treasury HQ,SGD,-585000.0,585000.0,-585000.0,585000.0,2026-04-26
20260426,E02,SG Operations,SGD,585000.0,585000.0,585000.0,585000.0,2026-04-26
20260427,E01,Group Treasury HQ,GBP,-322674.42,322674.42,-564961.28,564961.28,2026-04-27
20260427,E01,Group Treasury HQ,SGD,-97024.24,121695.84,-97024.24,121695.84,2026-04-27
20260427,E01,Group Treasury HQ,USD,-582089.56,582089.56,-775384.03,775384.03,2026-04-27
20260427,E02,SG Operations,SGD,117745.77,294402.99,151277.26,327934.48,2026-04-27
20260427,E02,SG Operations,USD,50119.44,50119.44,66762.6,66762.6,2026-04-27
20260427,E03,Shanghai Mfg,CNY,4967680.34,5238923.8,925742.14,976289.18,2026-04-27
20260427,E03,Shanghai Mfg,USD,393434.86,393434.86,524082.76,524082.76,2026-04-27
20260427,E04,Shenzhen Sourcing,CNY,2524271.47,2582234.65,1016414.6,1027216.2,2026-04-27
20260427,E04,Shenzhen Sourcing,USD,36699.33,36699.33,48886.07,48886.07,2026-04-27
20260427,E05,India Services,INR,16485170.43,16733480.99,316389.29,320372.95,2026-04-27
20260427,E05,India Services,USD,1732.52,1732.52,2303.34,2303.34,2026-04-27
20260427,E06,Germany GmbH,EUR,145233.81,295279.79,203389.17,421130.35,2026-04-27
20260427,E06,Germany GmbH,USD,387412.79,387412.79,516060.96,516060.96,2026-04-27
20260427,E07,Germany Sales Office,EUR,83224.43,126749.99,120772.21,183934.89,2026-04-27
20260427,E07,Germany Sales Office,USD,177862.95,177862.95,236925.9,236925.9,2026-04-27
20260427,E09,UK Ltd,EUR,47163.84,47163.84,68442.42,68442.42,2026-04-27
20260427,E09,UK Ltd,GBP,223826.2,457961.02,428119.83,744159.41,2026-04-27
20260427,E09,UK Ltd,USD,104727.46,104727.46,139504.3,139504.3,2026-04-27
20260427,E10,US Inc,EUR,44215.06,44215.06,64163.26,64163.26,2026-04-27
20260427,E10,US Inc,USD,-290005.66,626099.68,129489.26,318211.48,2026-04-27
20260427,E11,US West Distribution,USD,401588.75,409007.91,534944.33,544827.17,2026-04-27
20260428,E01,Group Treasury HQ,EUR,-181982.78,418017.22,-265703.78,610325.62,2026-04-28
20260428,E01,Group Treasury HQ,SGD,-478506.15,637155.39,-19674.48,189999.5,2026-04-28
20260428,E01,Group Treasury HQ,USD,548507.46,548507.46,729225.31,729225.31,2026-04-28
20260428,E02,SG Operations,SGD,-828318.83,1068602.69,-100534.39,429402.45,2026-04-28
20260428,E02,SG Operations,USD,-102029.61,994985.31,-135645.83,1322804.79,2026-04-28
20260428,E03,Shanghai Mfg,CNY,1933599.39,4627134.99,260993.87,1098515.73,2026-04-28
20260428,E03,Shanghai Mfg,EUR,-45015.1,45015.1,-65724.25,65724.25,2026-04-28
20260428,E03,Shanghai Mfg,USD,-155901.33,155901.33,-207266.45,207266.45,2026-04-28
20260428,E04,Shenzhen Sourcing,CNY,74920.86,5504828.76,-38824.35,1195868.53,2026-04-28
20260428,E04,Shenzhen Sourcing,USD,31637.37,31637.37,42061.0,42061.0,2026-04-28
20260428,E05,India Services,INR,-4662718.86,17541183.76,-81120.85,288077.77,2026-04-28
20260428,E05,India Services,USD,85003.78,85003.78,113010.14,113010.14,2026-04-28
20260428,E06,Germany GmbH,EUR,787268.24,1007795.68,1123733.16,1497148.14,2026-04-28
20260428,E06,Germany GmbH,USD,-38023.1,164770.04,-50550.61,219057.13,2026-04-28
20260428,E07,Germany Sales Office,EUR,380530.5,480706.98,558261.31,704523.89,2026-04-28
20260428,E07,Germany Sales Office,USD,79626.83,79626.83,105861.64,105861.64,2026-04-28
20260428,E08,Netherlands BV,EUR,-118416.35,316234.65,-210456.72,424155.06,2026-04-28
20260428,E08,Netherlands BV,USD,547548.59,738284.79,727950.62,981528.86,2026-04-28
20260428,E09,UK Ltd,EUR,10264.14,30175.9,14986.15,44058.29,2026-04-28
20260428,E09,UK Ltd,GBP,-10235.02,10235.02,-17980.03,17980.03,2026-04-28
20260428,E09,UK Ltd,USD,-27284.18,82864.5,-36273.48,110165.96,2026-04-28
20260428,E10,US Inc,EUR,37262.81,37262.81,54405.53,54405.53,2026-04-28
20260428,E10,US Inc,USD,35037.15,125777.77,78936.73,134862.21,2026-04-28
20260428,E11,US West Distribution,USD,154273.36,391757.8,210921.13,526649.53,2026-04-28
20260429,E01,Group Treasury HQ,CNY,-3064516.13,3064516.13,-572381.13,572381.13,2026-04-29
20260429,E01,Group Treasury HQ,EUR,912397.12,912397.12,1339350.63,1339350.63,2026-04-29
20260429,E01,Group Treasury HQ,GBP,-348837.21,348837.21,-612041.51,612041.51,2026-04-29
20260429,E01,Group Treasury HQ,SGD,-18.72,18.72,-18.72,18.72,2026-04-29
20260429,E02,SG Operations,SGD,-2146696.3,2525254.78,-241912.52,661110.78,2026-04-29
20260429,E02,SG Operations,USD,149408.57,149408.57,198634.21,198634.21,2026-04-29
20260429,E03,Shanghai Mfg,CNY,2782457.22,3394101.74,519699.01,633940.15,2026-04-29
20260429,E03,Shanghai Mfg,EUR,-23502.06,23502.06,-34499.78,34499.78,2026-04-29
20260429,E04,Shenzhen Sourcing,CNY,-620195.41,620195.41,-115853.19,115853.19,2026-04-29
20260429,E04,Shenzhen Sourcing,USD,216184.0,216184.0,287410.14,287410.14,2026-04-29
20260429,E05,India Services,EUR,47829.69,47829.69,70211.45,70211.45,2026-04-29
20260429,E05,India Services,INR,-57674.35,57674.35,-924.75,924.75,2026-04-29
20260429,E05,India Services,USD,8257.38,8257.38,10977.94,10977.94,2026-04-29
20260429,E06,Germany GmbH,EUR,-889299.01,1194038.53,-1296235.54,1761993.56,2026-04-29
20260429,E06,Germany GmbH,USD,29642.63,90666.03,39408.99,120537.77,2026-04-29
20260429,E07,Germany Sales Office,EUR,95953.73,465843.81,140854.97,683834.03,2026-04-29
20260429,E07,Germany Sales Office,USD,1710.91,1710.91,2274.6,2274.6,2026-04-29
20260429,E08,Netherlands BV,EUR,-1024318.13,1024318.13,-459825.76,459825.76,2026-04-29
20260429,E08,Netherlands BV,USD,81422.28,81422.28,108248.48,108248.48,2026-04-29
20260429,E09,UK Ltd,EUR,7425.81,7425.81,10900.69,10900.69,2026-04-29
20260429,E09,UK Ltd,GBP,-125534.05,881079.95,566938.94,758680.7,2026-04-29
20260429,E09,UK Ltd,USD,24775.05,100132.03,32937.69,133122.55,2026-04-29
20260429,E10,US Inc,EUR,-104989.43,275120.49,-154118.93,403862.31,2026-04-29
20260429,E10,US Inc,USD,-949951.06,1803041.02,-181409.6,1255610.26,2026-04-29
20260429,E11,US West Distribution,USD,-114278.63,280064.95,-138770.14,380310.58,2026-04-29
20260430,E01,Group Treasury HQ,SGD,-521903.18,521903.18,-97599.97,97599.97,2026-04-30
20260430,E02,SG Operations,SGD,-3740476.67,4214810.91,-501644.16,997178.98,2026-04-30
20260430,E02,SG Operations,USD,63361.18,63361.18,84525.27,84525.27,2026-04-30
20260430,E03,Shanghai Mfg,CNY,-5818927.91,10353042.03,-1155353.13,2002647.57,2026-04-30
20260430,E03,Shanghai Mfg,EUR,-148019.58,201991.5,-218150.08,297693.46,2026-04-30
20260430,E03,Shanghai Mfg,USD,-318060.61,351219.75,-424300.17,468535.23,2026-04-30
20260430,E04,Shenzhen Sourcing,CNY,-13137053.51,13319468.35,-2392042.39,2573892.09,2026-04-30
20260430,E04,Shenzhen Sourcing,USD,-7267.09,30233.29,-9694.46,40331.9,2026-04-30
20260430,E05,India Services,EUR,-74262.3,74262.3,-109447.18,109447.18,2026-04-30
20260430,E05,India Services,INR,-26775174.48,32563476.3,-429125.72,521894.84,2026-04-30
20260430,E05,India Services,USD,272438.68,272438.68,363439.47,363439.47,2026-04-30
20260430,E06,Germany GmbH,EUR,-319743.45,690732.67,44871.62,449813.28,2026-04-30
20260430,E06,Germany GmbH,USD,-34236.67,387499.75,-44945.04,516206.12,2026-04-30
20260430,E08,Netherlands BV,EUR,-245344.17,431037.03,-195797.69,469470.35,2026-04-30
20260430,E08,Netherlands BV,USD,-13394.92,13394.92,-17869.14,17869.14,2026-04-30
20260430,E09,UK Ltd,EUR,-193468.27,229292.65,-285131.99,337929.67,2026-04-30
20260430,E09,UK Ltd,GBP,-201819.34,229017.5,-214651.26,262388.7,2026-04-30
20260430,E09,UK Ltd,USD,8205.78,14472.22,10959.37,19293.61,2026-04-30
20260430,E10,US Inc,EUR,-8384.89,8384.89,-12357.58,12357.58,2026-04-30
20260430,E10,US Inc,USD,140333.37,155959.43,187207.95,208053.47,2026-04-30
20260430,E11,US West Distribution,USD,140863.59,235017.63,187159.94,322650.9,2026-04-30
20260501,E04,Shenzhen Sourcing,USD,-10977.85,10977.85,-14600.33,14600.33,2026-05-01
20260501,E08,Netherlands BV,EUR,-1544.39,1544.39,-2271.5,2271.5,2026-05-01
20260501,E09,UK Ltd,GBP,-1191.51,1191.51,-2083.35,2083.35,2026-05-01
20260501,E09,UK Ltd,USD,56467.08,71706.94,75100.15,95368.87,2026-05-01
20260501,E10,US Inc,USD,-219024.37,240618.57,-286779.47,324536.87,2026-05-01
20260501,E11,US West Distribution,USD,-295422.33,375780.53,-392906.08,499780.96,2026-05-01
20260503,E01,Group Treasury HQ,SGD,-375000.0,375000.0,-375000.0,375000.0,2026-05-03
20260503,E02,SG Operations,SGD,375000.0,375000.0,375000.0,375000.0,2026-05-03
20260504,E01,Group Treasury HQ,EUR,-535496.64,581744.74,-785348.13,853174.63,2026-05-04
20260504,E01,Group Treasury HQ,SGD,-166335.23,166335.23,-166335.23,166335.23,2026-05-04
20260504,E02,SG Operations,SGD,312278.22,716805.9,330478.41,735006.09,2026-05-04
20260504,E02,SG Operations,USD,83992.19,109807.79,111669.4,145952.16,2026-05-04
20260504,E05,India Services,EUR,-34304.59,34304.59,-50310.39,50310.39,2026-05-04
20260504,E05,India Services,INR,20262138.38,20667209.0,329174.33,335672.47,2026-05-04
20260504,E05,India Services,USD,296824.69,296824.69,394179.02,394179.02,2026-05-04
20260504,E06,Germany GmbH,EUR,196132.91,1243345.53,148680.99,1684501.03,2026-05-04
20260504,E06,Germany GmbH,USD,819024.56,819024.56,1087653.15,1087653.15,2026-05-04
20260504,E07,Germany Sales Office,EUR,85025.14,284048.76,124696.1,416579.96,2026-05-04
20260504,E08,Netherlands BV,EUR,151611.39,236182.37,218318.77,342348.81,2026-05-04
20260504,E08,Netherlands BV,USD,18963.78,73448.08,25100.08,97621.58,2026-05-04
20260504,E10,US Inc,EUR,157485.3,533609.36,230964.63,782580.27,2026-05-04
20260504,E10,US Inc,USD,149167.84,189701.62,193035.47,246863.77,2026-05-04
20260504,E11,US West Distribution,USD,12641.56,126147.2,14210.55,174150.89,2026-05-04
20260505,E01,Group Treasury HQ,EUR,-526852.95,590388.43,-775754.61,869306.23,2026-05-05
20260505,E01,Group Treasury HQ,SGD,1109920.64,1110242.8,1109920.64,1110242.8,2026-05-05
20260505,E01,Group Treasury HQ,USD,324626.87,324626.87,432095.56,432095.56,2026-05-05
20260505,E02,SG Operations,SGD,-313280.41,1809704.59,3905.55,2126890.55,2026-05-05
20260505,E02,SG Operations,USD,-282564.28,377425.74,-376108.02,502373.66,2026-05-05
20260505,E05,India Services,EUR,-16902.13,16902.13,-24887.22,24887.22,2026-05-05
20260505,E05,India Services,INR,-409495.02,6785278.26,-6574.04,108930.86,2026-05-05
20260505,E05,India Services,USD,-44895.24,51429.84,-59757.94,68455.84,2026-05-05
20260505,E06,Germany GmbH,EUR,1028179.14,1059371.1,1568938.54,1621944.24,2026-05-05
20260505,E06,Germany GmbH,USD,233760.31,246692.93,311127.28,328381.44,2026-05-05
20260505,E07,Germany Sales Office,EUR,49785.31,61267.43,73305.44,90212.06,2026-05-05
20260505,E07,Germany Sales Office,USD,54680.27,54680.27,72782.34,72782.34,2026-05-05
20260505,E08,Netherlands BV,EUR,28862.03,38009.53,49174.64,62643.68,2026-05-05
20260505,E08,Netherlands BV,USD,136148.99,136148.99,181221.53,181221.53,2026-05-05
20260505,E09,UK Ltd,EUR,42507.89,42507.89,62589.94,62589.94,2026-05-05
20260505,E09,UK Ltd,GBP,-279423.44,571068.94,-589526.79,911901.83,2026-05-05
20260505,E09,UK Ltd,USD,284672.62,629231.64,378448.66,838006.36,2026-05-05
20260505,E10,US Inc,EUR,88576.31,88576.31,130422.5,130422.5,2026-05-05
20260505,E10,US Inc,USD,533679.35,576248.53,710355.52,767017.34,2026-05-05
20260505,E11,US West Distribution,USD,205185.68,252838.22,292096.99,355666.57,2026-05-05
20260506,E01,Group Treasury HQ,EUR,1177374.24,1177374.24,1726787.84,1726787.84,2026-05-06
20260506,E01,Group Treasury HQ,SGD,-154451.95,501469.39,145239.0,268240.24,2026-05-06
20260506,E01,Group Treasury HQ,USD,2014925.37,2014925.37,2688228.81,2688228.81,2026-05-06
20260506,E02,SG Operations,SGD,-334751.43,991162.45,192774.11,588911.21,2026-05-06
20260506,E02,SG Operations,USD,40379.89,40379.89,53873.15,53873.15,2026-05-06
20260506,E03,Shanghai Mfg,CNY,4514436.79,9561839.03,1010277.44,1955154.12,2026-05-06
20260506,E03,Shanghai Mfg,USD,131020.38,131020.38,174801.89,174801.89,2026-05-06
20260506,E04,Shenzhen Sourcing,CNY,6972935.08,9336654.76,1385469.17,1870758.39,2026-05-06
20260506,E04,Shenzhen Sourcing,USD,360996.27,360996.27,481644.84,481644.84,2026-05-06
20260506,E05,India Services,INR,5685413.19,6086676.59,110242.45,116677.51,2026-05-06
20260506,E05,India Services,USD,79074.27,79074.27,105497.57,105497.57,2026-05-06
20260506,E06,Germany GmbH,EUR,-911510.1,1019624.74,-605405.49,764419.09,2026-05-06
20260506,E06,Germany GmbH,USD,-998723.31,1961682.79,-1332454.69,2617194.79,2026-05-06
20260506,E07,Germany Sales Office,EUR,-58549.57,58549.57,-23995.5,23995.5,2026-05-06
20260506,E08,Netherlands BV,EUR,44146.42,143405.36,128585.77,147262.95,2026-05-06
20260506,E08,Netherlands BV,USD,39686.68,39686.68,52948.3,52948.3,2026-05-06
20260506,E09,UK Ltd,EUR,27874.06,27874.06,40996.8,40996.8,2026-05-06
20260506,E09,UK Ltd,GBP,-763783.44,763783.44,-144216.36,144216.36,2026-05-06
20260506,E09,UK Ltd,USD,122393.51,156366.67,163292.28,208617.84,2026-05-06
20260506,E10,US Inc,EUR,-455172.41,455172.41,-669461.67,669461.67,2026-05-06
20260506,E10,US Inc,USD,-520647.08,1044697.98,117167.53,581999.15,2026-05-06
20260506,E11,US West Distribution,USD,-534418.26,1063315.3,-519888.54,1225520.76,2026-05-06
20260507,E01,Group Treasury HQ,SGD,-2595164.57,2595164.57,-490308.42,490308.42,2026-05-07
20260507,E02,SG Operations,SGD,-2944221.77,3049541.23,-635642.99,740962.45,2026-05-07
20260507,E02,SG Operations,USD,-60824.15,60824.15,-81241.97,81241.97,2026-05-07
20260507,E03,Shanghai Mfg,CNY,-14066359.65,19701308.33,-2546816.21,3787771.53,2026-05-07
20260507,E03,Shanghai Mfg,EUR,-11758.48,11758.48,-17164.69,17164.69,2026-05-07
20260507,E03,Shanghai Mfg,USD,78518.91,78518.91,104876.61,104876.61,2026-05-07
20260507,E04,Shenzhen Sourcing,CNY,-3601842.37,4297758.33,-1258398.88,1697954.32,2026-05-07
20260507,E04,Shenzhen Sourcing,USD,309742.89,309742.89,413719.24,413719.24,2026-05-07
20260507,E05,India Services,EUR,-30525.59,48108.07,-44560.37,70226.77,2026-05-07
20260507,E05,India Services,INR,48268.07,418929.49,137986.74,329210.82,2026-05-07
20260507,E05,India Services,USD,17889.16,17889.16,23894.3,23894.3,2026-05-07
20260507,E06,Germany GmbH,EUR,-247079.75,1109696.39,25678.96,956736.34,2026-05-07
20260507,E06,Germany GmbH,USD,260352.03,318497.65,347748.57,425412.85,2026-05-07
20260507,E07,Germany Sales Office,EUR,115679.9,180101.88,168866.17,262907.51,2026-05-07
20260507,E08,Netherlands BV,EUR,-107964.03,129674.23,-163581.84,195273.76,2026-05-07
20260507,E08,Netherlands BV,USD,9415.81,20503.89,12576.56,27386.76,2026-05-07
20260507,E09,UK Ltd,EUR,-18122.19,205088.85,-26454.25,299382.75,2026-05-07
20260507,E09,UK Ltd,GBP,11014.37,44364.61,19630.19,79068.21,2026-05-07
20260507,E09,UK Ltd,USD,-30741.2,78760.72,-41060.59,105199.59,2026-05-07
20260507,E10,US Inc,USD,-373331.49,399155.45,-63930.03,98422.73,2026-05-07
20260507,E11,US West Distribution,USD,-900440.23,1110807.93,-173633.99,454619.19,2026-05-07
20260508,E01,Group Treasury HQ,EUR,-707096.55,707096.55,-1031217.59,1031217.59,2026-05-08
20260508,E01,Group Treasury HQ,SGD,-422051.07,443502.21,-454713.2,478750.84,2026-05-08
20260508,E02,SG Operations,SGD,-293076.14,1199051.8,-87995.54,993971.2,2026-05-08
20260508,E02,SG Operations,USD,88209.06,88209.06,117008.78,117008.78,2026-05-08
20260508,E03,Shanghai Mfg,CNY,-380889.91,380889.91,-71377.95,71377.95,2026-05-08
20260508,E03,Shanghai Mfg,USD,-57328.38,57328.38,-76045.75,76045.75,2026-05-08
20260508,E04,Shenzhen Sourcing,CNY,-1340735.16,3229379.02,-29856.53,826573.73,2026-05-08
20260508,E04,Shenzhen Sourcing,USD,-353388.26,353388.26,-468767.41,468767.41,2026-05-08
20260508,E05,India Services,INR,22517259.8,22679941.92,362550.41,365169.75,2026-05-08
20260508,E06,Germany GmbH,EUR,-3187593.73,4532901.23,-391775.67,2353749.25,2026-05-08
20260508,E06,Germany GmbH,USD,-81186.89,81186.89,-107693.91,107693.91,2026-05-08
20260508,E07,Germany Sales Office,EUR,-93911.03,313311.03,-136958.26,456927.5,2026-05-08
20260508,E07,Germany Sales Office,USD,15513.34,15513.34,20578.35,20578.35,2026-05-08
20260508,E08,Netherlands BV,EUR,-1406411.94,1651253.64,-402769.16,759842.12,2026-05-08
20260508,E08,Netherlands BV,USD,3886.15,5957.59,5154.95,7902.71,2026-05-08
20260508,E09,UK Ltd,GBP,-528613.32,528613.32,-143486.71,143486.71,2026-05-08
20260508,E09,UK Ltd,USD,3996.53,3996.53,5301.37,5301.37,2026-05-08
20260508,E10,US Inc,EUR,-48762.03,77011.09,-71113.72,112311.66,2026-05-08
20260508,E10,US Inc,USD,-237989.13,567973.57,-82031.9,519754.28,2026-05-08
20260508,E11,US West Distribution,USD,90351.43,203704.37,139176.67,289538.65,2026-05-08
20260509,E06,Germany GmbH,EUR,-22642.01,22642.01,-33020.72,33020.72,2026-05-09
20260511,E01,Group Treasury HQ,EUR,6571.32,6571.32,9632.67,9632.67,2026-05-11
20260511,E01,Group Treasury HQ,GBP,-226744.19,226744.19,-403348.66,403348.66,2026-05-11
20260511,E01,Group Treasury HQ,SGD,-5393.36,24606.64,-2347.53,27652.47,2026-05-11
20260511,E02,SG Operations,SGD,76199.78,160030.52,96327.12,180157.86,2026-05-11
20260511,E02,SG Operations,USD,215504.72,215504.72,283831.56,283831.56,2026-05-11
20260511,E03,Shanghai Mfg,CNY,2502466.25,4855764.75,1379564.95,1820570.73,2026-05-11
20260511,E03,Shanghai Mfg,USD,75158.11,75158.11,99008.58,99008.58,2026-05-11
20260511,E04,Shenzhen Sourcing,CNY,766751.98,910061.86,357102.65,383958.79,2026-05-11
20260511,E04,Shenzhen Sourcing,USD,60755.2,60755.2,80134.95,80134.95,2026-05-11
20260511,E05,India Services,INR,37858196.03,38074160.35,611447.73,614935.77,2026-05-11
20260511,E05,India Services,USD,141815.59,141815.59,186778.93,186778.93,2026-05-11
20260511,E06,Germany GmbH,EUR,107796.97,139348.45,144941.3,191143.74,2026-05-11
20260511,E06,Germany GmbH,USD,4007.31,4007.31,5277.85,5277.85,2026-05-11
20260511,E07,Germany Sales Office,EUR,55478.62,56244.0,81324.23,82446.17,2026-05-11
20260511,E07,Germany Sales Office,USD,376189.5,376189.5,495462.26,495462.26,2026-05-11
20260511,E08,Netherlands BV,EUR,13319.67,14688.55,15500.71,17507.31,2026-05-11
20260511,E08,Netherlands BV,USD,372178.28,372178.28,490179.25,490179.25,2026-05-11
20260511,E09,UK Ltd,EUR,50903.02,50903.02,74617.01,74617.01,2026-05-11
20260511,E09,UK Ltd,GBP,104931.82,360322.02,182078.29,636384.49,2026-05-11
20260511,E09,UK Ltd,USD,148808.5,148808.5,195988.97,195988.97,2026-05-11
20260511,E10,US Inc,EUR,130764.61,130764.61,191683.4,191683.4,2026-05-11
20260511,E10,US Inc,USD,780301.12,1118980.9,1069676.89,1223142.55,2026-05-11
20260511,E11,US West Distribution,USD,14254.87,495365.15,296285.27,413220.77,2026-05-11
20260512,E01,Group Treasury HQ,SGD,1081029.82,1082860.92,1081029.82,1082860.92,2026-05-12
20260512,E01,Group Treasury HQ,USD,257462.69,257462.69,340462.99,340462.99,2026-05-12
20260512,E02,SG Operations,SGD,-928643.71,2235132.09,-291453.98,2051415.78,2026-05-12
20260512,E02,SG Operations,USD,-318988.47,460311.39,-421823.34,608705.64,2026-05-12
20260512,E03,Shanghai Mfg,CNY,-285036.68,4337522.2,-53327.51,811507.03,2026-05-12
20260512,E03,Shanghai Mfg,EUR,-102442.79,102442.79,-150005.24,150005.24,2026-05-12
20260512,E03,Shanghai Mfg,USD,193550.57,193550.57,255947.02,255947.02,2026-05-12
20260512,E04,Shenzhen Sourcing,CNY,904757.92,4112715.34,188323.16,1074912.28,2026-05-12
20260512,E04,Shenzhen Sourcing,USD,97619.89,97619.89,129090.4,129090.4,2026-05-12
20260512,E05,India Services,EUR,4543.16,4543.16,6652.47,6652.47,2026-05-12
20260512,E05,India Services,INR,-3441679.72,10711687.2,-55624.42,173122.28,2026-05-12
20260512,E05,India Services,USD,142171.42,150888.22,188221.0,199747.9,2026-05-12
20260512,E06,Germany GmbH,EUR,425367.56,577666.04,620158.78,851083.3,2026-05-12
20260512,E06,Germany GmbH,USD,-131087.42,182775.72,-173349.19,241700.67,2026-05-12
20260512,E07,Germany Sales Office,EUR,70439.69,71901.15,103143.66,105283.64,2026-05-12
20260512,E07,Germany Sales Office,USD,-44141.37,44141.37,-58371.58,58371.58,2026-05-12
20260512,E08,Netherlands BV,EUR,-28515.84,297910.6,-50078.06,444548.22,2026-05-12
20260512,E08,Netherlands BV,USD,51916.02,137126.6,68652.61,181333.21,2026-05-12
20260512,E09,UK Ltd,EUR,49131.57,49131.57,71942.52,71942.52,2026-05-12
20260512,E09,UK Ltd,GBP,-41762.15,76732.67,13408.76,37975.48,2026-05-12
20260512,E09,UK Ltd,USD,73453.46,73453.46,97133.25,97133.25,2026-05-12
20260512,E10,US Inc,EUR,137954.92,137954.92,202005.04,202005.04,2026-05-12
20260512,E10,US Inc,USD,-522886.15,1736350.25,574884.36,998728.14,2026-05-12
20260512,E11,US West Distribution,USD,109587.87,219775.99,144867.04,290676.48,2026-05-12
20260513,E01,Group Treasury HQ,EUR,953491.19,953491.19,1396636.45,1396636.45,2026-05-13
20260513,E01,Group Treasury HQ,SGD,91198.78,91967.3,91198.78,91967.3,2026-05-13
20260513,E01,Group Treasury HQ,USD,1634328.35,1634328.35,2163824.6,2163824.6,2026-05-13
20260513,E02,SG Operations,SGD,49537.1,159122.18,85985.38,140891.66,2026-05-13
20260513,E02,SG Operations,USD,27331.21,27331.21,36186.08,36186.08,2026-05-13
20260513,E03,Shanghai Mfg,CNY,124980.48,1194939.46,23325.98,223019.92,2026-05-13
20260513,E03,Shanghai Mfg,USD,-380597.01,380597.01,-503904.36,503904.36,2026-05-13
20260513,E04,Shenzhen Sourcing,CNY,-1277333.35,1876809.43,-238397.68,350282.1,2026-05-13
20260513,E04,Shenzhen Sourcing,USD,-805970.15,805970.15,-1067091.58,1067091.58,2026-05-13
20260513,E05,India Services,INR,5372152.3,5835223.7,86625.95,94092.97,2026-05-13
20260513,E05,India Services,USD,4643.65,4643.65,6148.12,6148.12,2026-05-13
20260513,E06,Germany GmbH,EUR,-2670459.62,2846273.04,-2607717.9,2865208.26,2026-05-13
20260513,E06,Germany GmbH,USD,-435266.01,462911.57,-576285.24,612887.52,2026-05-13
20260513,E07,Germany Sales Office,EUR,-500564.78,1343800.52,-85852.77,1320827.15,2026-05-13
20260513,E07,Germany Sales Office,USD,91903.62,91903.62,121678.92,121678.92,2026-05-13
20260513,E08,Netherlands BV,EUR,74145.49,193715.07,133969.86,345490.1,2026-05-13
20260513,E08,Netherlands BV,USD,46507.72,46507.72,61575.48,61575.48,2026-05-13
20260513,E09,UK Ltd,EUR,178502.39,178502.39,261428.53,261428.53,2026-05-13
20260513,E09,UK Ltd,GBP,47419.81,122182.93,142824.05,160758.25,2026-05-13
20260513,E10,US Inc,EUR,-101327.49,283103.87,-148400.79,414624.29,2026-05-13
20260513,E10,US Inc,USD,-1745232.71,1978692.89,-337072.76,646170.3,2026-05-13
20260513,E11,US West Distribution,USD,45600.28,94839.12,64451.07,133258.53,2026-05-13
20260514,E01,Group Treasury HQ,EUR,-103448.28,103448.28,-151865.9,151865.9,2026-05-14
20260514,E01,Group Treasury HQ,SGD,-453779.64,703328.62,-83450.36,344997.36,2026-05-14
20260514,E02,SG Operations,SGD,-2336169.49,2684543.81,-309078.41,657452.73,2026-05-14
20260514,E02,SG Operations,USD,25231.27,55699.17,33416.24,73767.88,2026-05-14
20260514,E03,Shanghai Mfg,CNY,-4219098.16,5241085.06,-786714.14,977278.9,2026-05-14
20260514,E03,Shanghai Mfg,USD,-16153.85,36285.39,-21394.13,48056.31,2026-05-14
20260514,E04,Shenzhen Sourcing,CNY,-1889647.11,2258851.21,-353798.88,422642.52,2026-05-14
20260514,E05,India Services,INR,-17356186.8,17356186.8,-284455.81,284455.81,2026-05-14
20260514,E05,India Services,USD,-58063.89,58063.89,-76899.7,76899.7,2026-05-14
20260514,E09,UK Ltd,GBP,-18350.59,225181.43,-32968.87,404563.43,2026-05-14
20260514,E09,UK Ltd,USD,38406.62,104265.94,50862.01,138093.25,2026-05-14
20260514,E10,US Inc,EUR,103448.28,103448.28,151865.9,151865.9,2026-05-14
20260514,E10,US Inc,USD,-92299.14,111851.64,-8613.68,34508.98,2026-05-14
20260514,E11,US West Distribution,USD,-492534.56,492534.56,-138816.06,138816.06,2026-05-14
20260515,E01,Group Treasury HQ,EUR,-331034.48,331034.48,-489309.68,489309.68,2026-05-15
20260515,E01,Group Treasury HQ,SGD,-152417.03,155378.73,-139357.29,143281.13,2026-05-15
20260515,E02,SG Operations,SGD,-179498.73,343141.59,-162525.89,326168.75,2026-05-15
20260515,E02,SG Operations,USD,-640.67,640.67,-848.8,848.8,2026-05-15
20260515,E03,Shanghai Mfg,CNY,-292027.42,1515828.66,-65458.87,293516.69,2026-05-15
20260515,E03,Shanghai Mfg,EUR,-132911.87,132911.87,-196460.08,196460.08,2026-05-15
20260515,E04,Shenzhen Sourcing,CNY,1444338.62,3126327.34,253315.52,598437.22,2026-05-15
20260515,E04,Shenzhen Sourcing,USD,80075.76,80075.76,106089.33,106089.33,2026-05-15
20260515,E05,India Services,EUR,-67839.85,67839.85,-100275.64,100275.64,2026-05-15
20260515,E05,India Services,INR,3098135.02,4460837.66,50034.88,72042.54,2026-05-15
20260515,E06,Germany GmbH,EUR,469087.09,501335.51,619652.92,667320.08,2026-05-15
20260515,E07,Germany Sales Office,EUR,367400.77,428994.19,543063.53,634106.17,2026-05-15
20260515,E08,Netherlands BV,EUR,24666.57,56356.87,36056.97,82899.15,2026-05-15
20260515,E09,UK Ltd,EUR,-264342.28,264342.28,-390730.4,390730.4,2026-05-15
20260515,E09,UK Ltd,GBP,-331471.73,331471.73,-64876.03,64876.03,2026-05-15
20260515,E09,UK Ltd,USD,-182178.35,182178.35,-241361.18,241361.18,2026-05-15
20260515,E10,US Inc,EUR,-184872.7,184872.7,-273264.59,273264.59,2026-05-15
20260515,E10,US Inc,USD,-109534.77,891273.85,17292.87,1023503.75,2026-05-15
20260515,E11,US West Distribution,USD,-120940.11,169765.37,-149889.59,214576.33,2026-05-15
20260517,E01,Group Treasury HQ,SGD,-510000.0,510000.0,-510000.0,510000.0,2026-05-17
20260517,E01,Group Treasury HQ,USD,-179104.48,179104.48,-237288.72,237288.72,2026-05-17
20260517,E02,SG Operations,SGD,510000.0,510000.0,510000.0,510000.0,2026-05-17
20260517,E02,SG Operations,USD,179104.48,179104.48,237288.72,237288.72,2026-05-17
20260518,E01,Group Treasury HQ,GBP,-409883.72,409883.72,-734350.54,734350.54,2026-05-18
20260518,E01,Group Treasury HQ,SGD,-550664.97,624886.83,-538393.87,637157.93,2026-05-18
20260518,E01,Group Treasury HQ,USD,-67164.18,67164.18,-89372.69,89372.69,2026-05-18
20260518,E02,SG Operations,SGD,888682.03,891908.31,930679.07,933905.35,2026-05-18
20260518,E02,SG Operations,USD,277907.63,277907.63,369794.31,369794.31,2026-05-18
20260518,E03,Shanghai Mfg,CNY,3418989.11,3541410.53,604184.11,733624.79,2026-05-18
20260518,E03,Shanghai Mfg,EUR,2819.67,2819.67,4178.45,4178.45,2026-05-18
20260518,E03,Shanghai Mfg,USD,-20879.82,52268.32,-27801.2,69534.1,2026-05-18
20260518,E04,Shenzhen Sourcing,CNY,4007865.13,4986701.25,820539.72,1002737.54,2026-05-18
20260518,E04,Shenzhen Sourcing,USD,85577.16,85577.16,113863.8,113863.8,2026-05-18
20260518,E05,India Services,INR,15012797.57,15585720.13,243252.72,252535.08,2026-05-18
20260518,E05,India Services,USD,94437.97,94437.97,125664.83,125664.83,2026-05-18
20260518,E06,Germany GmbH,EUR,272252.87,314937.29,273433.18,336687.02,2026-05-18
20260518,E06,Germany GmbH,USD,53333.42,53333.42,70968.65,70968.65,2026-05-18
20260518,E07,Germany Sales Office,EUR,95723.49,105176.11,96064.21,110072.01,2026-05-18
20260518,E07,Germany Sales Office,USD,72769.8,72769.8,96831.86,96831.86,2026-05-18
20260518,E08,Netherlands BV,EUR,611803.75,856177.49,1064434.56,1110959.52,2026-05-18
20260518,E08,Netherlands BV,USD,118690.64,118690.64,157936.88,157936.88,2026-05-18
20260518,E09,UK Ltd,EUR,-30413.07,106009.27,-45068.98,157094.6,2026-05-18
20260518,E09,UK Ltd,GBP,238584.86,587538.72,427450.32,1052638.46,2026-05-18
20260518,E09,UK Ltd,USD,185046.41,261193.45,246233.85,347559.67,2026-05-18
20260518,E10,US Inc,EUR,572235.72,764727.68,847993.25,1133246.13,2026-05-18
20260518,E10,US Inc,USD,206472.86,359150.64,274745.41,477907.15,2026-05-18
20260518,E11,US West Distribution,USD,285692.82,650835.96,399074.52,907343.84,2026-05-18
20260519,E01,Group Treasury HQ,EUR,-792315.68,792315.68,-1174531.93,1174531.93,2026-05-19
20260519,E01,Group Treasury HQ,SGD,1265001.28,1272978.88,1278488.13,1288962.65,2026-05-19
20260519,E01,Group Treasury HQ,USD,257462.69,257462.69,342312.09,342312.09,2026-05-19
20260519,E02,SG Operations,SGD,-844557.19,2788481.95,-109338.37,2552844.31,2026-05-19
20260519,E02,SG Operations,USD,-237670.45,277254.93,-315997.12,368627.06,2026-05-19
20260519,E03,Shanghai Mfg,CNY,-30895.3,1638598.02,-5762.46,305624.74,2026-05-19
20260519,E03,Shanghai Mfg,EUR,-112666.5,123971.24,-167017.27,183775.47,2026-05-19
20260519,E03,Shanghai Mfg,USD,-34385.87,34385.87,-45718.08,45718.08,2026-05-19
20260519,E04,Shenzhen Sourcing,CNY,-359127.21,1570847.61,-77548.16,303553.4,2026-05-19
20260519,E04,Shenzhen Sourcing,USD,139392.57,139392.57,185330.8,185330.8,2026-05-19
20260519,E05,India Services,EUR,-10701.76,10701.76,-15864.33,15864.33,2026-05-19
20260519,E05,India Services,INR,4481641.91,6809011.93,72602.6,110306.0,2026-05-19
20260519,E05,India Services,USD,124225.56,185899.52,165165.32,247164.56,2026-05-19
20260519,E06,Germany GmbH,EUR,678608.12,1248022.04,1343283.38,1512760.88,2026-05-19
20260519,E06,Germany GmbH,USD,43015.57,43015.57,57191.78,57191.78,2026-05-19
20260519,E07,Germany Sales Office,EUR,88101.26,88280.72,130601.66,130867.7,2026-05-19
20260519,E07,Germany Sales Office,USD,31757.77,31757.77,42223.86,42223.86,2026-05-19
20260519,E08,Netherlands BV,EUR,-87500.76,353689.64,-129711.49,524310.95,2026-05-19
20260519,E08,Netherlands BV,USD,356300.19,464746.61,473722.48,617908.5,2026-05-19
20260519,E09,UK Ltd,EUR,57047.64,72254.6,84567.65,107110.51,2026-05-19
20260519,E09,UK Ltd,GBP,11360.21,22063.43,20364.79,39551.83,2026-05-19
20260519,E09,UK Ltd,USD,-14133.55,80185.83,-18791.41,106611.87,2026-05-19
20260519,E10,US Inc,EUR,73022.56,117395.34,108221.68,174054.58,2026-05-19
20260519,E10,US Inc,USD,-75403.4,1831522.78,999470.78,1428498.94,2026-05-19
20260519,E11,US West Distribution,USD,199107.32,266182.74,288745.4,363488.6,2026-05-19
20260520,E01,Group Treasury HQ,EUR,-530907.68,1455299.22,-788293.32,2160832.64,2026-05-20
20260520,E01,Group Treasury HQ,GBP,-261627.91,261627.91,-467775.0,467775.0,2026-05-20
20260520,E01,Group Treasury HQ,SGD,208724.39,342082.95,208724.39,342082.95,2026-05-20
20260520,E02,SG Operations,SGD,272999.29,305252.23,294121.14,326374.08,2026-05-20
20260520,E02,SG Operations,USD,62204.04,62204.04,82589.3,82589.3,2026-05-20
20260520,E03,Shanghai Mfg,CNY,1871091.95,2351793.73,349750.12,439604.34,2026-05-20
20260520,E04,Shenzhen Sourcing,CNY,548723.84,579772.34,144703.62,150507.3,2026-05-20
20260520,E04,Shenzhen Sourcing,USD,723.82,723.82,961.03,961.03,2026-05-20
20260520,E05,India Services,EUR,38015.44,38015.44,56445.44,56445.44,2026-05-20
20260520,E05,India Services,INR,-140545.73,140545.73,-2276.7,2276.7,2026-05-20
20260520,E06,Germany GmbH,EUR,-534393.11,880462.89,-707514.81,1221360.25,2026-05-20
20260520,E06,Germany GmbH,USD,-1123.79,1123.79,-1492.07,1492.07,2026-05-20
20260520,E07,Germany Sales Office,EUR,68698.4,122880.48,102003.59,182453.31,2026-05-20
20260520,E07,Germany Sales Office,USD,1969.39,1969.39,2614.79,2614.79,2026-05-20
20260520,E08,Netherlands BV,EUR,115193.76,255084.3,175937.13,383647.05,2026-05-20
20260520,E08,Netherlands BV,USD,252173.16,252173.16,334814.34,334814.34,2026-05-20
20260520,E09,UK Ltd,EUR,12877.41,12877.41,19120.42,19120.42,2026-05-20
20260520,E09,UK Ltd,GBP,335110.24,578897.58,792922.91,841268.21,2026-05-20
20260520,E10,US Inc,EUR,824724.03,890215.25,1224552.71,1321794.27,2026-05-20
20260520,E10,US Inc,USD,-16570.51,220107.93,6798.44,263441.42,2026-05-20
20260520,E11,US West Distribution,USD,1708.91,190698.03,1757.92,253971.88,2026-05-20
20260521,E01,Group Treasury HQ,EUR,-227586.21,227586.21,-337201.28,337201.28,2026-05-21
20260521,E01,Group Treasury HQ,SGD,-933280.66,933280.66,-369775.47,369775.47,2026-05-21
20260521,E01,Group Treasury HQ,USD,-111940.3,111940.3,-148708.21,148708.21,2026-05-21
20260521,E02,SG Operations,SGD,-1777969.71,2457573.97,-237088.4,932726.98,2026-05-21
20260521,E02,SG Operations,USD,-288458.8,295191.34,-383205.97,392149.89,2026-05-21
20260521,E03,Shanghai Mfg,CNY,-5412897.58,5412897.58,-1045241.47,1045241.47,2026-05-21
20260521,E03,Shanghai Mfg,EUR,-22347.03,22347.03,-33110.3,33110.3,2026-05-21
20260521,E03,Shanghai Mfg,USD,15284.23,208596.37,20340.17,277076.25,2026-05-21
20260521,E04,Shenzhen Sourcing,CNY,-1443929.24,6016814.68,-258963.01,1191309.51,2026-05-21
20260521,E04,Shenzhen Sourcing,USD,-190874.09,212691.67,-253568.59,282552.37,2026-05-21
20260521,E05,India Services,EUR,-6998.7,6998.7,-10369.57,10369.57,2026-05-21
20260521,E05,India Services,INR,-2437885.61,2437885.61,-39393.79,39393.79,2026-05-21
20260521,E05,India Services,USD,-20340.66,20340.66,-27021.75,27021.75,2026-05-21
20260521,E06,Germany GmbH,EUR,66063.25,389109.17,269113.35,405289.21,2026-05-21
20260521,E06,Germany GmbH,USD,-4324.33,4324.33,-5736.54,5736.54,2026-05-21
20260521,E07,Germany Sales Office,EUR,-634.52,634.52,-940.13,940.13,2026-05-21
20260521,E07,Germany Sales Office,USD,-25356.37,25356.37,-33668.55,33668.55,2026-05-21
20260521,E08,Netherlands BV,EUR,-363878.85,363878.85,-549591.25,549591.25,2026-05-21
20260521,E09,UK Ltd,EUR,-25340.53,25340.53,-37545.59,37545.59,2026-05-21
20260521,E09,UK Ltd,GBP,96729.25,188531.01,172751.56,336703.0,2026-05-21
20260521,E09,UK Ltd,USD,-43399.39,43399.39,-57652.75,57652.75,2026-05-21
20260521,E10,US Inc,EUR,41305.42,259920.52,61199.84,385109.16,2026-05-21
20260521,E10,US Inc,USD,-735868.1,815067.78,-316816.16,422029.78,2026-05-21
20260521,E11,US West Distribution,USD,-2500.98,35863.48,10941.13,33379.61,2026-05-21
20260522,E01,Group Treasury HQ,EUR,-124137.93,124137.93,-184777.94,184777.94,2026-05-22
20260522,E01,Group Treasury HQ,SGD,-6156.98,6156.98,-6156.98,6156.98,2026-05-22
20260522,E02,SG Operations,SGD,-1598119.26,1657710.14,-1044640.41,1133340.77,2026-05-22
20260522,E02,SG Operations,USD,10787.48,54655.4,14309.02,72497.44,2026-05-22
20260522,E03,Shanghai Mfg,CNY,981267.48,6210857.1,182931.35,1157853.29,2026-05-22
20260522,E03,Shanghai Mfg,USD,88914.62,88914.62,117940.44,117940.44,2026-05-22
20260522,E04,Shenzhen Sourcing,CNY,1618674.67,1863682.03,238782.03,410412.85,2026-05-22
20260522,E04,Shenzhen Sourcing,USD,-55992.07,59456.97,-74270.46,78866.46,2026-05-22
20260522,E05,India Services,INR,9959397.72,10462455.28,95963.65,233604.21,2026-05-22
20260522,E05,India Services,USD,43401.6,43401.6,57569.88,57569.88,2026-05-22
20260522,E06,Germany GmbH,EUR,-1776837.22,1776837.22,-1340428.62,1340428.62,2026-05-22
20260522,E06,Germany GmbH,USD,-157454.21,157454.21,-208854.51,208854.51,2026-05-22
20260522,E07,Germany Sales Office,EUR,-122464.01,122464.01,-182286.34,182286.34,2026-05-22
20260522,E08,Netherlands BV,EUR,-680993.91,969927.73,62413.65,370783.65,2026-05-22
20260522,E08,Netherlands BV,USD,47054.37,47054.37,62415.08,62415.08,2026-05-22
20260522,E09,UK Ltd,GBP,-3834098.59,3834098.59,-715100.82,715100.82,2026-05-22
20260522,E09,UK Ltd,USD,20365.26,85679.8,27013.42,113649.62,2026-05-22
20260522,E10,US Inc,EUR,-353125.04,353125.04,-525622.73,525622.73,2026-05-22
20260522,E10,US Inc,USD,-514095.42,543309.1,-290388.09,329138.45,2026-05-22
20260522,E11,US West Distribution,USD,-214737.24,288442.14,-292147.91,375292.39,2026-05-22
20260524,E01,Group Treasury HQ,SGD,-135000.0,135000.0,-135000.0,135000.0,2026-05-24
20260524,E02,SG Operations,SGD,135000.0,135000.0,135000.0,135000.0,2026-05-24
20260525,E01,Group Treasury HQ,SGD,-403.27,403.27,-403.27,403.27,2026-05-25
20260525,E02,SG Operations,SGD,-248035.27,804416.31,177229.47,379151.57,2026-05-25
20260525,E02,SG Operations,USD,179945.59,179945.59,238644.03,238644.03,2026-05-25
20260525,E03,Shanghai Mfg,CNY,5616760.83,5821238.29,1045958.8,1084036.82,2026-05-25
20260525,E03,Shanghai Mfg,USD,85968.34,85968.34,114011.3,114011.3,2026-05-25
20260525,E04,Shenzhen Sourcing,CNY,622704.16,659780.06,171775.47,178679.77,2026-05-25
20260525,E04,Shenzhen Sourcing,USD,89944.67,117906.03,119276.74,156359.12,2026-05-25
20260525,E05,India Services,INR,25971571.84,30409619.16,418376.05,489868.57,2026-05-25
20260525,E05,India Services,USD,117852.77,117852.77,156296.46,156296.46,2026-05-25
20260525,E09,UK Ltd,GBP,-379090.32,379090.32,-70594.58,70594.58,2026-05-25
20260525,E11,US West Distribution,USD,-250235.5,250235.5,-92285.57,92285.57,2026-05-25
20260526,E01,Group Treasury HQ,EUR,-1062264.5,1068769.98,-1579058.31,1588728.71,2026-05-26
20260526,E01,Group Treasury HQ,SGD,-345635.6,345635.6,-79367.55,79367.55,2026-05-26
20260526,E02,SG Operations,SGD,-767931.44,1108284.12,-35419.3,460154.12,2026-05-26
20260526,E02,SG Operations,USD,148288.04,149879.64,196585.32,198695.3,2026-05-26
20260526,E03,Shanghai Mfg,CNY,-1454602.99,3402854.03,-305404.75,668404.83,2026-05-26
20260526,E03,Shanghai Mfg,EUR,-205588.07,205588.07,-305607.08,305607.08,2026-05-26
20260526,E03,Shanghai Mfg,USD,56149.75,106855.43,74458.17,141678.63,2026-05-26
20260526,E04,Shenzhen Sourcing,CNY,1080831.99,2523980.95,101367.0,570285.36,2026-05-26
20260526,E04,Shenzhen Sourcing,USD,27331.78,27331.78,36233.71,36233.71,2026-05-26
20260526,E05,India Services,INR,5666786.19,7788872.69,148889.17,183203.31,2026-05-26
20260526,E05,India Services,USD,-95680.64,115760.9,-126843.73,153464.11,2026-05-26
20260526,E06,Germany GmbH,EUR,-686000.95,3397839.67,1482563.92,2406678.62,2026-05-26
20260526,E06,Germany GmbH,USD,221563.85,240128.59,293726.96,318338.22,2026-05-26
20260526,E07,Germany Sales Office,EUR,154099.35,195882.93,229068.98,291180.36,2026-05-26
20260526,E07,Germany Sales Office,USD,116037.56,116037.56,153830.89,153830.89,2026-05-26
20260526,E08,Netherlands BV,EUR,-17743.05,57877.33,-26375.08,86034.76,2026-05-26
20260526,E08,Netherlands BV,USD,830059.3,830059.3,1100408.79,1100408.79,2026-05-26
20260526,E09,UK Ltd,EUR,388537.73,388537.73,577562.1,577562.1,2026-05-26
20260526,E09,UK Ltd,GBP,-65179.55,440499.59,-263779.73,639099.77,2026-05-26
20260526,E09,UK Ltd,USD,212304.03,212304.03,281451.24,281451.24,2026-05-26
20260526,E10,US Inc,EUR,188883.46,188883.46,280775.66,280775.66,2026-05-26
20260526,E10,US Inc,USD,202764.17,725443.91,538708.91,694018.65,2026-05-26
20260526,E11,US West Distribution,USD,572836.03,578025.07,748317.44,756296.68,2026-05-26
20260527,E01,Group Treasury HQ,EUR,62068.97,227586.21,92493.37,339142.37,2026-05-27
20260527,E01,Group Treasury HQ,GBP,-322674.42,322674.42,-575515.64,575515.64,2026-05-27
20260527,E01,Group Treasury HQ,USD,1063432.83,1063432.83,1410385.24,1410385.24,2026-05-27
20260527,E03,Shanghai Mfg,CNY,2525534.81,6403941.71,472227.97,1197414.47,2026-05-27
20260527,E03,Shanghai Mfg,USD,2095.35,26519.33,2778.97,35171.45,2026-05-27
20260527,E04,Shenzhen Sourcing,CNY,382611.52,554255.36,43355.66,131820.68,2026-05-27
20260527,E04,Shenzhen Sourcing,USD,30578.95,30578.95,40555.55,40555.55,2026-05-27
20260527,E06,Germany GmbH,EUR,-33773.8,542878.68,-59929.71,818583.03,2026-05-27
20260527,E06,Germany GmbH,USD,-152964.74,1047869.02,-202870.56,1389743.62,2026-05-27
20260527,E07,Germany Sales Office,EUR,-1024736.06,1108317.08,-263326.98,387877.0,2026-05-27
20260527,E07,Germany Sales Office,USD,435970.05,435970.05,578208.34,578208.34,2026-05-27
20260527,E08,Netherlands BV,EUR,-464290.2,697842.96,61865.55,286168.01,2026-05-27
20260527,E08,Netherlands BV,USD,276805.47,321716.67,367115.19,426678.99,2026-05-27
20260527,E09,UK Ltd,EUR,99636.08,99636.08,148474.8,148474.8,2026-05-27
20260527,E09,UK Ltd,GBP,-243718.99,889067.83,468019.19,683012.09,2026-05-27
20260527,E09,UK Ltd,USD,-83732.21,175850.11,-111050.44,233222.44,2026-05-27
20260527,E10,US Inc,EUR,-1277422.66,1318868.8,-1903578.2,1965340.04,2026-05-27
20260527,E10,US Inc,USD,510963.19,2562061.89,1841865.6,2233755.42,2026-05-27
20260527,E11,US West Distribution,USD,-365363.89,918483.17,-486577.72,1220960.94,2026-05-27
20260528,E01,Group Treasury HQ,EUR,-71471.04,73356.54,-105875.85,108668.99,2026-05-28
20260528,E01,Group Treasury HQ,GBP,-165697.67,165697.67,-294546.51,294546.51,2026-05-28
20260528,E01,Group Treasury HQ,SGD,-2856740.01,2940950.31,-595095.01,707446.37,2026-05-28
20260528,E02,SG Operations,SGD,-660051.29,1854806.03,475444.3,1164555.18,2026-05-28
20260528,E02,SG Operations,USD,83735.72,129250.98,111718.19,172443.55,2026-05-28
20260528,E03,Shanghai Mfg,CNY,-3142965.05,3142965.05,-620599.0,620599.0,2026-05-28
20260528,E03,Shanghai Mfg,USD,-110307.12,161814.8,-147169.1,215889.42,2026-05-28
20260528,E04,Shenzhen Sourcing,CNY,-4248363.0,4414964.68,-842533.32,873666.34,2026-05-28
20260528,E04,Shenzhen Sourcing,USD,3276.07,3276.07,4389.78,4389.78,2026-05-28
20260528,E05,India Services,EUR,-11240.03,11240.03,-16650.77,16650.77,2026-05-28
20260528,E05,India Services,INR,-7576897.93,10246531.23,-160162.72,203501.54,2026-05-28
20260528,E05,India Services,USD,149970.65,149970.65,200087.24,200087.24,2026-05-28
20260528,E06,Germany GmbH,EUR,71095.76,149797.1,114930.21,231516.89,2026-05-28
20260528,E06,Germany GmbH,USD,61292.79,61292.79,81775.37,81775.37,2026-05-28
20260528,E07,Germany Sales Office,EUR,-304352.93,360935.87,-456545.08,540365.98,2026-05-28
20260528,E08,Netherlands BV,EUR,-225501.61,379050.33,-363610.16,591074.32,2026-05-28
20260528,E08,Netherlands BV,USD,-554.44,139409.96,-739.72,185997.44,2026-05-28
20260528,E09,UK Ltd,EUR,104229.49,277340.07,154403.58,410846.32,2026-05-28
20260528,E09,UK Ltd,GBP,-271911.35,987706.81,391516.1,880891.96,2026-05-28
20260528,E10,US Inc,EUR,19459.72,125367.86,28887.91,185656.93,2026-05-28
20260528,E10,US Inc,USD,-1681505.49,2081237.75,-233777.49,763039.37,2026-05-28
20260528,E11,US West Distribution,USD,-680835.18,680835.18,-347015.86,347015.86,2026-05-28
20260529,E01,Group Treasury HQ,EUR,-589670.19,589670.19,-869942.78,869942.78,2026-05-29
20260529,E01,Group Treasury HQ,SGD,76491.54,76491.54,83460.36,83460.36,2026-05-29
20260529,E02,SG Operations,SGD,-242502.41,495124.19,37486.65,315160.89,2026-05-29
20260529,E02,SG Operations,USD,60856.85,60856.85,81545.38,81545.38,2026-05-29
20260529,E03,Shanghai Mfg,CNY,-291646.55,912274.37,-54556.8,170655.8,2026-05-29
20260529,E03,Shanghai Mfg,EUR,-32706.64,32706.64,-48252.24,48252.24,2026-05-29
20260529,E03,Shanghai Mfg,USD,-105162.19,126493.43,-140912.5,169495.38,2026-05-29
20260529,E04,Shenzhen Sourcing,CNY,-903839.95,903839.95,-183850.71,183850.71,2026-05-29
20260529,E04,Shenzhen Sourcing,USD,-1734.11,1734.11,-2323.63,2323.63,2026-05-29
20260529,E05,India Services,INR,-15979885.95,23454688.45,-259385.5,380716.5,2026-05-29
20260529,E05,India Services,USD,4579.8,4579.8,6136.72,6136.72,2026-05-29
20260529,E06,Germany GmbH,EUR,-518924.09,1656855.13,-705054.37,2383848.57,2026-05-29
20260529,E06,Germany GmbH,USD,-60272.03,60272.03,-80761.75,80761.75,2026-05-29
20260529,E07,Germany Sales Office,EUR,-158496.1,162925.12,-233365.61,239899.77,2026-05-29
20260529,E08,Netherlands BV,EUR,-178530.73,254496.15,-13916.91,125988.99,2026-05-29
20260529,E08,Netherlands BV,USD,-9744.31,9744.31,-13056.93,13056.93,2026-05-29
20260529,E09,UK Ltd,EUR,114863.09,114863.09,169457.98,169457.98,2026-05-29
20260529,E09,UK Ltd,GBP,-1271735.2,1361980.14,-200880.82,313417.16,2026-05-29
20260529,E09,UK Ltd,USD,-46767.82,108871.32,-62666.72,145882.56,2026-05-29
20260529,E10,US Inc,EUR,-72376.95,161468.95,-106778.0,238215.78,2026-05-29
20260529,E10,US Inc,USD,-2574214.29,2941770.61,-654798.54,1147307.1,2026-05-29
20260529,E11,US West Distribution,USD,-349548.79,454701.17,-84143.13,225042.49,2026-05-29
20260601,E01,Group Treasury HQ,EUR,-186206.9,186206.9,-276315.95,276315.95,2026-06-01
20260601,E01,Group Treasury HQ,SGD,-154037.23,175962.77,-150251.01,179748.99,2026-06-01
20260601,E02,SG Operations,SGD,165000.0,165000.0,165000.0,165000.0,2026-06-01
20260601,E02,SG Operations,USD,80082.85,80082.85,107741.15,107741.15,2026-06-01
20260601,E03,Shanghai Mfg,CNY,5103547.46,6958640.34,955695.38,1303081.96,2026-06-01
20260601,E03,Shanghai Mfg,USD,22091.35,22091.35,29632.5,29632.5,2026-06-01
20260601,E04,Shenzhen Sourcing,CNY,3024437.78,3328000.62,566359.25,623204.73,2026-06-01
20260601,E04,Shenzhen Sourcing,USD,170636.17,184183.85,229146.01,247318.35,2026-06-01
20260601,E05,India Services,INR,12079681.26,12356610.78,195413.0,199892.9,2026-06-01
20260601,E05,India Services,USD,4357.15,4357.15,5844.52,5844.52,2026-06-01
20260601,E06,Germany GmbH,EUR,-36728.41,102236.31,-54501.99,151710.41,2026-06-01
20260601,E06,Germany GmbH,USD,206025.77,206025.77,276355.14,276355.14,2026-06-01
20260601,E07,Germany Sales Office,EUR,32770.29,33208.23,48628.46,49278.32,2026-06-01
20260601,E07,Germany Sales Office,USD,413364.58,413364.58,554471.54,554471.54,2026-06-01
20260601,E08,Netherlands BV,EUR,25626.39,28737.41,38027.49,42643.99,2026-06-01
20260601,E08,Netherlands BV,USD,882029.11,892250.39,1184914.88,1198625.32,2026-06-01
20260601,E09,UK Ltd,EUR,219924.6,219924.6,326350.29,326350.29,2026-06-01
20260601,E09,UK Ltd,GBP,-377524.67,377524.67,-670317.7,670317.7,2026-06-01
20260601,E09,UK Ltd,USD,207291.06,207291.06,278052.34,278052.34,2026-06-01
20260601,E10,US Inc,EUR,318877.79,318877.79,473188.8,473188.8,2026-06-01
20260601,E10,US Inc,USD,767526.79,849820.49,1029531.27,1139916.93,2026-06-01
20260601,E11,US West Distribution,USD,182118.01,220600.11,247224.05,298844.43,2026-06-01
20260602,E01,Group Treasury HQ,EUR,-471745.7,686874.98,-699532.37,1018538.75,2026-06-02
20260602,E01,Group Treasury HQ,SGD,860874.97,992221.21,891356.2,961739.98,2026-06-02
20260602,E01,Group Treasury HQ,USD,638059.7,638059.7,858427.02,858427.02,2026-06-02
20260602,E02,SG Operations,SGD,-699721.92,1995947.74,-124022.52,1554367.14,2026-06-02
20260602,E02,SG Operations,USD,-565731.76,710387.64,-761119.1,955734.94,2026-06-02
20260602,E03,Shanghai Mfg,CNY,1375455.18,2658862.48,270493.55,510709.63,2026-06-02
20260602,E03,Shanghai Mfg,USD,5240.79,5240.79,7050.81,7050.81,2026-06-02
20260602,E04,Shenzhen Sourcing,CNY,2511561.51,2537366.23,685648.07,690478.23,2026-06-02
20260602,E04,Shenzhen Sourcing,USD,414815.79,414815.79,558081.13,558081.13,2026-06-02
20260602,E05,India Services,INR,15748367.49,29383161.07,212264.92,545261.58,2026-06-02
20260602,E05,India Services,USD,136140.1,136140.1,183158.94,183158.94,2026-06-02
20260602,E06,Germany GmbH,EUR,1476060.1,1497014.24,2162811.83,2193883.89,2026-06-02
20260602,E06,Germany GmbH,USD,344173.01,356168.99,463040.38,479179.42,2026-06-02
20260602,E07,Germany Sales Office,EUR,373241.13,380958.27,556694.73,570108.95,2026-06-02
20260602,E07,Germany Sales Office,USD,61438.57,61438.57,82657.67,82657.67,2026-06-02
20260602,E08,Netherlands BV,EUR,301524.31,302200.25,439045.74,440048.08,2026-06-02
20260602,E08,Netherlands BV,USD,171519.78,171519.78,230757.73,230757.73,2026-06-02
20260602,E09,UK Ltd,EUR,6911.01,6911.01,10248.05,10248.05,2026-06-02
20260602,E09,UK Ltd,GBP,201180.2,490786.64,91291.33,602601.91,2026-06-02
20260602,E09,UK Ltd,USD,134114.23,134114.23,180433.4,180433.4,2026-06-02
20260602,E10,US Inc,EUR,-6214.99,133829.59,-9215.96,198450.4,2026-06-02
20260602,E10,US Inc,USD,-61839.66,468558.26,184770.07,362417.35,2026-06-02
20260602,E11,US West Distribution,USD,71437.63,190592.45,96804.62,255723.04,2026-06-02
20260603,E01,Group Treasury HQ,EUR,848275.86,848275.86,1253380.18,1253380.18,2026-06-03
20260603,E01,Group Treasury HQ,SGD,209287.89,209843.67,209287.89,209843.67,2026-06-03
20260603,E01,Group Treasury HQ,USD,1735074.62,1735074.62,2326098.3,2326098.3,2026-06-03
20260603,E02,SG Operations,SGD,1875543.03,2038575.69,2420602.44,2583635.1,2026-06-03
20260603,E02,SG Operations,USD,151624.27,151624.27,203272.49,203272.49,2026-06-03
20260603,E03,Shanghai Mfg,CNY,-204070.14,204070.14,-38195.33,38195.33,2026-06-03
20260603,E04,Shenzhen Sourcing,CNY,1083495.27,1143280.65,234490.63,245680.53,2026-06-03
20260603,E04,Shenzhen Sourcing,USD,-716417.91,716417.91,-960453.49,960453.49,2026-06-03
20260603,E05,India Services,INR,3511590.79,3805010.41,56771.89,61515.61,2026-06-03
20260603,E06,Germany GmbH,EUR,-1793062.57,1986210.51,-2667225.54,2952613.6,2026-06-03
20260603,E06,Germany GmbH,USD,-551260.5,551260.5,-739038.02,739038.02,2026-06-03
20260603,E07,Germany Sales Office,EUR,13366.14,172537.28,19749.3,254934.54,2026-06-03
20260603,E08,Netherlands BV,EUR,159437.35,468028.39,395435.2,536086.74,2026-06-03
20260603,E08,Netherlands BV,USD,202552.83,202552.83,271549.0,271549.0,2026-06-03
20260603,E09,UK Ltd,EUR,71146.46,71146.46,105123.31,105123.31,2026-06-03
20260603,E09,UK Ltd,GBP,-38228.5,381419.56,88541.98,324230.42,2026-06-03
20260603,E09,UK Ltd,USD,104223.07,104223.07,139724.89,139724.89,2026-06-03
20260603,E10,US Inc,EUR,-35601.41,109310.13,-52603.29,161512.49,2026-06-03
20260603,E10,US Inc,USD,-105367.78,527986.54,53725.7,511213.16,2026-06-03
20260603,E11,US West Distribution,USD,-493952.25,1261893.63,-338655.47,1372090.07,2026-06-03
20260604,E01,Group Treasury HQ,EUR,-148174.92,148174.92,-218446.28,218446.28,2026-06-04
20260604,E01,Group Treasury HQ,SGD,-765423.82,820276.24,-112021.41,185620.25,2026-06-04
20260604,E02,SG Operations,SGD,-4982843.06,6588185.4,-422278.62,2049207.9,2026-06-04
20260604,E02,SG Operations,USD,30945.3,154552.76,41473.7,207420.36,2026-06-04
20260604,E03,Shanghai Mfg,CNY,-2221861.44,2554914.04,-415947.93,478297.71,2026-06-04
20260604,E03,Shanghai Mfg,USD,-40016.54,74752.5,-53735.99,100343.35,2026-06-04
20260604,E04,Shenzhen Sourcing,CNY,-3469396.68,4831991.7,-762180.75,1037374.49,2026-06-04
20260604,E04,Shenzhen Sourcing,USD,-1720.05,1720.05,-2307.9,2307.9,2026-06-04
20260604,E05,India Services,INR,-2600536.57,7505689.37,643.91,164405.19,2026-06-04
20260604,E06,Germany GmbH,EUR,-92817.26,471661.1,202272.41,356236.59,2026-06-04
20260604,E06,Germany GmbH,USD,464940.29,476405.49,623838.75,639222.31,2026-06-04
20260604,E07,Germany Sales Office,EUR,23144.22,24248.16,34120.27,35747.75,2026-06-04
20260604,E07,Germany Sales Office,USD,13769.88,13769.88,18475.89,18475.89,2026-06-04
20260604,E08,Netherlands BV,EUR,-204897.23,204897.23,-302068.93,302068.93,2026-06-04
20260604,E08,Netherlands BV,USD,-27337.25,104512.47,-36739.98,140290.68,2026-06-04
20260604,E09,UK Ltd,GBP,-238099.79,238099.79,-77865.73,77865.73,2026-06-04
20260604,E09,UK Ltd,USD,65190.85,65190.85,87470.54,87470.54,2026-06-04
20260604,E10,US Inc,USD,-2389460.89,2558167.51,-442417.89,668781.85,2026-06-04
20260604,E11,US West Distribution,USD,-279906.49,436436.87,-293680.21,503706.57,2026-06-04
20260605,E01,Group Treasury HQ,EUR,-310344.83,310344.83,-458526.41,458526.41,2026-06-05
20260605,E01,Group Treasury HQ,SGD,-38353.78,38353.78,-38353.78,38353.78,2026-06-05
20260605,E02,SG Operations,SGD,-78178.25,556526.45,86440.92,391907.28,2026-06-05
20260605,E02,SG Operations,USD,82293.89,90581.31,110493.54,121620.82,2026-06-05
20260605,E03,Shanghai Mfg,CNY,-1376175.26,1376175.26,-667587.67,667587.67,2026-06-05
20260605,E03,Shanghai Mfg,USD,-18918.96,18918.96,-25401.92,25401.92,2026-06-05
20260605,E04,Shenzhen Sourcing,CNY,-1093828.44,1220645.32,-354838.27,378590.05,2026-06-05
20260605,E04,Shenzhen Sourcing,USD,-73616.3,73616.3,-98842.4,98842.4,2026-06-05
20260605,E05,India Services,INR,246252.85,583510.63,157.02,13324.98,2026-06-05
20260605,E06,Germany GmbH,EUR,-1302818.1,1928636.1,-395518.24,1320148.04,2026-06-05
20260605,E06,Germany GmbH,USD,-3289.73,7405.79,-4417.02,9943.54,2026-06-05
20260605,E07,Germany Sales Office,EUR,-36507.48,36507.48,-53938.85,53938.85,2026-06-05
20260605,E08,Netherlands BV,EUR,-66275.19,66275.19,-85067.32,85067.32,2026-06-05
20260605,E08,Netherlands BV,USD,201527.31,201527.31,270584.67,270584.67,2026-06-05
20260605,E09,UK Ltd,GBP,57150.9,184318.96,38382.64,222512.72,2026-06-05
20260605,E09,UK Ltd,USD,-3105.01,3105.01,-4169.0,4169.0,2026-06-05
20260605,E10,US Inc,EUR,-218705.81,230959.33,-323132.14,341236.4,2026-06-05
20260605,E10,US Inc,USD,-902131.7,925537.92,-559623.94,591050.78,2026-06-05
20260605,E11,US West Distribution,USD,-179890.55,179890.55,-135739.89,135739.89,2026-06-05
20260607,E01,Group Treasury HQ,SGD,-15000.0,15000.0,-15000.0,15000.0,2026-06-07
20260607,E02,SG Operations,SGD,15000.0,15000.0,15000.0,15000.0,2026-06-07
20260607,E10,US Inc,USD,-14615.66,14615.66,-19614.38,19614.38,2026-06-07
20260608,E01,Group Treasury HQ,EUR,-334884.21,400722.69,-492500.47,589326.43,2026-06-08
20260608,E01,Group Treasury HQ,SGD,-267399.71,274835.39,-401846.54,411825.3,2026-06-08
20260608,E02,SG Operations,SGD,144762.84,225617.04,171939.24,252793.44,2026-06-08
20260608,E02,SG Operations,USD,336469.29,336469.29,451545.49,451545.49,2026-06-08
20260608,E03,Shanghai Mfg,CNY,6598644.69,6863731.59,1234580.02,1284176.72,2026-06-08
20260608,E03,Shanghai Mfg,EUR,21419.43,21419.43,31699.24,31699.24,2026-06-08
20260608,E03,Shanghai Mfg,USD,30672.57,30672.57,41162.93,41162.93,2026-06-08
20260608,E04,Shenzhen Sourcing,CNY,4324848.82,4702303.62,829249.37,899869.65,2026-06-08
20260608,E04,Shenzhen Sourcing,USD,184590.74,184590.74,247722.81,247722.81,2026-06-08
20260608,E05,India Services,INR,9716873.06,9901721.28,185431.83,188441.89,2026-06-08
20260608,E05,India Services,USD,154495.86,154495.86,207335.16,207335.16,2026-06-08
20260608,E06,Germany GmbH,EUR,267754.72,436781.36,364512.76,613093.28,2026-06-08
20260608,E06,Germany GmbH,USD,84184.77,84184.77,112976.89,112976.89,2026-06-08
20260608,E07,Germany Sales Office,EUR,98674.21,159517.17,145116.11,234595.35,2026-06-08
20260608,E07,Germany Sales Office,USD,152195.1,152195.1,204192.77,204192.77,2026-06-08
20260608,E08,Netherlands BV,EUR,311808.88,314501.0,462349.65,466308.83,2026-06-08
20260608,E08,Netherlands BV,USD,183899.89,183899.89,246795.67,246795.67,2026-06-08
20260608,E09,UK Ltd,EUR,134888.49,134888.49,198374.97,198374.97,2026-06-08
20260608,E09,UK Ltd,GBP,-176436.77,390584.61,-308067.79,681981.05,2026-06-08
20260608,E09,UK Ltd,USD,100552.22,100552.22,134942.19,134942.19,2026-06-08
20260608,E10,US Inc,EUR,465712.23,465712.23,684903.88,684903.88,2026-06-08
20260608,E10,US Inc,USD,816736.72,849560.9,1096122.81,1140066.93,2026-06-08
20260608,E11,US West Distribution,USD,218140.9,275623.3,297738.96,374880.98,2026-06-08
20260609,E01,Group Treasury HQ,EUR,-248923.15,386828.89,-368388.6,572479.3,2026-06-09
20260609,E01,Group Treasury HQ,SGD,3505643.3,3672643.3,3494018.44,3717524.22,2026-06-09
20260609,E01,Group Treasury HQ,USD,906716.42,906716.42,1213511.17,1213511.17,2026-06-09
20260609,E02,SG Operations,SGD,-3870585.01,4711569.31,-3089402.58,4273863.0,2026-06-09
20260609,E02,SG Operations,USD,-656375.21,1185428.87,-878465.01,1586528.21,2026-06-09
20260609,E03,Shanghai Mfg,CNY,265391.9,7398866.16,49612.9,1383158.84,2026-06-09
20260609,E03,Shanghai Mfg,EUR,-127320.87,127320.87,-188425.85,188425.85,2026-06-09
20260609,E03,Shanghai Mfg,USD,159942.32,160995.52,214060.09,215469.65,2026-06-09
20260609,E04,Shenzhen Sourcing,CNY,-2941262.86,3314001.96,-709207.26,805882.62,2026-06-09
20260609,E04,Shenzhen Sourcing,USD,71583.78,85910.04,95756.29,114883.79,2026-06-09
20260609,E05,India Services,INR,-3642548.61,8312239.31,-59417.25,135589.25,2026-06-09
20260609,E05,India Services,USD,62322.4,62322.4,83409.69,83409.69,2026-06-09
20260609,E06,Germany GmbH,EUR,649483.42,716247.92,951914.44,1050721.16,2026-06-09
20260609,E06,Germany GmbH,USD,262215.74,275963.84,350960.69,369316.27,2026-06-09
20260609,E07,Germany Sales Office,EUR,48846.13,51383.75,73408.15,77163.65,2026-06-09
20260609,E08,Netherlands BV,EUR,295100.31,446980.51,344520.36,569292.28,2026-06-09
20260609,E08,Netherlands BV,USD,139608.91,189033.05,186846.69,252993.89,2026-06-09
20260609,E09,UK Ltd,EUR,239253.4,239253.4,354078.05,354078.05,2026-06-09
20260609,E09,UK Ltd,GBP,-206.68,206.68,-361.41,361.41,2026-06-09
20260609,E09,UK Ltd,USD,-5043.91,76043.27,-6619.93,101642.49,2026-06-09
20260609,E10,US Inc,EUR,219279.11,219279.11,324517.52,324517.52,2026-06-09
20260609,E10,US Inc,USD,173678.35,800688.19,459768.27,844282.99,2026-06-09
20260609,E11,US West Distribution,USD,284785.76,419776.5,347431.74,509029.26,2026-06-09
20260610,E01,Group Treasury HQ,EUR,1617503.79,1617503.79,2411591.41,2411591.41,2026-06-10
20260610,E01,Group Treasury HQ,SGD,-188525.03,253702.39,-15824.24,81001.6,2026-06-10
20260610,E01,Group Treasury HQ,USD,660447.76,660447.76,881787.58,881787.58,2026-06-10
20260610,E02,SG Operations,SGD,235289.32,387000.32,397134.59,518981.55,2026-06-10
20260610,E02,SG Operations,USD,26558.59,26558.59,35459.33,35459.33,2026-06-10
20260610,E03,Shanghai Mfg,CNY,-1316962.25,1510678.57,-246429.97,282678.17,2026-06-10
20260610,E03,Shanghai Mfg,USD,49251.09,49251.09,65756.9,65756.9,2026-06-10
20260610,E04,Shenzhen Sourcing,CNY,-1141699.9,2607467.84,-227130.95,501405.45,2026-06-10
20260610,E05,India Services,EUR,6659.94,6659.94,9929.53,9929.53,2026-06-10
20260610,E05,India Services,INR,2104041.73,2421577.15,89983.36,95144.9,2026-06-10
20260610,E05,India Services,USD,8759.74,8759.74,11695.44,11695.44,2026-06-10
20260610,E06,Germany GmbH,EUR,-744780.49,1168821.69,-1013086.73,1645304.19,2026-06-10
20260610,E06,Germany GmbH,USD,-771063.14,865818.9,-1029784.77,1156296.59,2026-06-10
20260610,E07,Germany Sales Office,EUR,161207.12,303142.66,240349.19,451965.69,2026-06-10
20260610,E07,Germany Sales Office,USD,29475.48,29475.48,39353.78,39353.78,2026-06-10
20260610,E08,Netherlands BV,EUR,-234775.89,242810.77,-350035.37,362014.85,2026-06-10
20260610,E08,Netherlands BV,USD,38242.14,38242.14,51058.46,51058.46,2026-06-10
20260610,E09,UK Ltd,EUR,39716.28,39716.28,59214.35,59214.35,2026-06-10
20260610,E09,UK Ltd,GBP,-1482108.59,1775863.31,-50383.6,565609.98,2026-06-10
20260610,E09,UK Ltd,USD,2263.72,18977.36,3022.38,25337.36,2026-06-10
20260610,E10,US Inc,EUR,-627214.0,1001497.9,-935134.67,1493167.27,2026-06-10
20260610,E10,US Inc,USD,-294882.68,1313105.56,189784.3,1169681.7,2026-06-10
20260610,E11,US West Distribution,USD,142322.67,240869.21,189658.5,329317.92,2026-06-10
20260611,E01,Group Treasury HQ,EUR,-438833.58,438833.58,-654501.86,654501.86,2026-06-11
20260611,E01,Group Treasury HQ,GBP,-174418.6,174418.6,-305367.73,305367.73,2026-06-11
20260611,E01,Group Treasury HQ,SGD,-371403.18,433471.94,-64168.67,126237.43,2026-06-11
20260611,E02,SG Operations,SGD,-1893362.14,2121495.6,-387244.36,638301.06,2026-06-11
20260611,E02,SG Operations,USD,92594.68,95649.16,123990.57,128080.73,2026-06-11
20260611,E03,Shanghai Mfg,CNY,-2587232.01,4431682.33,-474646.82,841940.14,2026-06-11
20260611,E03,Shanghai Mfg,EUR,-867.68,867.68,-1294.11,1294.11,2026-06-11
20260611,E03,Shanghai Mfg,USD,-11067.44,11067.44,-14824.86,14824.86,2026-06-11
20260611,E04,Shenzhen Sourcing,CNY,-1404832.13,4060153.17,-326914.55,862711.17,2026-06-11
20260611,E05,India Services,EUR,-27142.03,27142.03,-40481.19,40481.19,2026-06-11
20260611,E05,India Services,INR,-1354012.01,1354012.01,-31796.29,31796.29,2026-06-11
20260611,E05,India Services,USD,-5229.63,5229.63,-7002.83,7002.83,2026-06-11
20260611,E06,Germany GmbH,EUR,107308.19,384657.35,317859.25,415886.69,2026-06-11
20260611,E06,Germany GmbH,USD,-16629.54,55560.9,-22268.08,74399.82,2026-06-11
20260611,E07,Germany Sales Office,EUR,53507.85,55485.93,79804.72,82754.94,2026-06-11
20260611,E08,Netherlands BV,EUR,-308900.87,929590.53,71862.55,853870.01,2026-06-11
20260611,E08,Netherlands BV,USD,36210.3,160944.08,48488.05,215515.07,2026-06-11
20260611,E09,UK Ltd,EUR,-7037.92,7037.92,-10496.76,10496.76,2026-06-11
20260611,E09,UK Ltd,GBP,122620.7,307533.26,184045.65,508006.57,2026-06-11
20260611,E09,UK Ltd,USD,25661.48,105074.68,34358.86,140705.74,2026-06-11
20260611,E10,US Inc,EUR,16150.01,102258.19,24087.06,152513.8,2026-06-11
20260611,E10,US Inc,USD,-1200684.4,1292002.98,-344046.39,466328.17,2026-06-11
20260611,E11,US West Distribution,USD,-841392.08,926457.92,-612257.04,726166.0,2026-06-11
20260612,E01,Group Treasury HQ,EUR,-279310.34,279310.34,-416150.35,416150.35,2026-06-12
20260612,E02,SG Operations,SGD,-75644.41,75644.41,-75644.41,75644.41,2026-06-12
20260612,E03,Shanghai Mfg,CNY,-244383.63,740360.03,-45819.23,138809.35,2026-06-12
20260612,E03,Shanghai Mfg,EUR,-4586.8,4586.8,-6833.97,6833.97,2026-06-12
20260612,E03,Shanghai Mfg,USD,-22498.54,89626.3,-30146.99,120095.03,2026-06-12
20260612,E04,Shenzhen Sourcing,CNY,552737.17,1037012.85,97114.69,200945.95,2026-06-12
20260612,E04,Shenzhen Sourcing,USD,1891.18,1891.18,2534.09,2534.09,2026-06-12
20260612,E05,India Services,INR,17729155.8,17841252.68,287744.18,289563.54,2026-06-12
20260612,E05,India Services,USD,53699.74,53699.74,71955.13,71955.13,2026-06-12
20260612,E06,Germany GmbH,EUR,-225849.18,810810.4,-285145.86,1156691.88,2026-06-12
20260612,E06,Germany GmbH,USD,46654.86,46654.86,62515.32,62515.32,2026-06-12
20260612,E07,Germany Sales Office,EUR,-80018.82,111544.1,-85992.19,141324.99,2026-06-12
20260612,E08,Netherlands BV,EUR,-68332.42,73837.4,-81928.5,91590.78,2026-06-12
20260612,E08,Netherlands BV,USD,-399.03,399.03,-534.68,534.68,2026-06-12
20260612,E09,UK Ltd,EUR,19115.21,19115.21,28480.15,28480.15,2026-06-12
20260612,E09,UK Ltd,GBP,-16270.46,16270.46,-28557.72,28557.72,2026-06-12
20260612,E09,UK Ltd,USD,646593.11,728295.89,866404.38,975882.26,2026-06-12
20260612,E10,US Inc,EUR,-40204.13,40204.13,-59900.98,59900.98,2026-06-12
20260612,E10,US Inc,USD,-1304397.97,2217067.07,-68954.69,1291888.39,2026-06-12
20260612,E11,US West Distribution,USD,-96052.85,126166.35,-131659.15,172009.83,2026-06-12
20260614,E01,Group Treasury HQ,SGD,-210000.0,210000.0,-210000.0,210000.0,2026-06-14
20260614,E02,SG Operations,SGD,210000.0,210000.0,210000.0,210000.0,2026-06-14
20260615,E01,Group Treasury HQ,SGD,-362763.5,458268.18,-347240.04,473791.64,2026-06-15
20260615,E01,Group Treasury HQ,USD,-347014.93,347014.93,-464912.55,464912.55,2026-06-15
20260615,E02,SG Operations,SGD,-494759.33,1476749.07,303423.8,702885.74,2026-06-15
20260615,E02,SG Operations,USD,514195.1,514195.1,688891.85,688891.85,2026-06-15
20260615,E03,Shanghai Mfg,CNY,3599409.84,3799016.2,674515.01,711920.47,2026-06-15
20260615,E03,Shanghai Mfg,USD,237678.97,237678.97,318429.93,318429.93,2026-06-15
20260615,E04,Shenzhen Sourcing,CNY,490915.97,674625.81,91995.69,126422.19,2026-06-15
20260615,E04,Shenzhen Sourcing,USD,42288.99,42288.99,56680.62,56680.62,2026-06-15
20260615,E05,India Services,INR,12184361.48,13868969.2,206209.16,233616.04,2026-06-15
20260615,E05,India Services,USD,817962.76,817962.76,1096054.96,1096054.96,2026-06-15
20260615,E06,Germany GmbH,EUR,-64000.87,162999.83,-95274.58,242648.88,2026-06-15
20260615,E06,Germany GmbH,USD,679615.36,679615.36,910513.32,910513.32,2026-06-15
20260615,E07,Germany Sales Office,EUR,78006.54,78130.08,116124.05,116307.95,2026-06-15
20260615,E07,Germany Sales Office,USD,159280.34,159280.34,213395.52,213395.52,2026-06-15
20260615,E08,Netherlands BV,EUR,-84750.45,106434.27,-126163.34,158442.84,2026-06-15
20260615,E08,Netherlands BV,USD,379256.24,379256.24,508107.79,508107.79,2026-06-15
20260615,E09,UK Ltd,EUR,7472.24,7472.24,11123.51,11123.51,2026-06-15
20260615,E09,UK Ltd,GBP,-189299.78,310731.86,-377161.67,498593.75,2026-06-15
20260615,E09,UK Ltd,USD,74932.18,74932.18,100390.23,100390.23,2026-06-15
20260615,E10,US Inc,EUR,204422.57,204422.57,304312.63,304312.63,2026-06-15
20260615,E10,US Inc,USD,-257450.36,906278.1,255022.56,614243.1,2026-06-15
20260615,E11,US West Distribution,USD,217075.14,228529.34,303935.93,319281.77,2026-06-15
20260616,E01,Group Treasury HQ,EUR,-962068.96,962068.96,-1437802.45,1437802.45,2026-06-16
20260616,E01,Group Treasury HQ,SGD,118990.63,232493.41,167858.53,190952.79,2026-06-16
20260616,E01,Group Treasury HQ,USD,828358.21,828358.21,1110875.57,1110875.57,2026-06-16
20260616,E02,SG Operations,SGD,-682395.23,1121741.99,-72225.62,575341.6,2026-06-16
20260616,E02,SG Operations,USD,-521658.0,1216142.44,-699511.32,1631018.42,2026-06-16
20260616,E03,Shanghai Mfg,CNY,159234.13,2693581.91,28645.21,505595.95,2026-06-16
20260616,E03,Shanghai Mfg,EUR,-2667.09,21454.19,-3985.94,32063.08,2026-06-16
20260616,E03,Shanghai Mfg,USD,99749.95,99749.95,133770.37,133770.37,2026-06-16
20260616,E04,Shenzhen Sourcing,CNY,1600801.22,2250946.92,264328.83,491442.25,2026-06-16
20260616,E04,Shenzhen Sourcing,USD,11249.44,11249.44,15086.14,15086.14,2026-06-16
20260616,E05,India Services,EUR,-12744.95,12744.95,-19047.2,19047.2,2026-06-16
20260616,E05,India Services,INR,3634034.85,6150065.95,-3926.88,163153.34,2026-06-16
20260616,E05,India Services,USD,47769.76,54524.0,64061.97,73119.79,2026-06-16
20260616,E06,Germany GmbH,EUR,1162637.39,1330171.95,1726904.19,1986435.39,2026-06-16
20260616,E06,Germany GmbH,USD,74546.41,74546.41,99970.99,99970.99,2026-06-16
20260616,E07,Germany Sales Office,EUR,178023.76,178071.6,266054.73,266126.23,2026-06-16
20260616,E07,Germany Sales Office,USD,272058.39,272058.39,364845.81,364845.81,2026-06-16
20260616,E08,Netherlands BV,EUR,-702585.01,1117776.59,-226751.2,852854.5,2026-06-16
20260616,E08,Netherlands BV,USD,65587.38,314214.2,87956.42,421379.16,2026-06-16
20260616,E09,UK Ltd,EUR,154053.98,155647.64,230232.13,232613.83,2026-06-16
20260616,E09,UK Ltd,GBP,-764.75,764.75,-1329.02,1329.02,2026-06-16
20260616,E09,UK Ltd,USD,48701.73,48701.73,65311.8,65311.8,2026-06-16
20260616,E10,US Inc,EUR,46680.49,46680.49,69763.52,69763.52,2026-06-16
20260616,E10,US Inc,USD,809443.75,887926.53,1085079.78,1191190.54,2026-06-16
20260616,E11,US West Distribution,USD,-243901.01,403358.37,-35854.73,257623.17,2026-06-16
20260617,E01,Group Treasury HQ,EUR,819398.3,819398.3,1214143.43,1214143.43,2026-06-17
20260617,E01,Group Treasury HQ,SGD,-259854.02,289998.86,-249069.27,300783.61,2026-06-17
20260617,E01,Group Treasury HQ,USD,1253731.34,1253731.34,1682721.85,1682721.85,2026-06-17
20260617,E02,SG Operations,SGD,-391770.85,1013989.61,212909.96,506112.42,2026-06-17
20260617,E02,SG Operations,USD,152420.94,152420.94,204574.96,204574.96,2026-06-17
20260617,E03,Shanghai Mfg,CNY,-186663.86,858683.82,-25816.98,168934.4,2026-06-17
20260617,E03,Shanghai Mfg,EUR,-40952.31,40952.31,-60681.09,60681.09,2026-06-17
20260617,E03,Shanghai Mfg,USD,-250091.13,264834.25,-335707.2,355410.7,2026-06-17
20260617,E04,Shenzhen Sourcing,CNY,2651120.69,4279671.21,408910.77,936798.59,2026-06-17
20260617,E04,Shenzhen Sourcing,USD,-15156.94,15156.94,-20256.55,20256.55,2026-06-17
20260617,E05,India Services,INR,10734135.15,10907866.19,174322.35,177143.75,2026-06-17
20260617,E05,India Services,USD,23689.87,40124.57,31795.85,53854.03,2026-06-17
20260617,E06,Germany GmbH,EUR,-907592.87,937752.05,-1344825.75,1389514.11,2026-06-17
20260617,E06,Germany GmbH,USD,-470149.25,470149.25,-631020.69,631020.69,2026-06-17
20260617,E07,Germany Sales Office,EUR,-442949.51,697980.09,-692945.15,997627.27,2026-06-17
20260617,E08,Netherlands BV,EUR,-1812490.53,1812490.53,-340837.95,340837.95,2026-06-17
20260617,E08,Netherlands BV,USD,54375.0,54375.0,72980.55,72980.55,2026-06-17
20260617,E09,UK Ltd,EUR,210725.66,210725.66,312242.75,312242.75,2026-06-17
20260617,E09,UK Ltd,GBP,-122202.21,209701.57,-90820.15,241395.63,2026-06-17
20260617,E09,UK Ltd,USD,16654.66,16654.66,22353.4,22353.4,2026-06-17
20260617,E10,US Inc,EUR,-381364.0,526983.02,-565086.1,780857.1,2026-06-17
20260617,E10,US Inc,USD,-1862816.83,2674414.67,96068.28,1055861.08,2026-06-17
20260617,E11,US West Distribution,USD,-322164.17,752432.07,-437252.79,1005036.67,2026-06-17
20260618,E01,Group Treasury HQ,EUR,-393103.45,393103.45,-578038.57,578038.57,2026-06-18
20260618,E01,Group Treasury HQ,SGD,-1671850.42,1726829.46,-279789.07,353266.03,2026-06-18
20260618,E02,SG Operations,SGD,-1743002.14,1752104.52,-525336.73,534439.11,2026-06-18
20260618,E02,SG Operations,USD,-77686.73,151402.29,-103824.74,202342.2,2026-06-18
20260618,E03,Shanghai Mfg,CNY,-7625661.73,8451498.53,-1458673.84,1612498.34,2026-06-18
20260618,E03,Shanghai Mfg,EUR,-3451.11,3451.11,-5074.68,5074.68,2026-06-18
20260618,E03,Shanghai Mfg,USD,-48880.46,48880.46,-65305.83,65305.83,2026-06-18
20260618,E04,Shenzhen Sourcing,CNY,-4941139.78,5554357.18,-920361.35,1034582.29,2026-06-18
20260618,E04,Shenzhen Sourcing,USD,8474.8,8474.8,11326.18,11326.18,2026-06-18
20260618,E05,India Services,EUR,-16216.18,16216.18,-23845.07,23845.07,2026-06-18
20260618,E05,India Services,INR,-5582737.76,20290422.74,-122470.0,361116.88,2026-06-18
20260618,E06,Germany GmbH,EUR,416319.78,453600.12,611931.46,667241.38,2026-06-18
20260618,E06,Germany GmbH,USD,-175932.06,175932.06,-235015.03,235015.03,2026-06-18
20260618,E07,Germany Sales Office,EUR,-570.9,570.9,-839.48,839.48,2026-06-18
20260618,E07,Germany Sales Office,USD,-113372.86,174236.32,-151492.1,232833.32,2026-06-18
20260618,E08,Netherlands BV,EUR,-190793.98,199706.56,-281592.59,294698.09,2026-06-18
20260618,E08,Netherlands BV,USD,7082.52,139491.46,9465.46,186423.92,2026-06-18
20260618,E09,UK Ltd,EUR,-36504.0,36504.0,-53677.27,53677.27,2026-06-18
20260618,E09,UK Ltd,GBP,-77430.52,77430.52,-132834.29,132834.29,2026-06-18
20260618,E09,UK Ltd,USD,-45742.96,93301.32,-61133.37,124692.93,2026-06-18
20260618,E10,US Inc,EUR,118877.31,216156.47,174868.01,317782.09,2026-06-18
20260618,E10,US Inc,USD,235815.79,568262.05,315598.47,759014.57,2026-06-18
20260618,E11,US West Distribution,USD,-31838.87,31838.87,-42495.59,42495.59,2026-06-18
20260619,E01,Group Treasury HQ,SGD,-112.53,112.53,-112.53,112.53,2026-06-19
20260619,E02,SG Operations,SGD,-320964.84,499610.52,-319481.63,501093.73,2026-06-19
20260619,E02,SG Operations,USD,99567.43,99567.43,132795.97,132795.97,2026-06-19
20260619,E05,India Services,INR,5697260.1,5866913.6,92477.92,95231.74,2026-06-19
20260619,E05,India Services,USD,5821.18,5821.18,7763.88,7763.88,2026-06-19
20260619,E06,Germany GmbH,EUR,-858562.46,868271.76,-1262540.66,1272249.96,2026-06-19
20260619,E06,Germany GmbH,USD,15801.2,186420.84,21074.52,248634.88,2026-06-19
20260619,E07,Germany Sales Office,EUR,51372.55,145313.95,75408.88,213303.88,2026-06-19
20260619,E08,Netherlands BV,EUR,-14843.25,14843.25,-21788.14,21788.14,2026-06-19
20260619,E08,Netherlands BV,USD,90786.95,102892.45,121085.2,137230.64,2026-06-19
20260619,E09,UK Ltd,EUR,-6753.65,6753.65,-9913.57,9913.57,2026-06-19
20260619,E09,UK Ltd,GBP,24278.0,36000.9,41336.11,61295.71,2026-06-19
20260619,E09,UK Ltd,USD,-27971.1,27971.1,-37305.87,37305.87,2026-06-19
20260619,E10,US Inc,EUR,-49956.69,49956.69,-73330.57,73330.57,2026-06-19
20260619,E10,US Inc,USD,-285025.4,285025.4,-380146.63,380146.63,2026-06-19
20260619,E11,US West Distribution,USD,-19772.68,19772.68,-27422.47,27422.47,2026-06-19
20260621,E01,Group Treasury HQ,SGD,-600000.0,600000.0,-600000.0,600000.0,2026-06-21
20260621,E02,SG Operations,SGD,600000.0,600000.0,600000.0,600000.0,2026-06-21
20260622,E01,Group Treasury HQ,EUR,-786206.9,786206.9,-1149183.68,1149183.68,2026-06-22
20260622,E01,Group Treasury HQ,GBP,-313953.49,313953.49,-532380.35,532380.35,2026-06-22
20260622,E01,Group Treasury HQ,SGD,-491152.81,679542.29,-459750.45,710944.65,2026-06-22
20260622,E02,SG Operations,SGD,591927.65,684832.81,642723.53,664499.79,2026-06-22
20260622,E02,SG Operations,USD,297078.57,297078.57,396053.89,396053.89,2026-06-22
20260622,E03,Shanghai Mfg,CNY,5047489.0,5189942.48,992018.69,1018546.53,2026-06-22
20260622,E03,Shanghai Mfg,EUR,12024.5,12024.5,17575.98,17575.98,2026-06-22
20260622,E03,Shanghai Mfg,USD,-31654.87,77108.75,-42207.88,102815.02,2026-06-22
20260622,E04,Shenzhen Sourcing,CNY,578325.31,4939820.35,113831.61,925834.59,2026-06-22
20260622,E04,Shenzhen Sourcing,USD,120002.6,149059.4,159932.11,198675.77,2026-06-22
20260622,E05,India Services,EUR,91465.84,91465.84,133693.88,133693.88,2026-06-22
20260622,E05,India Services,INR,21101433.88,36203164.12,343235.93,588880.69,2026-06-22
20260622,E05,India Services,USD,300887.92,300887.92,401118.85,401118.85,2026-06-22
20260622,E06,Germany GmbH,EUR,490410.16,864555.08,734063.78,1246463.18,2026-06-22
20260622,E06,Germany GmbH,USD,411269.64,411269.64,548377.48,548377.48,2026-06-22
20260622,E07,Germany Sales Office,EUR,54947.27,55543.65,80315.38,81187.1,2026-06-22
20260622,E07,Germany Sales Office,USD,312040.03,312040.03,416067.01,416067.01,2026-06-22
20260622,E08,Netherlands BV,EUR,97144.71,209718.95,200298.19,256979.47,2026-06-22
20260622,E08,Netherlands BV,USD,313127.78,313127.78,417064.44,417064.44,2026-06-22
20260622,E09,UK Ltd,EUR,4749.95,4749.95,6942.91,6942.91,2026-06-22
20260622,E09,UK Ltd,GBP,201958.66,533897.68,429758.64,742951.42,2026-06-22
20260622,E09,UK Ltd,USD,213218.97,213218.97,284301.27,284301.27,2026-06-22
20260622,E10,US Inc,EUR,394403.7,394403.7,576492.39,576492.39,2026-06-22
20260622,E10,US Inc,USD,798594.31,2120840.29,1644140.37,2228025.91,2026-06-22
20260622,E11,US West Distribution,USD,-463166.14,1499595.72,429114.48,998092.72,2026-06-22
20260623,E01,Group Treasury HQ,EUR,-613058.02,613058.02,-889588.26,889588.26,2026-06-23
20260623,E01,Group Treasury HQ,SGD,-117400.52,570181.44,-51189.67,516621.59,2026-06-23
20260623,E01,Group Treasury HQ,USD,514925.37,649253.73,685225.09,863979.47,2026-06-23
20260623,E02,SG Operations,SGD,-1575725.97,2025122.69,-204191.14,738004.28,2026-06-23
20260623,E02,SG Operations,USD,-453102.53,748042.65,-602955.77,995440.55,2026-06-23
20260623,E03,Shanghai Mfg,CNY,-823635.88,5543439.68,-153210.29,1031174.01,2026-06-23
20260623,E03,Shanghai Mfg,EUR,-25002.06,25002.06,-36279.66,36279.66,2026-06-23
20260623,E03,Shanghai Mfg,USD,674315.51,879841.01,897329.85,1170828.19,2026-06-23
20260623,E04,Shenzhen Sourcing,CNY,-813387.33,2449585.85,-157856.93,462217.69,2026-06-23
20260623,E04,Shenzhen Sourcing,USD,90684.56,139221.52,120676.39,185265.83,2026-06-23
20260623,E05,India Services,EUR,-22545.53,22545.53,-32715.07,32715.07,2026-06-23
20260623,E05,India Services,INR,9236138.66,9449045.24,150142.67,153603.69,2026-06-23
20260623,E05,India Services,USD,125825.8,262838.4,167504.29,349830.65,2026-06-23
20260623,E06,Germany GmbH,EUR,709907.63,918834.89,1020609.52,1325630.76,2026-06-23
20260623,E06,Germany GmbH,USD,140702.02,140702.02,187235.98,187235.98,2026-06-23
20260623,E07,Germany Sales Office,EUR,945340.11,947757.11,1310318.84,1313826.08,2026-06-23
20260623,E07,Germany Sales Office,USD,83918.33,83918.33,111672.39,111672.39,2026-06-23
20260623,E08,Netherlands BV,EUR,-39984.94,335130.76,29117.73,403982.01,2026-06-23
20260623,E08,Netherlands BV,USD,72444.04,72444.04,96403.24,96403.24,2026-06-23
20260623,E09,UK Ltd,EUR,36591.97,36591.97,53097.4,53097.4,2026-06-23
20260623,E09,UK Ltd,GBP,2548.39,4291.23,4339.41,7307.15,2026-06-23
20260623,E09,UK Ltd,USD,41582.86,41582.86,55335.43,55335.43,2026-06-23
20260623,E10,US Inc,EUR,73089.45,107235.69,106057.69,155606.17,2026-06-23
20260623,E10,US Inc,USD,219296.15,227206.83,283607.47,294134.43,2026-06-23
20260623,E11,US West Distribution,USD,1098373.55,1114929.07,1488735.49,1510776.17,2026-06-23
20260624,E01,Group Treasury HQ,EUR,372413.8,372413.8,539403.02,539403.02,2026-06-24
20260624,E01,Group Treasury HQ,SGD,-17425.32,87616.24,27333.76,53171.54,2026-06-24
20260624,E01,Group Treasury HQ,USD,2820895.52,2820895.52,3758668.39,3758668.39,2026-06-24
20260624,E02,SG Operations,SGD,-754958.94,1298738.0,75245.62,483475.28,2026-06-24
20260624,E02,SG Operations,USD,36221.5,36221.5,48262.91,48262.91,2026-06-24
20260624,E03,Shanghai Mfg,CNY,-533033.07,1172866.55,-98854.18,217515.14,2026-06-24
20260624,E03,Shanghai Mfg,USD,-708978.33,746245.55,-944669.67,994325.93,2026-06-24
20260624,E04,Shenzhen Sourcing,CNY,1666630.05,1777488.77,309086.54,329645.96,2026-06-24
20260624,E04,Shenzhen Sourcing,USD,-447761.19,447761.19,-596614.03,596614.03,2026-06-24
20260624,E05,India Services,INR,299865.65,393845.03,16494.55,18021.99,2026-06-24
20260624,E05,India Services,USD,13591.35,21542.01,18109.63,28703.39,2026-06-24
20260624,E06,Germany GmbH,EUR,-203948.45,341444.99,-307271.85,482674.35,2026-06-24
20260624,E06,Germany GmbH,USD,-705223.88,705223.88,-939667.1,939667.1,2026-06-24
20260624,E07,Germany Sales Office,EUR,-516.01,516.01,-747.39,747.39,2026-06-24
20260624,E07,Germany Sales Office,USD,30613.78,30613.78,40790.96,40790.96,2026-06-24
20260624,E08,Netherlands BV,EUR,-5022.72,42726.4,-11587.76,57571.92,2026-06-24
20260624,E08,Netherlands BV,USD,-2255.47,9570.19,-3005.27,12751.69,2026-06-24
20260624,E09,UK Ltd,EUR,75914.88,75914.88,109954.88,109954.88,2026-06-24
20260624,E09,UK Ltd,GBP,-87647.06,211011.44,-11910.58,221076.74,2026-06-24
20260624,E09,UK Ltd,USD,87808.49,87808.49,116999.37,116999.37,2026-06-24
20260624,E10,US Inc,EUR,-113359.09,259054.71,-164188.96,375214.06,2026-06-24
20260624,E10,US Inc,USD,-9523.94,264178.68,-12690.05,352001.69,2026-06-24
20260624,E11,US West Distribution,USD,-796169.06,1120302.44,-1060845.89,1492733.53,2026-06-24
20260625,E01,Group Treasury HQ,SGD,-1181323.84,1333729.92,-183498.34,335904.42,2026-06-25
20260625,E02,SG Operations,SGD,-1964116.15,2118397.39,-585256.26,739537.5,2026-06-25
20260625,E02,SG Operations,USD,-128565.23,128565.23,-171267.14,171267.14,2026-06-25
20260625,E03,Shanghai Mfg,CNY,-4946697.51,4986943.89,-913913.29,954159.67,2026-06-25
20260625,E03,Shanghai Mfg,EUR,-14160.45,14160.45,-20412.74,20412.74,2026-06-25
20260625,E03,Shanghai Mfg,USD,-6204.42,6204.42,-8265.17,8265.17,2026-06-25
20260625,E04,Shenzhen Sourcing,CNY,-3567421.71,3701347.27,-683003.66,707828.78,2026-06-25
20260625,E04,Shenzhen Sourcing,USD,-11055.5,55105.9,-14727.5,73408.88,2026-06-25
20260625,E05,India Services,EUR,-15817.63,29632.57,-22801.62,42716.3,2026-06-25
20260625,E05,India Services,INR,-2047213.89,6339799.45,-49934.89,119612.13,2026-06-25
20260625,E05,India Services,USD,-9748.21,47746.37,-12986.0,63604.94,2026-06-25
20260625,E06,Germany GmbH,EUR,-156794.37,176065.29,-176525.77,205100.31,2026-06-25
20260625,E06,Germany GmbH,USD,21757.33,58472.81,28959.46,77918.48,2026-06-25
20260625,E07,Germany Sales Office,EUR,-68324.4,68324.4,-75354.34,75354.34,2026-06-25
20260625,E07,Germany Sales Office,USD,2550.63,8594.85,3397.8,11449.56,2026-06-25
20260625,E08,Netherlands BV,EUR,-125804.97,125804.97,-106225.86,106225.86,2026-06-25
20260625,E08,Netherlands BV,USD,19194.6,58644.98,25507.83,78185.55,2026-06-25
20260625,E09,UK Ltd,EUR,-48227.51,48227.51,-69521.5,69521.5,2026-06-25
20260625,E09,UK Ltd,GBP,23662.83,42447.73,40498.98,72649.38,2026-06-25
20260625,E09,UK Ltd,USD,-91837.68,193678.3,-122340.84,258007.0,2026-06-25
20260625,E10,US Inc,EUR,21351.74,36257.46,30779.21,52266.29,2026-06-25
20260625,E10,US Inc,USD,-4418430.58,4607127.1,-998059.18,1249429.74,2026-06-25
20260625,E11,US West Distribution,USD,92908.01,218439.33,128341.13,286417.73,2026-06-25
20260626,E01,Group Treasury HQ,EUR,-331034.48,331034.48,-479712.99,479712.99,2026-06-26
20260626,E01,Group Treasury HQ,SGD,-42182.55,42182.55,-42182.55,42182.55,2026-06-26
20260626,E02,SG Operations,SGD,-984223.52,1043301.42,-692345.96,751423.86,2026-06-26
20260626,E03,Shanghai Mfg,CNY,-86602.13,1492869.01,4144.01,296730.01,2026-06-26
20260626,E04,Shenzhen Sourcing,CNY,2121800.32,2746863.12,620069.85,813597.21,2026-06-26
20260626,E04,Shenzhen Sourcing,USD,-28282.5,28282.5,-37772.04,37772.04,2026-06-26
20260626,E06,Germany GmbH,EUR,-1884466.46,2546535.42,-1262001.09,2221427.07,2026-06-26
20260626,E06,Germany GmbH,USD,-29058.74,29058.74,-38808.73,38808.73,2026-06-26
20260626,E07,Germany Sales Office,EUR,-776011.93,835912.91,-429025.59,515830.07,2026-06-26
20260626,E07,Germany Sales Office,USD,27225.8,93497.36,36360.79,124868.25,2026-06-26
20260626,E08,Netherlands BV,EUR,-794195.81,794195.81,-246677.18,246677.18,2026-06-26
20260626,E09,UK Ltd,EUR,-7984.73,7984.73,-11570.94,11570.94,2026-06-26
20260626,E09,UK Ltd,GBP,-1193458.26,1286258.5,-241861.36,400733.14,2026-06-26
20260626,E10,US Inc,EUR,-374018.4,471461.86,-542002.39,683210.93,2026-06-26
20260626,E10,US Inc,USD,-2386264.88,2571133.74,-971778.12,1218675.46,2026-06-26
20260626,E11,US West Distribution,USD,-280605.05,764289.69,-390962.23,1036936.13,2026-06-26
20260628,E01,Group Treasury HQ,SGD,-630000.0,630000.0,-630000.0,630000.0,2026-06-28
20260628,E02,SG Operations,SGD,630000.0,630000.0,630000.0,630000.0,2026-06-28
20260629,E01,Group Treasury HQ,EUR,-397310.51,450965.35,-575820.04,653437.72,2026-06-29
20260629,E01,Group Treasury HQ,SGD,-641947.14,1046648.64,-597044.71,1093686.11,2026-06-29
20260629,E01,Group Treasury HQ,USD,-134328.36,134328.36,-179093.01,179093.01,2026-06-29
20260629,E02,SG Operations,SGD,984989.98,1123585.24,1023595.72,1205570.14,2026-06-29
20260629,E02,SG Operations,USD,90019.89,90019.89,120018.84,120018.84,2026-06-29
20260629,E03,Shanghai Mfg,CNY,2333433.47,2366197.73,432373.68,438444.46,2026-06-29
20260629,E03,Shanghai Mfg,USD,-39019.09,97379.17,-52071.39,129781.31,2026-06-29
20260629,E04,Shenzhen Sourcing,CNY,2638238.82,2659668.82,488852.43,492823.33,2026-06-29
20260629,E04,Shenzhen Sourcing,USD,14265.83,14265.83,19019.89,19019.89,2026-06-29
20260629,E05,India Services,INR,18129840.85,18666250.43,300910.32,309583.52,2026-06-29
20260629,E05,India Services,USD,110285.14,110285.14,147037.45,147037.45,2026-06-29
20260629,E06,Germany GmbH,EUR,-502024.49,1100775.17,260257.4,609097.96,2026-06-29
20260629,E06,Germany GmbH,USD,161050.51,161050.51,214720.26,214720.26,2026-06-29
20260629,E07,Germany Sales Office,EUR,-622.22,622.22,-901.67,901.67,2026-06-29
20260629,E07,Germany Sales Office,USD,216754.06,216754.06,288986.92,288986.92,2026-06-29
20260629,E08,Netherlands BV,EUR,444552.98,500187.98,644212.85,724834.91,2026-06-29
20260629,E08,Netherlands BV,USD,308230.82,308230.82,410948.12,410948.12,2026-06-29
20260629,E09,UK Ltd,EUR,162310.45,162310.45,235208.12,235208.12,2026-06-29
20260629,E09,UK Ltd,GBP,-75634.34,122928.04,-145624.1,192917.8,2026-06-29
20260629,E09,UK Ltd,USD,286941.51,286941.51,382564.19,382564.19,2026-06-29
20260629,E10,US Inc,EUR,72162.84,72162.84,104572.98,104572.98,2026-06-29
20260629,E10,US Inc,USD,236588.07,455083.75,315430.57,606739.49,2026-06-29
20260629,E11,US West Distribution,USD,496959.92,498979.56,628703.19,631395.87,2026-06-29
20260630,E01,Group Treasury HQ,EUR,-69686.26,240658.56,-100808.92,348139.32,2026-06-30
20260630,E01,Group Treasury HQ,SGD,487286.96,637736.84,548176.09,576847.71,2026-06-30
20260630,E01,Group Treasury HQ,USD,201492.54,201492.54,268259.71,268259.71,2026-06-30
20260630,E02,SG Operations,SGD,-170495.57,959435.59,-13394.96,1116536.2,2026-06-30
20260630,E02,SG Operations,USD,-98058.33,304926.75,-130557.22,405962.2,2026-06-30
20260630,E03,Shanghai Mfg,CNY,-591885.93,3245970.25,-103048.36,607451.86,2026-06-30
20260630,E03,Shanghai Mfg,EUR,-238026.0,238026.0,-344331.04,344331.04,2026-06-30
20260630,E03,Shanghai Mfg,USD,-77460.3,110828.04,-103125.64,147550.22,2026-06-30
20260630,E04,Shenzhen Sourcing,CNY,-494969.23,3551578.37,-33869.52,715263.8,2026-06-30
20260630,E04,Shenzhen Sourcing,USD,96867.06,114550.34,128964.19,152507.05,2026-06-30
20260630,E05,India Services,INR,6092605.46,16932960.58,257925.83,433409.47,2026-06-30
20260630,E05,India Services,USD,149984.31,149984.31,199683.56,199683.56,2026-06-30
20260630,E06,Germany GmbH,EUR,391359.7,518387.14,507373.14,692938.64,2026-06-30
20260630,E06,Germany GmbH,USD,175990.84,253636.8,234311.21,337679.13,2026-06-30
20260630,E07,Germany Sales Office,EUR,85112.07,149416.67,123124.06,216147.8,2026-06-30
20260630,E07,Germany Sales Office,USD,118926.33,118926.33,158334.11,158334.11,2026-06-30
20260630,E08,Netherlands BV,EUR,-109981.3,261137.28,45970.38,195737.64,2026-06-30
20260630,E08,Netherlands BV,USD,177690.69,200643.85,236570.82,267129.8,2026-06-30
20260630,E09,UK Ltd,EUR,239865.71,286882.57,346992.37,415007.47,2026-06-30
20260630,E09,UK Ltd,GBP,167745.53,168163.83,214711.47,215430.47,2026-06-30
20260630,E09,UK Ltd,USD,134388.37,134388.37,178919.7,178919.7,2026-06-30
20260630,E10,US Inc,EUR,145418.58,145418.58,210364.13,210364.13,2026-06-30
20260630,E10,US Inc,USD,-489915.78,1915944.94,533295.42,1365267.02,2026-06-30
20260630,E11,US West Distribution,USD,796860.65,1325898.77,1399395.09,1534386.23,2026-06-30
20260701,E01,Group Treasury HQ,EUR,413793.1,413793.1,598216.14,598216.14,2026-07-01
20260701,E01,Group Treasury HQ,SGD,-256545.59,374370.51,-247093.12,383822.98,2026-07-01
20260701,E01,Group Treasury HQ,USD,1029850.75,1029850.75,1371005.28,1371005.28,2026-07-01
20260701,E02,SG Operations,SGD,212776.08,1145332.4,482790.86,906971.76,2026-07-01
20260701,E03,Shanghai Mfg,CNY,8886048.24,9371957.44,1642808.15,1732640.63,2026-07-01
20260701,E03,Shanghai Mfg,EUR,-8791.98,8791.98,-12710.47,12710.47,2026-07-01
20260701,E03,Shanghai Mfg,USD,83191.7,83191.7,110701.34,110701.34,2026-07-01
20260701,E04,Shenzhen Sourcing,CNY,1616259.47,2138636.43,5897.51,688288.87,2026-07-01
20260701,E04,Shenzhen Sourcing,USD,-5983.36,31714.36,-7965.45,42220.25,2026-07-01
20260701,E05,India Services,EUR,2320.33,2320.33,3354.48,3354.48,2026-07-01
20260701,E05,India Services,INR,-4313018.45,20631659.13,-22881.15,380495.57,2026-07-01
20260701,E05,India Services,USD,11805.73,11805.73,15716.57,15716.57,2026-07-01
20260701,E06,Germany GmbH,EUR,-281466.32,498213.8,-410138.96,717036.0,2026-07-01
20260701,E06,Germany GmbH,USD,55446.93,55446.93,73814.61,73814.61,2026-07-01
20260701,E07,Germany Sales Office,EUR,62980.38,152040.16,91050.02,219802.8,2026-07-01
20260701,E08,Netherlands BV,EUR,4339.71,9230.97,6273.86,13345.12,2026-07-01
20260701,E08,Netherlands BV,USD,49908.37,185486.13,66441.32,246931.38,2026-07-01
20260701,E09,UK Ltd,GBP,441668.11,685866.13,488059.7,685610.78,2026-07-01
20260701,E09,UK Ltd,USD,107585.8,107585.8,143225.31,143225.31,2026-07-01
20260701,E10,US Inc,EUR,-152798.22,375936.58,-220898.7,543487.38,2026-07-01
20260701,E10,US Inc,USD,-22541.23,471142.93,55800.95,541407.25,2026-07-01
20260701,E11,US West Distribution,USD,-1284307.0,1386029.28,-1752545.58,1887965.0,2026-07-01
20260702,E01,Group Treasury HQ,EUR,-80344.53,105862.37,-116624.1,153664.52,2026-07-02
20260702,E01,Group Treasury HQ,SGD,-5801441.95,5850375.67,-1240415.24,1289348.96,2026-07-02
20260702,E01,Group Treasury HQ,USD,-67164.18,67164.18,-89353.88,89353.88,2026-07-02
20260702,E02,SG Operations,SGD,-2859195.47,3252637.55,-546496.41,939938.49,2026-07-02
20260702,E02,SG Operations,USD,-28480.97,28480.97,-37890.51,37890.51,2026-07-02
20260702,E03,Shanghai Mfg,CNY,-3903096.07,3903096.07,-721682.46,721682.46,2026-07-02
20260702,E03,Shanghai Mfg,EUR,-14683.12,14683.12,-21313.29,21313.29,2026-07-02
20260702,E03,Shanghai Mfg,USD,-7875.05,7875.05,-10476.81,10476.81,2026-07-02
20260702,E04,Shenzhen Sourcing,CNY,-1932298.24,4596871.04,-357281.94,849961.46,2026-07-02
20260702,E04,Shenzhen Sourcing,USD,-15938.94,15938.94,-21204.85,21204.85,2026-07-02
20260702,E05,India Services,EUR,-48202.24,48202.24,-69967.96,69967.96,2026-07-02
20260702,E05,India Services,INR,-5255587.17,5255587.17,-90039.55,90039.55,2026-07-02
20260702,E05,India Services,USD,79701.55,79701.55,106033.35,106033.35,2026-07-02
20260702,E06,Germany GmbH,EUR,-34394.38,34394.38,-51948.0,51948.0,2026-07-02
20260702,E06,Germany GmbH,USD,-180337.16,180337.16,-239916.95,239916.95,2026-07-02
20260702,E07,Germany Sales Office,EUR,286892.06,288959.82,416438.17,419439.63,2026-07-02
20260702,E07,Germany Sales Office,USD,108395.01,108395.01,144206.55,144206.55,2026-07-02
20260702,E08,Netherlands BV,EUR,-600011.72,786218.62,-498713.17,769001.79,2026-07-02
20260702,E08,Netherlands BV,USD,-166030.7,189274.2,-220921.54,251844.22,2026-07-02
20260702,E09,UK Ltd,EUR,-42599.31,42599.31,-61835.04,61835.04,2026-07-02
20260702,E09,UK Ltd,GBP,208909.26,306679.08,281562.43,448204.53,2026-07-02
20260702,E09,UK Ltd,USD,7006.43,39543.87,9272.44,52657.14,2026-07-02
20260702,E10,US Inc,USD,-422145.99,616932.45,27637.15,238314.29,2026-07-02
20260702,E11,US West Distribution,USD,-19303.85,237664.37,-30815.37,321317.83,2026-07-02
20260703,E01,Group Treasury HQ,SGD,-8348.74,51203.26,-8348.74,51203.26,2026-07-03
20260703,E02,SG Operations,SGD,-878519.58,1020883.26,-864537.2,1034865.64,2026-07-03
20260703,E03,Shanghai Mfg,CNY,2018626.32,3506675.82,373722.41,649215.43,2026-07-03
20260703,E03,Shanghai Mfg,EUR,-21033.92,21033.92,-30744.31,30744.31,2026-07-03
20260703,E03,Shanghai Mfg,USD,-17585.12,17585.12,-23447.61,23447.61,2026-07-03
20260703,E04,Shenzhen Sourcing,CNY,-100571.69,100571.69,-42750.71,42750.71,2026-07-03
20260703,E04,Shenzhen Sourcing,USD,18454.03,49671.17,24606.2,66230.44,2026-07-03
20260703,E05,India Services,INR,10208017.57,10847421.99,120700.95,220881.43,2026-07-03
20260703,E06,Germany GmbH,EUR,-947407.4,980190.7,-495222.5,543140.34,2026-07-03
20260703,E06,Germany GmbH,USD,-90161.81,90161.81,-120219.77,120219.77,2026-07-03
20260703,E07,Germany Sales Office,EUR,-177594.13,177594.13,-122742.21,122742.21,2026-07-03
20260703,E08,Netherlands BV,EUR,-1161077.21,1161077.21,-258084.07,258084.07,2026-07-03
20260703,E09,UK Ltd,GBP,-424350.73,430335.49,-203565.21,209549.97,2026-07-03
20260703,E09,UK Ltd,USD,78090.2,102838.14,104123.76,137122.12,2026-07-03
20260703,E10,US Inc,EUR,-56608.19,56608.19,-82741.58,82741.58,2026-07-03
20260703,E10,US Inc,USD,-654255.66,654255.66,-317746.73,317746.73,2026-07-03
20260703,E11,US West Distribution,USD,-1576479.06,1576479.06,-432549.92,432549.92,2026-07-03
20260704,E06,Germany GmbH,EUR,-20704.2,20704.2,-30262.38,30262.38,2026-07-04
20260705,E01,Group Treasury HQ,SGD,-690000.0,690000.0,-690000.0,690000.0,2026-07-05
20260705,E02,SG Operations,SGD,690000.0,690000.0,690000.0,690000.0,2026-07-05
20260705,E09,UK Ltd,GBP,-10564.98,10564.98,-18085.79,18085.79,2026-07-05
20260706,E01,Group Treasury HQ,EUR,-196551.72,196551.72,-288019.82,288019.82,2026-07-06
20260706,E01,Group Treasury HQ,SGD,-165454.85,165454.85,-165454.85,165454.85,2026-07-06
20260706,E02,SG Operations,SGD,-430914.02,897510.14,109604.4,356991.72,2026-07-06
20260706,E02,SG Operations,USD,145578.84,145578.84,194780.99,194780.99,2026-07-06
20260706,E03,Shanghai Mfg,CNY,4155458.62,4214208.44,770792.3,781688.92,2026-07-06
20260706,E03,Shanghai Mfg,USD,106861.76,106861.76,143012.19,143012.19,2026-07-06
20260706,E04,Shenzhen Sourcing,CNY,2344014.22,2366822.52,434788.86,439019.54,2026-07-06
20260706,E04,Shenzhen Sourcing,USD,47578.72,47578.72,63659.19,63659.19,2026-07-06
20260706,E05,India Services,INR,15267654.64,15380474.26,285390.39,287220.89,2026-07-06
20260706,E05,India Services,USD,8908.76,8908.76,11919.71,11919.71,2026-07-06
20260706,E06,Germany GmbH,EUR,76722.38,425643.04,111595.97,622891.75,2026-07-06
20260706,E06,Germany GmbH,USD,289871.05,289871.05,387840.49,387840.49,2026-07-06
20260706,E07,Germany Sales Office,EUR,64925.89,67658.23,95140.07,99143.93,2026-07-06
20260706,E07,Germany Sales Office,USD,18791.84,18791.84,25143.03,25143.03,2026-07-06
20260706,E08,Netherlands BV,EUR,172335.32,204110.14,245549.59,292111.27,2026-07-06
20260706,E08,Netherlands BV,USD,263639.39,263639.39,352743.18,352743.18,2026-07-06
20260706,E09,UK Ltd,GBP,25228.07,194857.13,-34953.37,255038.57,2026-07-06
20260706,E09,UK Ltd,USD,421811.59,434525.21,564373.79,581384.31,2026-07-06
20260706,E10,US Inc,EUR,299412.09,299412.09,438747.7,438747.7,2026-07-06
20260706,E10,US Inc,USD,112117.97,559196.85,150011.14,748191.96,2026-07-06
20260706,E11,US West Distribution,USD,593035.07,635358.93,820986.66,877614.96,2026-07-06
20260707,E01,Group Treasury HQ,EUR,-785970.27,803478.01,-1154452.79,1180168.59,2026-07-07
20260707,E01,Group Treasury HQ,SGD,-425980.98,1413616.48,-384556.48,1483052.04,2026-07-07
20260707,E01,Group Treasury HQ,USD,-123134.33,570895.53,-164798.55,764066.01,2026-07-07
20260707,E02,SG Operations,SGD,-3932852.39,4783042.43,-592810.33,1571139.89,2026-07-07
20260707,E02,SG Operations,USD,-106362.94,341398.26,-142352.33,456915.13,2026-07-07
20260707,E03,Shanghai Mfg,CNY,505261.8,2912980.98,93808.44,540832.76,2026-07-07
20260707,E03,Shanghai Mfg,EUR,7333.67,7333.67,10771.88,10771.88,2026-07-07
20260707,E03,Shanghai Mfg,USD,378117.53,378117.53,504726.09,504726.09,2026-07-07
20260707,E04,Shenzhen Sourcing,CNY,-11399.38,1361107.78,6640.34,261464.14,2026-07-07
20260707,E04,Shenzhen Sourcing,USD,431348.98,473688.0,577366.15,633902.73,2026-07-07
20260707,E05,India Services,EUR,35063.44,35063.44,51502.06,51502.06,2026-07-07
20260707,E05,India Services,INR,-334583.55,1935446.11,-12576.44,38628.86,2026-07-07
20260707,E05,India Services,USD,172920.68,200350.32,231430.81,268141.65,2026-07-07
20260707,E06,Germany GmbH,EUR,779519.27,846222.91,1144977.39,1242953.35,2026-07-07
20260707,E06,Germany GmbH,USD,83067.64,83067.64,111174.73,111174.73,2026-07-07
20260707,E07,Germany Sales Office,EUR,-157567.02,176652.48,-231438.38,259471.58,2026-07-07
20260707,E07,Germany Sales Office,USD,-15099.91,32903.09,-20209.17,44036.31,2026-07-07
20260707,E08,Netherlands BV,EUR,-16031.9,514609.04,-52722.63,726836.43,2026-07-07
20260707,E08,Netherlands BV,USD,284350.09,284350.09,380563.93,380563.93,2026-07-07
20260707,E09,UK Ltd,EUR,66265.99,66265.99,97333.13,97333.13,2026-07-07
20260707,E09,UK Ltd,GBP,-9807.68,9807.68,-16704.19,16704.19,2026-07-07
20260707,E09,UK Ltd,USD,535197.02,535197.02,716288.43,716288.43,2026-07-07
20260707,E10,US Inc,EUR,155519.75,155519.75,228431.29,228431.29,2026-07-07
20260707,E10,US Inc,USD,689903.74,2005671.0,1467250.15,2097005.23,2026-07-07
20260707,E11,US West Distribution,USD,388651.88,588877.64,505433.83,711006.73,2026-07-07
20260708,E01,Group Treasury HQ,EUR,453506.9,518906.9,664151.78,759928.78,2026-07-08
20260708,E01,Group Treasury HQ,SGD,-232332.66,335161.02,-294598.54,397426.9,2026-07-08
20260708,E01,Group Treasury HQ,USD,1533582.09,1533582.09,2043832.46,2043832.46,2026-07-08
20260708,E02,SG Operations,SGD,189029.28,429259.44,219190.85,459421.01,2026-07-08
20260708,E02,SG Operations,USD,38375.61,38375.61,51149.09,51149.09,2026-07-08
20260708,E03,Shanghai Mfg,CNY,-642456.27,752788.21,-119532.84,140060.76,2026-07-08
20260708,E03,Shanghai Mfg,EUR,-41542.55,48298.69,-60838.23,70732.47,2026-07-08
20260708,E03,Shanghai Mfg,USD,-228475.58,689434.86,-304493.53,918822.25,2026-07-08
20260708,E04,Shenzhen Sourcing,CNY,969688.29,1011302.85,180416.34,188158.94,2026-07-08
20260708,E04,Shenzhen Sourcing,USD,36812.95,36812.95,49118.35,49118.35,2026-07-08
20260708,E05,India Services,INR,-172812.13,172812.13,-71001.93,71001.93,2026-07-08
20260708,E05,India Services,USD,30752.11,58601.09,40956.61,78126.01,2026-07-08
20260708,E06,Germany GmbH,EUR,136521.25,656798.29,296011.17,869146.93,2026-07-08
20260708,E06,Germany GmbH,USD,-373479.64,534487.38,-498112.69,712690.61,2026-07-08
20260708,E07,Germany Sales Office,EUR,83723.83,83723.83,122611.87,122611.87,2026-07-08
20260708,E07,Germany Sales Office,USD,6572.34,6572.34,8759.08,8759.08,2026-07-08
20260708,E08,Netherlands BV,EUR,-454853.64,578064.76,-176963.29,357403.51,2026-07-08
20260708,E08,Netherlands BV,USD,-56357.17,64160.35,-75100.57,85515.29,2026-07-08
20260708,E09,UK Ltd,GBP,4644.35,170269.91,131931.52,167453.48,2026-07-08
20260708,E09,UK Ltd,USD,207601.82,207601.82,276674.68,276674.68,2026-07-08
20260708,E10,US Inc,EUR,-478647.95,583950.03,-700970.35,855183.13,2026-07-08
20260708,E10,US Inc,USD,-1368831.18,1492659.0,-304246.72,469274.28,2026-07-08
20260708,E11,US West Distribution,USD,-735881.87,903871.43,-980907.14,1204789.84,2026-07-08
20260709,E01,Group Treasury HQ,EUR,-113793.1,113793.1,-167058.52,167058.52,2026-07-09
20260709,E01,Group Treasury HQ,SGD,-162557.32,162557.32,-40025.57,40025.57,2026-07-09
20260709,E01,Group Treasury HQ,USD,-223880.6,223880.6,-298808.28,298808.28,2026-07-09
20260709,E02,SG Operations,SGD,-4170737.58,4449450.46,-609429.88,1002974.38,2026-07-09
20260709,E02,SG Operations,USD,-26851.15,26851.15,-35837.61,35837.61,2026-07-09
20260709,E03,Shanghai Mfg,CNY,-6865959.74,6865959.74,-1279347.99,1279347.99,2026-07-09
20260709,E03,Shanghai Mfg,EUR,-8257.54,8257.54,-12122.81,12122.81,2026-07-09
20260709,E03,Shanghai Mfg,USD,-76211.42,76211.42,-101717.63,101717.63,2026-07-09
20260709,E04,Shenzhen Sourcing,CNY,-9220064.49,9745361.63,-1996685.76,2105706.18,2026-07-09
20260709,E04,Shenzhen Sourcing,USD,-13905.0,439278.14,-18558.68,586294.42,2026-07-09
20260709,E05,India Services,EUR,-44654.08,44654.08,-65556.21,65556.21,2026-07-09
20260709,E05,India Services,INR,-92029453.99,99787773.11,-1494098.18,1620054.5,2026-07-09
20260709,E05,India Services,USD,-25142.81,158763.17,-33557.53,211897.57,2026-07-09
20260709,E06,Germany GmbH,EUR,7838.21,257022.93,11507.18,377332.8,2026-07-09
20260709,E06,Germany GmbH,USD,-294366.51,407404.57,-392783.28,543652.58,2026-07-09
20260709,E07,Germany Sales Office,EUR,-5179.9,5179.9,-7604.56,7604.56,2026-07-09
20260709,E07,Germany Sales Office,USD,144259.81,166085.27,192540.25,221670.19,2026-07-09
20260709,E08,Netherlands BV,EUR,-220087.94,370325.52,-270948.5,528759.34,2026-07-09
20260709,E08,Netherlands BV,USD,-56870.99,56870.99,-75904.4,75904.4,2026-07-09
20260709,E09,UK Ltd,GBP,-75229.29,101885.83,-133270.37,170662.91,2026-07-09
20260709,E09,UK Ltd,USD,9363.9,11869.68,12497.79,15842.19,2026-07-09
20260709,E10,US Inc,EUR,-59270.16,286856.36,-87013.92,421130.96,2026-07-09
20260709,E10,US Inc,USD,80644.32,297426.52,204890.61,427136.57,2026-07-09
20260709,E11,US West Distribution,USD,-493862.0,560754.98,-173829.33,263109.83,2026-07-09
20260710,E01,Group Treasury HQ,EUR,-237931.03,237931.03,-347598.68,347598.68,2026-07-10
20260710,E01,Group Treasury HQ,SGD,-44345.12,58134.64,-42052.15,60427.61,2026-07-10
20260710,E01,Group Treasury HQ,USD,-436567.17,436567.17,-581755.0,581755.0,2026-07-10
20260710,E02,SG Operations,SGD,-104888.02,214662.7,-104888.02,214662.7,2026-07-10
20260710,E03,Shanghai Mfg,CNY,1520171.83,3098500.27,282245.26,575289.76,2026-07-10
20260710,E03,Shanghai Mfg,USD,137300.52,176132.32,182962.14,234708.12,2026-07-10
20260710,E04,Shenzhen Sourcing,CNY,253854.73,1180969.57,47132.41,219267.09,2026-07-10
20260710,E04,Shenzhen Sourcing,USD,-377641.11,377641.11,-503232.08,503232.08,2026-07-10
20260710,E05,India Services,EUR,-47237.84,47237.84,-69010.8,69010.8,2026-07-10
20260710,E05,India Services,INR,-122869.32,122869.32,-1988.4,1988.4,2026-07-10
20260710,E05,India Services,USD,57416.73,57416.73,76511.64,76511.64,2026-07-10
20260710,E06,Germany GmbH,EUR,-461103.89,984122.29,-673820.71,1437542.03,2026-07-10
20260710,E06,Germany GmbH,USD,144007.05,181831.79,191899.04,242303.04,2026-07-10
20260710,E07,Germany Sales Office,EUR,-447567.04,447567.04,-653337.06,653337.06,2026-07-10
20260710,E08,Netherlands BV,EUR,-844670.36,844670.36,-185252.47,185252.47,2026-07-10
20260710,E08,Netherlands BV,USD,-40405.04,52568.9,-53842.42,70051.58,2026-07-10
20260710,E09,UK Ltd,EUR,-7064.8,7064.8,-10321.12,10321.12,2026-07-10
20260710,E09,UK Ltd,GBP,-274388.7,304026.94,-30742.32,81272.96,2026-07-10
20260710,E09,UK Ltd,USD,-78620.29,78620.29,-104766.8,104766.8,2026-07-10
20260710,E10,US Inc,EUR,-90318.38,118209.8,-131948.1,172695.3,2026-07-10
20260710,E10,US Inc,USD,-1068960.73,1115819.75,-1061315.31,1123758.09,2026-07-10
20260710,E11,US West Distribution,USD,336459.47,364469.81,446862.04,487173.18,2026-07-10
20260712,E01,Group Treasury HQ,SGD,-90000.0,90000.0,-90000.0,90000.0,2026-07-12
20260712,E02,SG Operations,SGD,90000.0,90000.0,90000.0,90000.0,2026-07-12
20260713,E01,Group Treasury HQ,EUR,-548275.86,548275.86,-799918.04,799918.04,2026-07-13
20260713,E01,Group Treasury HQ,SGD,29136.72,209240.86,29136.72,209240.86,2026-07-13
20260713,E01,Group Treasury HQ,USD,-11194.03,11194.03,-14945.56,14945.56,2026-07-13
20260713,E02,SG Operations,SGD,246350.42,297405.14,273561.84,324616.56,2026-07-13
20260713,E02,SG Operations,USD,253098.43,280882.11,337921.08,375016.1,2026-07-13
20260713,E03,Shanghai Mfg,CNY,6447261.47,7801085.59,1198507.24,1450175.0,2026-07-13
20260713,E03,Shanghai Mfg,USD,157192.65,157192.65,209496.02,209496.02,2026-07-13
20260713,E04,Shenzhen Sourcing,CNY,600710.37,947564.83,227025.31,291503.47,2026-07-13
20260713,E04,Shenzhen Sourcing,USD,88135.38,88135.38,117341.87,117341.87,2026-07-13
20260713,E05,India Services,INR,26974141.75,27325751.65,435173.81,440846.33,2026-07-13
20260713,E05,India Services,USD,23152.62,23152.62,30911.92,30911.92,2026-07-13
20260713,E06,Germany GmbH,EUR,404926.77,470816.55,583097.11,679228.35,2026-07-13
20260713,E06,Germany GmbH,USD,78775.19,78775.19,105175.67,105175.67,2026-07-13
20260713,E07,Germany Sales Office,EUR,78269.65,101718.23,114193.08,148403.84,2026-07-13
20260713,E07,Germany Sales Office,USD,12446.59,12446.59,16617.9,16617.9,2026-07-13
20260713,E08,Netherlands BV,EUR,-28478.94,354513.78,-86157.14,472617.76,2026-07-13
20260713,E08,Netherlands BV,USD,335719.22,335719.22,448231.14,448231.14,2026-07-13
20260713,E09,UK Ltd,EUR,32058.37,32058.37,46772.2,46772.2,2026-07-13
20260713,E09,UK Ltd,GBP,-59774.52,59774.52,-101972.58,101972.58,2026-07-13
20260713,E09,UK Ltd,USD,568037.62,568037.62,758408.05,758408.05,2026-07-13
20260713,E10,US Inc,EUR,504174.07,504174.07,735574.86,735574.86,2026-07-13
20260713,E10,US Inc,USD,337417.3,488145.62,531491.43,570748.15,2026-07-13
20260713,E11,US West Distribution,USD,458474.12,1135478.2,973389.63,1187836.51,2026-07-13
20260714,E01,Group Treasury HQ,EUR,-682758.62,682758.62,-992025.06,992025.06,2026-07-14
20260714,E01,Group Treasury HQ,SGD,-191046.48,1372369.0,457774.13,750405.07,2026-07-14
20260714,E01,Group Treasury HQ,USD,604477.61,626865.67,804105.74,833887.44,2026-07-14
20260714,E02,SG Operations,SGD,-762851.78,1432474.3,-263565.83,1049440.39,2026-07-14
20260714,E02,SG Operations,USD,-304789.49,926553.79,-405445.92,1232547.26,2026-07-14
20260714,E03,Shanghai Mfg,CNY,-117895.3,3260080.52,-21937.91,607163.63,2026-07-14
20260714,E03,Shanghai Mfg,EUR,-16372.79,67137.39,-23789.11,97548.35,2026-07-14
20260714,E03,Shanghai Mfg,USD,-8051.55,126151.93,-10666.05,167857.99,2026-07-14
20260714,E04,Shenzhen Sourcing,CNY,1732502.37,4040517.09,329016.79,785086.21,2026-07-14
20260714,E04,Shenzhen Sourcing,USD,516213.08,520081.46,686701.2,691847.1,2026-07-14
20260714,E05,India Services,INR,-11208997.38,30736673.96,-180711.46,495536.66,2026-07-14
20260714,E05,India Services,USD,45043.18,45043.18,60014.96,60014.96,2026-07-14
20260714,E06,Germany GmbH,EUR,662210.63,778295.03,951155.29,1141850.45,2026-07-14
20260714,E06,Germany GmbH,USD,111961.76,111961.76,148937.01,148937.01,2026-07-14
20260714,E07,Germany Sales Office,EUR,93537.31,94949.45,135906.52,137958.32,2026-07-14
20260714,E08,Netherlands BV,EUR,-56164.98,65328.7,-81605.81,94920.39,2026-07-14
20260714,E08,Netherlands BV,USD,5859.26,89094.42,7794.27,118517.75,2026-07-14
20260714,E09,UK Ltd,EUR,-12317.46,12317.46,-17896.85,17896.85,2026-07-14
20260714,E09,UK Ltd,GBP,-87842.05,87842.05,-17782.72,17782.72,2026-07-14
20260714,E09,UK Ltd,USD,26126.63,41409.59,34754.93,55085.07,2026-07-14
20260714,E10,US Inc,EUR,39709.76,39709.76,57696.92,57696.92,2026-07-14
20260714,E10,US Inc,USD,-945069.36,3498350.56,1206977.06,2040597.96,2026-07-14
20260714,E11,US West Distribution,USD,231674.45,289671.03,281579.02,358815.52,2026-07-14
20260715,E01,Group Treasury HQ,EUR,902508.28,902508.28,1315017.73,1315017.73,2026-07-15
20260715,E01,Group Treasury HQ,SGD,1263343.63,1283107.13,1711452.8,1731216.3,2026-07-15
20260715,E01,Group Treasury HQ,USD,973880.59,973880.59,1304679.6,1304679.6,2026-07-15
20260715,E02,SG Operations,SGD,8557.87,159493.67,8557.87,159493.67,2026-07-15
20260715,E02,SG Operations,USD,82500.35,82500.35,110727.34,110727.34,2026-07-15
20260715,E03,Shanghai Mfg,CNY,3657998.78,6829980.38,724872.91,1315210.59,2026-07-15
20260715,E03,Shanghai Mfg,USD,-333785.84,410302.74,-447163.2,549670.68,2026-07-15
20260715,E04,Shenzhen Sourcing,CNY,-117283.12,265223.48,-21827.55,49360.73,2026-07-15
20260715,E04,Shenzhen Sourcing,USD,-775775.81,909898.81,-1039284.36,1218965.06,2026-07-15
20260715,E05,India Services,INR,1330673.33,4916001.79,29605.81,93079.19,2026-07-15
20260715,E05,India Services,USD,-77857.39,219742.61,-104288.34,294397.74,2026-07-15
20260715,E06,Germany GmbH,EUR,-697881.57,780851.87,-969633.9,1090527.44,2026-07-15
20260715,E06,Germany GmbH,USD,54114.44,54114.44,72495.55,72495.55,2026-07-15
20260715,E07,Germany Sales Office,EUR,-82814.93,82814.93,-120667.16,120667.16,2026-07-15
20260715,E07,Germany Sales Office,USD,7970.3,7970.3,10677.58,10677.58,2026-07-15
20260715,E08,Netherlands BV,EUR,64485.54,552253.7,108554.26,819266.6,2026-07-15
20260715,E08,Netherlands BV,USD,192889.25,192889.25,258408.14,258408.14,2026-07-15
20260715,E09,UK Ltd,GBP,-291420.35,329111.11,-315664.01,379889.59,2026-07-15
20260715,E09,UK Ltd,USD,16741.93,16741.93,22428.68,22428.68,2026-07-15
20260715,E10,US Inc,EUR,-324769.17,425692.59,-473211.41,620263.91,2026-07-15
20260715,E10,US Inc,USD,-536541.57,1237600.59,-720887.6,1660076.02,2026-07-15
20260715,E11,US West Distribution,USD,-600782.36,880784.44,-719043.27,1094153.93,2026-07-15
20260716,E01,Group Treasury HQ,EUR,-29812.44,197773.76,-43812.27,290647.73,2026-07-16
20260716,E01,Group Treasury HQ,SGD,-1327318.69,1675262.31,-59283.6,528153.28,2026-07-16
20260716,E02,SG Operations,SGD,-1572643.7,1667069.04,-336400.97,439995.21,2026-07-16
20260716,E02,SG Operations,USD,-17610.26,41402.74,-23730.61,55792.05,2026-07-16
20260716,E03,Shanghai Mfg,CNY,-2755019.26,2755019.26,-514930.47,514930.47,2026-07-16
20260716,E03,Shanghai Mfg,EUR,-24217.51,24217.51,-35589.98,35589.98,2026-07-16
20260716,E03,Shanghai Mfg,USD,-10959.94,10959.94,-14769.01,14769.01,2026-07-16
20260716,E04,Shenzhen Sourcing,CNY,-1819399.62,2917163.36,-634900.67,838467.79,2026-07-16
20260716,E04,Shenzhen Sourcing,USD,-2528.83,2528.83,-3407.71,3407.71,2026-07-16
20260716,E05,India Services,EUR,-51038.96,51038.96,-75006.7,75006.7,2026-07-16
20260716,E05,India Services,INR,-6288676.33,6288676.33,-135361.45,135361.45,2026-07-16
20260716,E05,India Services,USD,48295.24,81601.62,65080.01,109961.85,2026-07-16
20260716,E06,Germany GmbH,EUR,121621.88,351839.5,105055.8,493629.16,2026-07-16
20260716,E06,Germany GmbH,USD,-149089.33,149089.33,-200942.35,200942.35,2026-07-16
20260716,E07,Germany Sales Office,EUR,-59013.42,116276.2,-86725.96,170879.16,2026-07-16
20260716,E08,Netherlands BV,EUR,-422016.95,422016.95,-528342.38,528342.38,2026-07-16
20260716,E08,Netherlands BV,USD,-69261.48,69261.48,-93332.96,93332.96,2026-07-16
20260716,E09,UK Ltd,EUR,-91814.54,91814.54,-134930.37,134930.37,2026-07-16
20260716,E09,UK Ltd,GBP,-31661.92,65125.04,-53884.17,110833.75,2026-07-16
20260716,E09,UK Ltd,USD,37911.19,37911.19,51087.03,51087.03,2026-07-16
20260716,E10,US Inc,EUR,6992.24,6992.24,10275.77,10275.77,2026-07-16
20260716,E10,US Inc,USD,-2285469.97,2329841.57,-565396.97,625189.69,2026-07-16
20260716,E11,US West Distribution,USD,-242704.16,351795.08,-318263.11,483708.49,2026-07-16
20260717,E01,Group Treasury HQ,EUR,-268965.52,268965.52,-395880.12,395880.12,2026-07-17
20260717,E01,Group Treasury HQ,SGD,-563192.29,572919.73,-563192.29,572919.73,2026-07-17
20260717,E01,Group Treasury HQ,USD,-11194.03,11194.03,-15132.34,15132.34,2026-07-17
20260717,E02,SG Operations,SGD,-150036.23,177801.43,-143485.56,184352.1,2026-07-17
20260717,E02,SG Operations,USD,21709.23,21709.23,29347.02,29347.02,2026-07-17
20260717,E03,Shanghai Mfg,CNY,-988305.38,3624118.66,-183257.53,672005.81,2026-07-17
20260717,E03,Shanghai Mfg,USD,-144547.78,144547.78,-195402.87,195402.87,2026-07-17
20260717,E04,Shenzhen Sourcing,CNY,1412317.39,2888789.41,261880.37,535656.67,2026-07-17
20260717,E04,Shenzhen Sourcing,USD,5563.47,24692.41,7520.83,33379.75,2026-07-17
20260717,E05,India Services,INR,353601.0,438038.66,5713.83,7078.27,2026-07-17
20260717,E06,Germany GmbH,EUR,-714403.13,1252334.17,-876013.9,1667774.14,2026-07-17
20260717,E06,Germany GmbH,USD,5420.45,36186.99,7327.47,48918.37,2026-07-17
20260717,E07,Germany Sales Office,EUR,-93623.42,93623.42,-132598.18,132598.18,2026-07-17
20260717,E08,Netherlands BV,EUR,-241217.72,258776.32,-33434.03,59277.87,2026-07-17
20260717,E08,Netherlands BV,USD,154452.34,154452.34,208792.07,208792.07,2026-07-17
20260717,E09,UK Ltd,GBP,-86268.12,86268.12,-87844.64,87844.64,2026-07-17
20260717,E09,UK Ltd,USD,112184.35,153630.55,151653.28,207681.16,2026-07-17
20260717,E10,US Inc,EUR,-169945.35,169945.35,-250136.11,250136.11,2026-07-17
20260717,E10,US Inc,USD,-611133.19,894752.43,-14610.5,436043.06,2026-07-17
20260717,E11,US West Distribution,USD,-47903.63,147829.69,-64660.37,199936.23,2026-07-17
20260719,E01,Group Treasury HQ,SGD,-465000.0,465000.0,-465000.0,465000.0,2026-07-19
20260719,E02,SG Operations,SGD,465000.0,465000.0,465000.0,465000.0,2026-07-19
20260720,E01,Group Treasury HQ,EUR,-310344.83,310344.83,-456222.72,456222.72,2026-07-20
20260720,E01,Group Treasury HQ,GBP,-898255.81,898255.81,-1526034.23,1526034.23,2026-07-20
20260720,E01,Group Treasury HQ,SGD,-221980.89,349400.97,-199332.79,372049.07,2026-07-20
20260720,E01,Group Treasury HQ,USD,-100746.27,100746.27,-136560.26,136560.26,2026-07-20
20260720,E02,SG Operations,SGD,279871.72,462091.78,359692.11,404692.23,2026-07-20
20260720,E02,SG Operations,USD,71774.38,71774.38,97289.24,97289.24,2026-07-20
20260720,E03,Shanghai Mfg,CNY,7103150.07,8315161.53,1319218.35,1544316.73,2026-07-20
20260720,E03,Shanghai Mfg,USD,185266.09,185266.09,251127.98,251127.98,2026-07-20
20260720,E04,Shenzhen Sourcing,CNY,1388525.46,3774994.22,608599.11,1051821.27,2026-07-20
20260720,E04,Shenzhen Sourcing,USD,72757.2,72757.2,98621.43,98621.43,2026-07-20
20260720,E05,India Services,INR,38928119.63,39399753.73,627832.72,635439.24,2026-07-20
20260720,E05,India Services,USD,110680.34,110680.34,150025.76,150025.76,2026-07-20
20260720,E06,Germany GmbH,EUR,323757.93,500383.81,359578.58,619227.62,2026-07-20
20260720,E06,Germany GmbH,USD,43667.69,43667.69,59190.98,59190.98,2026-07-20
20260720,E07,Germany Sales Office,EUR,66415.48,67471.78,103718.63,105271.45,2026-07-20
20260720,E07,Germany Sales Office,USD,160649.74,160649.74,217758.64,217758.64,2026-07-20
20260720,E08,Netherlands BV,EUR,320245.54,321674.84,470777.28,472878.4,2026-07-20
20260720,E08,Netherlands BV,USD,146356.84,146356.84,198384.79,198384.79,2026-07-20
20260720,E09,UK Ltd,EUR,43010.52,70182.8,63227.66,103172.3,2026-07-20
20260720,E09,UK Ltd,GBP,826173.18,1045487.6,1377313.72,1749903.9,2026-07-20
20260720,E09,UK Ltd,USD,202306.48,202306.48,274223.8,274223.8,2026-07-20
20260720,E10,US Inc,EUR,1316716.6,1316716.6,1935640.55,1935640.55,2026-07-20
20260720,E10,US Inc,USD,506327.75,706644.43,686320.68,957847.32,2026-07-20
20260720,E11,US West Distribution,USD,106319.03,109001.91,149281.28,152917.9,2026-07-20
20260721,E01,Group Treasury HQ,EUR,-446145.9,496539.38,-652512.6,726468.16,2026-07-21
20260721,E01,Group Treasury HQ,SGD,-58094.11,588469.29,212190.0,332698.72,2026-07-21
20260721,E01,Group Treasury HQ,USD,190298.51,212686.57,257952.1,288299.4,2026-07-21
20260721,E02,SG Operations,SGD,-168774.92,937577.38,152180.64,729460.58,2026-07-21
20260721,E02,SG Operations,USD,-64083.78,338901.3,-86866.4,459385.1,2026-07-21
20260721,E03,Shanghai Mfg,CNY,-639009.11,6829249.19,-126382.6,1277637.26,2026-07-21
20260721,E03,Shanghai Mfg,EUR,4299.26,4299.26,6289.05,6289.05,2026-07-21
20260721,E03,Shanghai Mfg,USD,-99780.21,99780.21,-135253.38,135253.38,2026-07-21
20260721,E04,Shenzhen Sourcing,CNY,98838.75,1545667.27,8212.44,297631.14,2026-07-21
20260721,E04,Shenzhen Sourcing,USD,-73747.55,227113.53,-100718.82,308608.4,2026-07-21
20260721,E05,India Services,INR,14441332.56,21527651.4,218619.56,361919.84,2026-07-21
20260721,E05,India Services,USD,112102.38,136588.26,151956.24,185147.16,2026-07-21
20260721,E06,Germany GmbH,EUR,412122.73,804948.61,596630.7,1189682.6,2026-07-21
20260721,E06,Germany GmbH,USD,151564.67,151564.67,205447.88,205447.88,2026-07-21
20260721,E07,Germany Sales Office,EUR,97365.46,99653.82,142428.33,145775.79,2026-07-21
20260721,E07,Germany Sales Office,USD,19148.52,19148.52,25956.06,25956.06,2026-07-21
20260721,E08,Netherlands BV,EUR,-96575.7,101128.24,-55439.88,59992.42,2026-07-21
20260721,E08,Netherlands BV,USD,-41436.16,148400.86,-56642.42,201634.46,2026-07-21
20260721,E09,UK Ltd,EUR,221338.62,221338.62,323779.01,323779.01,2026-07-21
20260721,E09,UK Ltd,GBP,-40181.32,40181.32,-68234.42,68234.42,2026-07-21
20260721,E09,UK Ltd,USD,227835.69,227835.69,308834.24,308834.24,2026-07-21
20260721,E10,US Inc,EUR,10788.5,10788.5,15781.66,15781.66,2026-07-21
20260721,E10,US Inc,USD,12568.96,1978527.08,1081927.96,1606921.34,2026-07-21
20260721,E11,US West Distribution,USD,228960.7,288069.68,313227.01,399433.61,2026-07-21
20260722,E01,Group Treasury HQ,EUR,1427586.21,1427586.21,2095071.27,2095071.27,2026-07-22
20260722,E01,Group Treasury HQ,GBP,-488372.09,488372.09,-823050.56,823050.56,2026-07-22
20260722,E01,Group Treasury HQ,SGD,710369.58,712185.98,710369.58,712185.98,2026-07-22
20260722,E01,Group Treasury HQ,USD,268656.72,268656.72,365512.57,365512.57,2026-07-22
20260722,E02,SG Operations,SGD,-779850.8,919086.84,-89379.72,267010.4,2026-07-22
20260722,E02,SG Operations,USD,24629.9,142769.72,33509.45,194240.91,2026-07-22
20260722,E03,Shanghai Mfg,CNY,338540.91,482006.21,63103.68,89845.48,2026-07-22
20260722,E03,Shanghai Mfg,USD,-23398.87,35726.49,-31834.61,48606.57,2026-07-22
20260722,E04,Shenzhen Sourcing,CNY,1135278.97,1175286.39,211614.86,219072.2,2026-07-22
20260722,E04,Shenzhen Sourcing,USD,68588.04,68588.04,93315.33,93315.33,2026-07-22
20260722,E05,India Services,INR,13956819.15,18057493.99,226016.74,292423.06,2026-07-22
20260722,E05,India Services,USD,35532.52,75930.6,48342.67,103305.03,2026-07-22
20260722,E06,Germany GmbH,EUR,-665148.77,734733.53,-663550.87,758420.39,2026-07-22
20260722,E06,Germany GmbH,USD,-265363.05,279044.37,-361030.57,379644.27,2026-07-22
20260722,E07,Germany Sales Office,EUR,-312300.92,373194.8,-459100.5,546906.98,2026-07-22
20260722,E08,Netherlands BV,EUR,-18845.5,50759.32,-11085.16,42998.98,2026-07-22
20260722,E08,Netherlands BV,USD,16149.78,16149.78,21972.08,21972.08,2026-07-22
20260722,E09,UK Ltd,EUR,2467.2,2467.2,3620.77,3620.77,2026-07-22
20260722,E09,UK Ltd,GBP,391481.73,629402.93,837127.03,883363.77,2026-07-22
20260722,E09,UK Ltd,USD,257541.98,257541.98,350390.76,350390.76,2026-07-22
20260722,E10,US Inc,EUR,-1160639.08,1474567.8,-1703309.8,2164019.66,2026-07-22
20260722,E10,US Inc,USD,-308286.13,1174034.87,95806.2,1082061.4,2026-07-22
20260722,E11,US West Distribution,USD,-26622.44,172527.92,-38446.19,236953.37,2026-07-22
20260723,E01,Group Treasury HQ,EUR,-158840.32,158840.32,-231928.94,231928.94,2026-07-23
20260723,E01,Group Treasury HQ,SGD,-537153.16,537153.16,-103408.76,103408.76,2026-07-23
20260723,E01,Group Treasury HQ,USD,-347014.93,347014.93,-472032.26,472032.26,2026-07-23
20260723,E02,SG Operations,SGD,-2253279.81,2443455.03,-522972.8,721418.92,2026-07-23
20260723,E02,SG Operations,USD,-98761.79,98761.79,-134342.2,134342.2,2026-07-23
20260723,E03,Shanghai Mfg,CNY,-2335108.86,2382410.94,-702007.52,749309.6,2026-07-23
20260723,E03,Shanghai Mfg,USD,-77586.05,77586.05,-105537.59,105537.59,2026-07-23
20260723,E04,Shenzhen Sourcing,CNY,-829075.68,3606750.08,-159462.71,679329.47,2026-07-23
20260723,E04,Shenzhen Sourcing,USD,-10375.82,10375.82,-14113.86,14113.86,2026-07-23
20260723,E05,India Services,INR,11660633.64,14729816.3,136148.7,291719.66,2026-07-23
20260723,E05,India Services,USD,-6396.48,21168.82,-8700.91,28795.21,2026-07-23
20260723,E06,Germany GmbH,EUR,-212035.23,236636.03,-229684.34,265604.92,2026-07-23
20260723,E06,Germany GmbH,USD,303429.22,368212.58,412860.46,500750.36,2026-07-23
20260723,E07,Germany Sales Office,EUR,30541.63,43557.87,44595.03,63600.53,2026-07-23
20260723,E08,Netherlands BV,EUR,-464748.33,733713.85,-164643.69,557370.73,2026-07-23
20260723,E08,Netherlands BV,USD,105525.03,355221.85,143582.99,483154.87,2026-07-23
20260723,E09,UK Ltd,EUR,-27548.12,27548.12,-40224.08,40224.08,2026-07-23
20260723,E09,UK Ltd,GBP,-897869.99,897869.99,-1485137.27,1485137.27,2026-07-23
20260723,E09,UK Ltd,USD,-51481.46,51481.46,-70028.42,70028.42,2026-07-23
20260723,E10,US Inc,EUR,-5700.85,5700.85,-8324.03,8324.03,2026-07-23
20260723,E10,US Inc,USD,-745233.28,1171860.38,-74085.46,654411.38,2026-07-23
20260723,E11,US West Distribution,USD,8693.35,142363.27,14799.51,190677.53,2026-07-23
20260724,E01,Group Treasury HQ,EUR,-728984.0,739981.52,-1066370.19,1082457.55,2026-07-24
20260724,E01,Group Treasury HQ,SGD,-49677.93,49677.93,-49677.93,49677.93,2026-07-24
20260724,E02,SG Operations,SGD,-850778.95,850778.95,-372496.3,372496.3,2026-07-24
20260724,E02,SG Operations,USD,6765.07,9755.67,9154.97,13202.07,2026-07-24
20260724,E03,Shanghai Mfg,CNY,1173469.19,2167721.21,219618.24,405695.56,2026-07-24
20260724,E04,Shenzhen Sourcing,CNY,-212631.61,1200464.15,-39794.64,224670.46,2026-07-24
20260724,E05,India Services,INR,-210796.98,1210359.04,-3417.23,19621.13,2026-07-24
20260724,E05,India Services,USD,14297.65,14297.65,19348.6,19348.6,2026-07-24
20260724,E06,Germany GmbH,EUR,-295553.27,1764518.79,-82297.1,2231124.84,2026-07-24
20260724,E06,Germany GmbH,USD,1440.67,11465.21,1949.62,15515.54,2026-07-24
20260724,E07,Germany Sales Office,EUR,-119018.17,119018.17,-173358.21,173358.21,2026-07-24
20260724,E07,Germany Sales Office,USD,4035.57,10642.73,5461.22,14402.5,2026-07-24
20260724,E08,Netherlands BV,EUR,-338148.71,592795.97,-350577.79,621099.89,2026-07-24
20260724,E08,Netherlands BV,USD,1619.11,12487.05,2191.1,16898.36,2026-07-24
20260724,E09,UK Ltd,EUR,6393.07,73825.13,9351.9,107992.66,2026-07-24
20260724,E09,UK Ltd,GBP,-306906.5,396139.7,-51233.31,150556.01,2026-07-24
20260724,E09,UK Ltd,USD,208306.88,208306.88,281895.66,281895.66,2026-07-24
20260724,E10,US Inc,EUR,-39812.12,48726.22,-58237.84,71277.54,2026-07-24
20260724,E10,US Inc,USD,-331780.55,370006.15,-312229.42,373223.28,2026-07-24
20260724,E11,US West Distribution,USD,230859.01,464547.41,312350.85,628722.49,2026-07-24
20260726,E01,Group Treasury HQ,SGD,-1290000.0,1290000.0,-1290000.0,1290000.0,2026-07-26
20260726,E02,SG Operations,SGD,1290000.0,1290000.0,1290000.0,1290000.0,2026-07-26
20260726,E06,Germany GmbH,USD,-11802.25,11802.25,-15909.76,15909.76,2026-07-26
20260727,E01,Group Treasury HQ,EUR,-434482.76,434482.76,-635024.36,635024.36,2026-07-27
20260727,E01,Group Treasury HQ,SGD,47982.28,236075.42,92964.99,281058.13,2026-07-27
20260727,E01,Group Treasury HQ,USD,-100746.27,100746.27,-135808.79,135808.79,2026-07-27
20260727,E02,SG Operations,SGD,-498479.18,663615.44,-126164.91,298287.53,2026-07-27
20260727,E02,SG Operations,USD,115378.39,120201.45,155380.49,161882.11,2026-07-27
20260727,E03,Shanghai Mfg,CNY,4653828.64,4667791.76,886637.21,889253.35,2026-07-27
20260727,E03,Shanghai Mfg,USD,127780.27,179649.01,172251.37,242171.89,2026-07-27
20260727,E04,Shenzhen Sourcing,CNY,476097.47,521903.99,95137.68,103720.04,2026-07-27
20260727,E04,Shenzhen Sourcing,USD,88412.05,88412.05,119181.92,119181.92,2026-07-27
20260727,E05,India Services,EUR,29541.86,29541.86,43177.32,43177.32,2026-07-27
20260727,E05,India Services,INR,37763648.94,38131091.8,610940.3,616884.8,2026-07-27
20260727,E05,India Services,USD,353833.1,353833.1,476976.93,476976.93,2026-07-27
20260727,E06,Germany GmbH,EUR,279995.22,708511.6,401592.41,1027896.47,2026-07-27
20260727,E06,Germany GmbH,USD,201457.25,201457.25,271570.01,271570.01,2026-07-27
20260727,E07,Germany Sales Office,EUR,46802.86,90224.24,68405.38,131868.5,2026-07-27
20260727,E07,Germany Sales Office,USD,318624.47,318624.47,429514.7,429514.7,2026-07-27
20260727,E08,Netherlands BV,EUR,163055.48,240390.52,177499.33,290529.43,2026-07-27
20260727,E08,Netherlands BV,USD,92962.23,92962.23,125315.7,125315.7,2026-07-27
20260727,E09,UK Ltd,EUR,409724.58,409724.58,598838.69,598838.69,2026-07-27
20260727,E09,UK Ltd,GBP,-427977.77,452011.05,-729477.34,753510.62,2026-07-27
20260727,E09,UK Ltd,USD,116448.71,301193.33,156976.12,406017.04,2026-07-27
20260727,E10,US Inc,EUR,475866.88,480614.4,695509.92,702448.72,2026-07-27
20260727,E10,US Inc,USD,427310.45,428708.91,553579.43,555464.59,2026-07-27
20260727,E11,US West Distribution,USD,452921.15,455699.43,610550.39,614295.59,2026-07-27
20260728,E01,Group Treasury HQ,EUR,-744827.59,744827.59,-1089571.78,1089571.78,2026-07-28
20260728,E01,Group Treasury HQ,SGD,60845.23,1336454.57,583347.06,822380.0,2026-07-28
20260728,E01,Group Treasury HQ,USD,1399253.73,1399253.73,1874841.88,1874841.88,2026-07-28
20260728,E02,SG Operations,SGD,-577362.79,1527771.95,-71254.4,1135186.0,2026-07-28
20260728,E02,SG Operations,USD,-136108.56,2662398.9,-182370.08,3567313.68,2026-07-28
20260728,E03,Shanghai Mfg,CNY,-2127084.63,4715735.79,-398258.32,882936.64,2026-07-28
20260728,E03,Shanghai Mfg,EUR,-60414.37,60414.37,-88377.23,88377.23,2026-07-28
20260728,E03,Shanghai Mfg,USD,23222.07,47156.21,31114.95,63183.99,2026-07-28
20260728,E04,Shenzhen Sourcing,CNY,-3072724.37,3254007.01,-535989.66,648576.94,2026-07-28
20260728,E04,Shenzhen Sourcing,USD,276805.85,350020.75,370888.55,468988.25,2026-07-28
20260728,E05,India Services,EUR,-15143.06,15143.06,-22152.04,22152.04,2026-07-28
20260728,E05,India Services,INR,-10796824.6,10796824.6,-205887.01,205887.01,2026-07-28
20260728,E05,India Services,USD,290696.89,294268.43,389506.28,394291.74,2026-07-28
20260728,E06,Germany GmbH,EUR,973385.8,1008737.12,1420386.91,1479163.59,2026-07-28
20260728,E06,Germany GmbH,USD,196558.24,341639.48,263365.83,457758.29,2026-07-28
20260728,E07,Germany Sales Office,EUR,106544.68,108629.1,155858.99,158908.19,2026-07-28
20260728,E07,Germany Sales Office,USD,193610.07,200486.05,259411.11,268633.17,2026-07-28
20260728,E08,Netherlands BV,EUR,166867.61,428309.35,229694.5,640960.72,2026-07-28
20260728,E08,Netherlands BV,USD,-17029.86,33737.18,-22818.09,45204.01,2026-07-28
20260728,E09,UK Ltd,EUR,-28490.8,28490.8,-41677.79,41677.79,2026-07-28
20260728,E09,UK Ltd,GBP,124616.42,125960.28,124158.85,126417.85,2026-07-28
20260728,E09,UK Ltd,USD,7422.08,264167.0,9944.74,353953.92,2026-07-28
20260728,E10,US Inc,EUR,66874.57,66874.57,97827.53,97827.53,2026-07-28
20260728,E10,US Inc,USD,-475400.0,879811.6,125895.92,381982.56,2026-07-28
20260728,E11,US West Distribution,USD,131674.81,401728.79,178491.09,540686.35,2026-07-28
20260729,E01,Group Treasury HQ,EUR,918017.64,918017.64,1332837.69,1332837.69,2026-07-29
20260729,E01,Group Treasury HQ,SGD,39035.33,341297.31,179348.07,310615.29,2026-07-29
20260729,E01,Group Treasury HQ,USD,2026119.4,2026119.4,2717429.32,2717429.32,2026-07-29
20260729,E02,SG Operations,SGD,-132890.1,421740.02,112101.09,250679.29,2026-07-29
20260729,E02,SG Operations,USD,45599.4,45599.4,61157.87,61157.87,2026-07-29
20260729,E03,Shanghai Mfg,CNY,243545.64,470411.62,45591.24,88060.14,2026-07-29
20260729,E03,Shanghai Mfg,USD,-6508.26,33297.48,-8779.99,44607.43,2026-07-29
20260729,E04,Shenzhen Sourcing,CNY,-2190305.54,4578940.1,-410020.87,857168.49,2026-07-29
20260729,E04,Shenzhen Sourcing,USD,-458930.5,513482.62,-615517.14,688682.38,2026-07-29
20260729,E05,India Services,INR,-549148.36,4814198.74,-240652.31,309737.59,2026-07-29
20260729,E05,India Services,USD,26772.83,26772.83,35907.7,35907.7,2026-07-29
20260729,E06,Germany GmbH,EUR,-516311.55,1146520.59,-754478.66,1669457.1,2026-07-29
20260729,E06,Germany GmbH,USD,-646966.92,761383.18,-867711.37,1021166.35,2026-07-29
20260729,E07,Germany Sales Office,EUR,7047.35,576907.31,183381.64,664441.7,2026-07-29
20260729,E08,Netherlands BV,EUR,-245186.4,303316.36,-34858.93,132386.65,2026-07-29
20260729,E08,Netherlands BV,USD,52131.48,52131.48,69918.69,69918.69,2026-07-29
20260729,E09,UK Ltd,EUR,40879.64,40879.64,59351.71,59351.71,2026-07-29
20260729,E09,UK Ltd,GBP,-232079.84,464759.06,100565.59,238836.99,2026-07-29
20260729,E09,UK Ltd,USD,174552.46,174552.46,234109.59,234109.59,2026-07-29
20260729,E10,US Inc,EUR,-666188.3,824399.3,-967215.47,1196916.49,2026-07-29
20260729,E10,US Inc,USD,-1697855.01,2231859.33,-287351.87,1003557.93,2026-07-29
20260729,E11,US West Distribution,USD,-1146241.45,1282230.83,-1537337.89,1719726.71,2026-07-29
20260730,E01,Group Treasury HQ,SGD,-709612.13,709612.13,-483949.6,483949.6,2026-07-30
20260730,E01,Group Treasury HQ,USD,-89552.24,89552.24,-119765.64,119765.64,2026-07-30
20260730,E02,SG Operations,SGD,-6482036.62,7531262.42,-816244.49,1865470.29,2026-07-30
20260730,E02,SG Operations,USD,-10514.35,10514.35,-14061.72,14061.72,2026-07-30
20260730,E03,Shanghai Mfg,CNY,-5281244.62,7051155.6,-988913.04,1320328.86,2026-07-30
20260730,E03,Shanghai Mfg,EUR,-171675.49,171675.49,-249994.54,249994.54,2026-07-30
20260730,E03,Shanghai Mfg,USD,-97382.78,97382.78,-130238.07,130238.07,2026-07-30
20260730,E04,Shenzhen Sourcing,CNY,-2811423.67,3181597.29,-671999.57,741314.57,2026-07-30
20260730,E04,Shenzhen Sourcing,USD,-26883.12,26883.12,-35953.03,35953.03,2026-07-30
20260730,E05,India Services,INR,5690299.5,7641646.1,92547.03,124283.73,2026-07-30
20260730,E05,India Services,USD,-72102.32,72102.32,-96428.42,96428.42,2026-07-30
20260730,E06,Germany GmbH,EUR,-200022.58,528673.76,-398868.09,754831.39,2026-07-30
20260730,E06,Germany GmbH,USD,337672.4,394786.34,451593.86,527984.0,2026-07-30
20260730,E07,Germany Sales Office,EUR,125400.67,135568.35,182608.96,197415.18,2026-07-30
20260730,E07,Germany Sales Office,USD,-3323.57,182428.05,-4458.35,243989.63,2026-07-30
20260730,E08,Netherlands BV,EUR,-292575.04,510430.76,-123462.03,440704.41,2026-07-30
20260730,E08,Netherlands BV,USD,-157290.23,172087.91,-210367.09,230157.25,2026-07-30
20260730,E09,UK Ltd,EUR,294.44,68966.22,428.76,100428.88,2026-07-30
20260730,E09,UK Ltd,GBP,-13642.45,13642.45,-23036.51,23036.51,2026-07-30
20260730,E09,UK Ltd,USD,-13027.64,13390.08,-17422.94,17907.66,2026-07-30
20260730,E10,US Inc,USD,-96157.76,312501.9,62264.4,207424.76,2026-07-30
20260730,E11,US West Distribution,USD,-46658.87,485183.43,212558.26,373917.04,2026-07-30
20260731,E01,Group Treasury HQ,SGD,-52277.64,63456.54,-49837.53,65896.65,2026-07-31
20260731,E02,SG Operations,SGD,-62919.68,62919.68,-19959.41,19959.41,2026-07-31
20260731,E02,SG Operations,USD,15388.26,15388.26,20588.75,20588.75,2026-07-31
20260731,E03,Shanghai Mfg,CNY,434414.7,598483.86,79222.78,114453.96,2026-07-31
20260731,E04,Shenzhen Sourcing,CNY,438273.59,1956176.91,63411.17,388701.47,2026-07-31
20260731,E04,Shenzhen Sourcing,USD,10369.56,10369.56,13873.97,13873.97,2026-07-31
20260731,E05,India Services,INR,8534387.7,14832784.98,138598.47,240884.43,2026-07-31
20260731,E05,India Services,USD,348503.27,414601.19,466280.65,554716.49,2026-07-31
20260731,E06,Germany GmbH,EUR,-650175.26,758346.68,-923114.6,1084489.22,2026-07-31
20260731,E06,Germany GmbH,USD,85882.08,85882.08,114906.1,114906.1,2026-07-31
20260731,E07,Germany Sales Office,EUR,-856245.86,856245.86,-642246.22,642246.22,2026-07-31
20260731,E07,Germany Sales Office,USD,1869.27,1869.27,2500.99,2500.99,2026-07-31
20260731,E08,Netherlands BV,EUR,-176715.98,176715.98,-47749.92,47749.92,2026-07-31
20260731,E09,UK Ltd,EUR,9864.72,9864.72,14372.74,14372.74,2026-07-31
20260731,E09,UK Ltd,GBP,38227.24,85855.06,85866.36,123622.04,2026-07-31
20260731,E09,UK Ltd,USD,451684.43,966678.63,604332.09,1293369.61,2026-07-31
20260731,E10,US Inc,EUR,32795.1,100361.2,47781.93,146224.67,2026-07-31
20260731,E10,US Inc,USD,-126134.49,1084747.87,241295.53,862645.17,2026-07-31
20260731,E11,US West Distribution,USD,-58106.08,284643.76,22139.61,288176.55,2026-07-31
20260802,E01,Group Treasury HQ,SGD,-615000.0,615000.0,-615000.0,615000.0,2026-08-02
20260802,E02,SG Operations,SGD,615000.0,615000.0,615000.0,615000.0,2026-08-02
20260803,E01,Group Treasury HQ,EUR,-467028.56,505385.22,-673854.5,729197.6,2026-08-03
20260803,E01,Group Treasury HQ,SGD,-11874.42,11874.42,-11874.42,11874.42,2026-08-03
20260803,E01,Group Treasury HQ,USD,-223880.6,223880.6,-299044.25,299044.25,2026-08-03
20260803,E02,SG Operations,SGD,137596.06,205403.16,186816.94,205576.14,2026-08-03
20260803,E02,SG Operations,USD,74386.05,74386.05,99359.75,99359.75,2026-08-03
20260803,E03,Shanghai Mfg,CNY,20010167.24,21989034.18,3750268.97,4121179.41,2026-08-03
20260803,E03,Shanghai Mfg,EUR,77166.52,77166.52,111340.1,111340.1,2026-08-03
20260803,E03,Shanghai Mfg,USD,-52141.6,66823.8,-69647.16,89258.62,2026-08-03
20260803,E04,Shenzhen Sourcing,CNY,2779755.78,3307871.04,520979.04,619957.9,2026-08-03
20260803,E04,Shenzhen Sourcing,USD,34942.75,34942.75,46674.11,46674.11,2026-08-03
20260803,E05,India Services,INR,27812924.64,28395046.86,451681.9,461135.54,2026-08-03
20260803,E05,India Services,USD,116456.7,116456.7,155554.82,155554.82,2026-08-03
20260803,E06,Germany GmbH,EUR,515012.24,751389.18,570672.17,911729.81,2026-08-03
20260803,E06,Germany GmbH,USD,131861.87,131861.87,176131.99,176131.99,2026-08-03
20260803,E07,Germany Sales Office,EUR,-241548.59,343321.13,-348519.59,495362.61,2026-08-03
20260803,E07,Germany Sales Office,USD,241312.97,241312.97,322329.21,322329.21,2026-08-03
20260803,E08,Netherlands BV,EUR,81942.05,84559.17,139393.88,143170.02,2026-08-03
20260803,E08,Netherlands BV,USD,222657.57,222657.57,297410.61,297410.61,2026-08-03
20260803,E09,UK Ltd,EUR,8964.84,8964.84,12934.96,12934.96,2026-08-03
20260803,E09,UK Ltd,GBP,-176642.2,176642.2,-299773.83,299773.83,2026-08-03
20260803,E09,UK Ltd,USD,243742.44,243742.44,325574.33,325574.33,2026-08-03
20260803,E10,US Inc,EUR,324552.32,347292.78,468281.94,501093.12,2026-08-03
20260803,E10,US Inc,USD,132234.72,586559.48,360545.39,599570.31,2026-08-03
20260803,E11,US West Distribution,USD,407204.44,582647.14,545173.55,779517.79,2026-08-03
20260804,E01,Group Treasury HQ,EUR,-6167.17,6167.17,-8899.28,8899.28,2026-08-04
20260804,E01,Group Treasury HQ,SGD,12444.25,42767.87,12444.25,42767.87,2026-08-04
20260804,E01,Group Treasury HQ,USD,750000.0,996268.66,1001106.75,1329828.37,2026-08-04
20260804,E02,SG Operations,SGD,132906.77,322504.97,230258.98,386755.12,2026-08-04
20260804,E02,SG Operations,USD,-63372.42,1707583.5,-84591.26,2279299.0,2026-08-04
20260804,E03,Shanghai Mfg,CNY,1283319.0,3377658.08,240719.32,633022.76,2026-08-04
20260804,E03,Shanghai Mfg,EUR,22736.9,22736.9,32809.55,32809.55,2026-08-04
20260804,E03,Shanghai Mfg,USD,190444.66,253893.34,254213.62,338938.6,2026-08-04
20260804,E04,Shenzhen Sourcing,CNY,-1124001.24,1993341.4,-210704.14,373669.8,2026-08-04
20260804,E04,Shenzhen Sourcing,USD,25206.3,52234.1,33638.55,69729.61,2026-08-04
20260804,E05,India Services,INR,-29139160.28,48519615.34,-490386.58,821350.52,2026-08-04
20260804,E05,India Services,USD,121539.25,121539.25,162231.69,162231.69,2026-08-04
20260804,E06,Germany GmbH,EUR,447014.97,471784.53,602925.44,644325.82,2026-08-04
20260804,E06,Germany GmbH,USD,131337.98,155002.22,175311.13,206898.37,2026-08-04
20260804,E07,Germany Sales Office,EUR,357242.31,357887.45,515503.88,516434.82,2026-08-04
20260804,E07,Germany Sales Office,USD,8843.35,8843.35,11804.18,11804.18,2026-08-04
20260804,E08,Netherlands BV,EUR,280498.58,410612.36,456602.38,517446.3,2026-08-04
20260804,E08,Netherlands BV,USD,216190.13,216190.13,288572.53,288572.53,2026-08-04
20260804,E09,UK Ltd,EUR,28945.18,28945.18,41768.15,41768.15,2026-08-04
20260804,E09,UK Ltd,GBP,-9056.33,86716.49,-15436.96,147812.58,2026-08-04
20260804,E09,UK Ltd,USD,96601.44,394986.26,128944.47,527231.21,2026-08-04
20260804,E10,US Inc,EUR,11071.29,18441.05,15975.97,26610.61,2026-08-04
20260804,E10,US Inc,USD,-93050.73,782490.09,326097.43,623608.67,2026-08-04
20260804,E11,US West Distribution,USD,122591.85,227606.67,175056.13,285147.33,2026-08-04
20260805,E01,Group Treasury HQ,EUR,506896.55,506896.55,730970.17,730970.17,2026-08-05
20260805,E01,Group Treasury HQ,GBP,-209302.33,209302.33,-354735.63,354735.63,2026-08-05
20260805,E01,Group Treasury HQ,SGD,18260.21,20664.75,24152.43,26556.97,2026-08-05
20260805,E01,Group Treasury HQ,USD,917910.44,917910.44,1225714.27,1225714.27,2026-08-05
20260805,E02,SG Operations,SGD,-336624.1,922329.24,-202824.31,971075.03,2026-08-05
20260805,E02,SG Operations,USD,96327.05,96327.05,128628.5,128628.5,2026-08-05
20260805,E03,Shanghai Mfg,CNY,109659.7,759690.08,20529.72,142223.86,2026-08-05
20260805,E03,Shanghai Mfg,EUR,1118.36,1118.36,1612.73,1612.73,2026-08-05
20260805,E04,Shenzhen Sourcing,CNY,330964.48,1869312.38,110381.63,398380.35,2026-08-05
20260805,E04,Shenzhen Sourcing,USD,10388.53,10388.53,13872.13,13872.13,2026-08-05
20260805,E05,India Services,INR,-435229.8,435229.8,-68129.38,68129.38,2026-08-05
20260805,E05,India Services,USD,186347.35,186347.35,248835.4,248835.4,2026-08-05
20260805,E06,Germany GmbH,EUR,-423825.6,866461.4,-590574.22,1225397.3,2026-08-05
20260805,E06,Germany GmbH,USD,-470149.25,470149.25,-627804.87,627804.87,2026-08-05
20260805,E07,Germany Sales Office,EUR,-105245.43,180832.15,-151769.19,260769.01,2026-08-05
20260805,E07,Germany Sales Office,USD,-79874.35,79874.35,-106658.7,106658.7,2026-08-05
20260805,E08,Netherlands BV,EUR,-149770.31,149770.31,-215976.27,215976.27,2026-08-05
20260805,E08,Netherlands BV,USD,140530.06,140530.06,187654.14,187654.14,2026-08-05
20260805,E09,UK Ltd,GBP,176960.85,821924.67,781764.72,911194.4,2026-08-05
20260805,E09,UK Ltd,USD,-86013.73,161663.91,-114856.8,215874.84,2026-08-05
20260805,E10,US Inc,EUR,-30024.52,56898.76,-43296.86,82050.86,2026-08-05
20260805,E10,US Inc,USD,-596461.97,1643792.49,303737.98,1092339.96,2026-08-05
20260805,E11,US West Distribution,USD,-390422.37,547707.95,-500689.76,739485.18,2026-08-05
20260806,E01,Group Treasury HQ,SGD,-1943198.32,1943198.32,-364008.01,364008.01,2026-08-06
20260806,E01,Group Treasury HQ,USD,-358208.96,358208.96,-478999.88,478999.88,2026-08-06
20260806,E02,SG Operations,SGD,-1057000.93,1186242.51,-563721.68,697269.94,2026-08-06
20260806,E02,SG Operations,USD,-13430.11,528355.49,-17950.49,706512.81,2026-08-06
20260806,E03,Shanghai Mfg,CNY,-8862984.72,9205529.4,-1659558.43,1723698.55,2026-08-06
20260806,E03,Shanghai Mfg,EUR,-9162.78,9162.78,-13267.36,13267.36,2026-08-06
20260806,E03,Shanghai Mfg,USD,-135825.04,145396.54,-181626.34,194425.42,2026-08-06
20260806,E04,Shenzhen Sourcing,CNY,-4652620.79,5037374.93,-937924.6,1009968.28,2026-08-06
20260806,E04,Shenzhen Sourcing,USD,-8485.93,23527.59,-11347.46,31461.28,2026-08-06
20260806,E05,India Services,EUR,-72985.11,72985.11,-105679.67,105679.67,2026-08-06
20260806,E05,India Services,INR,-10754252.36,10868772.04,-138863.55,253383.23,2026-08-06
20260806,E05,India Services,USD,-119748.6,119748.6,-160016.89,160016.89,2026-08-06
20260806,E06,Germany GmbH,EUR,40618.9,110713.18,54128.71,164994.39,2026-08-06
20260806,E06,Germany GmbH,USD,-58712.85,75442.05,-78479.57,100849.99,2026-08-06
20260806,E07,Germany Sales Office,EUR,3266.88,43010.28,4730.32,62277.24,2026-08-06
20260806,E07,Germany Sales Office,USD,-197637.69,235101.01,-264282.7,314378.96,2026-08-06
20260806,E08,Netherlands BV,EUR,-150102.9,155177.68,-221401.44,228749.52,2026-08-06
20260806,E08,Netherlands BV,USD,121874.24,156766.9,162971.21,209629.95,2026-08-06
20260806,E09,UK Ltd,EUR,122414.75,146823.85,177251.9,212595.36,2026-08-06
20260806,E09,UK Ltd,GBP,295149.43,557952.21,347506.06,505595.58,2026-08-06
20260806,E10,US Inc,EUR,-245082.98,253285.08,-354833.8,366710.12,2026-08-06
20260806,E10,US Inc,USD,-2092009.56,2106784.3,-726210.09,745966.99,2026-08-06
20260806,E11,US West Distribution,USD,-35178.77,236671.31,-21742.95,291180.39,2026-08-06
20260807,E01,Group Treasury HQ,EUR,-334144.83,334144.83,-481903.67,481903.67,2026-08-07
20260807,E01,Group Treasury HQ,SGD,-528262.42,572831.36,-713261.7,757830.64,2026-08-07
20260807,E02,SG Operations,SGD,-116096.66,644636.88,113986.49,414553.73,2026-08-07
20260807,E02,SG Operations,USD,-5706.81,5706.81,-7624.53,7624.53,2026-08-07
20260807,E03,Shanghai Mfg,CNY,272692.92,501035.66,51090.92,93872.54,2026-08-07
20260807,E03,Shanghai Mfg,EUR,-28015.23,28015.23,-40403.56,40403.56,2026-08-07
20260807,E03,Shanghai Mfg,USD,-18254.29,18254.29,-24388.46,24388.46,2026-08-07
20260807,E04,Shenzhen Sourcing,CNY,-1111482.55,1270891.87,-208244.02,238110.48,2026-08-07
20260807,E05,India Services,INR,20487396.39,20612489.23,332571.9,334602.54,2026-08-07
20260807,E05,India Services,USD,138405.56,138405.56,184915.37,184915.37,2026-08-07
20260807,E06,Germany GmbH,EUR,-1890149.23,2499984.17,-445388.98,1324892.9,2026-08-07
20260807,E06,Germany GmbH,USD,-120466.71,176953.27,-160948.34,236416.64,2026-08-07
20260807,E07,Germany Sales Office,EUR,-502676.11,620806.33,-264431.51,434798.91,2026-08-07
20260807,E07,Germany Sales Office,USD,265426.84,265426.84,354620.88,354620.88,2026-08-07
20260807,E08,Netherlands BV,EUR,-3704.6,211651.54,60874.03,239027.05,2026-08-07
20260807,E08,Netherlands BV,USD,56956.73,56956.73,76096.47,76096.47,2026-08-07
20260807,E09,UK Ltd,GBP,-232989.0,489716.04,127811.2,302214.54,2026-08-07
20260807,E09,UK Ltd,USD,152324.52,155676.8,203511.65,207990.43,2026-08-07
20260807,E10,US Inc,EUR,-114870.52,197124.86,-165666.27,284293.47,2026-08-07
20260807,E10,US Inc,USD,-963402.24,1640825.46,25969.87,879094.65,2026-08-07
20260807,E11,US West Distribution,USD,-288564.68,481743.0,-364710.92,622804.88,2026-08-07
20260810,E01,Group Treasury HQ,CNY,-4274193.55,4274193.55,-800535.08,800535.08,2026-08-10
20260810,E01,Group Treasury HQ,SGD,-195000.0,195000.0,-195000.0,195000.0,2026-08-10
20260810,E01,Group Treasury HQ,USD,-671641.79,671641.79,-895054.7,895054.7,2026-08-10
20260810,E02,SG Operations,SGD,195000.0,195000.0,195000.0,195000.0,2026-08-10
20260810,E03,Shanghai Mfg,CNY,2569091.61,5522996.31,481178.04,1034429.6,2026-08-10
20260810,E03,Shanghai Mfg,USD,113323.29,113323.29,151603.22,151603.22,2026-08-10
20260810,E04,Shenzhen Sourcing,CNY,6592743.35,7423652.05,1234787.87,1390412.89,2026-08-10
20260810,E04,Shenzhen Sourcing,USD,695226.25,695226.25,926484.22,926484.22,2026-08-10
20260810,E05,India Services,INR,61332942.61,61511254.09,995678.98,998573.68,2026-08-10
20260810,E05,India Services,USD,162891.63,162891.63,217075.41,217075.41,2026-08-10
20260810,E06,Germany GmbH,EUR,232865.69,236007.65,335386.51,339883.95,2026-08-10
20260810,E06,Germany GmbH,USD,17612.01,231153.35,23470.4,308043.5,2026-08-10
20260810,E07,Germany Sales Office,EUR,83453.77,85722.73,119457.66,122705.48,2026-08-10
20260810,E07,Germany Sales Office,USD,5401.78,5401.78,7198.61,7198.61,2026-08-10
20260810,E08,Netherlands BV,EUR,305632.72,324656.86,439744.51,466976.11,2026-08-10
20260810,E08,Netherlands BV,USD,259332.38,259332.38,345595.94,345595.94,2026-08-10
20260810,E09,UK Ltd,EUR,50764.72,50764.72,72665.79,72665.79,2026-08-10
20260810,E09,UK Ltd,GBP,-115117.35,115117.35,-193740.55,193740.55,2026-08-10
20260810,E09,UK Ltd,USD,482727.56,482727.56,643300.6,643300.6,2026-08-10
20260810,E10,US Inc,EUR,148745.14,148745.14,212917.2,212917.2,2026-08-10
20260810,E10,US Inc,USD,884983.06,945918.4,1221213.72,1235793.6,2026-08-10
20260810,E11,US West Distribution,USD,75537.3,77855.08,100663.8,103752.56,2026-08-10
20260811,E01,Group Treasury HQ,CNY,-80645.16,80645.16,-15102.5,15102.5,2026-08-11
20260811,E01,Group Treasury HQ,EUR,-451264.23,451264.23,-649047.47,649047.47,2026-08-11
20260811,E01,Group Treasury HQ,SGD,10514.67,378567.09,25662.01,493268.09,2026-08-11
20260811,E01,Group Treasury HQ,USD,-44776.12,44776.12,-59901.22,59901.22,2026-08-11
20260811,E02,SG Operations,SGD,-794107.19,1409965.15,118393.75,567237.51,2026-08-11
20260811,E02,SG Operations,USD,87305.28,95015.96,116796.49,127111.79,2026-08-11
20260811,E03,Shanghai Mfg,CNY,-1866293.26,3183388.3,-303801.01,641857.93,2026-08-11
20260811,E03,Shanghai Mfg,EUR,26731.36,26731.36,38447.37,38447.37,2026-08-11
20260811,E03,Shanghai Mfg,USD,336327.54,336327.54,449936.97,449936.97,2026-08-11
20260811,E04,Shenzhen Sourcing,CNY,-259980.43,2783075.61,302027.02,871903.2,2026-08-11
20260811,E04,Shenzhen Sourcing,USD,35006.85,73239.57,46831.96,97979.46,2026-08-11
20260811,E05,India Services,EUR,-30415.63,30415.63,-43746.41,43746.41,2026-08-11
20260811,E05,India Services,INR,2102623.35,2320098.05,34110.86,37638.94,2026-08-11
20260811,E05,India Services,USD,15835.7,44415.62,21184.23,59418.27,2026-08-11
20260811,E06,Germany GmbH,EUR,1170934.1,1330336.32,1706596.08,1890948.64,2026-08-11
20260811,E06,Germany GmbH,USD,145879.04,194774.14,195156.11,260567.69,2026-08-11
20260811,E07,Germany Sales Office,EUR,-30142.44,30142.44,-43353.48,43353.48,2026-08-11
20260811,E07,Germany Sales Office,USD,13398.55,13398.55,17924.5,17924.5,2026-08-11
20260811,E08,Netherlands BV,EUR,18922.88,182323.14,-4203.14,239945.42,2026-08-11
20260811,E08,Netherlands BV,USD,69748.26,69748.26,93308.79,93308.79,2026-08-11
20260811,E09,UK Ltd,EUR,-52098.67,162176.25,-74932.84,233256.0,2026-08-11
20260811,E09,UK Ltd,GBP,-30542.61,223135.65,-118096.25,310689.29,2026-08-11
20260811,E09,UK Ltd,USD,-13954.69,290504.51,-18668.51,388635.19,2026-08-11
20260811,E10,US Inc,EUR,23035.16,23035.16,33131.17,33131.17,2026-08-11
20260811,E10,US Inc,USD,509637.07,790540.05,743242.29,996126.87,2026-08-11
20260811,E11,US West Distribution,USD,-560364.8,1211783.52,100994.14,773672.2,2026-08-11
20260812,E01,Group Treasury HQ,EUR,1101620.09,1101620.09,1586996.12,1586996.12,2026-08-12
20260812,E01,Group Treasury HQ,GBP,322674.42,322674.42,545304.6,545304.6,2026-08-12
20260812,E01,Group Treasury HQ,SGD,14010.88,97002.02,14630.09,97621.23,2026-08-12
20260812,E01,Group Treasury HQ,USD,481343.28,481343.28,643901.57,643901.57,2026-08-12
20260812,E02,SG Operations,SGD,233721.64,237996.08,287223.93,291498.37,2026-08-12
20260812,E02,SG Operations,USD,327024.27,370644.05,437470.58,495821.54,2026-08-12
20260812,E03,Shanghai Mfg,CNY,7861494.03,9565131.55,1485951.97,1805203.41,2026-08-12
20260812,E03,Shanghai Mfg,USD,-481343.28,481343.28,-643901.57,643901.57,2026-08-12
20260812,E04,Shenzhen Sourcing,CNY,80285.55,100287.49,52073.42,55821.68,2026-08-12
20260812,E04,Shenzhen Sourcing,USD,326790.49,326790.49,437153.53,437153.53,2026-08-12
20260812,E05,India Services,INR,-339513.88,707797.52,175648.14,192635.5,2026-08-12
20260812,E05,India Services,USD,4756.43,4756.43,6362.76,6362.76,2026-08-12
20260812,E06,Germany GmbH,EUR,-1535652.9,1652294.16,-1374877.51,1542911.13,2026-08-12
20260812,E06,Germany GmbH,USD,-6300.7,6300.7,-8428.56,8428.56,2026-08-12
20260812,E07,Germany Sales Office,EUR,35988.43,46819.33,49132.46,64735.48,2026-08-12
20260812,E08,Netherlands BV,EUR,-31799.0,98716.16,-54461.38,133559.02,2026-08-12
20260812,E08,Netherlands BV,USD,254346.72,254346.72,340244.19,340244.19,2026-08-12
20260812,E09,UK Ltd,EUR,5983.46,5983.46,8619.78,8619.78,2026-08-12
20260812,E09,UK Ltd,GBP,-465982.31,470287.87,-574499.42,581775.62,2026-08-12
20260812,E09,UK Ltd,USD,8114.69,8114.69,10855.17,10855.17,2026-08-12
20260812,E10,US Inc,EUR,-139049.19,171295.63,-200314.55,246768.83,2026-08-12
20260812,E10,US Inc,USD,-31931.68,309155.8,56219.94,293581.3,2026-08-12
20260812,E11,US West Distribution,USD,-165557.01,258065.83,-43943.95,167694.65,2026-08-12
20260813,E01,Group Treasury HQ,EUR,-506896.55,506896.55,-733551.8,733551.8,2026-08-13
20260813,E01,Group Treasury HQ,SGD,-697067.16,1048646.88,-40852.72,392432.44,2026-08-13
20260813,E02,SG Operations,SGD,-1742703.54,2436398.8,-18721.42,797070.98,2026-08-13
20260813,E02,SG Operations,USD,-167340.42,185085.02,-224834.91,248676.17,2026-08-13
20260813,E03,Shanghai Mfg,CNY,-2268830.45,2309922.15,-425031.35,432729.27,2026-08-13
20260813,E03,Shanghai Mfg,EUR,-8367.09,8367.09,-12108.38,12108.38,2026-08-13
20260813,E03,Shanghai Mfg,USD,-9743.58,52264.34,-13091.26,70221.22,2026-08-13
20260813,E04,Shenzhen Sourcing,CNY,-9985105.87,10003024.97,-1878968.17,1896887.27,2026-08-13
20260813,E04,Shenzhen Sourcing,USD,-847565.93,847565.93,-1138770.94,1138770.94,2026-08-13
20260813,E05,India Services,EUR,-41102.56,41102.56,-59481.28,59481.28,2026-08-13
20260813,E05,India Services,INR,-16114726.88,16114726.88,-273899.73,273899.73,2026-08-13
20260813,E05,India Services,USD,-185111.72,185111.72,-248743.38,248743.38,2026-08-13
20260813,E06,Germany GmbH,EUR,490385.43,523407.67,708104.31,758999.29,2026-08-13
20260813,E06,Germany GmbH,USD,-26273.61,53096.17,-35300.65,71338.85,2026-08-13
20260813,E07,Germany Sales Office,EUR,13469.05,141306.91,16946.46,207036.48,2026-08-13
20260813,E07,Germany Sales Office,USD,18101.53,18101.53,24320.82,24320.82,2026-08-13
20260813,E08,Netherlands BV,EUR,-378103.9,418390.16,-525630.93,565917.19,2026-08-13
20260813,E08,Netherlands BV,USD,-137778.78,442688.02,-185116.54,594785.88,2026-08-13
20260813,E09,UK Ltd,EUR,-14136.57,14136.57,-20457.64,20457.64,2026-08-13
20260813,E09,UK Ltd,GBP,32126.14,53160.38,54142.05,89590.99,2026-08-13
20260813,E09,UK Ltd,USD,-633.29,633.29,-850.87,850.87,2026-08-13
20260813,E10,US Inc,EUR,-74093.83,74093.83,-107224.37,107224.37,2026-08-13
20260813,E10,US Inc,USD,-1549341.56,1606436.12,-320480.66,397191.64,2026-08-13
20260813,E11,US West Distribution,USD,-231996.64,549669.92,23678.97,409525.73,2026-08-13
20260814,E01,Group Treasury HQ,EUR,-693103.45,693103.45,-1001855.39,1001855.39,2026-08-14
20260814,E01,Group Treasury HQ,SGD,-53713.73,53713.73,-53713.73,53713.73,2026-08-14
20260814,E02,SG Operations,SGD,-980312.96,991498.32,-430924.86,447092.88,2026-08-14
20260814,E02,SG Operations,USD,17024.98,22818.18,22883.78,30670.6,2026-08-14
20260814,E03,Shanghai Mfg,CNY,-2420139.27,3040612.73,-453083.94,569245.26,2026-08-14
20260814,E03,Shanghai Mfg,USD,82361.46,82361.46,110704.51,110704.51,2026-08-14
20260814,E04,Shenzhen Sourcing,CNY,-226184.12,1032182.02,-55028.19,205922.27,2026-08-14
20260814,E04,Shenzhen Sourcing,USD,24703.94,24703.94,33205.31,33205.31,2026-08-14
20260814,E05,India Services,EUR,-1791.2,1791.2,-2589.11,2589.11,2026-08-14
20260814,E05,India Services,INR,-5546901.13,7187144.55,-89976.29,116582.67,2026-08-14
20260814,E06,Germany GmbH,EUR,-524948.23,1911155.13,-514454.39,2518165.17,2026-08-14
20260814,E06,Germany GmbH,USD,-75008.68,91410.94,-100821.43,122868.19,2026-08-14
20260814,E07,Germany Sales Office,EUR,-497549.3,530962.74,-719189.09,767486.99,2026-08-14
20260814,E08,Netherlands BV,EUR,-31979.95,31979.95,-46225.83,46225.83,2026-08-14
20260814,E08,Netherlands BV,USD,11371.28,11371.28,15284.48,15284.48,2026-08-14
20260814,E09,UK Ltd,EUR,86313.55,86313.55,124763.04,124763.04,2026-08-14
20260814,E09,UK Ltd,GBP,-173324.35,525204.37,134578.31,279437.77,2026-08-14
20260814,E09,UK Ltd,USD,-5116.78,5116.78,-6877.62,6877.62,2026-08-14
20260814,E10,US Inc,EUR,-14553.13,25636.99,-21036.02,37057.32,2026-08-14
20260814,E10,US Inc,USD,-3573072.53,3676159.43,-1219088.02,1357650.22,2026-08-14
20260814,E11,US West Distribution,USD,-145827.38,354895.22,-137741.78,420282.72,2026-08-14
20260816,E01,Group Treasury HQ,SGD,-120000.0,120000.0,-120000.0,120000.0,2026-08-16
20260816,E02,SG Operations,SGD,120000.0,120000.0,120000.0,120000.0,2026-08-16
20260816,E11,US West Distribution,USD,-12338.19,12338.19,-16579.05,16579.05,2026-08-16
20260817,E01,Group Treasury HQ,EUR,-153711.57,301460.85,-220532.66,432532.34,2026-08-17
20260817,E01,Group Treasury HQ,SGD,13450.79,22554.87,19638.69,28742.77,2026-08-17
20260817,E02,SG Operations,SGD,-129163.36,667849.06,111277.11,611680.29,2026-08-17
20260817,E02,SG Operations,USD,401907.27,401907.27,540790.7,540790.7,2026-08-17
20260817,E03,Shanghai Mfg,CNY,5756089.21,5978958.45,1079697.12,1121461.92,2026-08-17
20260817,E03,Shanghai Mfg,EUR,47854.15,47854.15,68659.41,68659.41,2026-08-17
20260817,E03,Shanghai Mfg,USD,164540.27,164540.27,221162.46,221162.46,2026-08-17
20260817,E04,Shenzhen Sourcing,CNY,500262.37,2430174.55,93747.16,455404.98,2026-08-17
20260817,E04,Shenzhen Sourcing,USD,66811.73,66811.73,89776.12,89776.12,2026-08-17
20260817,E05,India Services,INR,72288987.98,74016073.98,1152275.6,1215525.52,2026-08-17
20260817,E05,India Services,USD,110310.1,110310.1,148225.67,148225.67,2026-08-17
20260817,E06,Germany GmbH,EUR,39471.7,73489.2,56632.57,105439.67,2026-08-17
20260817,E06,Germany GmbH,USD,99816.29,99816.29,134143.05,134143.05,2026-08-17
20260817,E07,Germany Sales Office,EUR,17277.05,36074.03,24788.49,51757.71,2026-08-17
20260817,E07,Germany Sales Office,USD,10557.03,10557.03,14185.67,14185.67,2026-08-17
20260817,E08,Netherlands BV,EUR,-1229.02,1229.02,-1763.34,1763.34,2026-08-17
20260817,E08,Netherlands BV,USD,327909.41,327909.41,440617.78,440617.78,2026-08-17
20260817,E09,UK Ltd,EUR,134409.04,134409.04,192845.26,192845.26,2026-08-17
20260817,E09,UK Ltd,GBP,-33210.33,144353.71,-85515.12,213419.06,2026-08-17
20260817,E09,UK Ltd,USD,597355.1,597355.1,802676.81,802676.81,2026-08-17
20260817,E10,US Inc,EUR,793773.25,793773.25,1138877.28,1138877.28,2026-08-17
20260817,E10,US Inc,USD,106394.42,221043.32,142912.72,297071.26,2026-08-17
20260817,E11,US West Distribution,USD,-387730.27,1468244.85,493923.53,975375.03,2026-08-17
20260818,E01,Group Treasury HQ,CNY,-967741.94,967741.94,-181779.68,181779.68,2026-08-18
20260818,E01,Group Treasury HQ,EUR,-631034.48,631034.48,-905446.77,905446.77,2026-08-18
20260818,E01,Group Treasury HQ,SGD,763204.19,776683.99,762661.29,780770.67,2026-08-18
20260818,E01,Group Treasury HQ,USD,929104.48,929104.48,1254199.99,1254199.99,2026-08-18
20260818,E02,SG Operations,SGD,-2132102.4,3451557.46,-604930.12,2411528.22,2026-08-18
20260818,E02,SG Operations,USD,-758437.22,1163471.24,-1023815.91,1570572.15,2026-08-18
20260818,E03,Shanghai Mfg,CNY,412662.04,1877099.18,77514.02,352592.44,2026-08-18
20260818,E03,Shanghai Mfg,EUR,-120667.98,134828.74,-173141.78,193460.5,2026-08-18
20260818,E03,Shanghai Mfg,USD,178229.61,210620.21,240480.22,284204.36,2026-08-18
20260818,E04,Shenzhen Sourcing,CNY,856505.12,3274889.14,253750.83,708017.65,2026-08-18
20260818,E04,Shenzhen Sourcing,USD,217180.1,217180.1,293171.87,293171.87,2026-08-18
20260818,E05,India Services,INR,3578965.06,5393082.2,70422.96,198122.26,2026-08-18
20260818,E05,India Services,USD,31926.06,35581.22,43097.05,48031.15,2026-08-18
20260818,E06,Germany GmbH,EUR,319916.18,1192491.36,369615.15,1806098.45,2026-08-18
20260818,E06,Germany GmbH,USD,-66892.38,96433.38,-90298.16,130175.62,2026-08-18
20260818,E07,Germany Sales Office,EUR,96193.07,112827.65,138023.67,161891.99,2026-08-18
20260818,E07,Germany Sales Office,USD,37421.28,37421.28,50515.06,50515.06,2026-08-18
20260818,E08,Netherlands BV,EUR,170437.61,176187.59,200827.18,209077.58,2026-08-18
20260818,E08,Netherlands BV,USD,45824.29,96246.17,61858.3,129922.9,2026-08-18
20260818,E09,UK Ltd,EUR,271179.01,271179.01,389104.18,389104.18,2026-08-18
20260818,E09,UK Ltd,GBP,-25130.66,50742.56,-25660.64,51272.54,2026-08-18
20260818,E09,UK Ltd,USD,75687.15,174705.11,102170.24,235834.78,2026-08-18
20260818,E10,US Inc,EUR,590031.71,614989.15,846613.49,882423.95,2026-08-18
20260818,E10,US Inc,USD,-50992.78,579212.6,93883.1,619161.88,2026-08-18
20260818,E11,US West Distribution,USD,421893.32,535669.92,560086.14,721639.24,2026-08-18
20260819,E01,Group Treasury HQ,EUR,1241379.31,1241379.31,1785830.9,1785830.9,2026-08-19
20260819,E01,Group Treasury HQ,SGD,-653184.45,911271.47,-493045.41,751132.43,2026-08-19
20260819,E01,Group Treasury HQ,USD,1667910.45,1667910.45,2241619.94,2241619.94,2026-08-19
20260819,E02,SG Operations,SGD,435825.1,1022164.26,519301.26,998970.14,2026-08-19
20260819,E02,SG Operations,USD,215564.71,215564.71,289712.29,289712.29,2026-08-19
20260819,E03,Shanghai Mfg,CNY,668437.5,2015219.54,125746.01,378918.39,2026-08-19
20260819,E03,Shanghai Mfg,USD,-325937.88,393480.54,-438050.4,528825.64,2026-08-19
20260819,E04,Shenzhen Sourcing,CNY,680172.55,718480.83,127907.14,135111.04,2026-08-19
20260819,E04,Shenzhen Sourcing,USD,-596057.4,612553.66,-801059.9,823275.92,2026-08-19
20260819,E05,India Services,INR,13559869.24,13720107.68,219154.6,221744.38,2026-08-19
20260819,E05,India Services,USD,65976.53,65976.53,88670.41,88670.41,2026-08-19
20260819,E06,Germany GmbH,EUR,-774846.05,1285778.73,-925379.48,1660400.08,2026-08-19
20260819,E06,Germany GmbH,USD,38075.72,38075.72,51172.59,51172.59,2026-08-19
20260819,E07,Germany Sales Office,EUR,-50428.99,50428.99,-72546.44,72546.44,2026-08-19
20260819,E07,Germany Sales Office,USD,34653.72,34653.72,46573.53,46573.53,2026-08-19
20260819,E08,Netherlands BV,EUR,-143406.31,143406.31,-206302.29,206302.29,2026-08-19
20260819,E08,Netherlands BV,USD,54799.87,54799.87,73649.31,73649.31,2026-08-19
20260819,E09,UK Ltd,EUR,-42017.75,42017.75,-60446.15,60446.15,2026-08-19
20260819,E09,UK Ltd,GBP,-304598.5,318780.42,-165680.47,189651.19,2026-08-19
20260819,E09,UK Ltd,USD,-389.42,44011.04,-523.37,59149.47,2026-08-19
20260819,E10,US Inc,EUR,-998179.32,998179.32,-1435966.8,1435966.8,2026-08-19
20260819,E10,US Inc,USD,-271167.91,603405.35,-39661.21,486178.01,2026-08-19
20260819,E11,US West Distribution,USD,-880928.66,1324424.46,-1200630.1,1796674.74,2026-08-19
20260820,E01,Group Treasury HQ,EUR,-144827.59,144827.59,-208142.59,208142.59,2026-08-20
20260820,E01,Group Treasury HQ,GBP,-252906.98,252906.98,-429029.62,429029.62,2026-08-20
20260820,E01,Group Treasury HQ,SGD,-101807.17,178109.69,-115060.29,191362.81,2026-08-20
20260820,E02,SG Operations,SGD,-1396051.52,1612744.98,-351820.99,658387.27,2026-08-20
20260820,E02,SG Operations,USD,-37239.77,37239.77,-50146.1,50146.1,2026-08-20
20260820,E03,Shanghai Mfg,CNY,-7614170.19,7827270.15,-1449989.67,1490029.23,2026-08-20
20260820,E03,Shanghai Mfg,USD,-37419.61,37419.61,-50394.15,50394.15,2026-08-20
20260820,E04,Shenzhen Sourcing,CNY,-2443005.08,4852923.02,-465121.51,917923.39,2026-08-20
20260820,E04,Shenzhen Sourcing,USD,-2611.3,2611.3,-3516.72,3516.72,2026-08-20
20260820,E05,India Services,INR,-4989130.38,7971047.42,-80888.78,129234.6,2026-08-20
20260820,E05,India Services,USD,-72487.79,72487.79,-97619.06,97619.06,2026-08-20
20260820,E06,Germany GmbH,EUR,-68661.79,165517.09,-101197.28,240395.3,2026-08-20
20260820,E06,Germany GmbH,USD,76545.19,88610.41,103085.78,119334.38,2026-08-20
20260820,E07,Germany Sales Office,EUR,24083.89,53488.81,34612.77,76872.77,2026-08-20
20260820,E08,Netherlands BV,EUR,6756.59,204630.67,9710.4,294090.08,2026-08-20
20260820,E08,Netherlands BV,USD,-119078.75,119078.75,-160367.04,160367.04,2026-08-20
20260820,E09,UK Ltd,EUR,-35374.26,87359.26,-50839.0,125550.54,2026-08-20
20260820,E09,UK Ltd,GBP,264262.65,390608.37,448293.31,662625.29,2026-08-20
20260820,E09,UK Ltd,USD,18911.58,18911.58,25468.81,25468.81,2026-08-20
20260820,E10,US Inc,EUR,-122028.36,122028.36,-175376.11,175376.11,2026-08-20
20260820,E10,US Inc,USD,-661348.64,680002.36,-287952.26,313073.8,2026-08-20
20260820,E11,US West Distribution,USD,-350286.59,479041.19,-90844.99,275887.89,2026-08-20
20260821,E01,Group Treasury HQ,CNY,-80645.16,80645.16,-15162.58,15162.58,2026-08-21
20260821,E01,Group Treasury HQ,EUR,-289655.17,289655.17,-415237.2,415237.2,2026-08-21
20260821,E01,Group Treasury HQ,SGD,-55383.64,55383.64,-55383.64,55383.64,2026-08-21
20260821,E02,SG Operations,SGD,14355.75,119728.23,36185.3,141557.78,2026-08-21
20260821,E02,SG Operations,USD,35513.14,35513.14,47797.56,47797.56,2026-08-21
20260821,E03,Shanghai Mfg,CNY,-340441.87,633008.75,-8285.14,174738.7,2026-08-21
20260821,E04,Shenzhen Sourcing,CNY,-1657925.69,4432229.43,-311716.56,833330.06,2026-08-21
20260821,E04,Shenzhen Sourcing,USD,64389.18,64389.18,86662.17,86662.17,2026-08-21
20260821,E05,India Services,INR,430691.81,552148.33,28928.1,30897.02,2026-08-21
20260821,E05,India Services,USD,52073.72,52073.72,70086.64,70086.64,2026-08-21
20260821,E06,Germany GmbH,EUR,-441331.15,1063511.97,-624836.06,1516767.74,2026-08-21
20260821,E06,Germany GmbH,USD,38355.19,38355.19,51622.71,51622.71,2026-08-21
20260821,E07,Germany Sales Office,EUR,-315579.75,315579.75,-452401.56,452401.56,2026-08-21
20260821,E08,Netherlands BV,EUR,-28984.54,28984.54,-40896.51,40896.51,2026-08-21
20260821,E08,Netherlands BV,USD,116616.13,116616.13,156955.04,156955.04,2026-08-21
20260821,E09,UK Ltd,EUR,71298.48,71298.48,102210.44,102210.44,2026-08-21
20260821,E09,UK Ltd,GBP,-110513.85,210858.75,-105613.51,259918.87,2026-08-21
20260821,E09,UK Ltd,USD,-6125.08,6125.08,-8243.82,8243.82,2026-08-21
20260821,E10,US Inc,EUR,-216104.8,224803.76,-309798.54,322269.0,2026-08-21
20260821,E10,US Inc,USD,-1159628.94,1256442.96,-510832.27,641135.41,2026-08-21
20260821,E11,US West Distribution,USD,-505604.74,646108.8,-710223.99,899330.09,2026-08-21
20260822,E06,Germany GmbH,EUR,-19276.39,19276.39,-27633.8,27633.8,2026-08-22
20260823,E01,Group Treasury HQ,SGD,-990000.0,990000.0,-990000.0,990000.0,2026-08-23
20260823,E02,SG Operations,SGD,990000.0,990000.0,990000.0,990000.0,2026-08-23
20260824,E01,Group Treasury HQ,CNY,-3467741.94,3467741.94,-650877.82,650877.82,2026-08-24
20260824,E01,Group Treasury HQ,EUR,-672413.8,672413.8,-966385.03,966385.03,2026-08-24
20260824,E01,Group Treasury HQ,SGD,-46295.34,193633.4,40234.02,109886.06,2026-08-24
20260824,E01,Group Treasury HQ,USD,-817164.18,817164.18,-1098550.58,1098550.58,2026-08-24
20260824,E02,SG Operations,SGD,126685.75,312900.43,223072.11,329953.85,2026-08-24
20260824,E02,SG Operations,USD,119853.7,160771.18,161251.9,216259.12,2026-08-24
20260824,E03,Shanghai Mfg,CNY,4807954.05,4992531.03,902428.9,937073.1,2026-08-24
20260824,E03,Shanghai Mfg,USD,45584.96,45584.96,61281.91,61281.91,2026-08-24
20260824,E04,Shenzhen Sourcing,CNY,5767830.63,5919096.73,1082592.97,1110984.87,2026-08-24
20260824,E04,Shenzhen Sourcing,USD,164253.04,311812.88,221657.98,420029.32,2026-08-24
20260824,E05,India Services,INR,31562917.64,31711119.44,511855.83,514259.21,2026-08-24
20260824,E05,India Services,USD,140725.6,140725.6,189183.76,189183.76,2026-08-24
20260824,E06,Germany GmbH,EUR,85949.29,634417.91,395813.65,639489.43,2026-08-24
20260824,E06,Germany GmbH,USD,56047.58,56047.58,75347.29,75347.29,2026-08-24
20260824,E07,Germany Sales Office,EUR,-280293.16,389253.08,-402833.96,559429.84,2026-08-24
20260824,E07,Germany Sales Office,USD,5205.37,5205.37,6997.81,6997.81,2026-08-24
20260824,E08,Netherlands BV,EUR,559560.2,561366.8,832769.17,835365.61,2026-08-24
20260824,E08,Netherlands BV,USD,158710.49,203471.33,213281.64,273615.68,2026-08-24
20260824,E09,UK Ltd,EUR,117973.87,117973.87,169550.63,169550.63,2026-08-24
20260824,E09,UK Ltd,GBP,-63942.1,225501.46,-164564.39,326123.75,2026-08-24
20260824,E09,UK Ltd,USD,200486.89,200486.89,269523.55,269523.55,2026-08-24
20260824,E10,US Inc,EUR,325579.66,325579.66,467919.18,467919.18,2026-08-24
20260824,E10,US Inc,USD,304393.56,885445.48,714170.75,880926.87,2026-08-24
20260824,E11,US West Distribution,USD,949389.91,1082152.33,1304053.19,1482531.71,2026-08-24
20260825,E01,Group Treasury HQ,EUR,-1024137.93,1024137.93,-1482265.55,1482265.55,2026-08-25
20260825,E01,Group Treasury HQ,SGD,46430.61,791351.87,355311.59,495327.29,2026-08-25
20260825,E01,Group Treasury HQ,USD,380597.01,380597.01,513014.33,513014.33,2026-08-25
20260825,E02,SG Operations,SGD,-4220745.27,4848169.23,-806755.39,1537569.05,2026-08-25
20260825,E02,SG Operations,USD,-274938.59,486255.43,-370595.23,655433.43,2026-08-25
20260825,E03,Shanghai Mfg,CNY,3061175.72,10554872.46,553647.04,2000887.0,2026-08-25
20260825,E03,Shanghai Mfg,USD,93065.66,188984.68,125445.08,254736.24,2026-08-25
20260825,E04,Shenzhen Sourcing,CNY,5070258.37,5838396.13,943577.6,1103016.9,2026-08-25
20260825,E04,Shenzhen Sourcing,USD,5090.94,5090.94,6862.18,6862.18,2026-08-25
20260825,E05,India Services,EUR,43479.22,43479.22,62928.78,62928.78,2026-08-25
20260825,E05,India Services,INR,35290980.22,36016310.1,232320.27,922501.31,2026-08-25
20260825,E05,India Services,USD,25404.39,25404.39,34243.08,34243.08,2026-08-25
20260825,E06,Germany GmbH,EUR,1468435.84,1511920.18,2125311.22,2188247.44,2026-08-25
20260825,E06,Germany GmbH,USD,33709.84,33709.84,45438.17,45438.17,2026-08-25
20260825,E07,Germany Sales Office,EUR,267352.99,268656.47,412981.63,414868.21,2026-08-25
20260825,E08,Netherlands BV,EUR,-174549.0,411134.14,-135128.1,469921.5,2026-08-25
20260825,E08,Netherlands BV,USD,33321.5,33321.5,44914.72,44914.72,2026-08-25
20260825,E09,UK Ltd,EUR,58334.7,58334.7,84429.56,84429.56,2026-08-25
20260825,E09,UK Ltd,GBP,-340116.63,665195.47,74270.72,267739.16,2026-08-25
20260825,E09,UK Ltd,USD,1158361.41,1158361.41,1561378.52,1561378.52,2026-08-25
20260825,E10,US Inc,EUR,99521.91,151171.39,144041.06,218794.9,2026-08-25
20260825,E10,US Inc,USD,-2482251.76,3014854.42,-616979.41,1334885.19,2026-08-25
20260825,E11,US West Distribution,USD,186346.91,597991.03,448796.21,619779.95,2026-08-25
20260826,E01,Group Treasury HQ,EUR,849961.72,849961.72,1237567.83,1237567.83,2026-08-26
20260826,E01,Group Treasury HQ,GBP,-200581.4,200581.4,-339173.91,339173.91,2026-08-26
20260826,E01,Group Treasury HQ,SGD,-1152840.81,1272935.55,-394566.59,556059.07,2026-08-26
20260826,E01,Group Treasury HQ,USD,212686.57,212686.57,286001.54,286001.54,2026-08-26
20260826,E02,SG Operations,SGD,342888.14,613096.02,382837.74,653045.62,2026-08-26
20260826,E02,SG Operations,USD,65661.89,80308.63,88296.13,107991.73,2026-08-26
20260826,E03,Shanghai Mfg,CNY,1006457.01,1026213.31,189354.24,193070.32,2026-08-26
20260826,E03,Shanghai Mfg,EUR,86079.01,86079.01,125333.02,125333.02,2026-08-26
20260826,E03,Shanghai Mfg,USD,-205873.81,253082.93,-276840.36,340322.88,2026-08-26
20260826,E04,Shenzhen Sourcing,CNY,-600222.49,1313446.01,-112927.09,247112.27,2026-08-26
20260826,E04,Shenzhen Sourcing,USD,-59607.65,105056.01,-80154.94,141269.76,2026-08-26
20260826,E06,Germany GmbH,EUR,-1100719.24,1736449.26,-668325.29,1578136.45,2026-08-26
20260826,E06,Germany GmbH,USD,6531.26,19906.74,8782.65,26768.77,2026-08-26
20260826,E07,Germany Sales Office,EUR,17375.47,99657.83,25299.1,145104.08,2026-08-26
20260826,E07,Germany Sales Office,USD,15809.65,15809.65,21259.37,21259.37,2026-08-26
20260826,E08,Netherlands BV,EUR,-22747.91,79660.11,-33121.48,115986.96,2026-08-26
20260826,E08,Netherlands BV,USD,190821.86,190821.86,256599.88,256599.88,2026-08-26
20260826,E09,UK Ltd,GBP,-719152.47,1138439.79,176339.06,532656.48,2026-08-26
20260826,E09,UK Ltd,USD,68926.25,68926.25,92685.75,92685.75,2026-08-26
20260826,E10,US Inc,EUR,-362068.97,362068.97,-527180.74,527180.74,2026-08-26
20260826,E10,US Inc,USD,288719.0,440845.38,465884.04,526428.82,2026-08-26
20260826,E11,US West Distribution,USD,-26014.68,636330.28,223562.62,613600.84,2026-08-26
20260827,E01,Group Treasury HQ,EUR,-756.94,756.94,-1102.26,1102.26,2026-08-27
20260827,E01,Group Treasury HQ,SGD,-832875.07,832875.07,-226255.49,226255.49,2026-08-27
20260827,E02,SG Operations,SGD,-5829069.56,6012447.66,-1048031.76,1231409.86,2026-08-27
20260827,E02,SG Operations,USD,-107689.63,107689.63,-145225.47,145225.47,2026-08-27
20260827,E03,Shanghai Mfg,CNY,-4221693.9,4674644.3,-807334.7,892567.74,2026-08-27
20260827,E03,Shanghai Mfg,EUR,-74728.27,74728.27,-108819.54,108819.54,2026-08-27
20260827,E03,Shanghai Mfg,USD,-4307.98,4307.98,-5808.6,5808.6,2026-08-27
20260827,E04,Shenzhen Sourcing,CNY,-5998577.28,6671186.02,-1082712.14,1324282.72,2026-08-27
20260827,E04,Shenzhen Sourcing,USD,-49278.57,49278.57,-66444.02,66444.02,2026-08-27
20260827,E05,India Services,EUR,-23468.17,23468.17,-34174.42,34174.42,2026-08-27
20260827,E05,India Services,INR,-2588111.2,13536110.96,-99758.77,277160.15,2026-08-27
20260827,E05,India Services,USD,20441.02,82145.18,27561.34,110759.22,2026-08-27
20260827,E06,Germany GmbH,EUR,-193178.5,292605.26,-288141.72,404671.5,2026-08-27
20260827,E06,Germany GmbH,USD,-62842.15,616695.25,-84732.27,831511.79,2026-08-27
20260827,E07,Germany Sales Office,EUR,47964.0,48988.72,69845.32,71337.52,2026-08-27
20260827,E07,Germany Sales Office,USD,-9039.3,9039.3,-12188.0,12188.0,2026-08-27
20260827,E08,Netherlands BV,EUR,-372003.04,372003.04,-604729.1,604729.1,2026-08-27
20260827,E08,Netherlands BV,USD,-1200244.63,1497099.71,-1618396.84,2018656.92,2026-08-27
20260827,E09,UK Ltd,EUR,-61151.35,61151.35,-89048.78,89048.78,2026-08-27
20260827,E09,UK Ltd,GBP,-330470.33,339215.17,-384491.87,399267.67,2026-08-27
20260827,E09,UK Ltd,USD,-84726.44,137863.02,-114239.62,185885.54,2026-08-27
20260827,E10,US Inc,EUR,-25922.12,41091.78,-37747.87,59837.97,2026-08-27
20260827,E10,US Inc,USD,-1560408.21,1625601.93,-535439.17,623342.15,2026-08-27
20260827,E11,US West Distribution,USD,-989145.77,1055817.71,-675875.22,765771.32,2026-08-27
20260828,E01,Group Treasury HQ,EUR,-470650.07,481074.07,-683350.01,698484.91,2026-08-28
20260828,E01,Group Treasury HQ,SGD,-47016.56,196659.96,-61881.16,211524.56,2026-08-28
20260828,E02,SG Operations,SGD,5792.82,211232.72,52702.18,258142.08,2026-08-28
20260828,E03,Shanghai Mfg,CNY,-827039.81,1380752.21,-156223.68,260817.2,2026-08-28
20260828,E03,Shanghai Mfg,USD,54226.71,54226.71,73232.63,73232.63,2026-08-28
20260828,E04,Shenzhen Sourcing,CNY,704342.44,914866.14,133046.76,172813.64,2026-08-28
20260828,E04,Shenzhen Sourcing,USD,-28987.22,28987.22,-39146.95,39146.95,2026-08-28
20260828,E05,India Services,INR,1320854.29,1555614.97,52676.69,56480.05,2026-08-28
20260828,E05,India Services,USD,-27705.03,27705.03,-37415.37,37415.37,2026-08-28
20260828,E06,Germany GmbH,EUR,-622665.58,1656237.0,-912345.04,2396457.46,2026-08-28
20260828,E06,Germany GmbH,USD,-4871.71,4871.71,-6579.2,6579.2,2026-08-28
20260828,E07,Germany Sales Office,EUR,-1003553.98,1003553.98,-308111.84,308111.84,2026-08-28
20260828,E07,Germany Sales Office,USD,12767.34,12767.34,17242.16,17242.16,2026-08-28
20260828,E08,Netherlands BV,EUR,-398001.59,405231.65,-78913.94,89411.46,2026-08-28
20260828,E08,Netherlands BV,USD,22710.9,22710.9,30670.84,30670.84,2026-08-28
20260828,E09,UK Ltd,EUR,9641.58,9641.58,13998.88,13998.88,2026-08-28
20260828,E09,UK Ltd,GBP,-394913.15,394913.15,-118497.61,118497.61,2026-08-28
20260828,E09,UK Ltd,USD,-8607.97,37750.31,-11624.98,50981.42,2026-08-28
20260828,E10,US Inc,EUR,-21569.94,21569.94,-31318.0,31318.0,2026-08-28
20260828,E10,US Inc,USD,-841169.13,991478.73,-658094.07,861085.69,2026-08-28
20260828,E11,US West Distribution,USD,-1316332.49,1366393.11,-889572.26,957178.62,2026-08-28
20260830,E01,Group Treasury HQ,SGD,-210000.0,210000.0,-210000.0,210000.0,2026-08-30
20260830,E02,SG Operations,SGD,210000.0,210000.0,210000.0,210000.0,2026-08-30
20260830,E06,Germany GmbH,USD,-14458.75,14458.75,-19668.02,19668.02,2026-08-30
20260831,E01,Group Treasury HQ,GBP,-348837.21,348837.21,-589299.42,589299.42,2026-08-31
20260831,E01,Group Treasury HQ,SGD,146913.12,147720.58,173634.78,174442.24,2026-08-31
20260831,E01,Group Treasury HQ,USD,-156716.42,156716.42,-213178.99,213178.99,2026-08-31
20260831,E02,SG Operations,SGD,29915.83,1054242.61,611665.17,902082.77,2026-08-31
20260831,E02,SG Operations,USD,199468.01,199468.01,271343.24,271343.24,2026-08-31
20260831,E03,Shanghai Mfg,CNY,2486032.39,3068125.09,507382.48,617430.62,2026-08-31
20260831,E03,Shanghai Mfg,USD,700796.36,700796.36,953361.31,953361.31,2026-08-31
20260831,E04,Shenzhen Sourcing,CNY,1892482.13,1908539.19,518838.55,521874.23,2026-08-31
20260831,E04,Shenzhen Sourcing,USD,163867.51,163867.51,222996.86,222996.86,2026-08-31
20260831,E05,India Services,INR,11848151.15,17995656.51,192710.17,292699.33,2026-08-31
20260831,E05,India Services,USD,183793.0,183793.0,250010.86,250010.86,2026-08-31
20260831,E06,Germany GmbH,EUR,-159149.1,217657.06,-44868.07,122324.85,2026-08-31
20260831,E06,Germany GmbH,USD,-71700.98,193704.82,-97533.77,263493.75,2026-08-31
20260831,E07,Germany Sales Office,EUR,37707.82,38041.42,40659.42,41142.82,2026-08-31
20260831,E07,Germany Sales Office,USD,95336.56,95336.56,129684.9,129684.9,2026-08-31
20260831,E08,Netherlands BV,EUR,26753.13,64127.55,34614.58,97076.08,2026-08-31
20260831,E08,Netherlands BV,USD,17745.39,17745.39,24138.78,24138.78,2026-08-31
20260831,E09,UK Ltd,EUR,133558.86,133558.86,193533.46,193533.46,2026-08-31
20260831,E09,UK Ltd,GBP,162102.0,535572.42,273842.96,904755.88,2026-08-31
20260831,E09,UK Ltd,USD,43170.9,43170.9,58724.73,58724.73,2026-08-31
20260831,E10,US Inc,EUR,186421.63,214491.31,270134.25,310808.61,2026-08-31
20260831,E10,US Inc,USD,417178.98,561726.54,609904.6,806531.08,2026-08-31
20260831,E11,US West Distribution,USD,120608.0,402396.38,168688.91,552217.63,2026-08-31
20260901,E01,Group Treasury HQ,EUR,-1580016.1,1742581.08,-2297747.89,2534158.99,2026-09-01
20260901,E01,Group Treasury HQ,SGD,738680.4,1196063.1,919276.66,1015466.84,2026-09-01
20260901,E01,Group Treasury HQ,USD,414179.1,414179.1,563849.76,563849.76,2026-09-01
20260901,E02,SG Operations,SGD,-3422666.29,4496681.45,-812794.11,2261996.69,2026-09-01
20260901,E02,SG Operations,USD,-263640.0,613789.34,-358910.81,835592.55,2026-09-01
20260901,E03,Shanghai Mfg,CNY,2368974.6,4875799.64,447224.37,920473.11,2026-09-01
20260901,E03,Shanghai Mfg,EUR,-5921.33,5921.33,-8611.13,8611.13,2026-09-01
20260901,E03,Shanghai Mfg,USD,106205.59,130009.07,144584.78,176990.06,2026-09-01
20260901,E04,Shenzhen Sourcing,CNY,331739.4,2037089.46,103504.58,447049.66,2026-09-01
20260901,E04,Shenzhen Sourcing,USD,-7073.86,7073.86,-9630.12,9630.12,2026-09-01
20260901,E05,India Services,EUR,144730.39,144730.39,210475.04,210475.04,2026-09-01
20260901,E05,India Services,INR,8470775.54,16851374.0,50905.06,360630.5,2026-09-01
20260901,E05,India Services,USD,4529.31,15409.81,6166.05,20978.41,2026-09-01
20260901,E06,Germany GmbH,EUR,1653689.78,1879047.58,2392159.68,2728261.46,2026-09-01
20260901,E06,Germany GmbH,USD,220764.06,220764.06,300540.91,300540.91,2026-09-01
20260901,E07,Germany Sales Office,EUR,119572.92,120572.92,173889.64,175343.9,2026-09-01
20260901,E08,Netherlands BV,EUR,175910.28,261361.84,267860.91,392129.37,2026-09-01
20260901,E08,Netherlands BV,USD,401643.91,410357.09,546764.98,558666.4,2026-09-01
20260901,E09,UK Ltd,EUR,89962.27,89962.27,130828.17,130828.17,2026-09-01
20260901,E09,UK Ltd,GBP,-105463.92,128700.54,-2822.64,42067.74,2026-09-01
20260901,E09,UK Ltd,USD,455003.77,455003.77,619509.65,619509.65,2026-09-01
20260901,E10,US Inc,EUR,328077.41,361256.79,477108.54,525359.86,2026-09-01
20260901,E10,US Inc,USD,-183650.73,886602.83,257120.42,710038.72,2026-09-01
20260901,E11,US West Distribution,USD,192329.86,518156.44,273265.57,719252.51,2026-09-01
20260902,E01,Group Treasury HQ,EUR,672413.79,672413.79,983818.71,983818.71,2026-09-02
20260902,E01,Group Treasury HQ,GBP,-165697.67,165697.67,-279986.65,279986.65,2026-09-02
20260902,E01,Group Treasury HQ,SGD,32872.08,37970.32,32872.08,37970.32,2026-09-02
20260902,E01,Group Treasury HQ,USD,1085820.9,1085820.9,1483132.53,1483132.53,2026-09-02
20260902,E02,SG Operations,SGD,278341.84,326219.36,310604.21,375563.95,2026-09-02
20260902,E02,SG Operations,USD,302183.92,302183.92,412755.74,412755.74,2026-09-02
20260902,E03,Shanghai Mfg,CNY,1614934.37,1798059.21,289460.2,355510.24,2026-09-02
20260902,E03,Shanghai Mfg,EUR,-11572.62,11572.62,-16932.07,16932.07,2026-09-02
20260902,E03,Shanghai Mfg,USD,-710954.96,766656.98,-971099.78,1047183.66,2026-09-02
20260902,E04,Shenzhen Sourcing,CNY,-332841.6,1519550.78,5954.13,356009.95,2026-09-02
20260902,E04,Shenzhen Sourcing,USD,48893.55,48893.55,66784.14,66784.14,2026-09-02
20260902,E05,India Services,INR,3328777.41,3671155.05,25661.05,88318.85,2026-09-02
20260902,E05,India Services,USD,53666.12,53666.12,73303.04,73303.04,2026-09-02
20260902,E06,Germany GmbH,EUR,-159761.22,1473891.92,-172237.56,2077116.12,2026-09-02
20260902,E06,Germany GmbH,USD,-347014.93,347014.93,-473990.81,473990.81,2026-09-02
20260902,E07,Germany Sales Office,EUR,117298.98,146706.64,171621.88,214648.68,2026-09-02
20260902,E07,Germany Sales Office,USD,3338.14,3338.14,4559.6,4559.6,2026-09-02
20260902,E08,Netherlands BV,EUR,-152325.01,305657.03,-204532.18,393931.1,2026-09-02
20260902,E09,UK Ltd,EUR,7409.56,7409.56,10841.04,10841.04,2026-09-02
20260902,E09,UK Ltd,GBP,-128288.77,708869.57,269618.89,677979.53,2026-09-02
20260902,E09,UK Ltd,USD,144675.53,144675.53,197613.61,197613.61,2026-09-02
20260902,E10,US Inc,EUR,-355746.55,430460.35,-520498.11,629812.99,2026-09-02
20260902,E10,US Inc,USD,230024.19,887315.23,411725.28,1114458.7,2026-09-02
20260902,E11,US West Distribution,USD,171903.11,405093.55,250275.03,568791.95,2026-09-02
20260903,E01,Group Treasury HQ,SGD,-89969.24,216101.56,33615.54,92516.78,2026-09-03
20260903,E01,Group Treasury HQ,USD,-201492.54,201492.54,-274646.42,274646.42,2026-09-03
20260903,E02,SG Operations,SGD,-1435481.15,1709632.99,-167807.95,520237.21,2026-09-03
20260903,E02,SG Operations,USD,93838.04,93838.04,127906.88,127906.88,2026-09-03
20260903,E03,Shanghai Mfg,CNY,-5879306.35,9073737.77,-1151288.41,1754342.77,2026-09-03
20260903,E03,Shanghai Mfg,EUR,-33048.32,33048.32,-48227.54,48227.54,2026-09-03
20260903,E03,Shanghai Mfg,USD,86919.76,345526.72,118735.74,470714.76,2026-09-03
20260903,E04,Shenzhen Sourcing,CNY,-4551355.87,4551355.87,-872440.01,872440.01,2026-09-03
20260903,E04,Shenzhen Sourcing,USD,115658.83,149950.47,157649.93,204391.49,2026-09-03
20260903,E05,India Services,EUR,-25000.74,25000.74,-36483.68,36483.68,2026-09-03
20260903,E05,India Services,INR,-25102600.34,40296213.7,-414626.25,662190.99,2026-09-03
20260903,E05,India Services,USD,-173484.81,265204.11,-236470.21,361489.11,2026-09-03
20260903,E06,Germany GmbH,EUR,-18010.78,62263.92,16820.56,47758.22,2026-09-03
20260903,E06,Germany GmbH,USD,534055.03,848223.61,727949.05,1156179.67,2026-09-03
20260903,E07,Germany Sales Office,EUR,63420.17,163557.05,80752.37,250476.39,2026-09-03
20260903,E08,Netherlands BV,EUR,-458886.25,458886.25,-652121.48,652121.48,2026-09-03
20260903,E08,Netherlands BV,USD,264002.67,375507.19,359851.47,511838.83,2026-09-03
20260903,E09,UK Ltd,GBP,-607774.05,607774.05,-223672.99,223672.99,2026-09-03
20260903,E09,UK Ltd,USD,-169368.27,190851.35,-230859.11,260141.83,2026-09-03
20260903,E10,US Inc,EUR,-84752.03,84752.03,-123678.98,123678.98,2026-09-03
20260903,E10,US Inc,USD,-441457.17,493410.49,-390494.57,445959.37,2026-09-03
20260903,E11,US West Distribution,USD,14067.11,637939.81,115609.27,783128.21,2026-09-03
20260904,E01,Group Treasury HQ,EUR,-10344.83,10344.83,-15116.29,15116.29,2026-09-04
20260904,E01,Group Treasury HQ,SGD,-62593.18,79919.28,-59475.86,83036.6,2026-09-04
20260904,E01,Group Treasury HQ,USD,-201492.54,201492.54,-273997.81,273997.81,2026-09-04
20260904,E02,SG Operations,SGD,-496205.11,933073.47,-105906.7,580166.98,2026-09-04
20260904,E02,SG Operations,USD,128075.9,128075.9,174162.86,174162.86,2026-09-04
20260904,E03,Shanghai Mfg,CNY,22773.7,705863.74,3459.57,134211.39,2026-09-04
20260904,E03,Shanghai Mfg,USD,-14382.4,14382.4,-19557.78,19557.78,2026-09-04
20260904,E04,Shenzhen Sourcing,CNY,339421.45,362740.59,64131.29,68537.31,2026-09-04
20260904,E04,Shenzhen Sourcing,USD,43396.41,62115.39,59012.21,84467.05,2026-09-04
20260904,E05,India Services,INR,-98880.2,98880.2,-98880.2,98880.2,2026-09-04
20260904,E06,Germany GmbH,EUR,-2104821.41,2382848.43,-2253615.51,2659880.01,2026-09-04
20260904,E06,Germany GmbH,USD,763.25,51962.73,1037.9,70661.04,2026-09-04
20260904,E07,Germany Sales Office,EUR,-123123.75,128644.41,-179913.48,187980.5,2026-09-04
20260904,E08,Netherlands BV,EUR,-186580.06,255725.3,-188807.66,289845.52,2026-09-04
20260904,E08,Netherlands BV,USD,12341.87,12341.87,16782.98,16782.98,2026-09-04
20260904,E09,UK Ltd,GBP,-919301.46,931235.1,-189668.42,201602.06,2026-09-04
20260904,E09,UK Ltd,USD,-57285.47,96290.43,-77899.13,130939.67,2026-09-04
20260904,E10,US Inc,EUR,2654.97,112541.53,3879.56,164450.3,2026-09-04
20260904,E10,US Inc,USD,-1670952.9,2188507.34,-222497.98,907498.96,2026-09-04
20260904,E11,US West Distribution,USD,-265144.99,821430.35,-361141.36,1117600.98,2026-09-04
20260907,E01,Group Treasury HQ,CNY,-2983870.97,2983870.97,-563420.48,563420.48,2026-09-07
20260907,E01,Group Treasury HQ,EUR,-229880.82,244808.84,-335308.06,357107.96,2026-09-07
20260907,E01,Group Treasury HQ,SGD,-29870.62,121264.12,-15923.91,135210.83,2026-09-07
20260907,E02,SG Operations,SGD,40157.43,310939.51,163283.35,217837.21,2026-09-07
20260907,E02,SG Operations,USD,225840.99,225840.99,306872.06,306872.06,2026-09-07
20260907,E03,Shanghai Mfg,CNY,4710711.56,4734726.08,886108.0,912908.0,2026-09-07
20260907,E03,Shanghai Mfg,USD,11731.51,11731.51,15940.74,15940.74,2026-09-07
20260907,E04,Shenzhen Sourcing,CNY,5256904.85,5539343.43,973839.43,1064729.73,2026-09-07
20260907,E04,Shenzhen Sourcing,USD,15936.31,15936.31,21654.21,21654.21,2026-09-07
20260907,E05,India Services,EUR,1097.01,1097.01,1600.18,1600.18,2026-09-07
20260907,E05,India Services,INR,36711717.08,36795035.64,616250.84,617606.42,2026-09-07
20260907,E05,India Services,USD,106392.87,106392.87,144566.3,144566.3,2026-09-07
20260907,E06,Germany GmbH,EUR,213248.26,222275.52,311059.03,324226.85,2026-09-07
20260907,E06,Germany GmbH,USD,584017.21,584017.21,793560.83,793560.83,2026-09-07
20260907,E07,Germany Sales Office,EUR,-1788.63,71764.87,-2609.03,104681.33,2026-09-07
20260907,E07,Germany Sales Office,USD,14151.24,14151.24,19228.66,19228.66,2026-09-07
20260907,E08,Netherlands BV,EUR,232821.33,233185.57,325951.64,326482.96,2026-09-07
20260907,E08,Netherlands BV,USD,69250.59,69250.59,94097.51,94097.51,2026-09-07
20260907,E09,UK Ltd,EUR,36566.13,36566.13,53337.95,53337.95,2026-09-07
20260907,E09,UK Ltd,GBP,-33534.05,295825.41,-146702.64,408994.0,2026-09-07
20260907,E09,UK Ltd,USD,158712.85,158712.85,215658.54,215658.54,2026-09-07
20260907,E10,US Inc,USD,-103970.41,103970.41,-141274.68,141274.68,2026-09-07
20260908,E01,Group Treasury HQ,EUR,-175862.07,175862.07,-256817.36,256817.36,2026-09-08
20260908,E01,Group Treasury HQ,SGD,555045.99,628749.03,549751.33,649603.49,2026-09-08
20260908,E01,Group Treasury HQ,USD,940298.51,940298.51,1274374.34,1274374.34,2026-09-08
20260908,E02,SG Operations,SGD,-460383.99,1373847.79,-73867.11,1229927.39,2026-09-08
20260908,E02,SG Operations,USD,-716785.7,1163811.32,-971450.34,1577298.34,2026-09-08
20260908,E03,Shanghai Mfg,CNY,-900996.79,2290623.35,-169837.88,431782.5,2026-09-08
20260908,E03,Shanghai Mfg,USD,-99644.58,99644.58,-135047.0,135047.0,2026-09-08
20260908,E04,Shenzhen Sourcing,CNY,508205.93,4413062.13,129623.37,948159.89,2026-09-08
20260908,E04,Shenzhen Sourcing,USD,75592.93,75592.93,102450.11,102450.11,2026-09-08
20260908,E05,India Services,EUR,341713.98,341713.98,499016.54,499016.54,2026-09-08
20260908,E05,India Services,INR,13057277.48,23247944.86,190886.5,399690.56,2026-09-08
20260908,E05,India Services,USD,256049.07,256049.07,347017.83,347017.83,2026-09-08
20260908,E06,Germany GmbH,EUR,167321.74,278431.3,239774.18,402031.26,2026-09-08
20260908,E06,Germany GmbH,USD,35557.28,35557.28,48189.67,48189.67,2026-09-08
20260908,E07,Germany Sales Office,EUR,28862.32,30207.28,28552.75,30516.85,2026-09-08
20260908,E07,Germany Sales Office,USD,1257.34,16413.22,1704.06,22244.62,2026-09-08
20260908,E08,Netherlands BV,EUR,2345.54,36510.52,-771.06,49121.22,2026-09-08
20260908,E08,Netherlands BV,USD,553118.15,579908.69,749633.83,785942.71,2026-09-08
20260908,E09,UK Ltd,EUR,-121930.17,121930.17,-178058.77,178058.77,2026-09-08
20260908,E09,UK Ltd,GBP,144595.03,156222.31,162955.88,182642.78,2026-09-08
20260908,E09,UK Ltd,USD,210338.68,210338.68,285069.28,285069.28,2026-09-08
20260908,E10,US Inc,EUR,604706.65,604706.65,883073.69,883073.69,2026-09-08
20260908,E10,US Inc,USD,827610.82,1253494.02,1311616.66,1549712.66,2026-09-08
20260908,E11,US West Distribution,USD,374462.87,401448.15,508586.58,545159.38,2026-09-08
20260909,E01,Group Treasury HQ,EUR,641379.31,641379.31,937037.21,937037.21,2026-09-09
20260909,E01,Group Treasury HQ,GBP,-174418.6,174418.6,-296899.88,296899.88,2026-09-09
20260909,E01,Group Treasury HQ,SGD,-169501.73,169501.73,-229107.65,229107.65,2026-09-09
20260909,E01,Group Treasury HQ,USD,1757462.68,1757462.68,2381748.58,2381748.58,2026-09-09
20260909,E02,SG Operations,SGD,748124.61,759236.51,786483.33,797595.23,2026-09-09
20260909,E02,SG Operations,USD,36343.3,36343.3,49253.16,49253.16,2026-09-09
20260909,E03,Shanghai Mfg,CNY,379491.62,411551.18,71544.06,77588.06,2026-09-09
20260909,E03,Shanghai Mfg,EUR,122752.59,122752.59,179338.1,179338.1,2026-09-09
20260909,E04,Shenzhen Sourcing,CNY,4394366.46,4515924.76,828452.32,851369.24,2026-09-09
20260909,E04,Shenzhen Sourcing,USD,-447315.33,537759.29,-606210.69,728782.15,2026-09-09
20260909,E05,India Services,INR,8109867.2,8163963.54,131558.26,132435.82,2026-09-09
20260909,E05,India Services,USD,41422.96,41422.96,56137.23,56137.23,2026-09-09
20260909,E06,Germany GmbH,EUR,-69620.34,1104810.48,-125295.47,1615120.45,2026-09-09
20260909,E06,Germany GmbH,USD,-1191652.08,1338198.66,-1614950.73,1813553.59,2026-09-09
20260909,E07,Germany Sales Office,EUR,-117934.0,157502.44,-172298.26,230106.64,2026-09-09
20260909,E07,Germany Sales Office,USD,106158.64,106158.64,143868.31,143868.31,2026-09-09
20260909,E08,Netherlands BV,EUR,-23769.79,69255.95,-41303.96,94604.04,2026-09-09
20260909,E08,Netherlands BV,USD,91438.5,128475.7,123919.29,174112.85,2026-09-09
20260909,E09,UK Ltd,GBP,104200.99,244636.21,281800.52,311999.24,2026-09-09
20260909,E09,UK Ltd,USD,-1679.7,41676.2,-2276.36,56480.42,2026-09-09
20260909,E10,US Inc,EUR,-581999.6,707954.48,-850285.12,1034301.66,2026-09-09
20260909,E10,US Inc,USD,403798.24,613163.4,564768.32,807191.26,2026-09-09
20260909,E11,US West Distribution,USD,-15520.68,431923.68,-16345.86,590043.78,2026-09-09
20260910,E01,Group Treasury HQ,EUR,-21197.16,21197.16,-31057.63,31057.63,2026-09-10
20260910,E01,Group Treasury HQ,SGD,-885914.15,885914.15,-168909.2,168909.2,2026-09-10
20260910,E01,Group Treasury HQ,USD,-11194.03,11194.03,-15244.53,15244.53,2026-09-10
20260910,E02,SG Operations,SGD,-2299070.66,2589436.04,-439274.57,736886.27,2026-09-10
20260910,E02,SG Operations,USD,-33677.04,46400.4,-45862.9,63190.14,2026-09-10
20260910,E03,Shanghai Mfg,CNY,-3366232.13,3421627.63,-643198.34,653617.3,2026-09-10
20260910,E03,Shanghai Mfg,USD,-57300.01,57300.01,-78033.73,78033.73,2026-09-10
20260910,E04,Shenzhen Sourcing,CNY,-9409312.64,9409312.64,-1843841.96,1843841.96,2026-09-10
20260910,E04,Shenzhen Sourcing,USD,-14519.35,14519.35,-19773.1,19773.1,2026-09-10
20260910,E05,India Services,EUR,-54692.83,54692.83,-80134.79,80134.79,2026-09-10
20260910,E05,India Services,INR,-20225208.62,20225208.62,-327486.6,327486.6,2026-09-10
20260910,E05,India Services,USD,27683.01,27683.01,37699.97,37699.97,2026-09-10
20260910,E06,Germany GmbH,EUR,-100314.41,169728.97,-173411.59,275116.35,2026-09-10
20260910,E06,Germany GmbH,USD,-22464.87,81094.41,-30593.67,110438.01,2026-09-10
20260910,E07,Germany Sales Office,EUR,146012.09,176829.71,213933.86,259087.16,2026-09-10
20260910,E07,Germany Sales Office,USD,70914.44,91582.5,96574.47,124721.17,2026-09-10
20260910,E08,Netherlands BV,EUR,-229045.34,269797.66,-210720.68,270430.12,2026-09-10
20260910,E08,Netherlands BV,USD,-60289.94,159179.8,-82105.55,216778.21,2026-09-10
20260910,E09,UK Ltd,EUR,-19702.58,19702.58,-28867.8,28867.8,2026-09-10
20260910,E09,UK Ltd,GBP,-491356.54,511485.04,-167782.44,202437.22,2026-09-10
20260910,E09,UK Ltd,USD,-868482.66,868482.66,-1183020.22,1183020.22,2026-09-10
20260910,E10,US Inc,EUR,451246.83,451246.83,661157.38,661157.38,2026-09-10
20260910,E10,US Inc,USD,-2903335.91,3084249.17,-554826.38,801202.2,2026-09-10
20260910,E11,US West Distribution,USD,-398995.12,469667.48,-266950.27,363195.05,2026-09-10
20260911,E01,Group Treasury HQ,SGD,24717.11,24801.91,26320.03,26404.83,2026-09-11
20260911,E02,SG Operations,SGD,-47987.71,268108.91,-47987.71,268108.91,2026-09-11
20260911,E03,Shanghai Mfg,CNY,-317562.27,1224265.97,-59581.04,229696.82,2026-09-11
20260911,E03,Shanghai Mfg,EUR,-26927.49,26927.49,-39533.49,39533.49,2026-09-11
20260911,E03,Shanghai Mfg,USD,-44988.57,44988.57,-61540.68,61540.68,2026-09-11
20260911,E04,Shenzhen Sourcing,CNY,-293651.48,921149.22,-311528.13,433002.17,2026-09-11
20260911,E04,Shenzhen Sourcing,USD,-26114.09,54876.43,-35721.94,75066.46,2026-09-11
20260911,E05,India Services,INR,2038573.08,10017853.08,32941.31,161878.49,2026-09-11
20260911,E05,India Services,USD,302606.23,302606.23,413940.51,413940.51,2026-09-11
20260911,E06,Germany GmbH,EUR,-495400.29,562397.15,-752086.56,824852.82,2026-09-11
20260911,E06,Germany GmbH,USD,78028.3,171872.28,106736.32,235107.18,2026-09-11
20260911,E07,Germany Sales Office,EUR,-522213.68,522213.68,-387053.56,387053.56,2026-09-11
20260911,E07,Germany Sales Office,USD,59974.56,62981.32,82040.28,86153.28,2026-09-11
20260911,E08,Netherlands BV,EUR,-135792.07,148360.69,-128091.42,149912.32,2026-09-11
20260911,E08,Netherlands BV,USD,84325.56,84325.56,115350.46,115350.46,2026-09-11
20260911,E09,UK Ltd,EUR,2525.92,2525.92,3708.42,3708.42,2026-09-11
20260911,E09,UK Ltd,GBP,-447650.3,447650.3,-101804.43,101804.43,2026-09-11
20260911,E09,UK Ltd,USD,-2391.49,2391.49,-3271.36,3271.36,2026-09-11
20260911,E10,US Inc,EUR,-46830.81,205050.37,-68754.46,301043.88,2026-09-11
20260911,E10,US Inc,USD,-880107.01,1136418.09,-236826.88,587439.42,2026-09-11
20260911,E11,US West Distribution,USD,-104519.99,104519.99,-143138.66,143138.66,2026-09-11
20260913,E01,Group Treasury HQ,SGD,-87565.27,87565.27,-16413.58,16413.58,2026-09-13
20260913,E08,Netherlands BV,USD,-7132.84,7132.84,-9768.27,9768.27,2026-09-13
20260914,E01,Group Treasury HQ,EUR,-196357.42,258814.98,-286489.03,377615.73,2026-09-14
20260914,E01,Group Treasury HQ,SGD,-41903.46,220695.74,72784.86,124735.6,2026-09-14
20260914,E01,Group Treasury HQ,USD,-11194.03,11194.03,-15329.98,15329.98,2026-09-14
20260914,E02,SG Operations,SGD,-79014.62,253612.2,47311.98,127285.6,2026-09-14
20260914,E02,SG Operations,USD,824868.94,824868.94,1129626.4,1129626.4,2026-09-14
20260914,E03,Shanghai Mfg,CNY,10001388.94,10679422.26,1874699.67,2001794.31,2026-09-14
20260914,E03,Shanghai Mfg,USD,178132.82,178132.82,243948.98,243948.98,2026-09-14
20260914,E04,Shenzhen Sourcing,CNY,1243934.03,2353430.05,406598.09,614566.45,2026-09-14
20260914,E04,Shenzhen Sourcing,USD,95586.76,131912.74,130903.95,180651.59,2026-09-14
20260914,E05,India Services,INR,46284119.08,46383843.22,748784.48,750397.82,2026-09-14
20260914,E05,India Services,USD,88331.57,88331.57,120968.15,120968.15,2026-09-14
20260914,E06,Germany GmbH,EUR,250956.79,472205.61,465539.17,577983.59,2026-09-14
20260914,E06,Germany GmbH,USD,50455.7,50455.7,69097.97,69097.97,2026-09-14
20260914,E07,Germany Sales Office,EUR,89907.98,162656.28,118320.49,224461.55,2026-09-14
20260914,E07,Germany Sales Office,USD,15752.2,15752.2,21572.29,21572.29,2026-09-14
20260914,E08,Netherlands BV,EUR,6886.88,351099.76,227001.81,295307.15,2026-09-14
20260914,E08,Netherlands BV,USD,724429.36,724429.36,992090.07,992090.07,2026-09-14
20260914,E09,UK Ltd,EUR,75026.97,75026.97,109465.7,109465.7,2026-09-14
20260914,E09,UK Ltd,GBP,-232179.85,257903.73,-377448.5,403172.38,2026-09-14
20260914,E09,UK Ltd,USD,83852.89,83852.89,114834.69,114834.69,2026-09-14
20260914,E10,US Inc,EUR,515597.99,515597.99,752266.75,752266.75,2026-09-14
20260914,E10,US Inc,USD,172795.46,1573646.76,1043953.27,1377621.29,2026-09-14
20260914,E11,US West Distribution,USD,372686.05,383477.73,517913.46,532692.42,2026-09-14
20260915,E01,Group Treasury HQ,EUR,-207206.02,910035.36,-300553.36,1320010.84,2026-09-15
20260915,E01,Group Treasury HQ,GBP,-165697.67,165697.67,-287710.32,287710.32,2026-09-15
20260915,E01,Group Treasury HQ,SGD,-1801677.2,3350056.98,380961.78,1354100.3,2026-09-15
20260915,E01,Group Treasury HQ,USD,895522.39,895522.39,1225032.54,1225032.54,2026-09-15
20260915,E02,SG Operations,SGD,-2401213.03,3546434.27,-213243.59,1770297.57,2026-09-15
20260915,E02,SG Operations,USD,-848515.65,975861.39,-1160729.53,1334932.51,2026-09-15
20260915,E03,Shanghai Mfg,CNY,1347713.32,7445521.62,245012.75,1403340.69,2026-09-15
20260915,E03,Shanghai Mfg,EUR,-11052.9,11052.9,-16032.29,16032.29,2026-09-15
20260915,E03,Shanghai Mfg,USD,44317.94,116238.92,60624.86,159009.38,2026-09-15
20260915,E04,Shenzhen Sourcing,CNY,-1179168.86,5322657.2,-261193.81,1037919.73,2026-09-15
20260915,E04,Shenzhen Sourcing,USD,154451.31,154451.31,211282.13,211282.13,2026-09-15
20260915,E05,India Services,EUR,55808.19,55808.19,80950.06,80950.06,2026-09-15
20260915,E05,India Services,INR,-7255756.71,11081087.83,-117630.33,179646.61,2026-09-15
20260915,E05,India Services,USD,45962.01,45962.01,62873.87,62873.87,2026-09-15
20260915,E06,Germany GmbH,EUR,776502.51,800730.61,1124736.16,1166180.66,2026-09-15
20260915,E06,Germany GmbH,USD,75520.21,75520.21,103308.09,103308.09,2026-09-15
20260915,E07,Germany Sales Office,EUR,312664.54,317804.76,371623.75,379079.65,2026-09-15
20260915,E08,Netherlands BV,EUR,317537.32,319000.34,424857.8,426979.92,2026-09-15
20260915,E08,Netherlands BV,USD,127944.65,127944.65,175022.27,175022.27,2026-09-15
20260915,E09,UK Ltd,EUR,19333.56,19333.56,28043.42,28043.42,2026-09-15
20260915,E09,UK Ltd,GBP,190548.55,194219.39,319092.41,325466.29,2026-09-15
20260915,E09,UK Ltd,USD,4102.25,38396.39,5611.68,52524.46,2026-09-15
20260915,E10,US Inc,EUR,-13544.14,61905.42,-19645.84,89794.12,2026-09-15
20260915,E10,US Inc,USD,-67223.33,735609.49,247585.6,611787.24,2026-09-15
20260915,E11,US West Distribution,USD,260972.09,373059.93,360506.27,512983.73,2026-09-15
20260916,E01,Group Treasury HQ,EUR,1148275.86,1148275.86,1661827.31,1661827.31,2026-09-16
20260916,E01,Group Treasury HQ,GBP,-392441.86,392441.86,-684124.67,684124.67,2026-09-16
20260916,E01,Group Treasury HQ,SGD,-288.23,288.23,-288.23,288.23,2026-09-16
20260916,E01,Group Treasury HQ,USD,1208955.23,1208955.23,1644370.12,1644370.12,2026-09-16
20260916,E02,SG Operations,SGD,-43587.5,1283709.56,547949.81,846116.81,2026-09-16
20260916,E02,SG Operations,USD,22073.96,22073.96,30136.05,30136.05,2026-09-16
20260916,E03,Shanghai Mfg,CNY,705777.09,1640255.89,132139.13,307096.91,2026-09-16
20260916,E03,Shanghai Mfg,USD,50680.88,50680.88,68934.01,68934.01,2026-09-16
20260916,E04,Shenzhen Sourcing,CNY,85909.45,167227.85,19414.93,34639.77,2026-09-16
20260916,E04,Shenzhen Sourcing,USD,214798.48,214798.48,293074.3,293074.3,2026-09-16
20260916,E05,India Services,INR,7600473.93,8362146.85,66158.39,193042.65,2026-09-16
20260916,E05,India Services,USD,97865.53,146045.07,133112.59,198644.37,2026-09-16
20260916,E06,Germany GmbH,EUR,-196911.49,560630.59,-333838.82,785246.58,2026-09-16
20260916,E06,Germany GmbH,USD,-139574.4,375350.98,-189843.23,510536.63,2026-09-16
20260916,E07,Germany Sales Office,EUR,110023.03,223941.63,159229.4,324096.62,2026-09-16
20260916,E07,Germany Sales Office,USD,40548.63,40548.63,55152.54,55152.54,2026-09-16
20260916,E08,Netherlands BV,EUR,50006.87,211042.71,85214.7,296381.9,2026-09-16
20260916,E08,Netherlands BV,USD,114012.77,114012.77,155075.38,155075.38,2026-09-16
20260916,E09,UK Ltd,EUR,3320.03,3320.03,4804.87,4804.87,2026-09-16
20260916,E09,UK Ltd,GBP,496104.11,497910.89,864833.99,867983.67,2026-09-16
20260916,E09,UK Ltd,USD,-57590.99,208871.95,-78332.85,284098.85,2026-09-16
20260916,E10,US Inc,EUR,-703914.24,1187728.66,-1018730.75,1718924.85,2026-09-16
20260916,E10,US Inc,USD,235530.27,529931.59,383761.94,657387.14,2026-09-16
20260916,E11,US West Distribution,USD,-824617.24,1131108.9,-1121609.74,1538486.82,2026-09-16
20260917,E01,Group Treasury HQ,EUR,-351724.14,351724.14,-506099.03,506099.03,2026-09-17
20260917,E01,Group Treasury HQ,SGD,-958595.28,958595.28,-179266.88,179266.88,2026-09-17
20260917,E02,SG Operations,SGD,-2214759.08,2768187.26,-184535.09,912126.73,2026-09-17
20260917,E02,SG Operations,USD,80235.59,110164.19,109540.11,150399.57,2026-09-17
20260917,E03,Shanghai Mfg,CNY,-9264337.02,9264337.02,-1731384.16,1731384.16,2026-09-17
20260917,E03,Shanghai Mfg,EUR,-383887.11,383887.11,-552378.62,552378.62,2026-09-17
20260917,E03,Shanghai Mfg,USD,-150670.64,150670.64,-205645.61,205645.61,2026-09-17
20260917,E04,Shenzhen Sourcing,CNY,-1532663.71,2235090.87,-404342.74,577154.38,2026-09-17
20260917,E04,Shenzhen Sourcing,USD,-16442.93,16442.93,-22448.4,22448.4,2026-09-17
20260917,E05,India Services,EUR,-16286.86,16286.86,-23435.31,23435.31,2026-09-17
20260917,E05,India Services,INR,-6345261.91,10317920.05,-107344.52,215321.02,2026-09-17
20260917,E05,India Services,USD,-17159.47,31287.27,-23426.64,42714.36,2026-09-17
20260917,E06,Germany GmbH,EUR,458547.29,619570.15,654918.08,896394.8,2026-09-17
20260917,E06,Germany GmbH,USD,-72945.58,72945.58,-99437.85,99437.85,2026-09-17
20260917,E07,Germany Sales Office,EUR,-12330.95,40937.89,-17743.12,58905.9,2026-09-17
20260917,E07,Germany Sales Office,USD,70985.59,70985.59,96911.73,96911.73,2026-09-17
20260917,E08,Netherlands BV,EUR,-54209.88,73271.9,-82736.63,110165.15,2026-09-17
20260917,E08,Netherlands BV,USD,-19315.65,62021.05,-26370.33,84673.07,2026-09-17
20260917,E09,UK Ltd,EUR,-19036.66,19036.66,-27392.03,27392.03,2026-09-17
20260917,E09,UK Ltd,GBP,-43165.19,138604.73,-105730.78,211438.66,2026-09-17
20260917,E09,UK Ltd,USD,-914761.04,914761.04,-1246372.21,1246372.21,2026-09-17
20260917,E10,US Inc,EUR,-2251.45,2251.45,-3239.63,3239.63,2026-09-17
20260917,E10,US Inc,USD,-387184.47,500558.93,-86059.83,240842.17,2026-09-17
20260917,E11,US West Distribution,USD,-341887.22,810979.58,-298211.66,938843.86,2026-09-17
20260918,E01,Group Treasury HQ,EUR,-10344.83,10344.83,-14872.04,14872.04,2026-09-18
20260918,E01,Group Treasury HQ,SGD,-19798.98,19798.98,-19798.98,19798.98,2026-09-18
20260918,E01,Group Treasury HQ,USD,-11194.03,11194.03,-15245.12,15245.12,2026-09-18
20260918,E02,SG Operations,SGD,-180179.45,205976.21,-180179.45,205976.21,2026-09-18
20260918,E03,Shanghai Mfg,CNY,-553782.55,2228939.11,34003.19,554221.91,2026-09-18
20260918,E04,Shenzhen Sourcing,CNY,-257628.33,257628.33,-99912.3,99912.3,2026-09-18
20260918,E04,Shenzhen Sourcing,USD,11057.94,91437.56,15059.78,124528.54,2026-09-18
20260918,E05,India Services,INR,-2916962.03,6106255.35,-713184.28,764972.02,2026-09-18
20260918,E05,India Services,USD,29200.22,43101.56,39767.68,58699.88,2026-09-18
20260918,E06,Germany GmbH,EUR,-1227711.23,1249898.01,-1443832.66,1475729.04,2026-09-18
20260918,E06,Germany GmbH,USD,153582.45,182126.33,209163.47,248037.29,2026-09-18
20260918,E07,Germany Sales Office,EUR,-895739.23,924326.23,-1115451.0,1156548.56,2026-09-18
20260918,E07,Germany Sales Office,USD,-4129.18,4129.18,-5623.52,5623.52,2026-09-18
20260918,E08,Netherlands BV,EUR,-570114.57,580285.61,-115258.6,129880.8,2026-09-18
20260918,E08,Netherlands BV,USD,10636.74,21869.0,14486.14,29783.32,2026-09-18
20260918,E09,UK Ltd,EUR,-1766.54,1766.54,-2539.63,2539.63,2026-09-18
20260918,E09,UK Ltd,GBP,-867732.18,914640.38,-247165.26,315873.96,2026-09-18
20260918,E09,UK Ltd,USD,-20298.13,26820.13,-27643.96,36526.26,2026-09-18
20260918,E10,US Inc,EUR,-60453.52,124458.56,-86909.85,178925.49,2026-09-18
20260918,E10,US Inc,USD,-901105.15,1147104.43,-867674.73,1206118.71,2026-09-18
20260918,E11,US West Distribution,USD,-372370.01,435676.13,-154195.17,240411.59,2026-09-18
20260920,E01,Group Treasury HQ,SGD,-285000.0,285000.0,-285000.0,285000.0,2026-09-20
20260920,E02,SG Operations,SGD,285000.0,285000.0,285000.0,285000.0,2026-09-20
20260921,E01,Group Treasury HQ,EUR,-227586.21,227586.21,-328684.32,328684.32,2026-09-21
20260921,E01,Group Treasury HQ,SGD,-850315.86,871626.48,-585569.02,614628.9,2026-09-21
20260921,E01,Group Treasury HQ,USD,-324626.87,324626.87,-442672.23,442672.23,2026-09-21
20260921,E02,SG Operations,SGD,-698361.25,2036480.65,433165.91,957257.93,2026-09-21
20260921,E02,SG Operations,USD,220285.07,220285.07,300388.21,300388.21,2026-09-21
20260921,E03,Shanghai Mfg,CNY,3229585.59,5667883.87,804438.51,1261018.67,2026-09-21
20260921,E03,Shanghai Mfg,USD,18124.77,40501.33,24715.56,55229.0,2026-09-21
20260921,E04,Shenzhen Sourcing,CNY,5111996.05,5339676.97,964801.5,1007432.68,2026-09-21
20260921,E04,Shenzhen Sourcing,USD,133750.84,133750.84,182387.18,182387.18,2026-09-21
20260921,E05,India Services,EUR,-70713.78,70713.78,-102126.18,102126.18,2026-09-21
20260921,E05,India Services,INR,12070890.33,12308036.25,195874.36,199722.52,2026-09-21
20260921,E05,India Services,USD,135486.08,135486.08,184833.03,184833.03,2026-09-21
20260921,E06,Germany GmbH,EUR,372519.42,428371.82,508231.96,588895.06,2026-09-21
20260921,E06,Germany GmbH,USD,300349.42,300349.42,409566.67,409566.67,2026-09-21
20260921,E07,Germany Sales Office,EUR,-184093.8,302412.82,-265871.77,436750.35,2026-09-21
20260921,E07,Germany Sales Office,USD,31032.34,31032.34,42316.76,42316.76,2026-09-21
20260921,E08,Netherlands BV,EUR,-67051.41,67051.41,-96836.92,96836.92,2026-09-21
20260921,E08,Netherlands BV,USD,311748.33,311748.33,425110.62,425110.62,2026-09-21
20260921,E09,UK Ltd,EUR,58950.17,58950.17,85136.96,85136.96,2026-09-21
20260921,E09,UK Ltd,GBP,-360923.8,462838.62,-675818.52,777733.34,2026-09-21
20260921,E09,UK Ltd,USD,245804.27,245804.27,335187.06,335187.06,2026-09-21
20260921,E10,US Inc,EUR,323013.16,323013.16,466501.73,466501.73,2026-09-21
20260921,E10,US Inc,USD,218649.9,342847.9,298157.74,467519.74,2026-09-21
20260921,E11,US West Distribution,USD,265416.3,265820.44,346081.16,346632.26,2026-09-21
20260922,E01,Group Treasury HQ,EUR,-393103.45,393103.45,-564159.66,564159.66,2026-09-22
20260922,E01,Group Treasury HQ,SGD,714575.52,714575.52,725666.12,725666.12,2026-09-22
20260922,E01,Group Treasury HQ,USD,279850.75,279850.75,382374.91,382374.91,2026-09-22
20260922,E02,SG Operations,SGD,-1323551.6,2585741.58,-322574.76,1672006.84,2026-09-22
20260922,E02,SG Operations,USD,-136127.85,423573.65,-185998.69,578751.13,2026-09-22
20260922,E03,Shanghai Mfg,CNY,1569873.87,3778522.61,291639.48,710660.72,2026-09-22
20260922,E03,Shanghai Mfg,EUR,-49514.68,49514.68,-71060.65,71060.65,2026-09-22
20260922,E03,Shanghai Mfg,USD,-112355.84,112355.84,-153517.73,153517.73,2026-09-22
20260922,E04,Shenzhen Sourcing,CNY,742542.31,5219981.25,85583.36,1031805.5,2026-09-22
20260922,E04,Shenzhen Sourcing,USD,-40720.0,209240.7,-55622.62,285881.38,2026-09-22
20260922,E05,India Services,INR,4529354.16,7366656.22,73402.71,119384.03,2026-09-22
20260922,E05,India Services,USD,154043.11,154043.11,210477.27,210477.27,2026-09-22
20260922,E06,Germany GmbH,EUR,574565.61,1427684.07,820812.9,2052701.7,2026-09-22
20260922,E06,Germany GmbH,USD,295126.28,304996.1,403246.69,416732.35,2026-09-22
20260922,E07,Germany Sales Office,EUR,157327.18,159747.88,222366.23,225840.29,2026-09-22
20260922,E07,Germany Sales Office,USD,189607.47,189607.47,259070.74,259070.74,2026-09-22
20260922,E08,Netherlands BV,EUR,137949.1,182687.88,197976.69,262183.23,2026-09-22
20260922,E08,Netherlands BV,USD,137496.48,148546.12,187868.73,202966.43,2026-09-22
20260922,E09,UK Ltd,EUR,-4715.72,19513.26,-6767.74,28004.32,2026-09-22
20260922,E09,UK Ltd,GBP,75859.97,126392.51,66998.35,155735.31,2026-09-22
20260922,E09,UK Ltd,USD,163982.43,163982.43,224057.89,224057.89,2026-09-22
20260922,E10,US Inc,EUR,30723.62,30723.62,44092.79,44092.79,2026-09-22
20260922,E10,US Inc,USD,180073.33,768151.47,322022.48,973587.3,2026-09-22
20260922,E11,US West Distribution,USD,338133.86,342365.34,502005.5,507784.86,2026-09-22
20260923,E01,Group Treasury HQ,EUR,1003448.28,1003448.28,1436744.27,1436744.27,2026-09-23
20260923,E01,Group Treasury HQ,GBP,-218023.26,218023.26,-383411.12,383411.12,2026-09-23
20260923,E01,Group Treasury HQ,SGD,-419425.53,421060.19,-419425.53,421060.19,2026-09-23
20260923,E01,Group Treasury HQ,USD,447761.2,783582.1,611384.33,1069922.57,2026-09-23
20260923,E02,SG Operations,SGD,-174882.21,1273154.41,256828.69,934339.47,2026-09-23
20260923,E02,SG Operations,USD,185303.59,185303.59,253018.14,253018.14,2026-09-23
20260923,E03,Shanghai Mfg,CNY,534815.65,1212571.49,100173.3,227121.06,2026-09-23
20260923,E03,Shanghai Mfg,EUR,-2989.63,2989.63,-4280.57,4280.57,2026-09-23
20260923,E03,Shanghai Mfg,USD,167910.45,167910.45,229269.12,229269.12,2026-09-23
20260923,E04,Shenzhen Sourcing,CNY,-501015.95,501015.95,-93842.8,93842.8,2026-09-23
20260923,E04,Shenzhen Sourcing,USD,-273591.79,375661.95,-373784.08,512723.2,2026-09-23
20260923,E05,India Services,INR,-9019884.56,14059551.54,-146257.43,227975.63,2026-09-23
20260923,E05,India Services,USD,72056.21,72056.21,98387.36,98387.36,2026-09-23
20260923,E06,Germany GmbH,EUR,-1009393.8,1272008.62,-1077031.54,1378760.7,2026-09-23
20260923,E06,Germany GmbH,USD,-446229.61,453382.01,-609293.06,619059.12,2026-09-23
20260923,E07,Germany Sales Office,EUR,-178092.09,178092.09,-254993.51,254993.51,2026-09-23
20260923,E08,Netherlands BV,EUR,207408.36,210953.18,206643.03,211718.51,2026-09-23
20260923,E08,Netherlands BV,USD,63043.14,63043.14,85946.87,85946.87,2026-09-23
20260923,E09,UK Ltd,GBP,299760.09,412163.07,611909.14,640063.96,2026-09-23
20260923,E09,UK Ltd,USD,125561.35,125561.35,171365.37,171365.37,2026-09-23
20260923,E10,US Inc,EUR,-252062.58,568534.62,-360904.97,814031.85,2026-09-23
20260923,E10,US Inc,USD,-151391.13,916217.57,-206713.22,1251026.38,2026-09-23
20260923,E11,US West Distribution,USD,-115981.86,190351.02,-163675.27,254598.17,2026-09-23
20260924,E01,Group Treasury HQ,EUR,-289655.17,289655.17,-413584.43,413584.43,2026-09-24
20260924,E01,Group Treasury HQ,SGD,-761710.53,761710.53,-143936.37,143936.37,2026-09-24
20260924,E01,Group Treasury HQ,USD,-223880.6,223880.6,-304748.96,304748.96,2026-09-24
20260924,E02,SG Operations,SGD,-4044016.85,4323581.33,-749627.51,1141651.69,2026-09-24
20260924,E02,SG Operations,USD,-185255.07,215656.19,-252171.43,293553.79,2026-09-24
20260924,E03,Shanghai Mfg,CNY,-6235243.12,6461154.98,-1166931.98,1209211.62,2026-09-24
20260924,E03,Shanghai Mfg,EUR,-208073.45,208073.45,-297097.89,297097.89,2026-09-24
20260924,E03,Shanghai Mfg,USD,30502.36,417258.84,41478.69,568019.23,2026-09-24
20260924,E04,Shenzhen Sourcing,CNY,-2140551.07,2140551.07,-400606.28,400606.28,2026-09-24
20260924,E04,Shenzhen Sourcing,USD,-294805.8,308916.76,-401293.2,420501.2,2026-09-24
20260924,E05,India Services,INR,51338882.99,61136531.69,768810.48,1057452.82,2026-09-24
20260924,E06,Germany GmbH,EUR,148039.24,431271.1,192204.58,634964.28,2026-09-24
20260924,E06,Germany GmbH,USD,9160.54,206058.14,12469.44,280488.82,2026-09-24
20260924,E07,Germany Sales Office,EUR,33599.58,34158.42,47975.2,48773.14,2026-09-24
20260924,E07,Germany Sales Office,USD,116683.81,116683.81,158831.4,158831.4,2026-09-24
20260924,E08,Netherlands BV,EUR,-626921.3,626921.3,-834318.68,834318.68,2026-09-24
20260924,E08,Netherlands BV,USD,5377.0,5377.0,7319.24,7319.24,2026-09-24
20260924,E09,UK Ltd,EUR,-5351.03,5351.03,-7640.47,7640.47,2026-09-24
20260924,E09,UK Ltd,GBP,-53968.67,106097.63,-106829.38,174493.56,2026-09-24
20260924,E09,UK Ltd,USD,-6724.9,6724.9,-9165.62,9165.62,2026-09-24
20260924,E10,US Inc,EUR,-51117.19,101499.37,-72987.73,144925.97,2026-09-24
20260924,E10,US Inc,USD,-8376.84,91167.8,-11486.19,124182.23,2026-09-24
20260924,E11,US West Distribution,USD,-109041.28,225560.42,-21417.08,187789.06,2026-09-24
20260925,E01,Group Treasury HQ,EUR,-331034.48,331034.48,-471517.57,471517.57,2026-09-25
20260925,E01,Group Treasury HQ,SGD,-62824.41,62824.41,-74824.42,74824.42,2026-09-25
20260925,E02,SG Operations,SGD,-173977.24,574384.38,-172611.77,575749.85,2026-09-25
20260925,E02,SG Operations,USD,359438.79,359438.79,489892.42,489892.42,2026-09-25
20260925,E05,India Services,INR,14445948.16,14734904.36,234891.12,239589.54,2026-09-25
20260925,E05,India Services,USD,-150420.6,150420.6,-205013.8,205013.8,2026-09-25
20260925,E06,Germany GmbH,EUR,-268018.17,957210.99,-381758.64,1363428.36,2026-09-25
20260925,E06,Germany GmbH,USD,-314584.82,314584.82,-428759.29,428759.29,2026-09-25
20260925,E07,Germany Sales Office,EUR,-99289.47,99289.47,-141425.54,141425.54,2026-09-25
20260925,E08,Netherlands BV,EUR,-75074.64,75074.64,-76281.17,76281.17,2026-09-25
20260925,E08,Netherlands BV,USD,-114617.26,127042.52,-156216.11,173150.95,2026-09-25
20260925,E09,UK Ltd,GBP,-147400.2,210398.36,-123584.57,235174.15,2026-09-25
20260925,E09,UK Ltd,USD,-542347.71,592736.43,-739185.76,807862.42,2026-09-25
20260925,E10,US Inc,EUR,-169604.05,244061.59,-241579.93,347635.47,2026-09-25
20260925,E10,US Inc,USD,-374646.81,395609.57,-509305.23,537876.15,2026-09-25
20260925,E11,US West Distribution,USD,-345330.24,345330.24,-487985.48,487985.48,2026-09-25
20260928,E01,Group Treasury HQ,SGD,39094.68,77432.38,39094.68,77432.38,2026-09-28
20260928,E02,SG Operations,SGD,-64215.55,313709.09,50345.22,293939.42,2026-09-28
20260928,E02,SG Operations,USD,58493.54,58493.54,80012.56,80012.56,2026-09-28
20260928,E03,Shanghai Mfg,CNY,6157960.98,6262891.32,2029959.23,2049570.33,2026-09-28
20260928,E03,Shanghai Mfg,USD,150478.64,150478.64,205872.84,205872.84,2026-09-28
20260928,E04,Shenzhen Sourcing,CNY,2949605.01,4402841.73,551422.49,822727.75,2026-09-28
20260928,E04,Shenzhen Sourcing,USD,388278.51,388278.51,531121.11,531121.11,2026-09-28
20260928,E05,India Services,INR,21933811.98,22471607.36,471928.31,480654.03,2026-09-28
20260928,E05,India Services,USD,147173.11,147173.11,201316.18,201316.18,2026-09-28
20260928,E06,Germany GmbH,EUR,-440163.21,585184.85,-127655.51,374359.31,2026-09-28
20260928,E06,Germany GmbH,USD,71947.5,71947.5,98416.04,98416.04,2026-09-28
20260928,E07,Germany Sales Office,EUR,-46421.78,188412.08,45120.6,143721.34,2026-09-28
20260928,E07,Germany Sales Office,USD,216245.6,216245.6,295807.34,295807.34,2026-09-28
20260928,E08,Netherlands BV,EUR,-64978.47,64978.47,-98140.63,98140.63,2026-09-28
20260928,E08,Netherlands BV,USD,108204.71,108204.71,148011.81,148011.81,2026-09-28
20260928,E09,UK Ltd,EUR,93341.88,93341.88,132600.64,132600.64,2026-09-28
20260928,E09,UK Ltd,GBP,-410015.17,410015.17,-335057.92,335057.92,2026-09-28
20260928,E09,UK Ltd,USD,274981.38,274981.38,376143.46,376143.46,2026-09-28
20260928,E10,US Inc,EUR,110932.72,110932.72,157590.02,157590.02,2026-09-28
20260928,E10,US Inc,USD,-1132728.51,1892793.71,255707.93,826260.39,2026-09-28
20260928,E11,US West Distribution,USD,84177.87,217285.01,147895.51,259803.03,2026-09-28
20260929,E01,Group Treasury HQ,EUR,34218.2,34218.2,48666.97,48666.97,2026-09-29
20260929,E01,Group Treasury HQ,SGD,1537800.18,1538028.28,1546237.15,1546465.25,2026-09-29
20260929,E01,Group Treasury HQ,USD,805970.15,805970.15,1102726.75,1102726.75,2026-09-29
20260929,E02,SG Operations,SGD,-1271666.99,3181610.23,-757711.11,3152030.55,2026-09-29
20260929,E02,SG Operations,USD,-624715.43,987224.87,-854981.97,1350471.53,2026-09-29
20260929,E03,Shanghai Mfg,CNY,-7896592.96,8683254.56,-1559420.53,1706159.67,2026-09-29
20260929,E03,Shanghai Mfg,USD,108517.01,299944.55,148472.74,410383.54,2026-09-29
20260929,E04,Shenzhen Sourcing,CNY,-3167116.14,4949316.18,-627089.81,1035178.47,2026-09-29
20260929,E04,Shenzhen Sourcing,USD,940082.91,954181.09,1286219.56,1305508.66,2026-09-29
20260929,E05,India Services,EUR,22257.42,22257.42,31655.7,31655.7,2026-09-29
20260929,E05,India Services,INR,13767359.52,16053806.18,221994.5,262360.88,2026-09-29
20260929,E05,India Services,USD,19606.69,53462.79,26825.83,73147.69,2026-09-29
20260929,E06,Germany GmbH,EUR,60159.1,145720.84,73209.75,194900.29,2026-09-29
20260929,E06,Germany GmbH,USD,52043.03,78699.81,71211.87,107670.21,2026-09-29
20260929,E07,Germany Sales Office,EUR,460408.69,561480.63,646403.66,790153.62,2026-09-29
20260929,E08,Netherlands BV,EUR,-19055.85,288655.31,-26357.57,411285.89,2026-09-29
20260929,E08,Netherlands BV,USD,783331.19,825838.05,1071752.16,1129909.96,2026-09-29
20260929,E09,UK Ltd,EUR,88244.67,88244.67,125506.33,125506.33,2026-09-29
20260929,E09,UK Ltd,GBP,6979.74,235142.1,98480.32,143641.52,2026-09-29
20260929,E09,UK Ltd,USD,62953.89,80681.49,86159.93,110361.71,2026-09-29
20260929,E10,US Inc,EUR,54620.95,60675.43,77684.87,86295.87,2026-09-29
20260929,E10,US Inc,USD,481614.2,483734.26,520244.88,523145.52,2026-09-29
20260929,E11,US West Distribution,USD,31540.49,165391.75,146817.67,177114.49,2026-09-29
20260930,E01,Group Treasury HQ,EUR,393103.45,393103.45,558245.03,558245.03,2026-09-30
20260930,E01,Group Treasury HQ,SGD,-621.27,621.27,-621.27,621.27,2026-09-30
20260930,E01,Group Treasury HQ,USD,1858208.96,1858208.96,2536832.44,2536832.44,2026-09-30
20260930,E02,SG Operations,SGD,279588.17,306739.67,279588.17,306739.67,2026-09-30
20260930,E02,SG Operations,USD,193142.1,193142.1,263678.17,263678.17,2026-09-30
20260930,E03,Shanghai Mfg,CNY,-895653.4,1965424.16,-143236.53,389993.93,2026-09-30
20260930,E03,Shanghai Mfg,EUR,17796.43,17796.43,25272.66,25272.66,2026-09-30
20260930,E03,Shanghai Mfg,USD,-515773.65,533248.17,-704135.73,727991.99,2026-09-30
20260930,E04,Shenzhen Sourcing,CNY,-34546.63,612973.49,-81101.42,196165.26,2026-09-30
20260930,E04,Shenzhen Sourcing,USD,-1291570.49,1475796.71,-1763255.92,2014762.1,2026-09-30
20260930,E05,India Services,INR,-577887.91,5724517.37,-9339.82,92519.64,2026-09-30
20260930,E06,Germany GmbH,EUR,-861566.13,981270.49,-964566.51,1134558.33,2026-09-30
20260930,E06,Germany GmbH,USD,-235074.63,235074.63,-320924.59,320924.59,2026-09-30
20260930,E07,Germany Sales Office,EUR,15130.3,37774.54,26024.37,49105.63,2026-09-30
20260930,E07,Germany Sales Office,USD,80857.06,80857.06,110386.3,110386.3,2026-09-30
20260930,E08,Netherlands BV,EUR,33141.86,89544.62,49298.46,129395.84,2026-09-30
20260930,E08,Netherlands BV,USD,52830.22,52830.22,72123.98,72123.98,2026-09-30
20260930,E09,UK Ltd,GBP,-328655.66,616171.42,63563.89,440180.39,2026-09-30
20260930,E09,UK Ltd,USD,116902.07,116902.07,159595.06,159595.06,2026-09-30
20260930,E10,US Inc,EUR,-296348.23,303651.77,-420843.23,431214.97,2026-09-30
20260930,E10,US Inc,USD,-131458.24,355875.62,68633.34,237741.94,2026-09-30
20260930,E11,US West Distribution,USD,-266406.24,409120.4,-351774.67,546608.47,2026-09-30
20261001,E01,Group Treasury HQ,SGD,-567.94,567.94,-567.94,567.94,2026-10-01
20261001,E02,SG Operations,SGD,107481.84,118768.52,144785.38,156072.06,2026-10-01
20261001,E05,India Services,INR,-38340.41,38340.41,-621.22,621.22,2026-10-01
20261001,E06,Germany GmbH,EUR,51294.88,51294.88,51294.88,51294.88,2026-10-01
20261001,E07,Germany Sales Office,EUR,-5000.0,5000.0,-7094.64,7094.64,2026-10-01
